time,ax_raw,ay_raw,az_raw,ax,ay,az,gx,gy,gz
0.001920,0.051493,1.088536,9.978250,0.009870,-0.003071,-0.003953,0.000000,0.030518,-0.061035
0.012020,0.041314,1.089135,9.980046,-0.000308,-0.002472,-0.002156,0.000000,0.000000,-0.061035
0.022124,0.043110,1.098116,9.981843,0.001488,0.006509,-0.000360,0.000000,0.000000,-0.030518
0.032220,0.041913,1.098715,9.983040,0.000290,0.007108,0.000838,0.030518,0.000000,-0.061035
0.042308,0.053888,1.105900,9.982441,0.012265,0.014293,0.000239,0.030518,0.000000,-0.061035
0.052394,0.056882,1.103505,9.983639,0.015259,0.011898,0.001436,0.030518,0.030518,-0.030518
0.062480,0.051493,1.097518,9.992021,0.009870,0.005910,0.009819,0.000000,0.030518,-0.030518
0.072567,0.053289,1.101110,9.999207,0.011667,0.009503,0.017004,0.030518,0.000000,-0.030518
0.082654,0.053888,1.093925,9.998608,0.012265,0.002318,0.016405,0.030518,0.000000,-0.061035
0.092740,0.046703,1.092129,9.994417,0.005080,0.000522,0.012214,0.030518,0.030518,-0.091553
0.102827,0.047900,1.099913,9.996213,0.006278,0.008305,0.014010,0.000000,-0.030518,-0.061035
0.112913,0.051493,1.100511,9.992620,0.009870,0.008904,0.010418,0.000000,0.000000,-0.061035
0.123000,0.049697,1.099314,9.995614,0.008074,0.007707,0.013411,0.000000,0.030518,-0.030518
0.133158,0.058678,1.095123,9.986633,0.017056,0.003515,0.004430,0.000000,0.030518,-0.030518
0.143252,0.059875,1.095721,9.980645,0.018253,0.004114,-0.001558,0.000000,0.000000,-0.030518
0.153347,0.043110,1.089135,9.975855,0.001488,-0.002472,-0.006348,0.000000,0.030518,-0.030518
0.163440,0.043110,1.093925,9.980645,0.001488,0.002318,-0.001558,0.000000,0.030518,-0.030518
0.173535,0.046703,1.096919,9.992620,0.005080,0.005312,0.010418,0.000000,0.000000,-0.061035
0.183627,0.048499,1.092129,9.994417,0.006877,0.000522,0.012214,0.030518,0.030518,0.000000
0.193721,0.042512,1.093925,9.987830,0.000889,0.002318,0.005628,-0.030518,0.061035,0.000000
0.203814,0.037722,1.098715,9.989028,-0.003901,0.007108,0.006825,-0.030518,0.061035,-0.030518
0.213909,0.041913,1.096919,9.986633,0.000290,0.005312,0.004430,-0.030518,0.030518,0.000000
0.224003,0.046703,1.098715,9.996213,0.005080,0.007108,0.014010,0.000000,0.061035,0.000000
0.234169,0.041314,1.102308,9.997410,-0.000308,0.010700,0.015208,0.000000,0.061035,0.000000
0.244255,0.040715,1.101709,9.987231,-0.000907,0.010102,0.005029,0.000000,0.061035,-0.030518
0.254344,0.049697,1.104104,9.983040,0.008074,0.012497,0.000838,0.000000,0.061035,-0.030518
0.264431,0.055085,1.104104,9.978849,0.013463,0.012497,-0.003354,0.030518,0.061035,-0.061035
0.274519,0.048499,1.100511,9.992021,0.006877,0.008904,0.009819,0.000000,0.030518,-0.030518
0.284606,0.044308,1.098116,9.991423,0.002685,0.006509,0.009220,0.030518,0.030518,-0.030518
0.294694,0.040715,1.092129,9.986034,-0.000907,0.000522,0.003831,0.030518,0.030518,-0.030518
0.304780,0.039518,1.084345,9.980046,-0.002105,-0.007262,-0.002156,0.000000,0.000000,-0.061035
0.314868,0.048499,1.090333,9.984238,0.006877,-0.001275,0.002035,-0.030518,0.030518,0.000000
0.324954,0.049098,1.090931,9.984836,0.007475,-0.000676,0.002634,-0.030518,0.030518,-0.030518
0.335103,0.049697,1.096320,9.985435,0.008074,0.004713,0.003233,0.000000,0.030518,0.000000
0.345197,0.048499,1.099913,9.991423,0.006877,0.008305,0.009220,-0.030518,0.061035,-0.030518
0.355293,0.048499,1.101110,9.989028,0.006877,0.009503,0.006825,-0.030518,0.061035,0.000000
0.365387,0.050894,1.101110,9.996812,0.009272,0.009503,0.014609,-0.030518,0.030518,-0.030518
0.375482,0.052690,1.102906,10.003398,0.011068,0.011299,0.021195,0.000000,0.030518,-0.030518
0.385578,0.052092,1.102906,9.990225,0.010469,0.011299,0.008023,-0.030518,0.000000,-0.030518
0.395675,0.057480,1.107098,9.985435,0.015858,0.015491,0.003233,-0.030518,0.030518,0.000000
0.405771,0.064666,1.105302,9.984836,0.023043,0.013694,0.002634,-0.030518,0.030518,0.000000
0.415867,0.057480,1.105302,9.988429,0.015858,0.013694,0.006226,-0.030518,0.030518,0.000000
0.425962,0.055684,1.105302,9.992620,0.014062,0.013694,0.010418,0.000000,0.030518,-0.030518
0.436127,0.053888,1.090333,9.987231,0.012265,-0.001275,0.005029,-0.030518,0.030518,0.000000
0.446216,0.055684,1.087339,9.983040,0.014062,-0.004268,0.000838,0.000000,0.061035,-0.061035
0.456305,0.043709,1.091530,9.984238,0.002087,-0.000077,0.002035,-0.030518,0.030518,-0.030518
0.466393,0.045505,1.092728,9.985435,0.003883,0.001120,0.003233,-0.030518,0.061035,0.000000
0.476481,0.044308,1.091530,9.990824,0.002685,-0.000077,0.008621,-0.030518,0.000000,-0.061035
0.486569,0.039518,1.093925,9.988429,-0.002105,0.002318,0.006226,-0.061035,-0.030518,-0.061035
0.496660,0.041913,1.091530,9.981843,0.000290,-0.000077,-0.000360,-0.030518,-0.030518,-0.091553
0.506748,0.046104,1.092129,9.974059,0.004482,0.000522,-0.008144,-0.030518,0.000000,-0.061035
0.516838,0.047302,1.091530,9.978849,0.005679,-0.000077,-0.003354,-0.030518,0.000000,-0.061035
0.526927,0.042512,1.090931,9.980046,0.000889,-0.000676,-0.002156,0.000000,-0.030518,-0.061035
0.537105,0.044907,1.087938,9.971065,0.003284,-0.003670,-0.011138,0.000000,-0.030518,-0.061035
0.547204,0.049098,1.095123,9.969868,0.007475,0.003515,-0.012335,-0.030518,0.000000,-0.061035
0.557302,0.045505,1.092129,9.972861,0.003883,0.000522,-0.009341,-0.030518,0.000000,-0.091553
0.567400,0.040715,1.094524,9.977651,-0.000907,0.002917,-0.004551,-0.030518,0.030518,-0.061035
0.577497,0.046703,1.094524,9.983639,0.005080,0.002917,0.001436,-0.030518,0.000000,-0.061035
0.587595,0.043709,1.090931,9.981843,0.002087,-0.000676,-0.000360,0.000000,0.000000,-0.030518
0.597693,0.043709,1.089734,9.980046,0.002087,-0.001873,-0.002156,0.000000,0.061035,-0.030518
0.607790,0.046104,1.088536,9.974059,0.004482,-0.003071,-0.008144,-0.030518,0.061035,-0.030518
0.617888,0.038919,1.086141,9.975256,-0.002703,-0.005466,-0.006946,-0.030518,0.061035,0.000000
0.627986,0.043110,1.081351,9.977053,0.001488,-0.010256,-0.005150,-0.030518,0.061035,0.000000
0.638157,0.046104,1.086740,9.976454,0.004482,-0.004867,-0.005749,0.000000,0.030518,-0.030518
0.648247,0.047900,1.092728,9.979448,0.006278,0.001120,-0.002755,0.030518,0.030518,-0.030518
0.658337,0.046703,1.093326,9.979448,0.005080,0.001719,-0.002755,0.000000,0.030518,-0.030518
0.668428,0.046104,1.092728,9.989028,0.004482,0.001120,0.006825,-0.030518,0.000000,-0.030518
0.678519,0.044308,1.089135,9.988429,0.002685,-0.002472,0.006226,-0.030518,0.030518,-0.030518
0.688608,0.049098,1.092129,9.983040,0.007475,0.000522,0.000838,-0.030518,0.030518,0.000000
0.698696,0.050894,1.093925,9.984238,0.009272,0.002318,0.002035,-0.030518,0.030518,-0.030518
0.708786,0.055085,1.096320,9.987231,0.013463,0.004713,0.005029,-0.061035,0.000000,-0.030518
0.718878,0.053888,1.093326,9.992620,0.012265,0.001719,0.010418,-0.030518,0.030518,-0.030518
0.728968,0.047302,1.087339,9.990225,0.005679,-0.004268,0.008023,-0.061035,0.030518,0.000000
0.739121,0.041314,1.083148,9.985435,-0.000308,-0.008460,0.003233,-0.030518,0.030518,0.030518
0.749218,0.039518,1.076561,9.981843,-0.002105,-0.015046,-0.000360,-0.030518,0.030518,0.030518
0.759315,0.040715,1.081950,9.981843,-0.000907,-0.009657,-0.000360,0.000000,0.000000,0.061035
0.769412,0.042512,1.084345,9.986034,0.000889,-0.007262,0.003831,0.000000,0.000000,0.061035
0.779509,0.044907,1.088536,9.981843,0.003284,-0.003071,-0.000360,-0.030518,0.030518,0.030518
0.789607,0.044308,1.086740,9.978250,0.002685,-0.004867,-0.003953,-0.030518,0.030518,0.030518
0.799703,0.038320,1.084944,9.982441,-0.003302,-0.006663,0.000239,0.000000,-0.030518,0.000000
0.809799,0.040715,1.092728,9.983040,-0.000907,0.001120,0.000838,0.000000,-0.030518,0.000000
0.819897,0.041314,1.089734,9.989028,-0.000308,-0.001873,0.006825,0.030518,-0.030518,0.000000
0.829995,0.033530,1.092129,9.995614,-0.008092,0.000522,0.013411,0.000000,0.000000,-0.061035
0.840160,0.037123,1.096919,9.990824,-0.004500,0.005312,0.008621,-0.030518,-0.030518,-0.061035
0.850250,0.036524,1.096320,9.984238,-0.005098,0.004713,0.002035,0.000000,0.000000,-0.061035
0.860340,0.043709,1.097518,9.982441,0.002087,0.005910,0.000239,0.000000,0.000000,-0.030518
0.870431,0.038320,1.095721,9.994417,-0.003302,0.004114,0.012214,-0.030518,-0.030518,-0.061035
0.880521,0.042512,1.090333,9.987231,0.000889,-0.001275,0.005029,-0.030518,-0.030518,-0.091553
0.890616,0.036524,1.086740,9.986034,-0.005098,-0.004867,0.003831,-0.030518,0.000000,-0.091553
0.900707,0.043110,1.090931,9.984238,0.001488,-0.000676,0.002035,0.000000,0.000000,-0.030518
0.910796,0.047302,1.090333,9.982441,0.005679,-0.001275,0.000239,-0.030518,0.030518,-0.061035
0.920887,0.051493,1.092728,9.985435,0.009870,0.001120,0.003233,-0.030518,0.030518,0.000000
0.930977,0.052690,1.091530,9.981244,0.011068,-0.000077,-0.000959,-0.030518,0.000000,-0.030518
0.941100,0.051493,1.092728,9.978849,0.009870,0.001120,-0.003354,-0.091553,-0.061035,-0.030518
0.951191,0.043110,1.095721,9.975256,0.001488,0.004114,-0.006946,-0.061035,-0.030518,0.000000
0.961281,0.041913,1.098715,9.977651,0.000290,0.007108,-0.004551,-0.030518,-0.030518,-0.030518
0.971371,0.038320,1.095721,9.990225,-0.003302,0.004114,0.008023,-0.061035,0.000000,-0.030518
0.981462,0.037123,1.092728,9.988429,-0.004500,0.001120,0.006226,-0.061035,0.030518,-0.061035
0.991552,0.039518,1.090931,9.985435,-0.002105,-0.000676,0.003233,-0.061035,0.000000,-0.061035
1.001638,0.044907,1.094524,9.989028,0.003284,0.002917,0.006825,-0.061035,0.000000,-0.061035
1.011728,0.041913,1.092129,9.993818,0.000290,0.000522,0.011615,-0.061035,0.000000,0.000000
1.021814,0.046104,1.087339,9.993219,0.004482,-0.004268,0.011016,-0.061035,0.000000,-0.030518
1.031899,0.047302,1.078956,9.990824,0.005679,-0.012651,0.008621,-0.061035,0.030518,0.000000
1.041989,0.040715,1.081950,9.995015,-0.000907,-0.009657,0.012813,-0.030518,0.061035,0.000000
1.052082,0.043110,1.081351,9.992620,0.001488,-0.010256,0.010418,-0.030518,0.030518,-0.030518
1.062173,0.043709,1.083746,9.993818,0.002087,-0.007861,0.011615,-0.061035,0.030518,-0.030518
1.072270,0.038320,1.087938,9.994417,-0.003302,-0.003670,0.012214,-0.030518,0.061035,0.000000
1.082368,0.044907,1.091530,9.995614,0.003284,-0.000077,0.013411,-0.030518,0.061035,-0.030518
1.092459,0.041913,1.090931,9.991423,0.000290,-0.000676,0.009220,-0.030518,0.091553,-0.030518
1.102545,0.046104,1.096320,9.992021,0.004482,0.004713,0.009819,-0.030518,0.030518,0.000000
1.112637,0.048499,1.093925,9.986633,0.006877,0.002318,0.004430,-0.030518,0.061035,0.030518
1.122729,0.050295,1.089734,9.986034,0.008673,-0.001873,0.003831,0.000000,0.061035,0.000000
1.132820,0.048499,1.090931,9.984836,0.006877,-0.000676,0.002634,-0.061035,0.061035,0.000000
1.142982,0.047900,1.090333,9.986633,0.006278,-0.001275,0.004430,-0.061035,0.061035,-0.030518
1.153069,0.046703,1.096320,9.984238,0.005080,0.004713,0.002035,-0.030518,0.030518,0.000000
1.163156,0.043110,1.089135,9.991423,0.001488,-0.002472,0.009220,-0.030518,0.030518,0.000000
1.173245,0.043709,1.091530,9.995614,0.002087,-0.000077,0.013411,-0.030518,0.000000,-0.030518
1.183332,0.047900,1.094524,9.995015,0.006278,0.002917,0.012813,0.000000,0.030518,0.000000
1.193422,0.046703,1.095123,9.987830,0.005080,0.003515,0.005628,0.000000,0.000000,0.030518
1.203507,0.044308,1.101709,9.982441,0.002685,0.010102,0.000239,-0.030518,0.030518,0.000000
1.213596,0.049098,1.099913,9.987830,0.007475,0.008305,0.005628,-0.030518,0.000000,0.030518
1.223682,0.044907,1.096919,9.991423,0.003284,0.005312,0.009220,0.000000,0.030518,0.000000
1.233770,0.048499,1.098715,9.993818,0.006877,0.007108,0.011615,0.030518,0.030518,0.000000
1.243927,0.047302,1.096919,9.995015,0.005679,0.005312,0.012813,0.000000,0.061035,0.000000
1.254023,0.049697,1.083746,9.987231,0.008074,-0.007861,0.005029,0.000000,0.061035,0.000000
1.264116,0.049697,1.083746,9.984836,0.008074,-0.007861,0.002634,0.000000,0.061035,-0.030518
1.274210,0.046104,1.084345,9.986633,0.004482,-0.007262,0.004430,0.000000,0.061035,-0.030518
1.284302,0.040715,1.085543,9.989626,-0.000907,-0.006065,0.007424,0.000000,0.061035,-0.030518
1.294396,0.040715,1.084944,9.983040,-0.000907,-0.006663,0.000838,0.030518,0.030518,-0.030518
1.304488,0.042512,1.083746,9.982441,0.000889,-0.007861,0.000239,0.030518,0.030518,-0.061035
1.314579,0.041314,1.092129,9.986633,-0.000308,0.000522,0.004430,0.030518,0.030518,-0.061035
1.324671,0.038320,1.088536,9.987231,-0.003302,-0.003071,0.005029,0.061035,0.030518,-0.030518
1.334765,0.032333,1.081950,9.984238,-0.009290,-0.009657,0.002035,0.000000,0.000000,-0.030518
1.344925,0.026345,1.084944,9.980046,-0.015277,-0.006663,-0.002156,0.030518,0.000000,0.000000
1.355013,0.034129,1.080154,9.978849,-0.007493,-0.011453,-0.003354,0.061035,0.000000,0.030518
1.365099,0.028740,1.081351,9.989626,-0.012882,-0.010256,0.007424,0.000000,-0.030518,0.000000
1.375186,0.031135,1.080154,9.991423,-0.010487,-0.011453,0.009220,0.030518,-0.030518,0.000000
1.385274,0.035925,1.085543,9.983040,-0.005697,-0.006065,0.000838,0.000000,0.000000,-0.030518
1.395362,0.032932,1.083746,9.984836,-0.008691,-0.007861,0.002634,0.030518,0.000000,-0.030518
1.405450,0.039518,1.083746,9.986034,-0.002105,-0.007861,0.003831,0.030518,0.030518,-0.061035
1.415537,0.037722,1.089135,9.994417,-0.003901,-0.002472,0.012214,0.000000,0.030518,0.000000
1.425625,0.038320,1.087938,9.992021,-0.003302,-0.003670,0.009819,0.000000,0.000000,-0.030518
1.435713,0.038320,1.089734,9.989626,-0.003302,-0.001873,0.007424,0.030518,0.030518,-0.030518
1.445863,0.035327,1.090931,9.990225,-0.006296,-0.000676,0.008023,0.030518,0.030518,-0.061035
1.455958,0.041314,1.089734,9.986034,-0.000308,-0.001873,0.003831,0.061035,0.000000,-0.061035
1.466053,0.037123,1.093925,9.983639,-0.004500,0.002318,0.001436,0.030518,0.000000,-0.061035
1.476148,0.041314,1.089734,9.978250,-0.000308,-0.001873,-0.003953,0.000000,0.000000,-0.061035
1.486244,0.043709,1.090931,9.977651,0.002087,-0.000676,-0.004551,0.000000,0.000000,-0.061035
1.496340,0.041913,1.095721,9.974059,0.000290,0.004114,-0.008144,0.030518,0.000000,-0.061035
1.506438,0.036524,1.091530,9.980046,-0.005098,-0.000077,-0.002156,0.030518,0.000000,-0.030518
1.516534,0.040117,1.086141,9.984836,-0.001506,-0.005466,0.002634,0.000000,0.000000,-0.030518
1.526628,0.043110,1.081950,9.982441,0.001488,-0.009657,0.000239,-0.030518,0.030518,-0.030518
1.536739,0.047302,1.082549,9.979448,0.005679,-0.009058,-0.002755,0.000000,0.000000,-0.030518
1.546909,0.047900,1.081351,9.971664,0.006278,-0.010256,-0.010539,0.000000,0.030518,-0.030518
1.557000,0.044308,1.082549,9.971664,0.002685,-0.009058,-0.010539,-0.030518,0.030518,-0.030518
1.567089,0.039518,1.087938,9.976454,-0.002105,-0.003670,-0.005749,-0.061035,0.030518,0.000000
1.577179,0.038320,1.094524,9.982441,-0.003302,0.002917,0.000239,-0.030518,0.000000,-0.030518
1.587269,0.036524,1.096320,9.984238,-0.005098,0.004713,0.002035,-0.030518,0.000000,0.000000
1.597358,0.031734,1.096320,9.974059,-0.009888,0.004713,-0.008144,0.000000,0.000000,-0.030518
1.607448,0.027543,1.093925,9.972861,-0.014080,0.002318,-0.009341,0.000000,0.000000,0.000000
1.617539,0.031135,1.092129,9.972263,-0.010487,0.000522,-0.009940,0.000000,0.030518,-0.030518
1.627628,0.025148,1.086141,9.972861,-0.016475,-0.005466,-0.009341,0.030518,0.030518,-0.061035
1.637718,0.027543,1.086141,9.966874,-0.014080,-0.005466,-0.015329,0.000000,0.030518,-0.091553
1.647867,0.035327,1.089135,9.968071,-0.006296,-0.002472,-0.014131,-0.030518,0.000000,-0.061035
1.657964,0.035327,1.091530,9.966275,-0.006296,-0.000077,-0.015928,-0.030518,0.030518,-0.030518
1.668061,0.031734,1.082549,9.978250,-0.009888,-0.009058,-0.003953,-0.030518,0.000000,-0.061035
1.678158,0.029938,1.077759,9.981244,-0.011685,-0.013848,-0.000959,-0.030518,0.000000,0.000000
1.688254,0.033530,1.083148,9.969269,-0.008092,-0.008460,-0.012934,-0.030518,-0.061035,-0.030518
1.698348,0.036524,1.080753,9.969269,-0.005098,-0.010855,-0.012934,-0.030518,-0.061035,0.000000
1.708445,0.037123,1.086141,9.970466,-0.004500,-0.005466,-0.011736,-0.030518,-0.030518,-0.030518
1.718540,0.041314,1.092728,9.976454,-0.000308,0.001120,-0.005749,0.000000,-0.030518,0.000000
1.728637,0.032932,1.098116,9.971065,-0.008691,0.006509,-0.011138,0.000000,0.000000,-0.030518
1.738734,0.027543,1.099913,9.967473,-0.014080,0.008305,-0.014730,-0.030518,0.000000,-0.030518
1.748900,0.032932,1.092728,9.966874,-0.008691,0.001120,-0.015329,0.000000,0.000000,0.000000
1.758990,0.029938,1.090333,9.965078,-0.011685,-0.001275,-0.017125,0.000000,-0.030518,0.000000
1.769081,0.037722,1.095721,9.970466,-0.003901,0.004114,-0.011736,0.030518,0.000000,-0.030518
1.779172,0.040117,1.088536,9.972263,-0.001506,-0.003071,-0.009940,0.061035,0.030518,-0.030518
1.789262,0.041913,1.085543,9.978849,0.000290,-0.006065,-0.003354,0.030518,0.000000,-0.030518
1.799352,0.044308,1.090333,9.978849,0.002685,-0.001275,-0.003354,0.061035,0.030518,-0.030518
1.809443,0.041913,1.091530,9.989626,0.000290,-0.000077,0.007424,0.000000,0.061035,0.000000
1.819533,0.038320,1.089734,9.989626,-0.003302,-0.001873,0.007424,-0.030518,0.030518,0.000000
1.829623,0.047900,1.089734,9.989626,0.006278,-0.001873,0.007424,-0.030518,0.030518,-0.030518
1.839713,0.047900,1.089135,9.983639,0.006278,-0.002472,0.001436,-0.030518,0.030518,-0.030518
1.849868,0.049697,1.090333,9.969269,0.008074,-0.001275,-0.012934,-0.061035,0.030518,-0.030518
1.859961,0.048499,1.088536,9.966275,0.006877,-0.003071,-0.015928,-0.091553,0.030518,-0.061035
1.870059,0.043110,1.086141,9.967473,0.001488,-0.005466,-0.014730,-0.061035,0.030518,-0.030518
1.880155,0.038919,1.086141,9.966275,-0.002703,-0.005466,-0.015928,-0.061035,0.030518,-0.030518
1.890253,0.036524,1.090931,9.966874,-0.005098,-0.000676,-0.015329,-0.030518,0.030518,-0.030518
1.900350,0.034129,1.090333,9.971664,-0.007493,-0.001275,-0.010539,0.030518,0.030518,-0.061035
1.910447,0.044308,1.085543,9.972861,0.002685,-0.006065,-0.009341,0.000000,0.061035,-0.030518
1.920540,0.042512,1.082549,9.975256,0.000889,-0.009058,-0.006946,0.000000,0.030518,-0.030518
1.930637,0.043709,1.080154,9.972861,0.002087,-0.011453,-0.009341,0.000000,0.000000,-0.030518
1.940734,0.043110,1.084944,9.969269,0.001488,-0.006663,-0.012934,0.000000,0.000000,0.030518
1.950900,0.039518,1.084345,9.968071,-0.002105,-0.007262,-0.014131,0.000000,0.000000,0.030518
1.960989,0.037123,1.086141,9.973460,-0.004500,-0.005466,-0.008743,-0.091553,0.000000,0.000000
1.971079,0.028740,1.081950,9.977651,-0.012882,-0.009657,-0.004551,-0.091553,0.000000,0.000000
1.981169,0.033530,1.080753,9.980046,-0.008092,-0.010855,-0.002156,-0.091553,0.000000,0.000000
1.991258,0.040715,1.077160,9.981843,-0.000907,-0.014447,-0.000360,-0.091553,0.030518,0.030518
2.001347,0.046703,1.074166,9.971664,0.005080,-0.017441,-0.010539,-0.061035,0.030518,0.000000
2.011437,0.044308,1.078358,9.977053,0.002685,-0.013250,-0.005150,-0.091553,0.030518,-0.030518
2.021527,0.046703,1.087339,9.975256,0.005080,-0.004268,-0.006946,-0.091553,0.030518,-0.030518
2.031613,0.043110,1.091530,9.971664,0.001488,-0.000077,-0.010539,-0.061035,0.030518,-0.061035
2.041703,0.039518,1.086141,9.963880,-0.002105,-0.005466,-0.018323,-0.030518,0.000000,-0.030518
2.051790,0.044907,1.086141,9.972263,0.003284,-0.005466,-0.009940,-0.030518,0.000000,-0.030518
2.061881,0.041314,1.079555,9.983040,-0.000308,-0.012052,0.000838,-0.030518,0.000000,-0.030518
2.071973,0.046703,1.080154,9.980645,0.005080,-0.011453,-0.001558,-0.030518,0.000000,-0.061035
2.082064,0.043110,1.079555,9.974658,0.001488,-0.012052,-0.007545,0.000000,0.000000,0.000000
2.092155,0.038919,1.081950,9.971065,-0.002703,-0.009657,-0.011138,-0.030518,0.030518,0.030518
2.102247,0.042512,1.077160,9.970466,0.000889,-0.014447,-0.011736,0.061035,0.061035,0.030518
2.112337,0.043110,1.081351,9.968071,0.001488,-0.010256,-0.014131,0.061035,0.030518,0.030518
2.122429,0.045505,1.078956,9.981843,0.003883,-0.012651,-0.000360,0.061035,0.030518,0.000000
2.132521,0.046703,1.090333,9.967473,0.005080,-0.001275,-0.014730,0.152588,0.000000,-0.030518
2.142615,0.049098,1.085543,9.977651,0.007475,-0.006065,-0.004551,0.122070,-0.030518,-0.030518
2.152782,0.044308,1.089734,9.971065,0.002685,-0.001873,-0.011138,0.183105,0.000000,-0.061035
2.162868,0.043709,1.095123,9.982441,0.002087,0.003515,0.000239,0.122070,-0.030518,-0.030518
2.172954,0.049697,1.092129,9.980046,0.008074,0.000522,-0.002156,0.091553,0.000000,-0.030518
2.183040,0.043110,1.092728,9.971065,0.001488,0.001120,-0.011138,0.061035,0.030518,-0.030518
2.193127,0.041314,1.094524,9.969269,-0.000308,0.002917,-0.012934,0.091553,0.030518,-0.061035
2.203210,0.040715,1.096320,9.973460,-0.000907,0.004713,-0.008743,0.030518,0.030518,-0.030518
2.213300,0.048499,1.096919,9.933942,0.006877,0.005312,-0.048260,0.061035,0.030518,-0.061035
2.223385,0.057480,0.677791,10.266251,0.015858,-0.413817,0.284049,-0.335693,-0.030518,-1.037598
2.233473,-0.016765,0.739462,10.241702,-0.058388,-0.352145,0.259500,2.166748,-1.098633,-2.990723
2.243559,-0.368234,0.478405,10.117760,-0.409857,-0.613202,0.135557,4.241943,-1.617432,-3.417969
2.253711,-0.207169,0.701741,9.843530,-0.248792,-0.389867,-0.138672,3.509521,-1.586914,-3.448486
2.263803,0.133522,1.196312,9.801019,0.091900,0.104705,-0.181184,-0.183105,-0.976562,-6.530762
2.273899,0.226329,1.547183,9.925560,0.184707,0.455575,-0.056643,-1.312256,-0.366211,-5.584717
2.283991,0.192200,1.435215,9.968071,0.150578,0.343608,-0.014131,-1.098633,-0.213623,-4.364014
2.294087,0.147892,1.277144,9.948312,0.106270,0.185537,-0.033890,-0.976562,0.000000,-2.990723
2.304183,0.138312,1.200504,9.948312,0.096690,0.108896,-0.033890,-1.037598,0.061035,-2.807617
2.314281,0.103585,1.237028,9.931547,0.061962,0.145420,-0.050655,-1.342773,0.274658,-3.082275
2.324374,0.097597,1.242416,9.895622,0.055975,0.150809,-0.086581,-1.922607,0.488281,-2.868652
2.334470,0.125739,1.253793,9.875264,0.084116,0.162185,-0.106938,-4.302979,1.129150,-3.143311
2.344563,0.096998,1.246608,9.783655,0.055376,0.155000,-0.198548,-6.195068,1.647949,-3.540039
2.354753,0.058079,1.227448,9.745334,0.016457,0.135840,-0.236868,-8.789062,2.410889,-3.326416
2.364839,0.080832,1.249003,9.644744,0.039209,0.157395,-0.337459,-16.174316,4.699707,-2.441406
2.374929,0.070653,1.202899,9.665700,0.029031,0.111291,-0.316503,-20.751953,6.011963,-2.227783
2.385015,0.028141,0.947230,9.863289,-0.013481,-0.144377,-0.118913,-27.679443,8.026123,-2.288818
2.395104,-0.066462,0.649050,10.276430,-0.108084,-0.442557,0.294227,-29.144287,8.361816,-2.899170
2.405192,-0.085023,0.337099,10.378218,-0.126646,-0.754508,0.396016,-20.965576,5.065918,-6.286621
2.415281,-0.062271,0.494572,10.201586,-0.103893,-0.597036,0.219383,-17.974854,4.119873,-8.178711
2.425369,-0.094005,0.667013,10.311757,-0.135627,-0.424594,0.329554,-16.174316,3.631592,-9.704590
2.435459,-0.106578,0.871188,10.172845,-0.148201,-0.220419,0.190643,-9.704590,2.105713,-6.683350
2.445548,-0.099992,0.854423,10.125544,-0.141615,-0.237184,0.143341,-7.446289,1.678467,-5.218506
2.455700,-0.095202,0.817300,10.085427,-0.136824,-0.274307,0.103225,-4.516602,0.976562,-3.173828
2.465796,-0.091011,0.808918,10.080038,-0.132633,-0.282689,0.097836,-3.570557,0.732422,-2.502441
2.475892,-0.101788,0.799338,10.069860,-0.143411,-0.292269,0.087657,-2.258301,0.427246,-1.708984
2.485988,-0.340093,0.806523,10.060878,-0.381715,-0.285084,0.078676,-1.831055,0.274658,-1.892090
2.496084,-0.503553,0.801733,10.053693,-0.545175,-0.289874,0.071491,-1.434326,-0.274658,-4.516602
2.506181,-0.481399,0.758024,10.046508,-0.523021,-0.333584,0.064306,-1.129150,-0.518799,-6.072998
2.516278,-0.422122,0.749042,10.039922,-0.463745,-0.342565,0.057719,-0.976562,-0.671387,-6.866455
2.526375,-0.403561,0.710123,10.039323,-0.445183,-0.381484,0.057120,-0.518799,-0.793457,-6.988525
2.536472,-0.564027,0.735870,10.036928,-0.605650,-0.355737,0.054725,-0.488281,-0.854492,-6.927490
2.546569,-0.452659,0.864003,10.035731,-0.494281,-0.227604,0.053528,-0.396729,-0.854492,-5.889893
2.556737,-0.301772,0.904719,10.008188,-0.343395,-0.186889,0.025985,-0.030518,-0.732422,-5.187988
2.566828,-0.205972,0.963397,9.986034,-0.247594,-0.128211,0.003831,0.457764,-0.305176,-2.685547
2.576919,-0.376018,0.747845,10.029743,-0.417641,-0.343762,0.047540,0.518799,-0.396729,-2.838135
2.587008,-0.552052,0.838856,10.021959,-0.593674,-0.252752,0.039757,0.610352,-0.518799,-3.387451
2.597098,-0.495769,0.652643,10.041718,-0.537391,-0.438964,0.059515,0.610352,-0.396729,-2.716064
2.607188,-0.452060,0.636476,10.065070,-0.493682,-0.455131,0.082867,0.335693,-0.335693,-2.716064
2.617278,-0.438289,0.708926,10.023157,-0.479911,-0.382681,0.040954,0.213623,-0.152588,-2.807617
2.627367,-0.527503,0.765807,10.027947,-0.569125,-0.325800,0.045744,-0.091553,-0.061035,-2.624512
2.637459,-0.487386,0.763412,10.035731,-0.529009,-0.328195,0.053528,-0.030518,0.122070,-1.953125
2.647552,-0.471220,0.719703,10.038724,-0.512843,-0.371904,0.056522,0.244141,0.244141,-1.464844
2.657722,-0.562830,0.714315,10.006392,-0.604452,-0.377293,0.024189,0.671387,0.396729,-1.556396
2.667819,-0.518522,0.573008,10.065668,-0.560144,-0.518599,0.083466,0.701904,0.305176,-2.746582
2.677917,-0.458047,0.558040,10.032138,-0.499670,-0.533568,0.049935,0.885010,0.305176,-3.204346
2.688014,-0.399370,0.522114,10.060878,-0.440992,-0.569493,0.078676,1.037598,0.274658,-3.967285
2.698112,-0.425116,0.528102,10.049502,-0.466738,-0.563505,0.067299,0.610352,0.183105,-3.845215
2.708209,-0.454455,0.555046,10.029144,-0.496077,-0.536561,0.046942,0.244141,0.152588,-3.540039
2.718302,-0.438289,0.607137,10.075248,-0.479911,-0.484470,0.093046,0.244141,0.335693,-2.227783
2.728398,-0.518522,0.576601,9.995015,-0.560144,-0.515006,0.012813,-0.152588,0.427246,-0.274658
2.738510,-0.459844,0.517324,10.082433,-0.501466,-0.574283,0.100231,-0.152588,0.518799,-0.488281
2.748607,-0.493374,0.738864,10.023755,-0.534996,-0.352744,0.041553,-0.457764,0.793457,0.610352
2.758787,-0.198188,0.760419,9.999207,-0.239810,-0.331189,0.017004,0.061035,1.098633,4.211426
2.768878,-0.210163,0.840652,10.033336,-0.251785,-0.250955,0.051133,0.579834,1.434326,4.425049
2.778968,-0.285606,1.193917,10.003398,-0.327229,0.102310,0.021195,1.190186,1.586914,5.157471
2.789058,-0.581391,1.260379,9.616003,-0.623013,0.168772,-0.366199,1.892090,2.227783,6.713867
2.799149,-0.514929,0.922083,9.777068,-0.556552,-0.169525,-0.205134,-0.335693,1.159668,0.762939
2.809239,-0.147892,0.774789,10.014774,-0.189515,-0.316818,0.032572,-0.244141,0.335693,-2.685547
2.819329,-0.189805,0.762814,10.061477,-0.231428,-0.328794,0.079274,-0.396729,0.244141,-1.953125
2.829420,-0.253872,0.650847,9.979448,-0.295495,-0.440761,-0.002755,-0.427246,-0.427246,-4.241943
2.839509,-0.132325,0.747246,10.026151,-0.173947,-0.344361,0.043948,0.457764,-0.457764,-5.432129
2.849599,0.020358,0.610131,10.117760,-0.021265,-0.481476,0.135557,1.495361,-0.579834,-7.781982
2.859750,-0.426313,0.956212,10.024953,-0.467936,-0.135396,0.042750,0.671387,-0.549316,-8.636475
2.869846,-0.510139,1.128054,9.875264,-0.551762,0.036447,-0.106938,-0.488281,-0.579834,-7.354736
2.879942,-0.021555,0.958607,10.021959,-0.063178,-0.133001,0.039757,-2.105713,-0.976562,-7.446289
2.890039,-0.129331,1.022075,10.039922,-0.170954,-0.069533,0.057719,-2.716064,-1.159668,-7.904053
2.900135,-0.326920,0.717907,10.067465,-0.368543,-0.373700,0.085262,-3.204346,-1.373291,-9.979248
2.910232,-0.191003,0.698148,10.002200,-0.232625,-0.393459,0.019998,-2.258301,-1.434326,-11.138916
2.920329,0.092208,0.847837,10.048903,0.050586,-0.243770,0.066701,-1.098633,-1.251221,-9.857178
2.930424,0.129331,0.787961,10.068662,0.087709,-0.303646,0.086459,-0.579834,-1.007080,-8.392334
2.940521,-0.170046,0.990939,10.038724,-0.211669,-0.100668,0.056522,-0.335693,-0.823975,-5.615234
2.950617,-0.262853,0.678988,10.056687,-0.304476,-0.412619,0.074484,0.610352,-0.793457,-4.913330
2.960781,-0.134121,0.601749,10.089619,-0.175744,-0.489859,0.107416,1.861572,-0.885010,-3.967285
2.970870,-0.068857,0.792153,10.038724,-0.110479,-0.299455,0.056522,1.831055,-0.579834,-2.624512
2.980961,-0.037123,0.780776,9.971664,-0.078745,-0.310831,-0.010539,1.708984,-0.244141,0.610352
2.991051,-0.077838,0.601749,10.066866,-0.119461,-0.489859,0.084663,1.220703,0.183105,-0.579834
3.001140,0.034728,0.753832,10.006990,-0.006895,-0.337775,0.024788,1.098633,0.244141,-1.800537
3.011230,0.016166,0.722098,9.931547,-0.025456,-0.369509,-0.050655,1.861572,1.190186,1.342773
3.021316,-0.073647,0.613724,10.066866,-0.115269,-0.477883,0.084663,2.838135,1.251221,-0.976562
3.031405,-0.067061,0.470023,10.072853,-0.108683,-0.621585,0.090651,2.563477,1.342773,-3.967285
3.041495,-0.327519,0.643063,10.053094,-0.369141,-0.448544,0.070892,1.647949,1.312256,-4.547119
3.051580,-0.726888,0.949026,10.014774,-0.768511,-0.142581,0.032572,-0.793457,1.007080,-4.302979
3.061775,-0.214953,0.753234,10.066866,-0.256575,-0.338374,0.084663,-2.349854,0.762939,-1.861572
3.071867,-0.343685,0.656834,10.035731,-0.385308,-0.434773,0.053528,-3.173828,0.549316,-1.373291
3.081957,-0.682581,0.629890,10.042317,-0.724203,-0.461717,0.060114,-2.777100,-0.183105,-1.525879
3.092050,-0.595162,0.856219,9.948911,-0.636785,-0.235388,-0.033292,-2.288818,-0.305176,-1.159668
3.102141,-0.477208,0.778980,10.026151,-0.518830,-0.312627,0.043948,-0.762939,-1.037598,-0.671387
3.112233,-0.369432,0.805325,10.012978,-0.411054,-0.286282,0.030775,-0.549316,-1.129150,1.342773
3.122325,-0.442480,0.816702,10.057885,-0.484102,-0.274906,0.075682,-1.037598,-1.190186,2.502441
3.132416,-0.149090,0.572410,10.108779,-0.190712,-0.519198,0.126576,0.762939,-1.312256,1.800537
3.142547,-0.261656,0.868793,9.999207,-0.303278,-0.222814,0.017004,1.495361,-0.854492,2.532959
3.152678,-0.316741,0.646655,10.054292,-0.358364,-0.444952,0.072089,0.854492,-0.427246,3.509521
3.162912,-0.619113,0.610730,10.124346,-0.660735,-0.480877,0.142144,0.213623,-0.640869,0.488281
3.173013,-0.393382,0.580792,10.042916,-0.435004,-0.510815,0.060713,0.305176,0.274658,-1.190186
3.183100,-0.343087,0.735870,10.091415,-0.384709,-0.355737,0.109212,-0.518799,0.640869,-0.152588
3.193192,-0.317340,1.134042,9.772278,-0.358963,0.042435,-0.209924,-2.380371,1.129150,2.563477
3.203282,-0.443079,0.778980,10.098001,-0.484701,-0.312627,0.115798,-1.434326,0.579834,0.701904
3.213372,-0.567620,0.655038,10.247091,-0.609242,-0.436569,0.264888,-0.640869,0.091553,-0.915527
3.223462,-0.407153,0.637075,10.051298,-0.448776,-0.454532,0.069096,-0.640869,-0.366211,-2.258301
3.233550,-0.483195,0.720302,9.966275,-0.524818,-0.371305,-0.015928,-0.274658,-0.305176,-2.777100
3.243639,-0.675994,0.646057,10.048903,-0.717617,-0.445551,0.066701,-1.220703,-0.091553,-3.295898
3.253728,-0.590372,0.789758,10.182426,-0.631995,-0.301850,0.200223,-3.295898,-0.793457,-4.028320
3.263853,-0.735271,0.847238,10.356663,-0.776893,-0.244369,0.374461,0.396729,-1.281738,-2.532959
3.273940,-0.567620,0.947829,9.877061,-0.609242,-0.143778,-0.105142,1.708984,-0.396729,-1.800537
3.284030,-0.685574,1.039438,9.839339,-0.727197,-0.052169,-0.142864,1.281738,-1.159668,-3.173828
3.294119,-0.608934,0.835862,10.072255,-0.650556,-0.255745,0.090052,1.403809,-1.129150,-4.608154
3.304209,-0.479603,0.902922,10.018965,-0.521225,-0.188685,0.036763,2.349854,-0.488281,-4.669189
3.314298,-0.455652,1.127455,9.888437,-0.497275,0.035848,-0.093766,0.823975,-0.518799,-4.638672
3.324388,-0.513732,0.705932,9.791439,-0.555354,-0.385675,-0.190764,0.488281,0.640869,-4.211426
3.334477,-0.591570,0.962798,9.787846,-0.633192,-0.128809,-0.194357,-1.342773,1.190186,-6.927490
3.344568,-0.295785,0.920286,10.074051,-0.337407,-0.171321,0.091848,-1.403809,0.488281,-7.324219
3.354657,-0.259860,0.468226,9.954899,-0.301482,-0.623381,-0.027304,-1.647949,-0.152588,-7.751465
3.364818,-0.759221,0.861010,9.942325,-0.800844,-0.230598,-0.039878,-1.556396,-0.793457,-9.368896
3.374915,-0.226928,0.825683,10.099199,-0.268551,-0.265924,0.116996,-1.281738,-0.701904,-7.141113
3.385012,-0.635279,0.777783,9.951905,-0.676901,-0.313825,-0.030298,-1.831055,-0.610352,-5.493164
3.395109,-0.720302,0.557441,10.201586,-0.761925,-0.534166,0.219383,-0.152588,-0.640869,-4.211426
3.405206,-0.390987,0.359852,10.121353,-0.432609,-0.731756,0.139150,0.701904,-0.640869,-2.227783
3.415302,-0.126337,0.810714,10.033934,-0.167960,-0.280893,0.051732,1.525879,-0.061035,0.000000
3.425399,-0.306563,0.896935,9.978250,-0.348185,-0.194672,-0.003953,1.647949,-0.457764,1.342773
3.435496,-0.179626,0.719703,9.862690,-0.221249,-0.371904,-0.119512,1.556396,-0.396729,1.983643
3.445594,-0.196392,0.813708,9.992021,-0.238014,-0.277899,0.009819,-0.518799,-0.610352,3.204346
3.455690,-0.559237,0.893941,10.314750,-0.600860,-0.197666,0.332548,-0.976562,0.000000,2.563477
3.465813,-0.288001,0.142504,10.065070,-0.329624,-0.949104,0.082867,-1.190186,-0.579834,7.049561
3.475910,-0.385598,0.252675,10.154284,-0.427221,-0.838933,0.172081,0.457764,0.946045,6.805420
3.486007,-0.122146,0.380808,10.141710,-0.163768,-0.710799,0.159508,0.579834,0.854492,6.805420
3.496103,-0.198188,0.619711,10.139315,-0.239810,-0.471896,0.157113,0.213623,1.007080,5.798340
3.506202,-0.516127,0.535886,9.968670,-0.557749,-0.555722,-0.013533,0.305176,0.396729,4.333496
3.516298,-0.303569,0.454455,9.950707,-0.345191,-0.637152,-0.031495,0.183105,-0.427246,3.936768
3.526395,-0.239502,0.441881,10.133926,-0.281124,-0.649726,0.151724,-1.251221,-0.091553,5.493164
3.536491,-0.226329,0.644859,10.220147,-0.267952,-0.446748,0.237944,-1.434326,-0.183105,5.981445
3.546588,-0.396974,0.580193,10.124346,-0.438597,-0.511414,0.142144,-0.610352,0.671387,8.178711
3.556685,-0.295785,0.462838,10.025552,-0.337407,-0.628770,0.043349,0.366211,0.823975,7.263184
3.566811,-0.267643,0.464634,10.081835,-0.309266,-0.626973,0.099632,0.213623,0.701904,2.288818
3.576907,-0.399968,0.674198,10.045909,-0.441591,-0.417409,0.063707,0.518799,0.518799,1.007080
3.587003,-0.532293,0.626298,10.091415,-0.573916,-0.465310,0.109212,0.122070,0.396729,-0.305176
3.597099,-0.673599,0.966390,9.915381,-0.715222,-0.125217,-0.066822,0.427246,1.464844,-0.823975
3.607196,-0.296384,0.622705,9.815988,-0.338006,-0.468902,-0.166215,0.579834,1.892090,-1.739502
3.617292,-0.676593,0.634081,10.078841,-0.718215,-0.457526,0.096638,0.183105,0.701904,-4.425049
3.627389,-0.446671,0.838257,10.096205,-0.488294,-0.253350,0.114002,0.213623,-0.122070,-4.486084
3.637486,-0.232317,0.761616,10.148297,-0.273939,-0.329991,0.166094,-0.396729,-1.037598,-6.683350
3.647582,-0.050894,0.756826,10.062076,-0.092517,-0.334781,0.079873,0.274658,-1.708984,-9.826660
3.657679,-0.225132,0.809517,10.044113,-0.266754,-0.282091,0.061911,1.495361,-1.312256,-8.880615
3.667800,-0.255668,0.723895,10.097402,-0.297291,-0.367713,0.115200,1.739502,-0.518799,-8.697510
3.677897,-0.605940,0.589175,9.920770,-0.647562,-0.502432,-0.061433,1.861572,-0.244141,-8.941650
3.687993,-0.735870,0.507145,10.014175,-0.777492,-0.584462,0.031973,-0.549316,-0.915527,-11.474609
3.698089,-0.690364,0.665217,10.053094,-0.731987,-0.426391,0.070892,-1.068115,-1.129150,-12.420654
3.708185,-0.398771,0.971180,10.079440,-0.440393,-0.120427,0.097237,-1.708984,-0.091553,-9.338379
3.718280,-0.675994,0.816103,10.085427,-0.717617,-0.275504,0.103225,-2.044678,-1.190186,-9.155273
3.728376,-0.532892,0.708926,10.044712,-0.574514,-0.382681,0.062509,-0.427246,-1.129150,-10.650635
3.738472,-0.168250,0.906515,9.842333,-0.209873,-0.185092,-0.139870,-0.274658,-0.122070,-8.392334
3.748569,-0.347877,0.856219,10.017169,-0.389499,-0.235388,0.034967,0.457764,0.396729,-9.490967
3.758665,-0.226928,0.982557,10.053693,-0.268551,-0.109050,0.071491,0.061035,0.335693,-9.277344
3.768787,-0.442480,0.860411,9.912387,-0.484102,-0.231196,-0.069816,-0.854492,-0.579834,-8.148193
3.778883,-0.313748,0.823887,10.010583,-0.355370,-0.267721,0.028380,-0.244141,-1.403809,-8.270264
3.788980,-0.322729,0.832269,10.147698,-0.364351,-0.259338,0.165495,0.244141,-1.586914,-6.835938
3.799075,-0.222737,1.028661,10.103989,-0.264359,-0.062946,0.121786,-0.762939,-0.671387,-1.922607
3.809171,-0.588576,0.771795,9.907597,-0.630198,-0.319812,-0.074606,0.579834,-0.976562,-0.549316
3.819268,-0.241298,0.705333,9.975256,-0.282921,-0.386274,-0.006946,2.197266,-1.770020,2.502441
3.829364,-0.468825,1.056802,10.192006,-0.510448,-0.034805,0.209803,1.708984,-0.549316,4.455566
3.839460,-0.419128,0.662223,9.990824,-0.460751,-0.429384,0.008621,-0.030518,-0.823975,3.448486
3.849556,-0.216151,0.731080,10.059082,-0.257773,-0.360528,0.076879,0.152588,-1.007080,-0.366211
3.859653,-0.096400,0.773591,10.234517,-0.138022,-0.318016,0.252315,0.091553,-0.061035,-1.403809
3.869772,-0.073048,0.801733,10.174043,-0.114671,-0.289874,0.191840,1.434326,1.312256,-4.058838
3.879869,-0.330513,1.013692,9.942325,-0.372135,-0.077915,-0.039878,1.586914,1.251221,-3.234863
3.889966,-0.556243,1.054407,9.942325,-0.597866,-0.037200,-0.039878,-0.701904,0.213623,-2.990723
3.900062,-0.608934,0.871787,9.845925,-0.650556,-0.219820,-0.136277,-2.593994,-0.030518,-0.885010
3.910159,-0.437690,0.831671,10.038724,-0.479312,-0.259937,0.056522,-2.075195,-0.122070,0.732422
3.920255,-0.859213,1.002316,10.031539,-0.900836,-0.089292,0.049337,-3.479004,1.159668,6.713867
3.930352,-0.326321,0.727487,10.032737,-0.367944,-0.364120,0.050534,-2.441406,1.647949,8.178711
3.940445,-0.420326,0.808918,10.098001,-0.461948,-0.282689,0.115798,-0.640869,0.793457,9.918213
3.950542,-0.361648,0.847238,9.821376,-0.403270,-0.244369,-0.160826,0.091553,1.098633,8.544922
3.960637,-0.465233,0.859213,10.042916,-0.506855,-0.232394,0.060713,-0.457764,1.678467,6.103516
3.970760,-0.435295,0.779579,9.854308,-0.476917,-0.312028,-0.127895,-0.640869,2.288818,4.150391
3.980856,0.101190,0.490380,10.115964,0.059567,-0.601227,0.133761,-0.823975,2.014160,3.143311
3.990952,-0.395178,0.919089,9.918375,-0.436801,-0.172518,-0.063828,1.220703,0.061035,-1.678467
4.001049,-0.254471,0.570015,9.984238,-0.296093,-0.521593,0.002035,-0.152588,-0.793457,-3.448486
4.011145,0.662223,1.244811,10.027348,0.620600,0.153204,0.045145,-0.366211,0.030518,-1.007080
4.021241,0.200583,1.169368,9.972861,0.158960,0.077761,-0.009341,0.457764,0.488281,0.396729
4.031338,-0.298779,1.160387,9.895023,-0.340401,0.068780,-0.087179,-1.586914,-1.190186,-3.173828
4.041434,0.144300,0.540676,9.924961,0.102677,-0.550932,-0.057242,2.105713,-2.014160,-4.455566
4.051531,0.307161,0.568218,9.953102,0.265539,-0.523389,-0.029100,2.899170,-2.197266,-4.058838
4.061627,-0.178429,0.969384,9.897418,-0.220051,-0.122223,-0.084784,1.159668,-0.427246,-1.953125
4.071749,-0.095801,0.741259,9.963281,-0.137423,-0.350349,-0.018921,0.549316,-0.152588,0.457764
4.081845,0.343685,-0.224533,10.528506,0.302063,-1.316140,0.546303,-3.479004,-0.366211,-3.204346
4.091941,0.733475,0.431104,9.904603,0.691852,-0.660504,-0.077599,-1.007080,-1.739502,-8.117676
4.102038,-0.800535,1.207689,9.984836,-0.842158,0.116081,0.002634,0.183105,-1.495361,-9.674072
4.112135,-0.541873,0.699944,10.053094,-0.583496,-0.391663,0.070892,0.335693,0.244141,-5.371094
4.122231,-0.314346,0.406555,10.012978,-0.355969,-0.685053,0.030775,-0.854492,1.800537,-0.640869
4.132327,-0.194595,0.481399,10.023157,-0.236218,-0.610208,0.040954,-0.244141,1.678467,-0.579834
4.142424,-0.538281,0.445474,10.163864,-0.579903,-0.646134,0.181661,0.427246,1.312256,-1.525879
4.152520,-0.314945,0.737666,9.939930,-0.356568,-0.353941,-0.042273,2.319336,0.701904,4.028320
4.162619,-0.683179,0.827479,9.902807,-0.724802,-0.264128,-0.079396,1.739502,0.518799,4.119873
4.172744,-0.527503,0.370031,10.057885,-0.569125,-0.721577,0.075682,0.335693,0.854492,4.882812
4.182841,0.154479,0.002395,10.189012,0.112856,-1.089212,0.206809,2.075195,1.129150,3.509521
4.192932,-0.364642,0.726888,10.280621,-0.406264,-0.364719,0.298419,1.556396,1.678467,3.295898
4.203028,-0.414937,0.792153,10.087822,-0.456560,-0.299455,0.105620,1.495361,3.173828,7.171631
4.213125,-0.117356,0.253872,10.286609,-0.158978,-0.837735,0.304406,0.915527,2.929688,7.232666
4.223222,-0.671803,0.049098,9.917776,-0.713425,-1.042509,-0.064427,-0.823975,1.708984,5.065918
4.233318,-0.840053,0.047302,9.953102,-0.881676,-1.044306,-0.029100,-0.885010,0.335693,3.204346
4.243415,-0.079036,0.717907,9.944720,-0.120658,-0.373700,-0.037483,-1.068115,1.312256,7.904053
4.253506,-0.718506,0.690364,10.147698,-0.760128,-0.401243,0.165495,-2.624512,0.915527,5.859375
4.263603,-0.730481,0.584385,10.099199,-0.772103,-0.507222,0.116996,-2.777100,-0.244141,10.223389
4.273724,-0.445474,0.520318,10.377021,-0.487096,-0.571289,0.394818,-2.258301,-0.946045,12.268066
4.283821,-0.658032,0.561033,10.147698,-0.699654,-0.530574,0.165495,0.427246,-0.518799,10.375977
4.293917,-0.721500,1.035846,9.840536,-0.763122,-0.055761,-0.141666,0.518799,0.061035,13.031006
4.304014,-0.431702,0.420326,10.135723,-0.473325,-0.671281,0.153520,0.549316,-1.495361,10.742188
4.314110,-0.546663,0.617915,10.133328,-0.588286,-0.473692,0.151125,0.946045,0.366211,8.239746
4.324206,-0.383802,1.229843,9.769883,-0.425424,0.138235,-0.212319,1.098633,2.563477,8.117676
4.334303,-0.440684,0.952020,10.136920,-0.482306,-0.139587,0.154718,0.244141,2.471924,8.697510
4.344400,-0.761616,1.170566,9.988429,-0.803239,0.078959,0.006226,1.007080,2.380371,11.718750
4.354496,-0.570015,0.987946,9.957294,-0.611637,-0.103662,-0.024909,1.251221,1.007080,14.801025
4.364592,-0.244891,0.581990,9.951905,-0.286513,-0.509617,-0.030298,2.777100,-0.152588,12.268066
4.374719,-1.059197,1.052012,9.803414,-1.100820,-0.039595,-0.178789,0.976562,1.312256,13.244629
4.384816,0.026345,0.453856,9.663305,-0.015277,-0.637751,-0.318898,-2.227783,2.166748,10.955811
4.394913,-0.199385,0.838856,10.017768,-0.241008,-0.252752,0.035565,-1.312256,3.051758,10.314941
4.405009,-0.490380,0.755629,9.836944,-0.532003,-0.335979,-0.145259,-2.044678,2.655029,7.537842
4.415104,-0.377814,0.983754,10.180031,-0.419437,-0.107853,0.197828,-1.403809,2.410889,10.406494
4.425200,-0.302371,0.624501,9.991423,-0.343994,-0.467106,0.009220,0.701904,1.708984,10.528564
4.435295,-0.058079,1.049019,9.690249,-0.099702,-0.042589,-0.291954,1.770020,2.777100,14.312744
4.445388,-0.213755,1.102906,9.902208,-0.255378,0.011299,-0.079994,3.814697,4.669189,23.010254
4.455485,0.204774,0.060474,10.300380,0.163152,-1.031133,0.318178,-0.854492,1.464844,12.969971
4.465582,0.040117,0.435894,10.178234,-0.001506,-0.655714,0.196032,-0.335693,0.335693,9.216309
4.475703,-0.229323,1.312471,9.913585,-0.270946,0.220863,-0.068618,0.366211,-1.037598,3.112793
4.485800,0.295186,0.710722,10.024953,0.253564,-0.380885,0.042750,-0.640869,0.061035,10.192871
4.495897,-0.031734,0.229922,10.096804,-0.073356,-0.861685,0.114601,-3.082275,0.671387,4.943848
4.505993,-0.253273,0.267643,10.148297,-0.294896,-0.823964,0.166094,-1.098633,1.342773,-0.549316
4.516090,-0.338297,0.350272,10.112371,-0.379919,-0.741336,0.130169,0.457764,0.152588,0.671387
4.526186,0.347278,0.473016,10.291998,0.305655,-0.618591,0.309795,-1.281738,-0.366211,1.342773
4.536281,0.096998,0.420925,9.762698,0.055376,-0.670683,-0.219504,1.098633,0.000000,-0.579834
4.546377,-0.405357,0.613724,10.060280,-0.446980,-0.477883,0.078077,-2.410889,-1.800537,-1.708984
4.556473,0.547861,-0.105980,10.220147,0.506238,-1.197587,0.237944,-1.464844,-1.678467,-2.807617
4.566569,0.171244,0.375419,10.389595,0.129621,-0.716188,0.407392,0.122070,-0.213623,4.516602
4.576690,0.429906,1.498683,9.925560,0.388284,0.407076,-0.056643,0.396729,1.190186,13.916016
4.586787,0.560435,0.747845,9.716594,0.518812,-0.343762,-0.265608,-0.335693,2.044678,10.833740
4.596883,0.511337,0.323328,10.050101,0.469714,-0.768280,0.067898,-1.312256,1.403809,2.136230
4.606976,0.600551,0.773591,10.118359,0.558929,-0.318016,0.136156,1.098633,0.915527,0.488281
4.617072,0.008981,1.622626,9.765692,-0.032641,0.531018,-0.216511,2.502441,0.396729,3.295898
4.627168,-0.144899,1.088536,10.019564,-0.186521,-0.003071,0.037362,-1.953125,0.488281,5.554199
4.637264,0.076641,0.978964,10.030342,0.035018,-0.112643,0.048139,-2.655029,1.007080,5.310059
4.647360,-0.032333,1.003513,10.263856,-0.073955,-0.088094,0.281654,-2.838135,0.366211,5.676270
4.657456,0.085622,0.724493,10.109976,0.044000,-0.367114,0.127774,-0.701904,-0.518799,0.732422
4.667551,-0.474813,0.825683,9.820778,-0.516435,-0.265924,-0.161425,-1.037598,-0.274658,0.762939
4.677672,-0.387993,0.799937,9.832154,-0.429616,-0.291671,-0.150049,-1.983643,-1.251221,1.037598
4.687768,-0.255668,0.886157,10.095007,-0.297291,-0.205450,0.112805,-1.007080,-1.617432,1.312256
4.697865,-0.183818,0.655637,10.009984,-0.225440,-0.435971,0.027781,-0.274658,-0.732422,2.563477
4.707960,-0.290396,0.850831,9.771081,-0.332019,-0.240777,-0.211122,0.885010,1.922607,3.479004
4.718056,-0.534089,0.769999,9.981244,-0.575712,-0.321608,-0.000959,-1.953125,1.281738,2.197266
4.728152,-0.499960,0.958008,9.889036,-0.541583,-0.133599,-0.093167,-0.518799,0.305176,-1.434326
4.738249,-0.309556,0.695753,9.714798,-0.351179,-0.395854,-0.267405,0.122070,-0.579834,-1.251221
4.748344,-0.217947,0.256267,10.146500,-0.259569,-0.835340,0.164298,-0.640869,-0.976562,-1.770020
4.758440,-0.240101,0.891546,9.972861,-0.281723,-0.200061,-0.009341,-1.007080,-2.319336,0.854492
4.768533,-0.101190,0.987946,10.032138,-0.142812,-0.103662,0.049935,-0.579834,-1.953125,-0.213623
4.778655,0.153880,1.035247,9.889036,0.112258,-0.056360,-0.093167,0.671387,0.457764,5.249023
4.788750,-0.385598,0.826282,9.960287,-0.427221,-0.265326,-0.021915,0.274658,1.007080,5.157471
4.798847,-0.105980,0.785566,9.923165,-0.147602,-0.306041,-0.059038,0.518799,0.793457,8.148193
4.808943,0.059277,0.556842,10.223141,0.017654,-0.534765,0.240938,-0.793457,0.488281,8.361816
4.819039,0.296384,0.828677,10.186617,0.254761,-0.262930,0.204414,0.030518,1.892090,9.063721
4.829136,0.212558,0.917292,9.692644,0.170936,-0.174315,-0.289559,-2.105713,2.685547,11.260986
4.839232,0.416733,0.743055,9.929152,0.375111,-0.348552,-0.053050,-4.272461,2.685547,11.505127
4.849328,0.131726,0.794548,9.910591,0.090104,-0.297060,-0.071612,0.061035,3.021240,9.307861
4.859424,-0.137714,0.676593,10.102192,-0.179336,-0.415014,0.119990,-0.305176,1.434326,10.528564
4.869520,0.332908,0.559836,10.091415,0.291285,-0.531771,0.109212,1.403809,2.197266,12.817383
4.879640,0.345482,0.864003,10.071656,0.303859,-0.227604,0.089453,3.356934,2.014160,13.061523
4.889735,0.266446,0.567021,10.059681,0.224823,-0.524586,0.077478,2.960205,1.739502,14.343262
4.899832,0.131127,0.744851,9.737551,0.089505,-0.346756,-0.244652,1.342773,2.258301,12.603760
4.909929,0.049098,0.991538,10.074650,0.007475,-0.100069,0.092447,1.373291,2.258301,10.162354
4.920025,1.244811,-0.359852,11.177556,1.203189,-1.451459,1.195353,-1.129150,0.885010,-1.953125
4.930121,-0.210762,0.931663,10.309960,-0.252384,-0.159945,0.327758,0.671387,-1.098633,-6.927490
4.940217,-0.202379,0.876577,9.924362,-0.244002,-0.215030,-0.057840,1.556396,-1.831055,-3.692627
4.950314,-0.449665,0.569416,10.118359,-0.491287,-0.522191,0.136156,0.366211,-1.220703,-4.608154
4.960410,-0.134121,0.744252,9.991423,-0.175744,-0.347355,0.009220,-0.183105,1.098633,-5.554199
4.970505,-0.065863,0.790356,10.121951,-0.107485,-0.301251,0.139749,-1.922607,0.152588,-3.662109
4.980625,0.267643,0.670007,9.814191,0.226021,-0.421601,-0.168011,1.953125,-0.244141,-7.537842
4.990718,0.272433,0.574206,9.897418,0.230811,-0.517401,-0.084784,4.882812,1.037598,-4.028320
5.000815,0.168849,0.218546,10.038724,0.127226,-0.873062,0.056522,-0.335693,0.640869,-8.911133
5.010912,-0.544268,1.156794,9.935739,-0.585891,0.065187,-0.046464,-2.166748,-0.793457,-10.986328
5.021008,-0.561632,0.477806,9.884246,-0.603255,-0.613801,-0.097957,-3.845215,-0.152588,-7.446289
5.031105,-0.038320,0.414937,10.051897,-0.079943,-0.676670,0.069694,-4.058838,-0.823975,-5.889893
5.041198,0.037722,0.802332,9.981843,-0.003901,-0.289276,-0.000360,-0.946045,-1.617432,-4.547119
5.051291,-0.138312,0.762215,10.067465,-0.179935,-0.329392,0.085262,-0.885010,-1.953125,-1.892090
5.061388,-0.082628,0.779579,9.993818,-0.124251,-0.312028,0.011615,-1.007080,-1.159668,-1.190186
5.071482,-0.600551,0.768801,10.197993,-0.642174,-0.322806,0.215791,-1.556396,0.335693,0.000000
5.081576,0.556842,0.356259,10.002200,0.515220,-0.735348,0.019998,-2.166748,1.342773,2.532959
5.091671,0.074844,0.807720,10.047107,0.033222,-0.283887,0.064904,-2.075195,1.892090,0.335693
5.101763,0.364043,0.913700,9.886042,0.322421,-0.177907,-0.096161,-2.197266,0.915527,0.732422
5.111859,0.048499,0.608335,10.168055,0.006877,-0.483272,0.185853,-2.014160,0.152588,-1.525879
5.121956,0.229323,0.778381,10.029144,0.187701,-0.313226,0.046942,-0.152588,-0.366211,0.061035
5.132052,-0.279619,0.700543,9.827963,-0.321241,-0.391064,-0.154240,0.122070,-1.037598,-3.509521
5.142149,0.544268,0.646057,9.661509,0.502646,-0.445551,-0.320694,-1.159668,-0.091553,-3.356934
5.152246,-0.089214,0.739462,9.954899,-0.130837,-0.352145,-0.027304,0.061035,0.183105,-1.831055
5.162339,-0.148491,0.696352,9.901609,-0.190114,-0.395255,-0.080593,1.434326,-1.068115,-4.913330
5.172436,-0.053888,0.677192,10.013577,-0.095510,-0.414415,0.031374,3.143311,-1.953125,-3.540039
5.182528,-0.225132,1.040037,9.938732,-0.266754,-0.051570,-0.043470,2.471924,-1.373291,-2.624512
5.192625,-0.237107,0.815504,9.980645,-0.278729,-0.276103,-0.001558,1.312256,-3.082275,-4.669189
5.202721,0.065863,0.621508,9.969269,0.024241,-0.470100,-0.012934,-1.251221,-2.166748,-3.112793
5.212817,0.150287,0.906515,9.886641,0.108665,-0.185092,-0.095562,-0.915527,-1.708984,-4.272461
5.222913,0.119152,0.160466,9.875264,0.077530,-0.931141,-0.106938,-1.098633,0.244141,-7.659912
5.233009,0.170645,0.343685,10.197993,0.129023,-0.747922,0.215791,-2.868652,0.152588,-13.275146
5.243109,0.253273,-0.146695,10.192604,0.211651,-1.238302,0.210402,-1.739502,-0.457764,-9.338379
5.253206,0.264650,0.886756,10.113569,0.223027,-0.204851,0.131366,7.843018,0.091553,-11.718750
5.263302,0.336500,0.693358,10.233320,0.294878,-0.398249,0.251117,-1.312256,-2.960205,-6.744385
5.273399,-0.342488,0.959804,10.083032,-0.384110,-0.131803,0.100830,-4.547119,-2.685547,-6.835938
5.283525,0.223336,0.729283,10.385403,0.181713,-0.362324,0.403201,-1.770020,-0.549316,-9.429932
5.293621,-0.456850,1.278342,9.945917,-0.498472,0.186734,-0.036285,0.518799,0.244141,-6.378174
5.303717,-0.503553,1.613644,10.081236,-0.545175,0.522037,0.099033,-0.976562,-0.213623,-5.401611
5.313812,0.168849,1.125060,10.184821,0.127226,0.033453,0.202618,-1.159668,-1.251221,1.464844
5.323908,0.308958,0.825683,10.029743,0.267335,-0.265924,0.047540,0.915527,-1.922607,-4.089355
5.334004,0.190404,0.892744,10.170450,0.148782,-0.198864,0.188248,1.647949,-1.708984,-8.209229
5.344099,0.128134,0.071252,9.850715,0.086511,-1.020355,-0.131487,-0.762939,-1.037598,-5.493164
5.354193,-0.314346,0.367635,10.308763,-0.355969,-0.723972,0.326560,-2.166748,-1.708984,-9.918213
5.364288,-0.284409,0.881966,9.807605,-0.326031,-0.209641,-0.174598,-1.892090,0.610352,-10.864258
5.374383,-0.584385,1.020877,9.954899,-0.626007,-0.070730,-0.027304,-0.823975,1.434326,-8.178711
5.384504,-0.098795,-0.141306,10.013577,-0.140417,-1.232913,0.031374,-1.800537,0.885010,-7.934570
5.394600,-0.618514,0.819097,10.087822,-0.660136,-0.272511,0.105620,-2.044678,-0.854492,-15.136719
5.404695,-0.946631,1.086740,10.021360,-0.988254,-0.004867,0.039158,0.061035,-1.983643,-13.732910
5.414791,-0.254471,0.929866,10.076446,-0.296093,-0.161741,0.094243,-0.701904,-0.762939,-10.192871
5.424886,-0.371228,0.487386,9.961485,-0.412850,-0.604221,-0.020718,0.152588,1.770020,-12.237549
5.434982,-0.462239,0.033530,10.049502,-0.503861,-1.058077,0.067299,0.091553,0.793457,-14.678955
5.445077,-1.052611,1.027463,10.065668,-1.094234,-0.064144,0.083466,-1.556396,0.244141,-12.329102
5.455172,-0.098196,0.499960,10.127939,-0.139818,-0.591647,0.145736,-2.532959,-0.244141,-4.089355
5.465269,-0.066462,0.088017,10.288405,-0.108084,-1.003590,0.306202,-0.732422,-1.495361,-7.415771
5.475363,-0.691562,0.074246,10.187814,-0.733184,-1.017362,0.205612,0.213623,0.091553,-8.850098
5.485484,-0.695154,0.471819,10.167457,-0.736777,-0.619788,0.185254,-0.427246,0.305176,-7.141113
5.495579,-0.513133,0.413740,10.183024,-0.554755,-0.677868,0.200822,-0.213623,-0.427246,-3.540039
5.505673,-0.319136,0.259261,10.057286,-0.360759,-0.832346,0.075083,-0.366211,-0.518799,-2.502441
5.515769,-0.441282,0.508343,10.232721,-0.482905,-0.583264,0.250518,-0.640869,-0.488281,-1.983643
5.525865,-0.258063,0.561632,10.082433,-0.299686,-0.529975,0.100231,2.136230,-1.007080,-1.861572
5.535960,-0.417931,0.558040,9.801617,-0.459553,-0.533568,-0.180585,2.624512,-1.464844,-0.457764
5.546055,-0.437091,0.410147,9.922566,-0.478714,-0.681460,-0.059637,-0.427246,-0.610352,-1.403809
5.556149,-0.247286,0.572410,9.715397,-0.288908,-0.519198,-0.266806,-0.274658,0.854492,-2.441406
5.566245,-0.046104,0.800535,10.001602,-0.087727,-0.291072,0.019399,-2.319336,0.762939,-5.737305
5.576340,0.145497,0.865800,10.251881,0.103875,-0.225808,0.269678,-0.183105,-0.213623,-7.324219
5.586460,0.090412,0.747845,9.972263,0.048790,-0.343762,-0.009940,0.152588,-1.098633,-6.500244
5.596556,-0.126936,0.774789,9.992620,-0.168558,-0.316818,0.010418,2.441406,-0.213623,-5.371094
5.606651,0.398172,0.731080,9.986633,0.356550,-0.360528,0.004430,2.044678,0.518799,-4.699707
5.616747,-0.044907,1.284329,10.053693,-0.086529,0.192722,0.071491,2.105713,-0.061035,-8.331299
5.626842,0.411345,0.537682,9.906998,0.369722,-0.553925,-0.075204,5.340576,1.831055,-5.584717
5.636937,0.065264,0.822689,9.632170,0.023642,-0.268918,-0.350033,0.854492,-0.946045,-16.174316
5.647032,-0.285007,1.162782,9.979448,-0.326630,0.071175,-0.002755,-1.037598,-2.288818,-19.378662
5.657127,0.068258,1.164578,9.902208,0.026636,0.072971,-0.079994,-2.044678,-1.770020,-15.319824
5.667222,0.002994,0.701741,10.038126,-0.038629,-0.389867,0.055923,-1.159668,-2.227783,-13.061523
5.677318,0.052690,0.434097,10.062076,0.011068,-0.657510,0.079873,-0.213623,-2.746582,-12.420654
5.687438,-0.375419,0.706531,10.012978,-0.417042,-0.385076,0.030775,2.136230,-0.732422,-6.713867
5.697534,-0.384999,0.518522,9.887838,-0.426622,-0.573086,-0.094365,-1.007080,0.946045,-1.617432
5.707630,0.240101,0.422122,9.969269,0.198478,-0.669485,-0.012934,-2.960205,0.488281,5.340576
5.717725,0.376018,0.571212,10.125544,0.334396,-0.520395,0.143341,-2.014160,-0.152588,4.028320
5.727820,-0.055684,0.728685,10.117161,-0.097307,-0.362923,0.134959,3.326416,0.579834,6.652832
5.737928,0.301772,0.792153,9.812395,0.260150,-0.299455,-0.169808,-0.030518,-0.396729,8.056641
5.748019,0.010778,0.721500,9.985435,-0.030845,-0.370108,0.003233,-1.068115,0.488281,7.324219
5.758112,0.303569,0.221539,10.212962,0.261946,-0.870068,0.230759,-3.295898,1.159668,3.143311
5.768207,0.229922,0.963995,9.872869,0.188299,-0.127612,-0.109333,-0.427246,1.831055,4.180908
5.778303,-0.176633,0.543071,10.206376,-0.218255,-0.548537,0.224173,-2.624512,0.549316,6.011963
5.788500,0.112566,0.542472,10.253677,0.070943,-0.549135,0.271475,-3.204346,0.671387,4.974365
5.798590,0.141306,0.423320,9.952504,0.099684,-0.668288,-0.029699,0.976562,0.183105,6.195068
5.808681,-0.199385,0.795745,10.006990,-0.241008,-0.295862,0.024788,-0.030518,0.610352,5.737305
5.818771,0.070054,0.414937,10.038126,0.028432,-0.676670,0.055923,-1.342773,0.488281,4.302979
5.828860,0.044308,0.562830,9.913585,0.002685,-0.528778,-0.068618,0.946045,0.610352,2.807617
5.838949,0.077838,0.802332,9.896221,0.036216,-0.289276,-0.085982,1.831055,1.068115,3.387451
5.849040,-0.010179,0.764011,10.093211,-0.051801,-0.327596,0.111008,0.366211,1.892090,4.150391
5.859130,0.040715,0.708327,10.162068,-0.000907,-0.383280,0.179865,2.197266,1.861572,3.631592
5.869220,0.331710,0.403561,9.879456,0.290088,-0.688046,-0.102747,0.152588,2.197266,0.610352
5.879309,-0.211959,0.786165,10.263856,-0.253582,-0.305442,0.281654,-0.823975,1.434326,1.770020
5.889465,0.416135,0.440085,10.636282,0.374512,-0.651522,0.654079,-1.342773,-0.183105,4.669189
5.899561,0.295186,0.780776,9.529783,0.253564,-0.310831,-0.452420,1.678467,0.061035,0.152588
5.909657,-0.043709,1.111289,9.976454,-0.085332,0.019682,-0.005749,-0.793457,1.129150,-0.457764
5.919750,-0.039518,0.769999,10.005793,-0.081140,-0.321608,0.023590,-3.204346,-0.488281,0.793457
5.929846,-0.196392,0.836461,9.810599,-0.238014,-0.255147,-0.171604,-1.770020,-1.281738,-0.244141
5.939941,0.125739,0.698747,9.976454,0.084116,-0.392860,-0.005749,0.213623,-1.831055,0.366211
5.950037,0.047900,0.968187,9.884246,0.006278,-0.123421,-0.097957,0.518799,-1.983643,3.265381
5.960133,-0.074246,0.649649,10.082433,-0.115868,-0.441958,0.100231,0.976562,-1.708984,3.753662
5.970229,-0.182021,0.770598,10.147698,-0.223644,-0.321010,0.165495,1.617432,-1.220703,2.960205
5.980326,0.256267,0.752036,9.990824,0.214645,-0.339571,0.008621,1.373291,-0.762939,2.807617
5.990446,-0.050295,0.693358,10.033934,-0.091918,-0.398249,0.051732,-1.159668,-0.152588,3.662109
6.000542,0.210762,0.659229,9.875863,0.169139,-0.432378,-0.106340,1.373291,0.305176,4.730225
6.010638,-0.311353,0.563428,10.035132,-0.352975,-0.528179,0.052929,-1.770020,0.305176,4.211426
6.020735,0.085622,0.662822,10.175839,0.044000,-0.428786,0.193637,-0.274658,0.518799,6.347656
6.030831,-0.221539,0.486189,9.954899,-0.263162,-0.605418,-0.027304,-0.366211,0.854492,5.554199
6.040927,-0.345482,0.710722,10.198592,-0.387104,-0.380885,0.216389,-0.122070,1.159668,8.209229
6.051024,-0.265847,0.596360,9.977651,-0.307470,-0.495247,-0.004551,-0.518799,1.556396,7.232666
6.061121,-0.325723,0.675994,10.189012,-0.367345,-0.415613,0.206809,-0.885010,0.885010,5.798340
6.071217,-0.390987,0.896336,9.801617,-0.432609,-0.195271,-0.180585,1.251221,0.885010,6.378174
6.081313,-0.170046,0.698747,10.140513,-0.211669,-0.392860,0.158310,1.251221,0.885010,8.331299
6.091433,-0.234113,0.510738,10.110575,-0.275736,-0.580869,0.128372,0.366211,0.732422,5.645752
6.101530,-0.064666,0.468825,10.065070,-0.106288,-0.622782,0.082867,0.305176,1.312256,3.570557
6.111620,-0.167053,0.898132,10.052496,-0.208675,-0.193475,0.070293,1.861572,2.410889,3.387451
6.121719,-0.256866,0.874781,9.823173,-0.298488,-0.216826,-0.159030,0.946045,2.258301,1.831055
6.131815,0.221539,0.719105,10.165660,0.179917,-0.372503,0.183458,-1.281738,0.854492,0.427246
6.141911,-0.220941,0.881367,10.069261,-0.262563,-0.210240,0.087058,-2.258301,0.122070,0.335693
6.152007,-0.212558,0.887355,9.922566,-0.254180,-0.204253,-0.059637,-0.274658,-1.312256,-0.823975
6.162102,-0.023351,0.562830,10.017169,-0.064974,-0.528778,0.034967,-0.091553,-2.075195,-1.159668
6.172197,-0.167053,0.709525,9.941726,-0.208675,-0.382083,-0.040477,-1.159668,-1.586914,-1.190186
6.182292,-0.153880,0.658630,10.098001,-0.195502,-0.432977,0.115798,-1.129150,-0.885010,0.122070
6.192419,-0.253872,0.716111,10.073452,-0.295495,-0.375496,0.091249,1.312256,0.701904,0.671387
6.202514,-0.377216,0.700543,10.126143,-0.418838,-0.391064,0.143940,1.190186,0.000000,-0.213623
6.212612,-0.437091,0.722098,10.065070,-0.478714,-0.369509,0.082867,0.030518,-0.183105,-0.305176
6.222708,-0.439486,0.857417,9.844129,-0.481109,-0.234190,-0.138074,-0.366211,1.007080,4.669189
6.232805,-0.358654,0.634680,9.857900,-0.400277,-0.456927,-0.124302,-0.518799,1.037598,6.072998
6.242901,0.037722,0.759820,10.030941,-0.003901,-0.331787,0.048738,-0.335693,1.678467,8.514404
6.252997,0.068258,0.834664,9.911788,0.026636,-0.256943,-0.070414,-0.213623,1.556396,8.758545
6.263094,0.392184,0.476609,9.872271,0.350562,-0.614998,-0.109932,-0.366211,0.274658,6.164551
6.273190,0.001796,0.780178,9.966275,-0.039826,-0.311430,-0.015928,-1.922607,-1.007080,5.065918
6.283285,0.210762,0.673599,10.041718,0.169139,-0.418008,0.059515,-1.037598,-0.732422,7.049561
6.293468,0.037123,0.906515,10.103989,-0.004500,-0.185092,0.121786,0.488281,1.098633,7.476807
6.303556,0.091011,0.863405,9.869875,0.049388,-0.228203,-0.112327,0.366211,1.647949,9.185791
6.313646,0.561033,0.950823,9.790840,0.519411,-0.140784,-0.191363,-1.800537,2.655029,10.040283
6.323735,0.401166,0.743654,9.801019,0.359543,-0.347954,-0.181184,-4.760742,3.082275,9.216309
6.333824,0.435894,0.392184,10.232721,0.394271,-0.699423,0.250518,-0.427246,3.021240,6.866455
6.343911,0.521516,0.650248,10.229727,0.479893,-0.441359,0.247525,0.732422,1.892090,5.981445
6.354000,-0.033530,0.760419,10.249486,-0.075153,-0.331189,0.267283,-0.701904,1.678467,6.408691
6.364090,0.349074,0.543669,9.897418,0.307452,-0.547938,-0.084784,-0.701904,1.495361,6.652832
6.374180,0.146695,0.500559,10.179432,0.105073,-0.591048,0.197229,0.030518,-0.091553,6.988525
6.384269,0.114961,0.688568,9.975855,0.073338,-0.403039,-0.006348,3.997803,-0.335693,12.359619
6.394423,-0.029938,0.495170,10.038126,-0.071560,-0.596437,0.055923,3.265381,0.793457,13.763428
6.404520,0.001796,0.522713,9.896221,-0.039826,-0.568894,-0.085982,0.885010,3.295898,11.962891
6.414616,-0.002994,0.433499,9.989626,-0.044616,-0.658109,0.007424,1.373291,3.051758,10.803223
6.424712,-0.417332,0.656834,9.938732,-0.458955,-0.434773,-0.043470,-1.037598,1.007080,10.040283
6.434808,-0.147294,0.761616,9.968670,-0.188916,-0.329991,-0.013533,-1.312256,0.549316,9.216309
6.444904,-0.344883,0.856219,9.999805,-0.386505,-0.235388,0.017603,-1.373291,1.495361,10.467529
6.455000,-0.310155,0.807720,10.113569,-0.351777,-0.283887,0.131366,-1.068115,3.540039,11.444092
6.465096,-0.271835,1.072969,9.912387,-0.313457,-0.018638,-0.069816,-1.953125,2.227783,11.413574
6.475192,-0.037123,0.731080,10.032138,-0.078745,-0.360528,0.049935,-1.373291,0.823975,7.324219
6.485287,-0.112566,0.804727,9.929751,-0.154188,-0.286881,-0.052452,1.647949,0.335693,7.202148
6.495447,-0.196392,0.758024,9.986633,-0.238014,-0.333584,0.004430,3.295898,0.274658,8.911133
6.505537,-0.193997,0.981359,10.067465,-0.235619,-0.110248,0.085262,4.516602,1.373291,10.803223
6.515626,-0.195793,0.911904,9.874067,-0.237415,-0.179704,-0.108136,2.075195,1.647949,12.603760
6.525717,0.077838,0.743654,10.115964,0.036216,-0.347954,0.133761,-2.105713,-0.213623,7.476807
6.535806,0.235909,0.701142,10.119556,0.194287,-0.390465,0.137354,-3.631592,-0.854492,6.805420
6.545895,0.119751,0.764610,9.819580,0.078129,-0.326997,-0.162623,-4.241943,0.457764,7.812500
6.555985,-0.004191,0.535886,10.022558,-0.045814,-0.555722,0.040355,-4.333496,0.762939,11.901855
6.566074,0.080233,0.366438,10.167457,0.038611,-0.725169,0.185254,-1.953125,0.335693,15.441895
6.576164,0.675994,0.193997,10.312355,0.634372,-0.897611,0.330153,0.091553,0.061035,15.411377
6.586253,0.585582,0.217947,10.062076,0.543960,-0.873660,0.079873,2.075195,0.579834,12.329102
6.596407,0.265248,0.437690,9.863888,0.223626,-0.653917,-0.118315,2.746582,1.190186,12.603760
6.606504,0.055684,0.382604,9.992620,0.014062,-0.709003,0.010418,0.762939,1.953125,13.671875
6.616600,0.144899,0.735870,9.862690,0.103276,-0.355737,-0.119512,0.579834,1.708984,10.589600
6.626696,0.437690,0.441881,10.126741,0.396067,-0.649726,0.144539,0.061035,1.556396,8.239746
6.636791,-0.098795,0.567021,9.858499,-0.140417,-0.524586,-0.123704,-0.030518,-0.091553,1.281738
6.646887,0.222138,0.850831,9.843530,0.180516,-0.240777,-0.138672,1.068115,-1.129150,2.899170
6.656983,0.493973,0.929866,9.963880,0.452350,-0.161741,-0.018323,1.647949,-1.312256,4.577637
6.667078,0.287402,0.752635,10.015373,0.245780,-0.338972,0.033170,1.342773,-1.495361,0.335693
6.677173,0.184417,1.061592,9.960886,0.142794,-0.030015,-0.021316,1.586914,-1.403809,0.183105
6.687270,0.082029,0.863405,10.015972,0.040407,-0.228203,0.033769,-0.183105,-0.823975,-3.234863
6.697389,0.347877,0.658630,9.985435,0.306254,-0.432977,0.003233,-1.037598,-0.183105,-3.723145
6.707485,0.094603,0.846041,10.082433,0.052981,-0.245567,0.100231,-0.305176,-0.122070,-4.882812
6.717582,0.396376,0.474813,9.996812,0.354753,-0.616795,0.014609,-0.030518,-0.183105,-5.004883
6.727678,0.045505,0.620909,9.988429,0.003883,-0.470698,0.006226,-1.068115,-0.366211,-6.378174
6.737774,0.220941,0.359253,10.235715,0.179318,-0.732354,0.253512,-1.464844,-0.030518,-5.981445
6.747871,0.010778,0.525707,10.119556,-0.030845,-0.565900,0.137354,-1.281738,0.122070,-4.791260
6.757967,0.053289,0.580792,10.147099,0.011667,-0.510815,0.164896,-0.854492,0.183105,-0.915527
6.768063,0.205373,0.223934,10.262060,0.163750,-0.867673,0.279857,0.244141,-0.366211,-1.556396
6.778159,0.428110,0.557441,10.212962,0.386487,-0.534166,0.230759,3.631592,-1.007080,-2.319336
6.788255,0.047900,0.934058,9.898616,0.006278,-0.157550,-0.083587,2.349854,-1.434326,-3.692627
6.798375,0.168849,0.898132,9.889634,0.127226,-0.193475,-0.092568,2.075195,-1.190186,1.678467
6.808471,0.517324,0.540077,9.884844,0.475702,-0.551530,-0.097358,1.525879,-1.098633,1.708984
6.818568,0.385598,0.641266,10.155482,0.343976,-0.450341,0.173279,0.793457,-1.190186,-0.488281
6.828664,0.616119,0.753234,10.074051,0.574496,-0.338374,0.091848,0.732422,-1.098633,-0.457764
6.838760,0.571811,0.771795,9.886641,0.530188,-0.319812,-0.095562,2.044678,-0.885010,-0.030518
6.848856,0.535287,0.737067,9.923763,0.493664,-0.354540,-0.058439,1.800537,-1.312256,1.647949
6.858952,0.237706,0.703537,9.935739,0.196083,-0.388070,-0.046464,-0.244141,-1.220703,3.234863
6.869048,0.824485,0.610730,9.864487,0.782863,-0.480877,-0.117716,-1.556396,-0.183105,3.204346
6.879143,0.780178,0.768203,9.912986,0.738555,-0.323405,-0.069217,-1.739502,0.122070,1.678467
6.889239,0.693358,0.920885,9.893227,0.651736,-0.170722,-0.088976,-1.464844,0.091553,0.518799
6.899360,0.865201,0.854423,10.031539,0.823578,-0.237184,0.049337,-0.183105,-0.732422,-1.770020
6.909455,0.510738,0.968187,10.021959,0.469115,-0.123421,0.039757,-0.030518,-1.159668,-4.058838
6.919550,0.622106,0.843047,10.135723,0.580484,-0.248560,0.153520,-0.213623,-1.342773,-3.265381
6.929646,0.387394,0.693358,10.181827,0.345772,-0.398249,0.199624,-0.244141,-1.617432,-1.953125
6.939742,0.471220,0.836461,10.020762,0.429598,-0.255147,0.038559,-0.183105,-1.922607,0.457764
6.949837,0.281415,0.653242,9.953701,0.239792,-0.438366,-0.028501,-0.091553,-1.831055,1.678467
6.959933,0.220342,0.475411,9.990824,0.178719,-0.616196,0.008621,2.502441,-0.976562,5.249023
6.970028,-0.014370,0.608934,9.940529,-0.055993,-0.482674,-0.041674,0.305176,-1.464844,5.462646
6.980124,0.308958,0.607137,9.944720,0.267335,-0.484470,-0.037483,-0.793457,-2.380371,2.502441
6.990222,0.741259,0.372426,10.077643,0.699636,-0.719182,0.095441,-2.624512,-4.180908,1.892090
7.000396,0.952020,0.547262,10.206974,0.910398,-0.544345,0.224772,-1.098633,-3.875732,1.190186
7.010487,0.806523,0.316741,10.032737,0.764900,-0.774866,0.050534,-1.525879,-3.906250,-2.624512
7.020576,0.966390,0.341290,10.056088,0.924768,-0.750317,0.073886,-2.044678,-4.119873,-2.258301
7.030666,1.177152,0.662223,10.030941,1.135530,-0.429384,0.048738,-1.678467,-3.326416,-2.960205
7.040753,1.112487,0.595162,9.968670,1.070864,-0.496445,-0.013533,-1.495361,-3.448486,-5.615234
7.050843,1.254990,0.652643,9.975855,1.213368,-0.438964,-0.006348,-1.068115,-3.173828,-6.103516
7.060932,1.118474,0.380209,10.038724,1.076852,-0.711398,0.056522,1.007080,-2.624512,-12.512207
7.071021,0.944835,0.850831,10.086026,0.903213,-0.240777,0.103823,0.457764,-2.838135,-14.678955
7.081110,0.444875,0.981359,10.069261,0.403252,-0.110248,0.087058,1.495361,-3.173828,-20.172119
7.091200,0.425715,0.692161,9.930350,0.384092,-0.399447,-0.051853,2.502441,-2.716064,-19.042969
7.101359,0.283810,0.673000,10.017169,0.242187,-0.418607,0.034967,1.342773,-3.692627,-18.646240
7.111454,0.177830,0.702938,10.039323,0.136208,-0.388669,0.057120,1.129150,-3.479004,-17.608643
7.121552,0.167053,0.673000,10.148895,0.125430,-0.418607,0.166693,0.549316,-3.112793,-16.448975
7.131647,0.426912,0.933459,9.970466,0.385290,-0.158148,-0.011736,1.342773,-1.495361,-12.725830
7.141743,0.720302,0.577798,9.998608,0.678680,-0.513809,0.016405,2.410889,-0.366211,-7.965088
7.151838,0.521516,0.734672,10.046508,0.479893,-0.356935,0.064306,1.037598,-0.396729,-7.080078
7.161935,0.268242,0.569416,9.985435,0.226620,-0.522191,0.003233,-0.701904,-0.915527,-7.476807
7.172030,0.892744,0.777184,10.129136,0.851121,-0.314423,0.146934,-1.831055,-0.946045,-4.119873
7.182126,1.020877,0.414937,10.020163,0.979255,-0.676670,0.037960,-1.495361,-1.190186,-5.950928
7.192222,0.739462,0.084424,10.010583,0.697840,-1.007183,0.028380,-0.427246,-1.403809,-7.751465
7.202384,1.275947,0.349673,10.068063,1.234324,-0.741934,0.085861,-1.495361,-2.044678,-6.439209
7.212473,0.780178,0.587977,10.023755,0.738555,-0.503630,0.041553,-1.861572,-2.197266,-6.378174
7.222563,1.157393,0.379611,10.051897,1.115771,-0.711997,0.069694,-1.037598,-1.892090,-9.307861
7.232649,1.302891,0.622705,9.992021,1.261268,-0.468902,0.009819,-0.122070,-1.251221,-10.375977
7.242738,0.889151,0.902922,9.975256,0.847529,-0.188685,-0.006946,0.030518,-1.739502,-14.526367
7.252827,1.134641,0.778980,10.006392,1.093018,-0.312627,0.024189,-0.640869,-2.227783,-16.693115
7.262916,1.104104,0.731080,9.989028,1.062482,-0.360528,0.006825,-0.549316,-2.410889,-17.822266
7.273005,0.805325,0.724493,10.014175,0.763703,-0.367114,0.031973,-0.366211,-2.075195,-16.662598
7.283094,0.716710,0.622705,9.999805,0.675087,-0.468902,0.017603,-0.518799,-2.044678,-17.089844
7.293183,0.546663,0.523911,10.032737,0.505041,-0.567697,0.050534,-0.274658,-1.464844,-12.176514
7.303337,0.430505,0.558638,10.038126,0.388882,-0.532969,0.055923,-0.213623,-1.190186,-9.490967
7.313434,0.259261,0.589774,10.030941,0.217638,-0.501834,0.048738,-0.274658,-0.793457,-5.767822
7.323530,0.202978,0.601150,10.021360,0.161355,-0.490457,0.039158,-0.335693,-0.671387,-4.486084
7.333626,0.156275,0.612526,10.012379,0.114653,-0.479081,0.030176,-0.335693,-0.488281,-2.716064
7.343722,0.089214,0.626298,10.021360,0.047592,-0.465310,0.039158,-0.305176,-0.427246,-2.105713
7.353817,0.063468,0.629890,10.026151,0.021846,-0.461717,0.043948,-0.305176,-0.366211,-1.647949
7.363913,0.032932,0.644260,10.025552,-0.008691,-0.447347,0.043349,-0.274658,-0.274658,-0.946045
7.374008,0.031734,0.644859,10.027348,-0.009888,-0.446748,0.045145,-0.305176,-0.274658,-0.762939
7.384103,0.017963,0.653242,10.022558,-0.023660,-0.438366,0.040355,-0.274658,-0.152588,-0.488281
7.394199,0.013771,0.650248,10.029144,-0.027851,-0.441359,0.046942,-0.213623,-0.122070,-0.366211
7.404360,0.015568,0.656235,10.022558,-0.026055,-0.435372,0.040355,-0.183105,-0.030518,-0.244141
7.414449,0.020358,0.651445,10.015972,-0.021265,-0.440162,0.033769,-0.122070,0.000000,-0.213623
7.424536,0.017364,0.656235,10.011182,-0.024259,-0.435372,0.028979,0.000000,0.061035,-0.152588
7.434625,0.016765,0.655637,10.015972,-0.024857,-0.435971,0.033769,0.030518,0.122070,-0.122070
7.444715,0.013173,0.658630,10.021959,-0.028450,-0.432977,0.039757,0.030518,0.122070,-0.122070
7.454799,0.014370,0.654439,10.024953,-0.027252,-0.437168,0.042750,0.061035,0.152588,-0.061035
7.464888,0.011376,0.655038,10.032138,-0.030246,-0.436569,0.049935,0.030518,0.091553,-0.061035
7.474977,0.013173,0.656235,10.032138,-0.028450,-0.435372,0.049935,-0.061035,0.030518,-0.030518
7.485067,0.016166,0.661025,10.033336,-0.025456,-0.430582,0.051133,-0.122070,-0.061035,-0.061035
7.495156,0.019759,0.660427,10.037527,-0.021864,-0.431181,0.055324,-0.274658,-0.091553,-0.030518
7.505317,0.016765,0.658032,10.035132,-0.024857,-0.433576,0.052929,-0.305176,-0.122070,-0.030518
7.515413,0.022154,0.655637,10.033934,-0.019469,-0.435971,0.051732,-0.305176,-0.152588,-0.030518
7.525509,0.016166,0.664618,10.031539,-0.025456,-0.426989,0.049337,-0.274658,-0.122070,0.000000
7.535605,0.019160,0.656235,10.029144,-0.022462,-0.435372,0.046942,-0.244141,-0.122070,0.000000
7.545700,0.014370,0.655637,10.035731,-0.027252,-0.435971,0.053528,-0.152588,-0.091553,0.000000
7.555795,0.019759,0.655038,10.032138,-0.021864,-0.436569,0.049935,-0.152588,-0.091553,-0.030518
7.565891,0.014370,0.653840,10.029144,-0.027252,-0.437767,0.046942,-0.183105,-0.030518,-0.030518
7.575987,0.004191,0.652044,10.024354,-0.037431,-0.439563,0.042152,-0.152588,-0.061035,0.000000
7.586082,0.009580,0.651445,10.024354,-0.032042,-0.440162,0.042152,-0.091553,-0.061035,-0.030518
7.596178,0.004191,0.652643,10.030941,-0.037431,-0.438964,0.048738,-0.030518,0.000000,-0.030518
7.606342,0.002395,0.650248,10.033934,-0.039227,-0.441359,0.051732,-0.091553,-0.030518,-0.030518
7.616431,0.002395,0.653242,10.027348,-0.039227,-0.438366,0.045145,-0.091553,-0.030518,-0.061035
7.626520,0.004191,0.661025,10.024354,-0.037431,-0.430582,0.042152,-0.061035,-0.091553,-0.091553
7.636609,0.002994,0.653840,10.024354,-0.038629,-0.437767,0.042152,-0.152588,-0.152588,-0.152588
7.646698,0.016765,0.640668,10.042317,-0.024857,-0.450940,0.060114,-0.213623,-0.183105,-0.183105
7.656787,0.111967,0.602946,10.063273,0.070345,-0.488661,0.081071,-0.793457,-0.457764,-0.518799
7.666875,0.490979,-0.924478,10.215357,0.449357,-2.016085,0.233154,-5.432129,-3.112793,-10.192871
7.676964,0.375419,-0.943039,10.092014,0.333797,-2.034646,0.109811,-3.479004,-3.509521,-23.437500
7.687053,0.249681,-0.251477,10.043514,0.208058,-1.343084,0.061312,-3.387451,-5.462646,-46.478271
7.697142,0.074844,0.188608,10.099199,0.033222,-0.902999,0.116996,-3.417969,-6.072998,-52.825928
7.707297,0.185614,-0.135917,10.024953,0.143992,-1.227525,0.042750,-4.028320,-7.141113,-61.523438
7.717393,0.107177,0.129930,9.949510,0.065555,-0.961677,-0.032693,-2.655029,-6.927490,-66.223145
7.727488,0.049098,0.247286,10.081835,0.007475,-0.844321,0.099632,-1.373291,-6.530762,-72.235107
7.737584,0.165855,-0.113763,10.030342,0.124233,-1.205371,0.048139,-0.885010,-6.713867,-76.721191
7.747680,0.067659,0.467628,10.118359,0.026037,-0.623980,0.136156,-0.244141,-6.530762,-82.550049
7.757776,-0.450264,1.929787,9.939331,-0.491886,0.838180,-0.042872,-6.561279,-8.087158,-71.380615
7.767871,-0.146096,1.359772,9.990225,-0.187719,0.268165,0.008023,-4.852295,-6.927490,-60.363770
7.777966,0.091011,0.249082,9.959090,0.049388,-0.842525,-0.023113,-2.258301,-6.958008,-60.699463
7.788061,0.024549,0.340692,10.150692,-0.017073,-0.750916,0.168489,-2.410889,-7.629395,-63.690186
7.798157,-0.026345,0.544867,10.077045,-0.067968,-0.546740,0.094842,-2.441406,-7.995605,-64.636230
7.808318,0.074246,0.148491,9.969868,0.032623,-0.943116,-0.012335,-3.967285,-8.300781,-65.307617
7.818407,-0.023950,0.445474,10.046508,-0.065573,-0.646134,0.064306,-3.784180,-8.483887,-68.481445
7.828497,-0.009580,0.332908,10.041119,-0.051203,-0.758700,0.058917,-3.631592,-8.300781,-72.204590
7.838584,0.045505,0.359253,10.071656,0.003883,-0.732354,0.089453,-2.990723,-8.056641,-73.913574
7.848682,0.144300,0.358055,9.918375,0.102677,-0.733552,-0.063828,-2.349854,-7.812500,-77.301025
7.858771,0.155078,0.374222,10.066267,0.113455,-0.717385,0.084064,-2.227783,-7.690430,-80.291748
7.868860,0.110770,0.365839,9.994417,0.069147,-0.725768,0.012214,0.305176,-7.324219,-85.266113
7.878949,-0.014969,0.914299,9.959689,-0.056591,-0.177309,-0.022514,1.220703,-7.324219,-84.899902
7.889038,0.044907,0.808319,10.048304,0.003284,-0.283288,0.066102,2.441406,-6.774902,-81.756592
7.899127,-0.012574,1.147813,9.933942,-0.054196,0.056206,-0.048260,5.096436,-5.584717,-73.608398
7.909278,0.022154,1.113684,9.972861,-0.019469,0.022077,-0.009341,6.256104,-5.157471,-71.960449
7.919374,-0.107776,1.346600,10.015373,-0.149398,0.254992,0.033170,3.967285,-6.347656,-74.523926
7.929469,-0.142504,1.217269,9.952504,-0.184126,0.125661,-0.029699,2.960205,-6.408691,-72.265625
7.939564,-0.192799,1.268762,9.927955,-0.234422,0.177154,-0.054248,1.037598,-7.080078,-71.990967
7.949659,-0.062869,1.064586,10.017768,-0.104492,-0.027021,0.035565,0.427246,-7.629395,-73.791504
7.959754,0.021555,1.050216,10.006392,-0.020067,-0.041391,0.024189,-0.183105,-7.843018,-76.873779
7.969849,0.184417,0.918490,9.945319,0.142794,-0.173117,-0.036884,-0.762939,-8.300781,-79.956055
7.979944,0.137115,1.047821,9.993219,0.095492,-0.043786,0.011016,-1.525879,-8.605957,-85.021973
7.990040,-0.083826,0.784968,10.042317,-0.125448,-0.306640,0.060114,-2.258301,-8.575439,-82.153320
8.000134,-0.043110,0.681982,10.049502,-0.084733,-0.409625,0.067299,-2.105713,-8.209229,-77.972412
8.010293,-0.009580,0.740660,9.998009,-0.051203,-0.350947,0.015806,-3.143311,-7.568359,-76.690674
8.020382,-0.176633,0.855621,10.018965,-0.218255,-0.235987,0.036763,-2.868652,-7.690430,-75.592041
8.030471,-0.071252,1.011896,10.005793,-0.112874,-0.079711,0.023590,-2.777100,-7.385254,-72.204590
8.040560,0.016166,1.134042,10.014774,-0.025456,0.042435,0.032572,-2.685547,-7.080078,-69.763184
8.050648,0.070653,1.154998,9.990225,0.029031,0.063391,0.008023,-2.319336,-6.896973,-67.718506
8.060738,0.077838,1.107697,10.005793,0.036216,0.016089,0.023590,-1.342773,-6.683350,-66.802979
8.070827,0.210163,0.920286,9.989626,0.168541,-0.171321,0.007424,-1.129150,-6.408691,-65.521240
8.080916,0.396974,0.761017,10.076446,0.355352,-0.330590,0.094243,-0.976562,-5.950928,-64.910889
8.091005,0.478405,0.843047,10.070458,0.436783,-0.248560,0.088256,-0.915527,-6.286621,-66.436768
8.101094,0.359253,0.865800,10.009385,0.317630,-0.225808,0.027183,-0.122070,-6.256104,-68.054199
8.111248,0.637075,0.829276,10.030342,0.595453,-0.262332,0.048139,0.152588,-5.798340,-68.206787
8.121343,0.801134,0.739462,10.047706,0.759512,-0.352145,0.065503,0.579834,-6.469727,-67.810059
8.131439,0.160466,0.680784,10.088421,0.118844,-0.410823,0.106218,0.732422,-7.324219,-67.047119
8.141535,0.101788,0.738864,10.043514,0.060166,-0.352744,0.061312,0.244141,-7.873535,-67.687988
8.151633,0.302970,0.835862,9.986034,0.261348,-0.255745,0.003831,-1.220703,-7.019043,-69.671631
8.161727,0.293989,0.798140,10.004595,0.252366,-0.293467,0.022393,-3.295898,-4.577637,-72.113037
8.171822,0.414338,0.713716,10.089020,0.372716,-0.377891,0.106817,-3.814697,-4.547119,-78.155518
8.181917,0.450264,0.473615,10.036329,0.408641,-0.617992,0.054127,-3.265381,-4.974365,-80.383301
8.192010,0.389789,0.599354,10.025552,0.348167,-0.492254,0.043349,-3.143311,-5.859375,-86.120605
8.202103,0.206570,0.437091,10.105186,0.164948,-0.654516,0.122984,-2.136230,-7.537842,-88.623047
8.212269,0.304167,0.437690,10.020163,0.262545,-0.653917,0.037960,-2.044678,-7.720947,-90.667725
8.222356,0.117955,0.496368,10.117760,0.076332,-0.595239,0.135557,-1.831055,-7.904053,-95.794678
8.232445,0.389191,0.546663,10.006392,0.347568,-0.544944,0.024189,-1.586914,-8.605957,-98.937988
8.242611,0.379012,0.395777,9.972861,0.337389,-0.695830,-0.009341,-1.739502,-8.911133,-105.560303
8.252700,0.352667,0.560435,10.040521,0.311044,-0.531173,0.058318,-2.197266,-8.697510,-108.459473
8.262790,0.231718,0.679587,9.956096,0.190096,-0.412020,-0.026106,-1.251221,-9.979248,-109.771729
8.272879,0.041913,0.582589,10.018965,0.000290,-0.509019,0.036763,-1.129150,-10.101318,-108.276367
8.282968,0.266446,0.651445,10.029144,0.224823,-0.440162,0.046942,-1.251221,-9.735107,-108.428955
8.293057,0.302371,0.418530,10.018965,0.260749,-0.673078,0.036763,0.122070,-11.901855,-115.753174
8.303146,0.150287,0.568817,10.157278,0.108665,-0.522790,0.175075,1.922607,-14.587402,-119.781494
8.313297,-0.071252,0.868195,10.018965,-0.112874,-0.223413,0.036763,2.777100,-16.021729,-123.382568
8.323393,-0.123344,0.765209,9.998608,-0.164966,-0.326399,0.016405,2.532959,-15.686035,-123.809814
8.333522,0.101788,0.796943,9.988429,0.060166,-0.294664,0.006226,2.258301,-16.479492,-127.563477
8.343619,0.191602,0.895737,10.005194,0.149979,-0.195870,0.022991,1.007080,-15.563965,-130.645752
8.353714,0.019160,0.804727,10.060280,-0.022462,-0.286881,0.078077,0.305176,-14.709473,-131.866455
8.363811,-0.108375,0.713716,10.026151,-0.149997,-0.377891,0.043948,-1.495361,-13.092041,-131.439209
8.373906,0.005389,0.644260,10.023157,-0.036234,-0.447347,0.040954,-2.532959,-12.023926,-130.798340
8.384002,-0.070653,0.591570,10.098001,-0.112276,-0.500037,0.115798,-3.570557,-10.589600,-129.974365
8.394099,-0.096998,0.638871,9.961485,-0.138621,-0.452736,-0.020718,-5.065918,-8.453369,-129.699707
8.404194,-0.223934,0.509540,10.132130,-0.265557,-0.582067,0.149927,-4.577637,-8.636475,-125.061035
8.414356,-0.079036,0.489183,9.963880,-0.120658,-0.602425,-0.018323,-4.211426,-8.758545,-121.795654
8.424445,0.085622,0.542472,10.071656,0.044000,-0.549135,0.089453,-4.974365,-8.697510,-120.147705
8.434535,0.131726,0.579595,10.103989,0.090104,-0.512013,0.121786,-3.906250,-9.368896,-119.415283
8.444624,0.264650,0.767604,10.003997,0.223027,-0.324003,0.021794,-2.502441,-10.192871,-118.041992
8.454713,0.235311,1.008303,9.944720,0.193688,-0.083304,-0.037483,-1.464844,-11.199951,-118.164062
8.464802,-0.010179,0.760419,9.985435,-0.051801,-0.331189,0.003233,-3.112793,-10.589600,-118.713379
8.474891,0.068258,0.729882,10.026151,0.026636,-0.361725,0.043948,-2.685547,-10.772705,-118.835449
8.484980,0.134720,0.898731,10.032138,0.093097,-0.192876,0.049935,-1.403809,-11.779785,-117.675781
8.495070,-0.096998,0.725691,9.971065,-0.138621,-0.365916,-0.011138,-4.119873,-9.368896,-112.030029
8.505160,-0.001198,0.711321,10.022558,-0.042820,-0.380286,0.040355,-3.387451,-9.399414,-107.971191
8.515305,0.098196,0.661624,10.021360,0.056573,-0.429983,0.039158,-2.929688,-9.063721,-102.539062
8.525402,0.113763,0.466430,10.024354,0.072141,-0.625177,0.042152,-1.617432,-8.911133,-94.116211
8.535497,0.156275,0.329315,10.047706,0.114653,-0.762292,0.065503,-1.831055,-8.789062,-91.552734
8.545596,0.065264,0.343685,10.081236,0.023642,-0.747922,0.099033,-1.464844,-8.605957,-86.730957
8.555692,0.311951,0.302970,10.068063,0.270329,-0.788637,0.085861,-1.007080,-7.965088,-82.885742
8.565788,0.373623,0.513133,10.037527,0.332001,-0.578474,0.055324,-0.457764,-7.232666,-75.164795
8.575884,0.124541,0.439486,10.066267,0.082919,-0.652121,0.084064,-0.183105,-7.232666,-72.784424
8.585980,0.064666,0.364043,10.031539,0.023043,-0.727564,0.049337,-0.457764,-7.080078,-71.655273
8.596075,-0.107177,0.551453,10.034533,-0.148800,-0.540154,0.052330,-0.488281,-6.347656,-63.812256
8.606170,-0.282014,0.478405,10.057286,-0.323636,-0.613202,0.075083,-0.640869,-5.737305,-58.685303
8.616332,-0.040715,0.625100,10.030941,-0.082338,-0.466507,0.048738,-0.518799,-4.760742,-49.743652
8.626421,0.018561,0.577798,10.039922,-0.023061,-0.513809,0.057719,-0.610352,-4.364014,-46.936035
8.636511,0.000000,0.653840,10.025552,-0.041622,-0.437767,0.043349,-0.671387,-3.906250,-41.625977
8.646600,0.015568,0.739462,10.004595,-0.026055,-0.352145,0.022393,-0.915527,-3.509521,-39.276123
8.656689,0.062271,0.779579,10.012978,0.020648,-0.312028,0.030775,-0.671387,-3.112793,-34.942627
8.666778,0.140707,1.117277,9.983639,0.099085,0.025669,0.001436,-0.396729,-2.929688,-32.440186
8.676867,0.131127,0.904120,9.993219,0.089505,-0.187487,0.011016,-0.030518,-2.685547,-28.472900
8.686956,0.180225,1.031655,9.994417,0.138603,-0.059953,0.012214,0.000000,-2.227783,-23.437500
8.697048,0.161664,0.979563,9.989028,0.120041,-0.112044,0.006825,0.183105,-2.136230,-20.843506
8.707137,0.195194,1.041235,9.982441,0.153572,-0.050372,0.000239,0.183105,-1.739502,-17.211914
8.717292,0.235311,0.986748,9.987231,0.193688,-0.104859,0.005029,0.305176,-1.556396,-14.862061
8.727388,0.226329,0.926873,10.001602,0.184707,-0.164735,0.019399,0.274658,-1.190186,-11.352539
8.737524,0.204175,0.893342,10.002200,0.162553,-0.198265,0.019998,0.274658,-1.068115,-9.948730
8.747621,0.188608,0.864003,10.011182,0.146985,-0.227604,0.028979,0.274658,-0.946045,-8.789062
8.757715,0.171244,0.830473,10.036928,0.129621,-0.261134,0.054725,0.335693,-0.610352,-6.774902
8.767811,0.176034,0.843047,10.006392,0.134411,-0.248560,0.024189,0.640869,-0.732422,-6.011963
8.777906,0.138312,0.821492,10.003997,0.096690,-0.270116,0.021794,0.457764,-0.579834,-5.065918
8.788002,0.142504,0.823288,10.003398,0.100881,-0.268319,0.021195,0.213623,-0.427246,-4.974365
8.798098,0.156874,0.802930,10.009385,0.115251,-0.288677,0.027183,-0.274658,-0.122070,-5.096436
8.808193,0.205972,0.861608,10.001602,0.164349,-0.229999,0.019399,-0.183105,-0.091553,-4.333496
8.818358,0.197589,0.843047,10.002200,0.155967,-0.248560,0.019998,-0.091553,-0.061035,-3.448486
8.828448,0.176633,0.813708,10.014774,0.135010,-0.277899,0.032572,0.213623,-0.091553,-2.075195
8.838537,0.163460,0.801134,10.018965,0.121838,-0.290473,0.036763,0.518799,-0.183105,-1.556396
8.848626,0.039518,0.775388,10.030941,-0.002105,-0.316220,0.048738,1.129150,-0.427246,-0.885010
8.858715,-0.102387,0.750240,10.022558,-0.144010,-0.341367,0.040355,1.190186,-0.488281,-0.701904
8.868805,-0.248483,0.716710,10.023157,-0.290106,-0.374898,0.040954,1.037598,-0.305176,-0.152588
8.878895,-0.111368,0.813109,10.001602,-0.152991,-0.278498,0.019399,0.762939,-0.122070,-0.274658
8.888984,0.012574,0.808918,10.033934,-0.029049,-0.282689,0.051732,0.518799,-0.091553,-1.403809
8.899073,-0.080233,0.847837,10.024953,-0.121856,-0.243770,0.042750,0.518799,-0.061035,-1.556396
8.909162,0.102387,0.872386,10.024953,0.060765,-0.219221,0.042750,0.183105,0.061035,-1.647949
8.919309,0.208965,0.850831,10.008787,0.167343,-0.240777,0.026584,0.030518,0.122070,-2.014160
8.929405,0.150886,0.829874,10.014774,0.109264,-0.261733,0.032572,-0.335693,0.244141,-1.953125
8.939500,0.318538,0.799338,10.013577,0.276915,-0.292269,0.031374,-0.823975,0.305176,-2.014160
8.949598,0.296384,0.813708,10.012978,0.254761,-0.277899,0.030775,-0.579834,0.122070,-1.525879
8.959693,0.340093,0.819695,10.010583,0.298470,-0.271912,0.028380,-0.244141,-0.061035,-0.732422
8.969789,0.317939,0.832269,10.010583,0.276316,-0.259338,0.028380,-0.122070,-0.061035,-0.549316
8.979884,0.299976,0.835862,10.011780,0.258354,-0.255745,0.029578,-0.030518,-0.091553,-0.396729
8.989980,0.276026,0.838856,10.021360,0.234404,-0.252752,0.039158,-0.061035,-0.030518,-0.152588
9.000076,0.269440,0.836461,10.017768,0.227817,-0.255147,0.035565,-0.152588,0.030518,-0.061035
9.010172,0.246687,0.834066,10.011780,0.205065,-0.257542,0.029578,-0.396729,0.213623,0.061035
9.020332,0.232916,0.845442,10.003997,0.191293,-0.246165,0.021794,-0.671387,0.366211,0.061035
9.030422,0.205373,0.827479,10.011780,0.163750,-0.264128,0.029578,-1.007080,0.518799,0.152588
9.040511,0.192200,0.826880,10.023157,0.150578,-0.264727,0.040954,-1.037598,0.457764,0.274658
9.050601,0.190404,0.858016,10.022558,0.148782,-0.233591,0.040355,-1.037598,0.427246,0.549316
9.060689,0.186213,0.856219,10.008787,0.144590,-0.235388,0.026584,-0.946045,0.457764,2.075195
9.070779,0.225132,0.944236,9.993219,0.183509,-0.147371,0.011016,-0.915527,0.518799,2.929688
9.080864,0.178429,0.868195,10.011780,0.136807,-0.223413,0.029578,-0.610352,0.823975,6.072998
9.090951,0.217947,0.965193,10.002200,0.176324,-0.126414,0.019998,-0.518799,0.946045,7.171631
9.101042,0.199385,0.916095,10.009984,0.157763,-0.175512,0.027781,-0.396729,1.098633,9.155273
9.111131,0.283211,0.927471,9.999805,0.241589,-0.164136,0.017603,-0.213623,1.068115,9.460449
9.121294,0.286804,1.022673,9.990824,0.245181,-0.068934,0.008621,0.061035,1.068115,9.826660
9.131390,0.220342,1.129252,9.986034,0.178719,0.037644,0.003831,-0.061035,1.220703,8.880615
9.141485,0.164059,1.206491,9.975256,0.122436,0.114884,-0.006946,-0.488281,1.373291,7.659912
9.151580,0.042512,1.309477,9.954899,0.000889,0.217870,-0.027304,-0.396729,1.159668,5.706787
9.161675,-0.007185,1.353785,9.951306,-0.048808,0.262178,-0.030897,0.000000,0.854492,5.340576
9.171770,0.047302,1.413062,9.952504,0.005679,0.321454,-0.029699,0.122070,0.701904,5.310059
9.181925,0.112566,1.461561,9.992620,0.070943,0.369953,0.010418,0.000000,0.671387,4.272461
9.192059,0.235909,1.608256,9.926158,0.194287,0.516648,-0.056044,0.244141,0.732422,2.349854
9.202166,0.275427,1.625021,9.960886,0.233805,0.533414,-0.021316,0.427246,0.701904,1.831055
9.212273,0.314346,1.639391,9.944121,0.272724,0.547784,-0.038082,0.122070,0.549316,0.579834
9.222497,0.360450,1.704655,9.920171,0.318828,0.613048,-0.062032,0.518799,0.183105,-0.976562
9.232604,0.309556,1.732198,9.942325,0.267934,0.640591,-0.039878,0.976562,-0.122070,-1.403809
9.242713,0.364642,1.791475,9.869277,0.323019,0.699867,-0.112926,1.556396,0.122070,-1.861572
9.252824,0.298779,1.844165,9.886042,0.257156,0.752558,-0.096161,1.708984,0.183105,-2.838135
9.262927,0.263452,1.983076,9.871672,0.221830,0.891469,-0.110531,0.854492,0.152588,-4.638672
9.273103,0.136516,1.878893,9.829160,0.094894,0.787286,-0.153042,0.030518,0.213623,-5.279541
9.283206,0.131127,1.905238,9.906400,0.089505,0.813631,-0.075803,-0.244141,-0.061035,-6.042480
9.293304,0.036524,1.908831,9.918973,-0.005098,0.817223,-0.063229,-0.885010,-0.061035,-4.516602
9.303414,-0.108973,2.016606,10.023157,-0.150596,0.924999,0.040954,-0.915527,-0.671387,-4.608154
9.313529,0.093406,1.868115,9.905202,0.051783,0.776508,-0.077001,0.183105,-1.190186,-3.112793
9.323631,-0.066462,1.820215,9.933942,-0.108084,0.728608,-0.048260,1.098633,-0.701904,-2.716064
9.333704,-0.017364,1.831591,9.903406,-0.058986,0.739984,-0.078797,1.525879,0.854492,-1.953125
9.343770,-0.117356,1.830394,9.899813,-0.158978,0.738786,-0.082389,1.190186,1.159668,-1.098633
9.353835,-0.020358,1.833387,9.877659,-0.061980,0.741780,-0.104543,1.068115,1.373291,-0.488281
9.363900,0.078437,1.692680,9.962682,0.036814,0.601073,-0.019520,1.617432,0.396729,-2.075195
9.373965,0.178429,1.801653,9.886641,0.136807,0.710046,-0.095562,2.380371,0.274658,-3.051758
9.384030,0.003593,1.717828,9.913585,-0.038030,0.626221,-0.068618,2.563477,0.671387,-3.021240
9.394095,-0.070054,1.911226,9.744736,-0.111677,0.819618,-0.237467,1.403809,0.946045,-3.112793
9.404161,-0.042512,1.773512,9.798025,-0.084134,0.681905,-0.184178,-1.739502,0.274658,-5.432129
9.414226,0.167053,1.681902,10.011780,0.125430,0.590295,0.029578,-2.471924,-0.305176,-8.178711
9.424290,-0.138312,1.889670,9.908196,-0.179935,0.798063,-0.074007,-1.464844,-0.701904,-9.887695
9.434360,-0.309556,0.533491,10.048304,-0.351179,-0.558117,0.066102,2.044678,0.885010,6.835938
9.444425,0.149090,0.574206,10.131531,0.107468,-0.517401,0.149329,2.380371,1.403809,12.115479
9.454500,0.293989,0.620909,10.089619,0.252366,-0.470698,0.107416,-0.946045,0.793457,11.993408
9.464565,0.752635,0.846041,9.911190,0.711012,-0.245567,-0.071013,-3.082275,1.190186,12.329102
9.474630,0.349074,0.909509,9.936936,0.307452,-0.182099,-0.045267,-1.617432,1.495361,10.833740
9.484694,0.206570,1.090931,10.154883,0.164948,-0.000676,0.172680,-1.739502,1.647949,11.291504
9.494759,0.270637,0.980162,10.132729,0.229015,-0.111445,0.150526,-0.457764,0.946045,12.115479
9.504824,0.028141,1.402284,9.865684,-0.013481,0.310677,-0.116518,0.701904,0.274658,10.925293
9.514889,-0.040715,1.358575,9.971664,-0.082338,0.266968,-0.010539,-0.976562,0.671387,10.131836
9.524954,-0.044907,1.729803,9.763297,-0.086529,0.638196,-0.218906,-0.762939,0.701904,7.598877
9.535021,0.210163,1.741778,9.710607,0.168541,0.650171,-0.271596,-3.356934,0.213623,2.960205
9.545086,0.282014,1.414259,10.030941,0.240391,0.322652,0.048738,-1.831055,0.671387,-0.030518
9.555151,-0.055684,1.369951,9.937535,-0.097307,0.278344,-0.044668,-2.777100,0.701904,-0.518799
9.565216,0.260458,1.345402,9.992021,0.218836,0.253795,0.009819,-3.509521,0.457764,-2.136230
9.575291,0.053888,1.395698,10.041718,0.012265,0.304090,0.059515,-0.885010,-0.030518,-2.960205
9.585357,0.004191,0.956810,10.056088,-0.037431,-0.134797,0.073886,-0.793457,-0.427246,-2.258301
9.595422,-0.213157,1.160986,10.005793,-0.254779,0.069378,0.023590,1.373291,-0.061035,1.159668
9.605487,0.143701,1.281934,9.916578,0.102079,0.190327,-0.065624,1.312256,-0.061035,2.075195
9.615551,0.225132,1.109493,9.840536,0.183509,0.017886,-0.141666,-1.068115,-0.793457,1.647949
9.625616,-0.076042,0.822689,9.987231,-0.117664,-0.268918,0.005029,-4.821777,-1.617432,0.610352
9.635681,0.162861,1.198707,10.046508,0.121239,0.107100,0.064306,-4.516602,-1.525879,0.030518
9.645746,0.153880,1.153202,9.915381,0.112258,0.061595,-0.066822,-2.868652,-1.434326,-0.396729
9.655811,-0.020358,1.343606,9.817185,-0.061980,0.251999,-0.165018,-1.098633,-1.159668,0.640869
9.665875,-0.021555,1.190923,9.964479,-0.063178,0.099316,-0.017724,-4.913330,-2.868652,0.305176
9.675940,0.211959,1.434617,9.914183,0.170337,0.343009,-0.068019,-3.051758,-2.838135,-0.061035
9.686004,-0.123344,1.174757,10.190209,-0.164966,0.083150,0.208007,-2.044678,-1.525879,-0.457764
9.696068,-0.010179,2.017205,9.909992,-0.051801,0.925598,-0.072211,0.030518,-0.579834,-3.845215
9.706132,-0.332309,2.322570,10.017768,-0.373931,1.230963,0.035565,-5.004883,-1.251221,-16.876221
9.716207,-0.267045,2.053729,9.674083,-0.308667,0.962122,-0.308120,-7.354736,-1.892090,-20.568848
9.726272,-0.244891,1.936972,9.847722,-0.286513,0.845365,-0.134481,-7.751465,-2.044678,-20.935059
9.736412,-0.150287,1.620231,9.916578,-0.191910,0.528623,-0.065624,-6.072998,-1.464844,-17.639160
9.746477,-0.167053,1.642983,9.856703,-0.208675,0.551376,-0.125500,-3.723145,-1.068115,-15.014648
9.756541,-0.258063,1.451382,9.867480,-0.299686,0.359775,-0.114722,0.854492,-1.647949,-10.040283
9.766607,-0.087418,1.309477,9.843530,-0.129041,0.217870,-0.138672,0.488281,-2.349854,-8.758545
9.776673,0.108973,1.188528,9.818383,0.067351,0.096921,-0.163820,-0.762939,-1.647949,-2.685547
9.786738,0.332908,0.860411,9.943522,0.291285,-0.231196,-0.038680,1.770020,-1.922607,-2.227783
9.796803,0.481399,1.185535,9.683064,0.439776,0.093927,-0.299139,6.866455,0.274658,0.610352
9.806868,-0.057480,0.796344,10.110575,-0.099103,-0.295263,0.128372,3.112793,0.946045,3.753662
9.816933,0.255668,0.737067,10.077643,0.214046,-0.354540,0.095441,-1.251221,0.061035,2.624512
9.826998,0.558638,0.667013,9.968071,0.517016,-0.424594,-0.014131,4.852295,0.518799,2.197266
9.837072,0.179028,0.359253,10.088421,0.137405,-0.732354,0.106218,5.187988,1.007080,3.082275
9.847138,0.374821,0.602946,10.148895,0.333198,-0.488661,0.166693,3.295898,1.342773,5.126953
9.857203,0.146695,0.047302,10.126143,0.105073,-1.044306,0.143940,2.563477,1.892090,7.324219
9.867268,0.171843,0.213157,10.042916,0.130220,-0.878451,0.060713,-0.030518,1.892090,7.995605
9.877334,0.141306,0.249082,9.993219,0.099684,-0.842525,0.011016,-3.479004,0.885010,7.690430
9.887399,0.053888,-0.214354,10.230925,0.012265,-1.305961,0.248722,-3.540039,1.800537,8.789062
9.897466,0.115560,0.274828,9.974059,0.073937,-0.816779,-0.008144,4.180908,3.509521,13.336182
9.907531,0.099393,0.151485,10.139914,0.057771,-0.940122,0.157711,2.593994,3.723145,12.634277
9.917597,0.277224,0.452060,10.130933,0.235601,-0.639547,0.148730,-3.021240,1.190186,9.674072
9.927662,0.245490,0.452060,9.978849,0.203867,-0.639547,-0.003354,-6.744385,-0.091553,6.683350
9.937727,0.495170,0.379611,10.209370,0.453548,-0.711997,0.227167,-5.798340,-1.342773,3.845215
9.947792,0.003593,0.849034,10.136920,-0.038030,-0.242573,0.154718,-0.823975,-0.518799,3.448486
9.957865,0.722697,1.019081,10.078841,0.681075,-0.072526,0.096638,-0.488281,-0.427246,4.028320
9.967931,0.514929,1.008303,9.959090,0.473307,-0.083304,-0.023113,1.159668,-0.457764,0.823975
9.977997,0.417332,0.813109,9.946516,0.375710,-0.278498,-0.035687,-0.305176,-0.152588,0.305176
9.988062,0.257465,0.914897,10.087224,0.215842,-0.176710,0.105021,-5.920410,-1.373291,-3.906250
9.998127,0.647853,0.737067,9.936337,0.606230,-0.354540,-0.045865,-4.302979,-1.373291,-6.408691
10.008192,0.273032,0.347278,10.203981,0.231410,-0.744329,0.221778,1.892090,-0.305176,-4.821777
10.018257,0.500559,0.528701,10.104587,0.458937,-0.562907,0.122385,10.314941,0.732422,2.166748
10.028322,0.021555,0.004790,10.069860,-0.020067,-1.086817,0.087657,7.690430,1.007080,1.831055
10.038389,0.301772,0.319735,10.090217,0.260150,-0.771872,0.108015,5.401611,-0.640869,1.770020
10.048456,-0.129331,0.207169,10.132729,-0.170954,-0.884438,0.150526,2.288818,-0.854492,1.068115
10.058522,-0.044907,0.314346,10.145303,-0.086529,-0.777261,0.163100,-1.495361,-1.953125,-1.037598
10.068587,-0.055085,0.215552,9.951905,-0.096708,-0.876055,-0.030298,-4.486084,-2.532959,0.000000
10.078661,0.077838,0.076641,10.241702,0.036216,-1.014967,0.259500,-6.469727,-3.479004,0.579834
10.088727,0.225731,0.655038,9.979448,0.184108,-0.436569,-0.002755,0.915527,-1.739502,4.058838
10.098792,0.014370,0.568817,10.045909,-0.027252,-0.522790,0.063707,1.861572,-0.488281,7.171631
10.108858,0.394579,0.500559,10.014175,0.352957,-0.591048,0.031973,0.610352,0.396729,9.002686
10.118924,0.493973,0.716710,9.977651,0.452350,-0.374898,-0.004551,2.258301,0.640869,8.819580
10.128989,0.346679,0.862207,9.969269,0.305057,-0.229400,-0.012934,1.586914,1.617432,9.155273
10.139064,0.307760,0.785566,10.251881,0.266138,-0.306041,0.269678,0.427246,3.356934,7.171631
10.149130,0.490979,0.969384,9.981843,0.449357,-0.122223,-0.000360,-0.732422,3.204346,3.479004
10.159195,0.649649,1.114283,9.965676,0.608027,0.022676,-0.016526,1.068115,1.861572,-0.579834
10.169261,0.470621,1.000519,10.011780,0.428999,-0.091088,0.029578,1.708984,0.854492,-1.281738
10.179327,0.851429,0.868195,9.728569,0.809807,-0.223413,-0.253633,-0.610352,0.244141,-4.730225
10.189392,0.915496,0.535886,9.889634,0.873874,-0.555722,-0.092568,-0.885010,0.122070,-6.866455
10.199457,0.658032,0.661025,9.984238,0.616409,-0.430582,0.002035,2.166748,0.701904,-6.347656
10.209524,0.664019,0.667612,9.923165,0.622397,-0.423996,-0.059038,1.464844,0.183105,-7.019043
10.219590,0.526904,0.610730,9.945319,0.485282,-0.480877,-0.036884,-0.061035,-0.518799,-7.995605
10.229656,0.471819,0.762215,9.911788,0.430196,-0.329392,-0.070414,-5.249023,-2.044678,-9.735107
10.239723,0.641266,0.716111,9.966874,0.599644,-0.375496,-0.015329,-4.913330,-2.777100,-11.749268
10.249789,0.600551,0.568218,9.747729,0.558929,-0.523389,-0.234473,-2.532959,-2.105713,-12.054443
10.259855,0.424517,1.104104,10.041119,0.382895,0.012497,0.058917,4.791260,0.213623,-9.979248
10.269921,0.232317,0.890349,10.015373,0.190694,-0.201259,0.033170,2.502441,-0.396729,-9.582520
10.279987,0.284409,1.169368,9.986034,0.242786,0.077761,0.003831,1.953125,-0.366211,-11.230469
10.290053,0.328716,0.868793,10.067465,0.287094,-0.222814,0.085262,-0.427246,-0.823975,-11.657715
10.300119,0.658630,1.037642,9.948911,0.617008,-0.053965,-0.033292,-0.366211,-1.525879,-13.305664
10.310185,0.509540,1.211281,9.810000,0.467918,0.119674,-0.172203,-0.671387,-1.556396,-13.885498
10.320250,0.614921,1.062191,9.943522,0.573299,-0.029416,-0.038680,-0.427246,-1.617432,-16.357422
10.330317,0.390987,1.029858,9.999805,0.349364,-0.061749,0.017603,0.030518,-1.678467,-15.411377
10.340383,0.247885,0.707728,10.294991,0.206262,-0.383879,0.312789,0.000000,-0.061035,-14.251709
10.350449,0.317340,0.704136,9.984836,0.275718,-0.387471,0.002634,-1.495361,-0.427246,-15.075684
10.360515,0.443677,0.885558,10.035132,0.402055,-0.206049,0.052929,-0.549316,-0.305176,-16.479492
10.370581,0.241897,0.574805,9.866882,0.200275,-0.516803,-0.115321,0.885010,-0.396729,-15.411377
10.380647,0.071252,0.615520,10.044113,0.029629,-0.476087,0.061911,0.518799,-0.701904,-12.634277
10.390713,0.194595,0.685574,10.086625,0.152973,-0.406033,0.104422,-1.129150,-0.976562,-11.840820
10.400778,0.086819,0.681982,10.029743,0.045197,-0.409625,0.047540,1.647949,-0.244141,-9.521484
10.410853,-0.010778,0.567021,9.884246,-0.052400,-0.524586,-0.097957,1.892090,0.823975,-7.080078
10.420919,-0.252675,0.540077,10.095606,-0.294297,-0.551530,0.113403,1.556396,0.427246,-5.615234
10.430984,-0.101190,0.493374,10.093211,-0.142812,-0.598233,0.111008,0.488281,0.030518,-4.852295
10.441053,-0.095801,0.573607,10.075248,-0.137423,-0.518000,0.093046,1.220703,0.274658,-2.655029
10.451119,-0.152084,0.637075,9.919572,-0.193706,-0.454532,-0.062631,1.861572,0.518799,-2.197266
10.461184,-0.205972,0.624501,10.032138,-0.247594,-0.467106,0.049935,-1.403809,0.671387,-1.007080
10.471250,-0.170645,0.716111,10.033336,-0.212268,-0.375496,0.051133,-1.831055,-0.030518,0.396729
10.481314,-0.051493,0.810115,9.935140,-0.093115,-0.281492,-0.047063,-0.854492,-0.854492,0.854492
10.491380,-0.277822,0.799338,10.106384,-0.319445,-0.292269,0.124181,-0.549316,0.946045,3.112793
10.501446,0.005988,0.817300,9.975855,-0.035635,-0.274307,-0.006348,-0.244141,0.732422,4.394531
10.511510,-0.112566,1.140628,9.884246,-0.154188,0.049021,-0.097957,-3.051758,1.281738,4.119873
10.521575,-0.149090,0.622705,9.811198,-0.190712,-0.468902,-0.171005,-1.892090,0.640869,3.234863
10.531639,0.588576,1.845363,9.868678,0.546954,0.753755,-0.113525,2.319336,0.000000,8.483887
10.541703,-0.085622,1.559756,9.878258,-0.127244,0.468149,-0.103945,0.671387,-0.732422,3.906250
10.551768,0.012574,1.333427,10.041718,-0.029049,0.241820,0.059515,3.601074,-2.044678,3.631592
10.561832,0.047302,1.523232,10.198592,0.005679,0.431625,0.216389,2.593994,-0.366211,2.471924
10.571896,0.214953,1.310674,9.828561,0.173331,0.219067,-0.153641,1.281738,-0.274658,-1.556396
10.581968,-0.019759,1.244213,10.026749,-0.061381,0.152605,0.044547,2.014160,-0.549316,-3.814697
10.592036,-0.105980,0.839454,10.113569,-0.147602,-0.252153,0.131366,1.190186,-0.366211,-3.417969
10.602102,-0.040715,1.124462,10.056088,-0.082338,0.032854,0.073886,2.166748,0.305176,-3.295898
10.612166,-0.237107,1.005908,10.022558,-0.278729,-0.085699,0.040355,3.570557,0.152588,-1.831055
10.622230,-0.364043,0.932261,10.072853,-0.405665,-0.159346,0.090651,2.288818,1.220703,-0.122070
10.632294,-0.199984,0.992736,10.042317,-0.241607,-0.098872,0.060114,2.532959,1.556396,-0.274658
10.642359,-0.319735,0.870590,9.984836,-0.361358,-0.221018,0.002634,1.861572,1.251221,-0.152588
10.652424,-0.506547,1.281934,9.869277,-0.548169,0.190327,-0.112926,0.000000,1.892090,-0.122070
10.662488,-0.446671,1.239423,10.300979,-0.488294,0.147815,0.318776,-2.960205,2.136230,-1.800537
10.672552,-0.273032,1.344205,9.896221,-0.314655,0.252597,-0.085982,-3.265381,0.335693,-7.598877
10.682617,-0.340692,0.994532,10.059082,-0.382314,-0.097075,0.076879,-6.530762,-0.762939,-9.094238
10.692681,-0.230521,1.453777,9.998009,-0.272143,0.362170,0.015806,-3.356934,-1.312256,-10.253906
10.702753,-0.067061,1.380729,9.847722,-0.108683,0.289122,-0.134481,-2.014160,-1.525879,-9.765625
10.712817,0.101788,1.236429,9.982441,0.060166,0.144822,0.000239,1.220703,-1.647949,-8.666992
10.722882,0.267045,1.033451,9.906400,0.225422,-0.058156,-0.075803,-0.854492,-1.434326,-10.833740
10.732946,0.234113,1.143622,9.844129,0.192491,0.052015,-0.138074,-1.312256,-1.342773,-11.657715
10.743011,0.213157,1.187930,9.939930,0.171534,0.096322,-0.042273,1.617432,-1.617432,-7.812500
10.753076,0.049098,1.249601,9.960287,0.007475,0.157994,-0.021915,2.014160,-1.281738,-8.087158
10.763140,0.066462,1.205892,9.962682,0.024839,0.114285,-0.019520,-0.183105,-0.793457,-9.338379
10.773206,0.189805,1.138233,9.866283,0.148183,0.046626,-0.115920,0.885010,0.091553,-7.995605
10.783270,0.267643,1.010698,10.083631,0.226021,-0.080909,0.101428,1.312256,0.244141,-8.605957
10.793334,-0.135319,0.665217,9.954899,-0.176941,-0.426391,-0.027304,0.122070,-0.274658,-9.460449
10.803398,0.046104,0.760419,9.929751,0.004482,-0.331189,-0.052452,0.823975,0.610352,-7.354736
10.813463,-0.061672,0.768801,10.073452,-0.103294,-0.322806,0.091249,0.091553,1.037598,-4.089355
10.823534,-0.268242,0.702938,9.998009,-0.309865,-0.388669,0.015806,-1.159668,0.000000,-2.807617
10.833600,0.010179,0.980162,9.824370,-0.031444,-0.111445,-0.157833,0.671387,-1.922607,-1.831055
10.843664,-0.028740,0.814307,10.327923,-0.070363,-0.277301,0.345720,0.030518,-0.915527,-1.617432
10.853729,0.055085,1.105302,10.071057,0.013463,0.013694,0.088854,1.770020,-1.098633,-0.701904
10.863794,0.052690,1.054407,9.865085,0.011068,-0.037200,-0.117117,-1.037598,0.335693,-1.190186
10.873858,0.121547,1.336421,10.053094,0.079925,0.244814,0.070892,-0.793457,0.762939,-1.129150
10.883922,-0.071252,1.021476,9.934541,-0.112874,-0.070131,-0.047662,2.441406,-0.915527,-3.479004
10.893988,-0.247885,0.799338,10.139914,-0.289507,-0.292269,0.157711,-0.518799,-0.244141,-5.737305
10.904052,0.146695,0.921484,10.172845,0.105073,-0.170123,0.190643,-0.976562,-0.274658,-12.451172
10.914117,-0.501757,0.781974,10.006990,-0.543379,-0.309633,0.024788,-0.152588,1.342773,-11.352539
10.924182,-0.307760,0.431702,10.194999,-0.349382,-0.659905,0.212797,1.586914,0.671387,-14.404297
10.934247,-0.399968,0.394579,10.165660,-0.441591,-0.697028,0.183458,-1.159668,-0.091553,-14.648438
10.944312,-0.447869,0.374821,9.917776,-0.489491,-0.716787,-0.064427,-0.701904,-1.007080,-15.960693
10.954386,0.011376,0.099992,10.181827,-0.030246,-0.991615,0.199624,-2.319336,-2.197266,-15.472412
10.964450,0.040715,0.308958,10.111772,-0.000907,-0.782650,0.129570,2.593994,-2.624512,-16.113281
10.974515,-0.034129,-0.058079,10.133328,-0.075751,-1.149686,0.151125,0.305176,-1.281738,-14.282227
10.984579,-0.050295,0.177830,10.490784,-0.091918,-0.913777,0.508582,-0.030518,-0.122070,-16.052246
10.994644,0.059875,0.814307,9.964479,0.018253,-0.277301,-0.017724,0.610352,-1.525879,-11.901855
11.004709,0.173040,0.667013,9.963281,0.131418,-0.424594,-0.018921,-0.640869,-0.152588,-12.145996
11.014775,0.502355,0.497565,10.015972,0.460733,-0.594042,0.033769,-1.464844,-0.152588,-11.291504
11.024839,0.649649,0.952619,9.784852,0.608027,-0.138988,-0.197350,0.976562,0.213623,-9.460449
11.034905,0.409548,0.626298,9.980645,0.367926,-0.465310,-0.001558,-0.854492,0.152588,-7.659912
11.044969,0.723296,0.781375,9.655521,0.681673,-0.310232,-0.326681,1.983643,0.213623,-3.082275
11.055035,0.577200,1.336421,10.330917,0.535577,0.244814,0.348714,5.462646,0.457764,-1.373291
11.065100,0.104782,1.283730,10.114766,0.063160,0.192123,0.132564,1.251221,0.000000,-3.417969
11.075173,0.373623,1.680705,9.711804,0.332001,0.589098,-0.270398,2.319336,0.823975,-5.004883
11.085239,0.365839,1.622626,9.840536,0.324217,0.531018,-0.141666,2.593994,0.671387,-5.523682
11.095304,0.474214,1.305286,9.900412,0.432591,0.213678,-0.081791,0.579834,-0.549316,-8.178711
11.105369,0.155078,1.670526,9.456136,0.113455,0.578919,-0.526067,1.312256,1.098633,-6.439209
11.115433,0.698148,1.577120,10.018367,0.656526,0.485513,0.036164,-1.068115,-1.403809,-12.725830
11.125499,-0.075443,1.302891,10.048903,-0.117066,0.211283,0.066701,0.183105,-1.586914,-13.000488
11.135564,0.063468,1.368754,10.024354,0.021846,0.277146,0.042152,-1.190186,-2.014160,-12.054443
11.145629,0.250280,1.250799,9.926757,0.208657,0.159192,-0.055445,-1.525879,-1.617432,-11.749268
11.155694,-0.006586,1.483715,9.862690,-0.048209,0.392107,-0.119512,-0.946045,-0.915527,-9.216309
11.165759,0.182021,1.340013,10.035731,0.140399,0.248406,0.053528,0.244141,-0.457764,-8.300781
11.175824,0.003593,1.003513,9.838740,-0.038030,-0.088094,-0.143462,-0.610352,-0.305176,-9.246826
11.185888,0.114362,1.539399,10.203382,0.072740,0.447792,0.221179,2.197266,0.030518,-7.659912
11.196005,0.083826,1.060994,9.972861,0.042203,-0.030614,-0.009341,1.708984,0.152588,-5.767822
11.206071,0.128732,0.785566,10.135124,0.087110,-0.306041,0.152921,2.349854,1.281738,-7.507324
11.216136,-0.431104,0.738864,9.779464,-0.472726,-0.352744,-0.202739,-0.946045,-0.274658,-9.643555
11.226201,0.500559,1.089734,9.727372,0.458937,-0.001873,-0.254831,-3.265381,-0.183105,-8.911133
11.236265,-0.196392,1.382525,9.777068,-0.238014,0.290918,-0.205134,-3.082275,-0.762939,-7.202148
11.246330,-0.073647,1.047222,10.196197,-0.115269,-0.044385,0.213994,-4.577637,-1.617432,-8.178711
11.256396,-0.052092,0.814905,10.151889,-0.093714,-0.276702,0.169686,-4.547119,-1.159668,-10.650635
11.266461,0.306563,0.792153,10.024953,0.264940,-0.299455,0.042750,-2.838135,-1.220703,-9.857178
11.276525,0.159269,0.871787,9.902807,0.117646,-0.219820,-0.079396,1.373291,-1.373291,-7.507324
11.286590,0.007784,1.111289,10.017169,-0.033839,0.019682,0.034967,1.953125,-1.068115,-6.683350
11.296658,-0.162263,1.232836,10.032737,-0.203885,0.141229,0.050534,4.028320,0.152588,-4.577637
11.306724,0.290396,1.389710,9.989028,0.248774,0.298103,0.006825,5.859375,-0.457764,-2.685547
11.316789,0.090412,0.583786,10.105186,0.048790,-0.507821,0.122984,4.211426,-0.762939,-4.211426
11.326854,0.591570,0.517324,10.415341,0.549947,-0.574283,0.433139,-0.793457,1.220703,-3.479004
11.336928,0.379611,0.383203,9.989028,0.337988,-0.708404,0.006825,2.227783,1.251221,-1.220703
11.346993,-0.001198,0.464035,10.036928,-0.042820,-0.627572,0.054725,-3.692627,2.655029,1.464844
11.357059,0.135319,0.938249,10.312355,0.093696,-0.153358,0.330153,-2.746582,1.556396,1.251221
11.367124,-0.153281,1.567540,9.366323,-0.194904,0.475933,-0.615880,-1.220703,1.861572,1.037598
11.377190,0.108375,1.222657,9.945917,0.066752,0.131050,-0.036285,-3.479004,1.159668,-0.518799
11.387255,0.259860,1.353186,9.861493,0.218237,0.261579,-0.120710,2.258301,0.854492,-1.373291
11.397320,-0.377814,0.379012,10.662028,-0.419437,-0.712595,0.679826,-2.624512,2.197266,-5.767822
11.407385,0.646057,1.025068,10.035731,0.604434,-0.066539,0.053528,0.701904,-1.281738,-9.490967
11.417450,-0.405357,0.523312,10.321337,-0.446980,-0.568295,0.339134,2.655029,-1.068115,-9.094238
11.427515,0.156874,0.368833,10.262060,0.115251,-0.722774,0.279857,-0.183105,-0.762939,-8.453369
11.437580,0.326920,-0.118553,10.311158,0.285298,-1.210161,0.328955,2.441406,-1.281738,-9.033203
11.447645,0.047302,-0.175435,10.246492,0.005679,-1.267042,0.264290,2.502441,0.274658,-3.784180
11.457718,0.395178,-0.213157,9.863888,0.353556,-1.304764,-0.118315,1.708984,-0.427246,-3.173828
11.467782,0.279619,-0.545466,10.148297,0.237996,-1.637073,0.166094,-2.288818,-2.044678,-6.042480
11.477848,0.202379,-0.214354,10.377620,0.160757,-1.305961,0.395417,-1.403809,-3.723145,-6.622314
11.487913,0.159269,0.110171,10.254276,0.117646,-0.981436,0.272073,1.708984,-0.762939,-2.014160
11.497979,-0.327519,0.285606,10.113569,-0.369141,-0.806001,0.131366,0.152588,0.091553,-0.061035
11.508044,-0.044907,0.127535,10.156080,-0.086529,-0.964072,0.173878,-0.885010,-0.061035,1.586914
11.518110,-0.052690,0.516127,9.942325,-0.094313,-0.575481,-0.039878,1.678467,1.007080,4.730225
11.528175,0.222737,0.842448,9.901609,0.181114,-0.249159,-0.080593,2.044678,0.213623,3.662109
11.538240,-0.044308,0.599354,10.232122,-0.085930,-0.492254,0.249920,-2.197266,-0.061035,-1.495361
11.548306,0.347877,0.904719,9.975855,0.306254,-0.186889,-0.006348,-0.518799,-0.122070,-2.349854
11.558372,0.199984,0.556842,10.077045,0.158362,-0.534765,0.094842,-4.180908,0.000000,-6.225586
11.568436,0.464035,0.035327,10.254875,0.422413,-1.056281,0.272672,-3.814697,-0.122070,-8.056641
11.578510,0.305365,0.136516,9.988429,0.263743,-0.955091,0.006226,-1.434326,-0.549316,-8.850098
11.588575,0.202379,-0.232916,10.153685,0.160757,-1.324523,0.171483,-1.831055,0.091553,-7.995605
11.598641,0.123942,-0.137115,10.097402,0.082320,-1.228722,0.115200,-0.793457,-0.518799,-7.080078
11.608706,-0.029938,-0.138312,10.272239,-0.071560,-1.229920,0.290036,2.532959,0.396729,-3.509521
11.618773,0.160466,-0.402962,10.311757,0.118844,-1.494569,0.329554,0.823975,0.396729,-1.861572
11.628838,0.282612,-0.516725,10.158475,0.240990,-1.608333,0.176273,1.220703,0.427246,0.671387
11.638904,0.202978,-0.123344,9.966275,0.161355,-1.214951,-0.015928,1.190186,1.190186,3.753662
11.648973,0.186213,-0.277224,10.217752,0.144590,-1.368831,0.235549,0.305176,1.647949,5.279541
11.659038,0.268242,-0.187410,10.141710,0.226620,-1.279018,0.159508,0.427246,0.823975,7.995605
11.669103,0.186812,-0.020956,10.079440,0.145189,-1.112564,0.097237,0.854492,0.457764,6.713867
11.679168,-0.146096,0.013173,10.193802,-0.187719,-1.078435,0.211599,-2.868652,1.617432,6.225586
11.689234,0.264051,0.444875,10.105785,0.222428,-0.646732,0.123582,-2.227783,1.159668,5.737305
11.699299,0.079634,0.373024,10.095007,0.038012,-0.718583,0.112805,0.488281,1.617432,4.150391
11.709377,0.084424,0.416135,9.984836,0.042802,-0.675473,0.002634,-1.129150,0.946045,3.356934
11.719443,0.323926,0.400567,10.009385,0.282304,-0.691040,0.027183,0.122070,0.122070,2.899170
11.729510,0.319136,0.593366,9.978849,0.277514,-0.498241,-0.003354,0.061035,0.091553,-0.061035
11.739576,0.137714,0.643661,10.076446,0.096091,-0.447946,0.094243,1.007080,0.671387,-0.640869
11.749641,0.308958,0.644260,10.130933,0.267335,-0.447347,0.148730,-0.274658,0.335693,-1.831055
11.759707,0.272433,0.528102,10.001602,0.230811,-0.563505,0.019399,0.823975,0.305176,-0.640869
11.769773,0.392783,0.710123,10.060280,0.351161,-0.381484,0.078077,0.640869,0.122070,-0.854492
11.779839,0.098196,0.658032,10.039323,0.056573,-0.433576,0.057120,-1.037598,0.030518,-1.281738
11.789904,0.201780,0.541873,10.220746,0.160158,-0.549734,0.238543,-1.953125,0.061035,-1.373291
11.799970,0.267643,0.715512,9.974059,0.226021,-0.376095,-0.008144,1.129150,0.335693,-0.152588
11.810035,0.270637,0.764610,10.017768,0.229015,-0.326997,0.035565,0.854492,0.244141,0.061035
11.820100,0.364642,0.856219,10.015373,0.323019,-0.235388,0.033170,0.427246,0.610352,-0.091553
11.830168,0.167651,0.837658,9.934541,0.126029,-0.253949,-0.047662,-1.800537,0.701904,-0.579834
11.840234,0.321531,1.032253,9.848320,0.279909,-0.059354,-0.133882,-1.495361,0.885010,-1.068115
11.850300,0.153880,1.092728,9.946516,0.112258,0.001120,-0.035687,1.129150,0.976562,-0.030518
11.860366,0.294587,0.924478,9.974658,0.252965,-0.167130,-0.007545,-0.579834,0.762939,-0.457764
11.870432,0.126936,0.982557,10.039323,0.085314,-0.109050,0.057120,-0.854492,0.091553,-1.739502
11.880497,0.165855,0.936453,9.957892,0.124233,-0.155155,-0.024310,-0.610352,0.183105,-1.281738
11.890563,0.192200,0.904719,10.289004,0.150578,-0.186889,0.306801,-0.030518,0.122070,-2.349854
11.900629,0.085622,1.255589,9.911788,0.044000,0.163982,-0.070414,3.509521,0.640869,-0.976562
11.910695,0.307161,1.166973,9.972263,0.265539,0.075366,-0.009940,0.213623,-0.061035,-3.417969
11.920760,0.308359,1.242416,9.928553,0.266736,0.150809,-0.053649,0.518799,0.518799,-4.211426
11.930825,0.205972,1.244811,9.760303,0.164349,0.153204,-0.221899,0.061035,1.068115,-4.333496
11.940890,0.182021,1.435215,9.993219,0.140399,0.343608,0.011016,-0.762939,1.495361,-4.882812
11.950956,0.242496,1.392704,10.124945,0.200873,0.301097,0.142742,-1.831055,1.037598,-5.798340
11.961036,0.358055,1.605262,9.868079,0.316433,0.513655,-0.114123,-1.373291,-0.732422,-9.735107
11.971102,0.178429,1.390309,10.132130,0.136807,0.298702,0.149927,-1.434326,-0.579834,-10.864258
11.981168,0.119152,1.498085,9.915980,0.077530,0.406477,-0.066223,-0.701904,0.976562,-8.758545
11.991232,0.195194,1.174757,10.147099,0.153572,0.083150,0.164896,-0.915527,0.427246,-9.796143
12.001298,0.264051,1.381926,10.007589,0.222428,0.290319,0.025386,1.007080,-0.335693,-9.460449
12.011363,0.231119,1.208287,9.973460,0.189497,0.116680,-0.008743,5.798340,-0.488281,-7.659912
12.021427,0.059875,1.175955,9.961485,0.018253,0.084347,-0.020718,5.157471,-0.640869,-7.049561
12.031492,0.211959,1.089135,10.118359,0.170337,-0.002472,0.136156,5.126953,-0.488281,-7.293701
12.041556,0.147892,0.911305,9.918375,0.106270,-0.180302,-0.063828,4.058838,-0.305176,-6.164551
12.051620,0.468825,1.059197,9.978250,0.427203,-0.032410,-0.003953,1.525879,-0.732422,-8.026123
12.061685,0.293390,0.938249,9.961485,0.251767,-0.153358,-0.020718,0.152588,0.183105,-8.087158
12.071756,0.328716,0.938249,9.917177,0.287094,-0.153358,-0.065026,-0.335693,0.701904,-6.439209
12.081821,0.057480,1.007106,10.107581,0.015858,-0.084502,0.125379,-4.180908,-0.518799,-6.896973
12.091885,0.027543,1.004711,10.062675,-0.014080,-0.086897,0.080472,-3.936768,-1.922607,-6.835938
12.101949,0.223336,0.892145,9.971065,0.181713,-0.199462,-0.011138,-2.075195,-1.403809,-4.150391
12.112014,0.178429,1.168171,9.946516,0.136807,0.076564,-0.035687,0.610352,-0.854492,-3.540039
12.122078,0.105980,0.844843,10.041718,0.064357,-0.246764,0.059515,-1.068115,-0.946045,-3.204346
12.132143,0.334105,0.993933,9.957294,0.292483,-0.097674,-0.024909,0.091553,-0.488281,-4.760742
12.142207,0.058678,1.003513,9.798025,0.017056,-0.088094,-0.184178,-0.335693,-0.183105,-5.126953
12.152271,0.358654,1.101110,9.811796,0.317032,0.009503,-0.170406,-1.922607,0.244141,-5.889893
12.162336,0.250280,1.015488,10.273436,0.208657,-0.076119,0.291234,-3.936768,-0.732422,-7.965088
12.172406,0.128732,1.005908,10.027348,0.087110,-0.085699,0.045145,-2.960205,-0.122070,-4.241943
12.182470,0.186812,0.764011,10.242301,0.145189,-0.327596,0.260098,-3.601074,0.000000,-0.549316
12.192544,0.470023,0.968785,9.947714,0.428400,-0.122822,-0.034489,0.305176,0.061035,-0.579834
12.202609,0.309556,1.431024,9.826765,0.267934,0.339417,-0.155438,0.915527,0.305176,-0.061035
12.212720,0.268242,1.190923,9.943522,0.226620,0.099316,-0.038680,3.112793,0.030518,2.441406
12.222785,-0.032932,0.935255,10.059082,-0.074554,-0.156352,0.076879,3.234863,0.244141,4.119873
12.232850,-0.119152,0.969384,10.325528,-0.160775,-0.122223,0.343325,7.202148,1.770020,8.026123
12.242914,-0.480800,1.059796,9.989626,-0.522423,-0.031811,0.007424,2.838135,2.563477,9.368896
12.252990,-0.919089,1.213077,9.823173,-0.960711,0.121470,-0.159030,4.821777,3.509521,11.474609
12.263054,-0.505948,1.210682,10.000404,-0.547570,0.119075,0.018201,2.197266,1.739502,8.300781
12.273119,-0.519719,1.189127,9.815389,-0.561342,0.097520,-0.166814,3.051758,2.563477,7.629395
12.283183,-0.392783,1.180745,9.884844,-0.434406,0.089137,-0.097358,-0.762939,1.312256,2.777100
12.293248,-0.381407,1.222059,10.015373,-0.423029,0.130451,0.033170,-1.892090,1.556396,3.143311
12.303313,-0.114961,0.899929,10.139914,-0.156583,-0.191679,0.157711,-2.105713,0.213623,2.838135
12.313378,-0.471819,1.077160,10.033934,-0.513441,-0.014447,0.051732,-3.295898,0.885010,3.265381
12.323443,0.256267,0.764610,10.066267,0.214645,-0.326997,0.084064,-1.403809,1.800537,3.295898
12.333517,-0.046104,1.056802,9.877659,-0.087727,-0.034805,-0.104543,-2.624512,-0.549316,6.774902
12.343582,-0.047900,1.029260,10.217752,-0.089523,-0.062348,0.235549,-1.525879,-1.037598,8.178711
12.353647,-0.049098,0.956212,10.228530,-0.090720,-0.135396,0.246327,1.892090,0.701904,9.246826
12.363713,-0.162263,1.000519,9.915980,-0.203885,-0.091088,-0.066223,1.312256,1.922607,10.375977
12.373777,-0.223934,0.538879,10.150692,-0.265557,-0.552728,0.168489,-1.708984,2.319336,10.009766
12.383842,0.013771,0.997526,9.947714,-0.027851,-0.094082,-0.034489,3.143311,1.037598,8.880615
12.393907,-0.037123,1.133443,10.260862,-0.078745,0.041836,0.278660,1.495361,1.098633,6.683350
12.403972,-0.128134,0.229922,10.114167,-0.169756,-0.861685,0.131965,-0.457764,1.037598,4.699707
12.414037,-0.270038,0.593366,10.095007,-0.311661,-0.498241,0.112805,1.983643,1.403809,6.896973
12.424102,-0.485590,0.401166,9.943522,-0.527213,-0.690441,-0.038680,0.488281,0.976562,7.965088
12.434166,-0.515528,0.396974,10.009385,-0.557150,-0.694633,0.027183,2.166748,0.427246,7.568359
12.444230,-0.567620,0.539478,10.021360,-0.609242,-0.552129,0.039158,5.462646,0.549316,9.063721
12.454303,-0.340692,0.382604,10.119556,-0.382314,-0.709003,0.137354,0.823975,-0.213623,9.674072
12.464367,-0.279020,0.471220,10.024354,-0.320642,-0.620387,0.042152,-1.068115,0.732422,8.544922
12.474432,-0.189805,0.766406,10.023755,-0.231428,-0.325201,0.041553,-1.495361,0.061035,7.934570
12.484497,-0.201780,0.696352,10.281819,-0.243403,-0.395255,0.299616,-2.044678,-0.152588,6.225586
12.494561,0.045505,0.668210,10.078242,0.003883,-0.423397,0.096040,-2.258301,0.396729,6.774902
12.504625,0.644260,0.524509,9.999805,0.602638,-0.567098,0.017603,0.274658,0.762939,8.117676
12.514690,0.364043,0.580193,10.048304,0.322421,-0.511414,0.066102,0.457764,0.915527,8.239746
12.524756,0.586181,0.519120,10.112970,0.544559,-0.572487,0.130767,-0.366211,1.098633,7.690430
12.534822,0.436492,0.687371,9.996812,0.394870,-0.404237,0.014609,1.007080,1.373291,7.812500
12.544890,0.352068,0.790955,9.940529,0.310445,-0.300652,-0.041674,1.983643,1.220703,7.843018
12.554956,0.365240,0.926873,10.095606,0.323618,-0.164735,0.113403,1.129150,0.671387,5.340576
12.565040,0.028740,0.996927,9.776470,-0.012882,-0.094680,-0.205733,-2.197266,1.403809,0.915527
12.575117,-0.344284,1.159189,9.818981,-0.385907,0.067582,-0.163221,-3.326416,1.770020,1.647949
12.585189,0.050295,1.228046,9.920770,0.008673,0.136439,-0.061433,-4.150391,0.488281,-1.464844
12.595255,-0.287402,0.496967,10.176438,-0.329025,-0.594641,0.194235,-6.378174,-0.640869,-6.622314
12.605328,-0.223336,0.808319,10.167457,-0.264958,-0.283288,0.185254,-3.936768,-1.342773,-7.720947
12.615393,-0.358055,0.628094,10.130933,-0.399678,-0.463513,0.148730,-1.373291,-0.946045,-6.072998
12.625457,-0.073048,0.899929,9.985435,-0.114671,-0.191679,0.003233,0.762939,-1.586914,-7.080078
12.635523,-0.227527,0.843646,9.880054,-0.269149,-0.247962,-0.102148,1.495361,-1.373291,-9.124756
12.645595,-0.127535,0.502954,10.054891,-0.169157,-0.588653,0.072688,2.410889,-0.671387,-9.246826
12.655660,-0.401765,0.276026,10.181228,-0.443387,-0.815581,0.199025,2.807617,-0.396729,-9.979248
12.665726,-0.155676,0.361049,10.289603,-0.197299,-0.730558,0.307400,3.448486,0.183105,-8.605957
12.675791,-0.088616,0.582589,10.101594,-0.130238,-0.509019,0.119391,2.655029,-0.518799,-10.253906
12.685856,-0.353864,0.228126,10.044113,-0.395487,-0.863482,0.061911,1.312256,-0.640869,-11.901855
12.695921,-0.167053,0.568218,9.844728,-0.208675,-0.523389,-0.137475,0.823975,-0.762939,-10.101318
12.705986,-0.149689,0.596360,10.087822,-0.191311,-0.495247,0.105620,-0.549316,-0.244141,-7.934570
12.716051,0.146695,0.326321,9.964479,0.105073,-0.765286,-0.017724,0.183105,-0.122070,-7.141113
12.726123,-0.008981,0.076042,10.175839,-0.050604,-1.015565,0.193637,-0.701904,-0.335693,-6.805420
12.736189,0.141905,0.075443,10.096205,0.100282,-1.016164,0.114002,-2.380371,-0.762939,-8.148193
12.746253,0.053888,0.047302,10.186018,0.012265,-1.044306,0.203815,-2.563477,-0.823975,-7.385254
12.756318,0.371228,0.550854,10.259665,0.329606,-0.540753,0.277462,-0.091553,-0.244141,-4.730225
12.766383,0.477806,0.663420,10.056687,0.436184,-0.428187,0.074484,0.610352,-0.305176,-5.401611
12.776448,0.331111,0.732277,10.071057,0.289489,-0.359330,0.088854,0.152588,-0.457764,-6.164551
12.786513,0.574805,0.529299,9.977053,0.533182,-0.562308,-0.005150,0.732422,-0.030518,-5.340576
12.796578,0.671204,0.630489,10.041718,0.629582,-0.461118,0.059515,1.861572,0.000000,-5.889893
12.806643,0.587379,0.427511,10.012379,0.545756,-0.664096,0.030176,-0.488281,-0.061035,-6.988525
12.816708,0.458047,0.222737,10.160272,0.416425,-0.868870,0.178069,-1.556396,0.183105,-6.164551
12.826775,0.130529,0.273631,10.078841,0.088906,-0.817976,0.096638,-0.213623,-0.122070,-3.448486
12.836839,0.366438,0.186812,10.064471,0.324816,-0.904796,0.082268,0.122070,-0.396729,-2.868652
12.846905,0.107776,0.411943,10.154883,0.066153,-0.679664,0.172680,1.495361,-0.122070,-0.640869
12.856971,-0.049697,0.491578,10.056088,-0.091319,-0.600029,0.073886,1.617432,-0.366211,-0.305176
12.867035,0.050894,0.416733,10.141111,0.009272,-0.674874,0.158909,0.579834,-1.068115,-1.983643
12.877100,-0.005988,0.452060,10.036928,-0.047610,-0.639547,0.054725,1.953125,-0.579834,-5.065918
12.887172,0.014370,0.268841,10.054891,-0.027252,-0.822766,0.072688,-0.244141,-0.640869,-7.080078
12.897237,0.065264,0.052690,10.180629,0.023642,-1.038917,0.198427,-2.899170,0.305176,-6.347656
12.907303,0.342488,-0.057480,10.092014,0.300865,-1.149088,0.109811,-2.258301,0.183105,-6.286621
12.917367,0.306563,0.079634,10.126143,0.264940,-1.011973,0.143940,-1.098633,-0.732422,-6.072998
12.927432,0.117356,0.082628,10.194999,0.075734,-1.008979,0.212797,-0.671387,-0.854492,-6.072998
12.937498,0.483195,0.117356,10.129136,0.441573,-0.974251,0.146934,-1.495361,-1.251221,-5.523682
12.947562,0.134121,0.135917,10.095007,0.092499,-0.955690,0.112805,-0.732422,-1.220703,-1.770020
12.957627,0.210163,0.398172,10.145901,0.168541,-0.693435,0.163699,-0.091553,-1.037598,0.335693
12.967692,0.123344,0.380808,10.127340,0.081721,-0.710799,0.145137,1.464844,0.122070,4.455566
12.977757,0.117955,0.502355,10.056088,0.076332,-0.589252,0.073886,2.227783,0.610352,6.072998
12.987823,0.152682,0.492177,10.021360,0.111060,-0.599431,0.039158,0.579834,0.823975,5.859375
12.997888,0.238304,0.598156,9.912387,0.196682,-0.493451,-0.069816,-0.671387,0.976562,4.638672
13.007953,0.288001,0.620310,10.070458,0.246379,-0.471297,0.088256,-2.777100,1.556396,2.380371
13.018018,0.284409,0.741259,10.003997,0.242786,-0.350349,0.021794,-1.922607,0.549316,-1.525879
13.028084,0.042512,0.506547,10.095007,0.000889,-0.585061,0.112805,-1.312256,-0.122070,-2.319336
13.038149,-0.040715,0.200583,10.146500,-0.082338,-0.891024,0.164298,-1.190186,-1.098633,-3.204346
13.048214,0.013771,0.162861,10.095606,-0.027851,-0.928746,0.113403,-0.946045,-1.037598,-3.112793
13.058279,-0.067061,0.044907,10.068063,-0.108683,-1.046701,0.085861,-1.495361,-0.640869,-1.007080
13.068343,0.117955,0.390388,10.093810,0.076332,-0.701219,0.111607,-2.624512,-0.885010,-2.532959
13.078408,0.233514,0.508942,10.162667,0.191892,-0.582666,0.180464,-3.448486,-1.556396,-4.516602
13.088481,0.446671,0.462838,10.037527,0.405049,-0.628770,0.055324,2.929688,-0.701904,-2.136230
13.098552,0.212558,0.280217,10.057885,0.170936,-0.811390,0.075682,3.021240,-0.244141,-0.976562
13.108617,0.358654,0.465233,10.049502,0.317032,-0.626375,0.067299,0.976562,0.274658,-0.518799
13.118689,0.158670,0.222737,10.081835,0.117048,-0.868870,0.099632,-1.220703,0.549316,-0.823975
13.128758,0.206570,0.319735,10.050699,0.164948,-0.771872,0.068497,-1.647949,1.068115,2.380371
13.138824,0.202978,0.073647,10.322534,0.161355,-1.017960,0.340332,-0.244141,0.488281,3.173828
13.148922,0.300575,0.317939,10.014175,0.258953,-0.773668,0.031973,4.028320,0.671387,6.652832
13.159006,-0.207768,0.298180,10.008787,-0.249390,-0.793427,0.026584,2.868652,0.885010,6.591797
13.169060,0.082628,0.402962,9.961485,0.041006,-0.688645,-0.020718,1.770020,-0.213623,5.340576
13.179132,-0.177830,0.036524,10.200987,-0.219453,-1.055083,0.218784,1.525879,-0.976562,4.211426
13.189198,-0.238304,0.286804,10.128538,-0.279927,-0.804804,0.146335,2.014160,-0.946045,4.425049
13.199263,-0.235311,0.171244,10.082433,-0.276933,-0.920363,0.100231,1.892090,-0.091553,5.523682
13.209328,-0.205972,0.192799,10.121951,-0.247594,-0.898808,0.139749,1.800537,1.373291,5.950928
13.219394,-0.102986,0.356858,10.052496,-0.144608,-0.734749,0.070293,1.007080,1.892090,4.455566
13.229459,-0.155676,0.453856,9.966275,-0.197299,-0.637751,-0.015928,-0.488281,2.319336,1.007080
13.239526,-0.008981,0.286205,10.127939,-0.050604,-0.805402,0.145736,-1.922607,2.441406,-0.030518
13.249596,0.164658,0.370629,10.103989,0.123035,-0.720978,0.121786,-0.854492,1.678467,-3.051758
13.259662,0.150287,0.490380,10.103989,0.108665,-0.601227,0.121786,2.349854,1.861572,-3.021240
13.269727,0.098795,0.161664,10.107581,0.057172,-0.929943,0.125379,0.976562,1.037598,-1.403809
13.279793,0.319136,0.601150,10.042916,0.277514,-0.490457,0.060713,0.762939,0.701904,-1.434326
13.289859,0.135319,0.555046,10.070458,0.093696,-0.536561,0.088256,0.366211,-0.061035,-3.753662
13.299924,0.140707,0.736469,10.000404,0.099085,-0.355139,0.018201,0.579834,-0.274658,-4.211426
13.309990,0.109572,0.667612,10.072255,0.067950,-0.423996,0.090052,0.457764,-0.366211,-5.065918
13.320056,0.022154,0.675994,10.086026,-0.019469,-0.415613,0.103823,0.366211,-0.701904,-5.249023
13.330121,0.231119,0.658032,10.080038,0.189497,-0.433576,0.097836,-0.305176,-1.312256,-6.591797
13.340186,0.185015,0.802332,9.962084,0.143393,-0.289276,-0.020119,0.335693,-2.075195,-9.033203
13.350252,0.092807,0.560435,10.144704,0.051185,-0.531173,0.162501,-0.762939,-2.105713,-9.490967
13.360317,0.074246,0.595162,10.128538,0.032623,-0.496445,0.146335,-1.586914,-1.892090,-9.307861
13.370383,0.174238,0.508343,10.033934,0.132615,-0.583264,0.051732,-0.823975,-1.617432,-7.843018
13.380449,0.147294,0.299377,10.068662,0.105671,-0.792230,0.086459,-0.823975,-1.495361,-6.286621
13.390514,0.225132,0.149689,10.057885,0.183509,-0.941919,0.075682,0.244141,-0.701904,-0.976562
13.400580,0.288001,0.001198,10.118359,0.246379,-1.090410,0.136156,0.823975,-0.274658,1.525879
13.410645,0.236508,0.047302,10.105785,0.194886,-1.044306,0.123582,2.380371,0.793457,7.629395
13.420711,0.077838,0.182021,10.120155,0.036216,-0.909586,0.137952,1.770020,0.915527,9.887695
13.430776,0.136516,0.609532,10.024953,0.094894,-0.482075,0.042750,0.885010,0.579834,11.901855
13.440842,0.071252,0.746647,10.027947,0.029629,-0.344960,0.045744,1.342773,0.793457,12.542725
13.450907,0.065863,0.734073,9.997410,0.024241,-0.357534,0.015208,0.000000,0.732422,12.664795
13.460973,0.143102,0.881367,9.995614,0.101480,-0.210240,0.013411,-0.183105,0.610352,12.023926
13.471037,0.104183,0.728685,10.055490,0.062561,-0.362923,0.073287,-0.640869,0.488281,11.474609
13.481103,0.140707,0.534089,10.049502,0.099085,-0.557518,0.067299,-1.068115,0.732422,9.521484
13.491174,0.080832,0.431702,10.085427,0.039209,-0.659905,0.103225,-0.701904,0.915527,9.490967
13.501238,0.125140,0.540077,10.053094,0.083517,-0.551530,0.070892,0.183105,0.915527,9.857178
13.511302,-0.045505,0.350272,10.083032,-0.087128,-0.741336,0.100830,0.213623,0.762939,9.002686
13.521366,-0.176633,0.131726,10.095606,-0.218255,-0.959881,0.113403,0.671387,1.068115,10.742188
13.531430,-0.014370,0.332908,10.072255,-0.055993,-0.758700,0.090052,0.701904,1.434326,13.488770
13.541494,-0.049697,0.428110,10.068662,-0.091319,-0.663497,0.086459,0.671387,1.525879,12.603760
13.551564,-0.117356,0.426912,10.072255,-0.158978,-0.664695,0.090052,0.701904,1.495361,11.779785
13.561628,-0.047900,0.436492,10.072853,-0.089523,-0.655115,0.090651,0.701904,1.464844,11.077881
13.571693,0.001198,0.540077,10.054292,-0.040425,-0.551530,0.072089,1.495361,1.342773,10.864258
13.581757,0.052092,0.563428,10.054292,0.010469,-0.528179,0.072089,1.647949,1.342773,10.925293
13.591820,0.066462,0.508942,10.071656,0.024839,-0.582666,0.089453,1.739502,1.403809,11.169434
13.601884,0.090412,0.525707,10.059082,0.048790,-0.565900,0.076879,1.434326,1.220703,10.131836
13.611949,0.117955,0.559836,10.047107,0.076332,-0.531771,0.064904,1.129150,1.220703,9.735107
13.622013,0.088616,0.629890,10.038126,0.046993,-0.461717,0.055923,1.007080,1.098633,8.941650
13.632077,0.093406,0.668210,10.049502,0.051783,-0.423397,0.067299,0.946045,1.037598,8.361816
13.642141,0.073647,0.670007,10.029743,0.032024,-0.421601,0.047540,-0.732422,0.610352,6.530762
13.652206,0.135917,0.744851,10.006990,0.094295,-0.346756,0.024788,-0.579834,0.549316,5.706787
13.662270,0.062869,0.660427,10.026749,0.021247,-0.431181,0.044547,-0.427246,0.518799,5.065918
13.672335,0.022154,0.689167,10.018367,-0.019469,-0.402440,0.036164,-0.335693,0.457764,4.486084
13.682399,-0.059875,0.619711,10.029144,-0.101498,-0.471896,0.046942,-0.640869,0.396729,4.272461
13.692463,-0.064067,0.553848,10.042916,-0.105689,-0.537759,0.060713,-0.793457,0.427246,4.150391
13.702527,-0.085023,0.528102,10.039323,-0.126646,-0.563505,0.057120,-0.762939,0.396729,4.058838
13.712590,-0.094005,0.540676,10.043514,-0.135627,-0.550932,0.061312,-0.915527,0.305176,3.662109
13.722656,-0.057480,0.645458,10.041119,-0.099103,-0.446149,0.058917,-0.976562,0.244141,3.387451
13.732720,-0.032333,0.687969,10.041119,-0.073955,-0.403638,0.058917,-1.159668,0.183105,3.173828
13.742785,0.014969,0.784369,10.034533,-0.026654,-0.307238,0.052330,-0.762939,0.244141,3.784180
13.752849,0.032333,0.811313,10.024953,-0.009290,-0.280294,0.042750,0.030518,0.488281,4.638672
13.762913,0.022154,0.784968,10.030342,-0.019469,-0.306640,0.048139,0.762939,0.762939,6.225586
13.772978,0.024549,0.728086,10.029144,-0.017073,-0.363521,0.046942,0.701904,0.854492,6.988525
13.783043,0.031135,0.647853,10.041119,-0.010487,-0.443754,0.058917,1.037598,1.190186,10.070801
13.793108,0.011376,0.587379,10.047107,-0.030246,-0.504229,0.064904,1.525879,1.464844,12.084961
13.803173,0.020358,0.708327,10.036928,-0.021265,-0.383280,0.054725,1.342773,1.586914,13.824463
13.813238,0.022154,0.775986,10.030941,-0.019469,-0.315621,0.048738,0.976562,1.617432,14.801025
13.823302,0.025148,0.770598,10.026749,-0.016475,-0.321010,0.044547,0.793457,1.678467,15.411377
13.833366,0.033530,0.836461,10.017768,-0.008092,-0.255147,0.035565,0.244141,1.647949,16.326904
13.843431,0.044308,0.799338,10.020762,0.002685,-0.292269,0.038559,0.305176,1.678467,16.510010
13.853496,0.050295,0.752635,10.021360,0.008673,-0.338972,0.039158,0.549316,1.892090,18.890381
13.863560,0.042512,0.841251,10.018367,0.000889,-0.250357,0.036164,0.213623,1.892090,19.897461
13.873625,0.047900,0.767005,10.027348,0.006278,-0.324602,0.045145,0.030518,1.953125,20.477295
13.883688,0.057480,0.689167,10.035731,0.015858,-0.402440,0.053528,0.091553,2.410889,24.383545
13.893754,0.052092,0.737067,10.038126,0.010469,-0.354540,0.055923,0.152588,2.685547,26.824951
13.903818,-0.099992,0.710722,10.045311,-0.141615,-0.380885,0.063108,0.518799,3.082275,30.517578
13.913883,0.040715,0.825084,10.042916,-0.000907,-0.266523,0.060713,0.457764,3.265381,31.921387
13.923947,0.075443,0.940644,10.028546,0.033821,-0.150963,0.046343,0.152588,3.479004,31.402588
13.934012,0.062869,0.822090,10.012978,0.021247,-0.269517,0.030775,0.213623,3.479004,31.463623
13.944077,0.076641,0.708926,10.026151,0.035018,-0.382681,0.043948,0.305176,3.448486,32.714844
13.954142,-0.081431,0.787961,10.045909,-0.123053,-0.303646,0.063707,0.549316,3.753662,35.736084
13.964206,-0.104782,0.773591,10.032138,-0.146405,-0.318016,0.049935,0.488281,3.967285,36.895752
13.974270,-0.137115,0.687371,10.044712,-0.178737,-0.404237,0.062509,0.671387,4.455566,41.137695
13.984334,-0.092208,0.719105,10.038724,-0.133831,-0.372503,0.056522,0.732422,4.730225,43.731689
13.994399,-0.076042,0.799338,10.027348,-0.117664,-0.292269,0.045145,0.213623,4.821777,45.562744
14.004464,0.062869,0.868195,10.018367,0.021247,-0.223413,0.036164,-0.091553,4.669189,44.982910
14.014529,0.134121,0.946631,10.003997,0.092499,-0.144976,0.021794,-0.671387,4.425049,43.609619
14.024593,-0.017364,0.780178,10.027947,-0.058986,-0.311430,0.045744,-0.732422,4.455566,42.053223
14.034657,0.173040,0.945434,10.021959,0.131418,-0.146173,0.039757,-0.488281,4.547119,41.534424
14.044721,-0.058079,0.733475,10.052496,-0.099702,-0.358133,0.070293,0.091553,4.669189,39.642334
14.054786,-0.139510,0.596959,10.035731,-0.181132,-0.494649,0.053528,0.305176,5.065918,41.809082
14.064850,-0.016765,0.621508,10.031539,-0.058388,-0.470100,0.049337,0.335693,5.401611,46.875000
14.074914,-0.120350,0.668809,10.037527,-0.161972,-0.422798,0.055324,0.366211,5.493164,48.706055
14.084978,-0.097597,0.628693,10.044712,-0.139219,-0.462915,0.062509,0.183105,5.584717,50.842285
14.095043,0.005389,0.595761,10.039922,-0.036234,-0.495846,0.057719,0.335693,6.011963,56.396484
14.105108,0.038919,0.552651,10.054891,-0.002703,-0.538956,0.072688,0.793457,6.256104,59.204102
14.115174,-0.292791,0.594564,10.059082,-0.334414,-0.497044,0.076879,1.464844,6.958008,65.795898
14.125238,-0.109572,0.771196,10.051298,-0.151195,-0.320411,0.069096,0.976562,7.324219,67.840576
14.135302,0.096400,0.855022,10.030941,0.054777,-0.236585,0.048738,0.640869,7.415771,67.779541
14.145367,0.035925,0.749042,10.069860,-0.005697,-0.342565,0.087657,0.793457,7.415771,67.199707
14.155439,-0.020956,0.643063,10.060280,-0.062579,-0.448544,0.078077,0.732422,7.568359,68.115234
14.165505,0.095801,0.790955,10.015972,0.054178,-0.300652,0.033769,1.586914,7.965088,69.732666
14.175570,-0.252076,0.940045,9.987830,-0.293698,-0.151562,0.005628,1.892090,8.239746,71.624756
14.185635,-0.047302,1.113085,10.008188,-0.088924,0.021478,0.025985,1.434326,8.361816,74.981689
14.195700,-0.130529,1.052611,10.002200,-0.172151,-0.038996,0.019998,1.129150,8.117676,73.394775
14.205765,-0.130529,0.956212,9.991423,-0.172151,-0.135396,0.009220,0.305176,7.873535,72.052002
14.215829,-0.074246,0.850232,10.006990,-0.115868,-0.241375,0.024788,0.122070,7.873535,72.509766
14.225895,0.038919,0.907114,10.017768,-0.002703,-0.184494,0.035565,0.091553,7.843018,72.631836
14.235959,-0.178429,0.752036,10.029743,-0.220051,-0.339571,0.047540,0.488281,7.598877,72.143555
14.246024,-0.186213,0.550256,10.103390,-0.227835,-0.541352,0.121187,0.274658,7.995605,74.737549
14.256088,-0.061672,0.368833,10.088421,-0.103294,-0.722774,0.106218,2.105713,8.850098,84.014893
14.266153,-0.310754,0.344883,10.046508,-0.352376,-0.746724,0.064306,2.929688,9.460449,89.385986
14.276217,-0.583187,0.541274,10.088421,-0.624810,-0.550333,0.106218,2.685547,10.375977,98.999023
14.286283,-0.117955,0.781974,10.002200,-0.159577,-0.309633,0.019998,2.319336,10.284424,99.975586
14.296348,-0.064666,0.823288,10.016570,-0.106288,-0.268319,0.034368,1.129150,10.101318,100.433350
14.306412,-0.053289,0.929866,10.015972,-0.094912,-0.161741,0.033769,0.366211,9.918213,100.891113
14.316477,-0.082029,1.033451,9.977053,-0.123652,-0.058156,-0.005150,0.213623,10.040283,101.379395
14.326591,0.101788,1.026266,10.039323,0.060166,-0.065341,0.057120,0.091553,9.857178,99.090576
14.336684,0.092807,0.998723,9.989626,0.051185,-0.092884,0.007424,0.000000,9.735107,97.320557
14.346777,0.110171,0.934058,9.976454,0.068548,-0.157550,-0.005749,-0.335693,9.674072,94.512939
14.356874,0.032333,0.841849,9.994417,-0.009290,-0.249758,0.012214,-0.671387,9.613037,93.627930
14.366968,0.031734,0.759221,10.044113,-0.009888,-0.332386,0.061911,-0.183105,10.375977,94.299316
14.377064,0.098795,0.704734,10.092612,0.057172,-0.386873,0.110410,-0.030518,10.772705,96.252441
14.387160,0.059277,0.643661,10.087822,0.017654,-0.447946,0.105620,0.000000,11.291504,96.923828
14.397253,-0.291594,0.389191,10.091415,-0.333216,-0.702417,0.109212,1.129150,12.420654,103.302002
14.407349,-0.135319,0.492177,10.081236,-0.176941,-0.599431,0.099033,1.647949,13.061523,107.818604
14.417445,0.174836,0.709525,10.033934,0.133214,-0.382083,0.051732,1.403809,13.000488,111.755371
14.427618,0.344883,0.780776,10.002799,0.303260,-0.310831,0.020596,1.068115,12.451172,110.565186
14.437707,0.379012,0.899330,9.972263,0.337389,-0.192277,-0.009940,-0.122070,11.383057,104.766846
14.447797,0.278421,0.924478,10.012379,0.236799,-0.167130,0.030176,-0.122070,10.803223,101.501465
14.457886,0.371827,0.930465,9.968071,0.330204,-0.161142,-0.014131,-0.183105,10.314941,98.480225
14.467976,0.386796,0.810115,10.058483,0.345173,-0.281492,0.076281,-0.976562,9.460449,93.353271
14.478066,0.135319,0.661624,10.068063,0.093696,-0.429983,0.085861,-0.854492,9.338379,93.353271
14.488155,-0.001796,0.482596,10.011182,-0.043419,-0.609011,0.028979,-0.762939,10.589600,100.250244
14.498245,-0.046703,0.474813,10.047706,-0.088325,-0.616795,0.065503,-0.427246,11.138916,105.255127
14.508333,0.070054,0.553250,10.036928,0.028432,-0.538358,0.054725,0.000000,12.084961,113.708496
14.518423,0.203577,0.954415,10.006392,0.161954,-0.137192,0.024189,0.183105,12.207031,114.990234
14.528575,0.308958,1.081351,9.992620,0.267335,-0.010256,0.010418,0.915527,12.847900,119.659424
14.538671,0.137714,1.123863,9.953102,0.096091,0.032256,-0.029100,1.403809,13.305664,123.382568
14.548767,0.150886,0.986748,9.986034,0.109264,-0.104859,0.003831,1.708984,13.610840,127.319336
14.558862,0.211959,0.977767,9.918973,0.170337,-0.113841,-0.063229,1.464844,13.305664,128.326416
14.568958,0.111967,0.790955,10.054292,0.070345,-0.300652,0.072089,1.800537,13.885498,131.469727
14.579053,-0.389789,0.486788,10.098001,-0.431412,-0.604820,0.115798,1.586914,14.984131,139.648438
14.589148,-0.346080,0.259261,9.998009,-0.387703,-0.832346,0.015806,1.007080,15.716553,144.287109
14.599244,-0.168250,-0.171244,10.127340,-0.209873,-1.262851,0.145137,0.640869,15.380859,148.956299
14.609340,0.299976,0.413141,10.084828,0.258354,-0.678466,0.102626,0.457764,16.143799,150.238037
14.619436,0.275427,0.706531,10.023755,0.233805,-0.385076,0.041553,1.556396,16.326904,152.099609
14.629602,0.664618,1.168770,10.026749,0.622995,0.077162,0.044547,1.922607,16.571045,152.832031
14.639691,0.902922,1.652563,9.911190,0.861300,0.560956,-0.071013,2.502441,16.204834,148.956299
14.649781,0.844843,1.290317,9.953701,0.803221,0.198710,-0.028501,2.685547,15.014648,141.937256
14.659871,0.891546,0.939446,9.981843,0.849924,-0.152161,-0.000360,1.983643,14.343262,137.054443
14.669959,0.746049,0.799338,10.030342,0.704426,-0.292269,0.048139,0.823975,13.244629,124.725342
14.680048,0.280816,0.422122,9.999805,0.239194,-0.669485,0.017603,0.640869,13.183594,124.237061
14.690139,0.240101,0.583786,10.000404,0.198478,-0.507821,0.018201,0.518799,12.664795,121.368408
14.700228,-0.014370,0.296982,10.072853,-0.055993,-0.794625,0.090651,0.335693,12.023926,114.898682
14.710318,0.000000,0.232317,10.111772,-0.041622,-0.859290,0.129570,0.976562,11.566162,112.579346
14.720406,0.053289,0.569416,10.102791,0.011667,-0.522191,0.120588,1.434326,11.169434,105.163574
14.730558,0.124541,0.557441,10.087224,0.082919,-0.534166,0.105021,2.471924,10.528564,99.700928
14.740653,0.057480,0.783171,9.965676,0.015858,-0.308436,-0.016526,2.716064,9.857178,97.656250
14.750749,-0.230521,0.892145,9.856703,-0.272143,-0.199462,-0.125500,2.166748,10.131836,97.961426
14.760845,-0.237107,0.746049,9.940529,-0.278729,-0.345559,-0.041674,0.793457,10.833740,100.372314
14.770950,-0.101190,0.761616,10.038724,-0.142812,-0.329991,0.056522,1.495361,11.260986,100.463867
14.781046,-0.066462,0.983156,10.146500,-0.108084,-0.108452,0.164298,1.525879,11.108398,98.846436
14.791141,-0.134720,0.698747,10.020762,-0.176342,-0.392860,0.038559,0.152588,11.138916,95.031738
14.801237,-0.050894,0.645458,10.059681,-0.092517,-0.446149,0.077478,-0.274658,10.406494,89.782715
14.811332,-0.267643,0.592169,10.050101,-0.309266,-0.499439,0.067898,1.281738,9.063721,83.862305
14.821424,-0.307161,0.595162,10.016570,-0.348784,-0.496445,0.034368,0.701904,8.911133,81.481934
14.831515,-0.308958,0.486788,10.045909,-0.350580,-0.604820,0.063707,0.244141,8.728027,79.650879
14.841605,-0.174238,0.632285,10.040521,-0.215860,-0.459322,0.058318,0.671387,8.514404,78.765869
14.851694,-0.026345,0.797542,10.026749,-0.067968,-0.294066,0.044547,1.007080,8.148193,76.599121
14.861780,0.162263,0.984952,9.999207,0.120640,-0.106655,0.017004,1.403809,7.141113,68.176270
14.871866,0.176034,0.999322,9.994417,0.134411,-0.092285,0.012214,0.976562,6.622314,62.988281
14.881951,0.128134,0.960403,10.015373,0.086511,-0.131204,0.033170,0.122070,5.767822,54.870605
14.892036,0.110171,1.038840,10.009385,0.068548,-0.052768,0.027183,0.213623,5.554199,52.673340
14.902122,0.089813,1.075364,10.010583,0.048191,-0.016243,0.028380,0.518799,5.371094,49.957275
14.912208,-0.012574,0.950823,9.996812,-0.054196,-0.140784,0.014609,0.579834,5.401611,49.407959
14.922295,0.006586,0.871188,10.015972,-0.035036,-0.220419,0.033769,0.457764,5.340576,47.302246
14.932381,0.159269,0.996328,9.996213,0.117646,-0.095279,0.014010,0.457764,4.638672,40.679932
14.942473,0.343087,1.169967,9.969868,0.301464,0.078360,-0.012335,0.366211,3.936768,34.667969
14.952564,0.204774,1.043630,9.993219,0.163152,-0.047977,0.011016,0.122070,2.532959,21.820068
14.962657,0.140707,1.015488,9.984238,0.099085,-0.076119,0.002035,0.061035,2.014160,17.517090
14.972748,0.099992,0.941243,9.990225,0.058370,-0.150365,0.008023,-0.183105,1.464844,11.627197
14.982840,0.031135,0.853824,10.030941,-0.010487,-0.237783,0.048738,-0.030518,1.190186,9.582520
14.992932,0.013771,0.820294,10.036329,-0.027851,-0.271313,0.054127,0.152588,0.946045,7.873535
15.003024,-0.007185,0.778980,10.018965,-0.048808,-0.312627,0.036763,0.457764,0.610352,5.157471
15.013118,-0.019759,0.771196,10.020762,-0.061381,-0.320411,0.038559,0.396729,0.518799,4.058838
15.023210,-0.044308,0.780178,10.017169,-0.085930,-0.311430,0.034967,0.335693,0.274658,2.563477
15.033332,-0.049697,0.775986,10.015972,-0.091319,-0.315621,0.033769,0.244141,0.213623,2.014160
15.043424,-0.056882,0.774789,10.024354,-0.098504,-0.316818,0.042152,0.091553,0.152588,1.251221
15.053521,-0.059875,0.776585,10.024354,-0.101498,-0.315022,0.042152,0.061035,0.122070,0.976562
15.063613,-0.064067,0.782573,10.024953,-0.105689,-0.309035,0.042750,0.000000,0.061035,0.610352
15.073707,-0.071851,0.781375,10.038126,-0.113473,-0.310232,0.055923,0.000000,0.091553,0.488281
15.083799,-0.071851,0.786764,10.032138,-0.113473,-0.304843,0.049935,0.030518,0.091553,0.366211
15.093893,-0.072449,0.784968,10.023157,-0.114072,-0.306640,0.040954,0.122070,0.091553,0.213623
15.103984,-0.081431,0.780178,10.015972,-0.123053,-0.311430,0.033769,0.091553,0.122070,0.152588
15.114078,-0.085023,0.783770,10.026151,-0.126646,-0.307837,0.043948,0.061035,0.091553,0.091553
15.124170,-0.074844,0.786165,10.021360,-0.116467,-0.305442,0.039158,0.091553,0.091553,0.061035
15.134358,-0.077838,0.784369,10.022558,-0.119461,-0.307238,0.040355,0.244141,0.091553,0.061035
15.144443,-0.070054,0.780776,10.017768,-0.111677,-0.310831,0.035565,0.305176,0.061035,0.030518
15.154530,-0.063468,0.789159,10.023157,-0.105090,-0.302448,0.040954,0.366211,0.061035,-0.030518
15.164615,-0.070054,0.789159,10.029743,-0.111677,-0.302448,0.047540,0.488281,0.030518,-0.061035
15.174703,-0.070054,0.798140,10.018367,-0.111677,-0.293467,0.036164,0.549316,0.000000,-0.030518
15.184789,-0.077239,0.789758,10.018367,-0.118862,-0.301850,0.036164,0.579834,-0.091553,-0.030518
15.194876,-0.073647,0.787363,10.016570,-0.115269,-0.304245,0.034368,0.610352,-0.122070,-0.030518
15.204962,-0.083826,0.790955,10.011182,-0.125448,-0.300652,0.028979,0.732422,-0.030518,0.000000
15.215049,-0.775986,0.795745,10.010583,-0.817609,-0.295862,0.028380,1.159668,0.183105,0.213623
15.225137,-0.725691,0.808918,10.045909,-0.767313,-0.282689,0.063707,0.732422,0.366211,0.396729
15.235294,-0.565823,0.822090,10.017169,-0.607446,-0.269517,0.034967,1.342773,0.152588,0.518799
15.245388,-0.859812,0.782573,10.063273,-0.901434,-0.309035,0.081071,1.220703,0.122070,0.366211
15.255482,-0.941243,0.640069,10.063273,-0.982865,-0.451538,0.081071,0.915527,0.091553,0.427246
15.265576,-1.133443,0.701142,9.961485,-1.175065,-0.390465,-0.020718,0.793457,-0.122070,-0.762939
15.275670,-1.183140,0.822090,10.046508,-1.224762,-0.269517,0.064306,0.061035,0.488281,1.129150
15.285766,-1.090931,0.647254,10.114167,-1.132554,-0.444353,0.131965,0.091553,0.457764,2.319336
15.295859,-1.102308,0.758024,10.066267,-1.143930,-0.333584,0.084064,0.213623,0.000000,1.403809
15.305954,-1.160387,0.762215,9.859697,-1.202009,-0.329392,-0.122506,0.793457,0.427246,2.014160
15.316048,-1.147813,0.864602,9.926158,-1.189436,-0.227005,-0.056044,-0.610352,0.457764,1.586914
15.326143,-1.254990,0.605940,9.981244,-1.296613,-0.485667,-0.000959,-0.701904,0.183105,-0.152588
15.336308,-1.225651,0.528701,10.012379,-1.267274,-0.562907,0.030176,-1.068115,-0.122070,-2.838135
15.346397,-1.049019,0.583786,10.150093,-1.090641,-0.507821,0.167890,-0.366211,-0.427246,-2.532959
15.356502,-1.010099,0.758024,9.998608,-1.051722,-0.333584,0.016405,-0.305176,0.305176,0.122070
15.366592,-0.701741,0.895139,9.778266,-0.743363,-0.196469,-0.203937,-4.852295,0.671387,1.251221
15.376681,-0.980760,0.864602,10.096804,-1.022383,-0.227005,0.114601,-4.211426,0.030518,-2.563477
15.386771,-0.774190,0.916095,10.068063,-0.815813,-0.175512,0.085861,-3.753662,-0.122070,-4.852295
15.396860,-0.370031,1.012495,10.078841,-0.411653,-0.079113,0.096638,-2.563477,-0.885010,-6.652832
15.406948,-0.373623,0.860411,9.952504,-0.415245,-0.231196,-0.029699,-1.159668,-1.190186,-7.385254
15.417038,-0.674198,0.930465,9.968071,-0.715820,-0.161142,-0.014131,-2.075195,-1.159668,-10.803223
15.427128,-0.710123,0.781974,10.024953,-0.751746,-0.309633,0.042750,-1.098633,-1.678467,-12.603760
15.437285,-0.769999,0.705333,10.003398,-0.811621,-0.386274,0.021195,-1.129150,-1.525879,-15.716553
15.447382,-0.597557,0.665815,10.054292,-0.639180,-0.425792,0.072089,-0.335693,-1.403809,-17.028809
15.457479,-0.563428,0.813708,10.056088,-0.605051,-0.277899,0.073886,1.190186,-0.976562,-16.479492
15.467575,-0.907712,0.837059,9.981843,-0.949335,-0.254548,-0.000360,1.007080,-0.335693,-16.113281
15.477671,-1.037043,0.802332,9.855505,-1.078666,-0.289276,-0.126697,3.234863,0.396729,-16.632080
15.487767,-0.790955,0.699346,10.036928,-0.832578,-0.392262,0.054725,-2.044678,-0.244141,-17.822266
15.497862,-0.480800,0.719105,9.950109,-0.522423,-0.372503,-0.032094,-2.746582,-1.281738,-19.470215
15.507958,-0.905317,0.804727,10.283016,-0.946940,-0.286881,0.300814,0.549316,-2.716064,-21.240234
15.518051,-1.007106,0.602347,10.000404,-1.048728,-0.489260,0.018201,0.366211,-3.448486,-21.240234
15.528147,-0.911305,0.811313,10.212962,-0.952927,-0.280294,0.230759,0.091553,-3.662109,-18.127441
15.538319,-1.095721,0.833467,10.127939,-1.137344,-0.258140,0.145736,-1.281738,-2.410889,-11.871338
15.548409,-0.901126,0.507744,10.026151,-0.942749,-0.583863,0.043948,-1.037598,-0.671387,-5.798340
15.558499,-1.100511,0.813708,10.078242,-1.142134,-0.277899,0.096040,-2.166748,0.396729,-3.845215
15.568588,-0.916095,0.774789,9.826166,-0.957717,-0.316818,-0.156036,-1.342773,0.610352,-2.746582
15.578677,-0.956212,0.903521,9.975256,-0.997834,-0.188086,-0.006946,0.305176,0.152588,1.068115
15.588765,-0.934058,1.260978,10.017768,-0.975680,0.169371,0.035565,-0.244141,0.061035,3.479004
15.598855,-1.020278,1.234034,10.060280,-1.061901,0.142427,0.078077,-3.112793,-0.305176,8.453369
15.608945,-1.173560,0.750839,9.978250,-1.215182,-0.340769,-0.003953,-1.800537,-0.762939,2.838135
15.619036,-0.721500,0.801733,10.036928,-0.763122,-0.289874,0.054725,-0.793457,-0.732422,0.244141
15.629125,-1.019680,0.814905,9.740544,-1.061302,-0.276702,-0.241658,0.457764,0.274658,2.929688
15.639292,-1.147813,0.634081,10.052496,-1.189436,-0.457526,0.070293,0.427246,0.762939,4.913330
15.649389,-0.889151,0.558040,9.978250,-0.930773,-0.533568,-0.003953,0.244141,2.075195,6.683350
15.659485,-0.881966,0.767604,10.096804,-0.923588,-0.324003,0.114601,0.091553,2.655029,8.666992
15.669582,-1.039438,0.900527,10.108779,-1.081061,-0.191080,0.126576,-0.793457,2.319336,10.742188
15.679678,-0.856818,1.056204,9.939930,-0.898441,-0.035404,-0.042273,-0.030518,2.593994,10.620117
15.689774,-0.814307,1.013093,10.029144,-0.855929,-0.078514,0.046942,-1.678467,1.953125,11.840820
15.699870,-0.828677,0.857417,10.123149,-0.870299,-0.234190,0.140946,0.366211,1.464844,8.300781
15.709964,-0.676593,0.716710,9.890233,-0.718215,-0.374898,-0.091969,0.854492,1.068115,9.338379
15.720060,-0.941841,0.343685,9.915980,-0.983464,-0.747922,-0.066223,1.403809,0.549316,7.995605
15.730155,-0.792153,0.194595,10.308763,-0.833775,-0.897012,0.326560,-1.312256,-0.793457,5.737305
15.740324,-0.895139,0.316143,10.356064,-0.936761,-0.775465,0.373862,0.640869,0.091553,4.211426
15.750413,-0.923879,0.290995,9.990225,-0.965501,-0.800612,0.008023,1.312256,-0.152588,4.821777
15.760502,-0.840053,0.533491,10.120754,-0.881676,-0.558117,0.138551,1.922607,0.701904,6.591797
15.770591,-1.049617,0.809517,9.668694,-1.091240,-0.282091,-0.313509,1.129150,0.579834,9.674072
15.780680,-1.131048,0.911904,9.820778,-1.172670,-0.179704,-0.161425,0.335693,0.579834,12.115479
15.790769,-0.808319,0.749042,10.350676,-0.849942,-0.342565,0.368473,-1.068115,1.281738,13.366699
15.800857,-0.653242,0.874781,9.839339,-0.694864,-0.216826,-0.142864,0.579834,1.251221,13.824463
15.810946,-0.861608,1.125659,9.981843,-0.903231,0.034052,-0.000360,1.953125,1.953125,11.505127
15.821052,-0.495769,0.895139,10.112970,-0.537391,-0.196469,0.130767,0.152588,1.708984,11.566162
15.831140,-0.459245,1.210084,9.911788,-0.500867,0.118476,-0.070414,0.671387,2.197266,8.392334
15.841226,-0.298180,1.469344,9.877659,-0.339802,0.377737,-0.104543,0.915527,1.861572,5.798340
15.851317,-0.496368,1.146017,9.824370,-0.537990,0.054410,-0.157833,0.305176,1.464844,3.295898
15.861413,-0.223934,1.018482,10.054891,-0.265557,-0.073125,0.072688,0.549316,-0.213623,0.091553
15.871504,-0.222138,1.093326,10.037527,-0.263761,0.001719,0.055324,1.281738,-0.030518,0.183105
15.881597,-0.504152,0.970582,10.061477,-0.545774,-0.121026,0.079274,1.556396,1.190186,1.434326
15.891688,-0.419128,0.801134,10.115964,-0.460751,-0.290473,0.133761,0.793457,1.281738,0.518799
15.901780,-0.086819,0.590971,9.874067,-0.128442,-0.500636,-0.108136,-0.305176,1.373291,2.838135
15.911871,-0.665217,0.875978,9.985435,-0.706839,-0.215629,0.003233,-1.159668,0.122070,0.305176
15.921962,-0.408351,0.717907,9.549542,-0.449973,-0.373700,-0.432661,-2.593994,0.213623,-0.671387
15.932054,-0.610131,0.837059,10.012379,-0.651754,-0.254548,0.030176,-1.617432,0.976562,1.770020
15.942214,-0.487386,0.579595,10.005793,-0.529009,-0.512013,0.023590,-2.807617,0.793457,3.265381
15.952300,-0.549058,0.302970,10.120754,-0.590681,-0.788637,0.138551,-0.457764,-0.244141,7.385254
15.962387,-0.542472,0.544867,10.009385,-0.584094,-0.546740,0.027183,-0.366211,0.488281,8.300781
15.972473,-0.907114,0.570613,10.298584,-0.948736,-0.520994,0.316381,1.586914,-0.732422,9.338379
15.982559,-0.555645,0.704136,9.932745,-0.597267,-0.387471,-0.049458,1.586914,-0.915527,7.141113
15.992645,-0.540676,0.622705,10.026749,-0.582298,-0.468902,0.044547,0.854492,-0.976562,5.706787
16.002731,-0.829874,0.595162,10.106982,-0.871497,-0.496445,0.124780,0.030518,0.061035,4.364014
16.012816,-0.847238,0.592169,10.294991,-0.888861,-0.499439,0.312789,0.762939,1.037598,2.960205
16.022902,-0.990939,0.559836,9.887239,-1.032562,-0.531771,-0.094963,2.502441,1.159668,2.716064
16.032987,-0.711920,0.684976,9.829160,-0.753542,-0.406632,-0.153042,3.082275,0.122070,2.014160
16.043143,-0.757425,0.747845,10.086625,-0.799047,-0.343762,0.104422,1.434326,1.190186,1.220703
16.053237,-1.121468,0.889151,9.732162,-1.163090,-0.202456,-0.250041,-1.373291,1.708984,2.929688
16.063328,-1.416055,0.358654,10.286609,-1.457678,-0.732953,0.304406,-3.540039,0.640869,-2.044678
16.073422,-0.804727,0.520917,10.189012,-0.846349,-0.570690,0.206809,-2.288818,-0.091553,-8.270264
16.083514,-0.992137,0.844244,10.135723,-1.033759,-0.247363,0.153520,-0.366211,0.610352,-10.620117
16.093609,-0.836461,0.490979,9.756112,-0.878083,-0.600628,-0.226091,1.190186,-0.579834,-8.148193
16.103700,-0.604144,0.283810,9.682465,-0.645766,-0.807797,-0.299737,3.265381,-0.457764,-5.065918
16.113794,-0.975970,0.686173,9.920171,-1.017593,-0.405434,-0.062032,2.868652,-0.823975,-9.674072
16.123884,-0.793350,0.207768,10.835667,-0.834973,-0.883839,0.853464,0.030518,-0.488281,-5.706787
16.133978,-0.487985,0.711920,10.115964,-0.529608,-0.379688,0.133761,2.685547,-1.434326,0.732422
16.144144,-0.862207,0.455054,9.329799,-0.903829,-0.636554,-0.652404,2.746582,-0.213623,1.586914
16.154232,-0.617316,0.159269,9.966874,-0.658939,-0.932338,-0.015329,-1.739502,0.549316,2.349854
16.164317,-0.432900,1.153202,10.227931,-0.474522,0.061595,0.245728,0.396729,-0.640869,4.638672
16.174406,-0.767005,0.775388,10.043514,-0.808627,-0.316220,0.061312,1.037598,-0.152588,3.631592
16.184491,-0.490380,0.431702,9.766291,-0.532003,-0.659905,-0.215912,-1.190186,2.014160,-4.150391
16.194579,-0.150886,0.414937,10.203981,-0.192509,-0.676670,0.221778,-0.518799,1.251221,-6.652832
16.204664,-0.262255,0.981359,10.767409,-0.303877,-0.110248,0.785206,1.556396,0.885010,0.183105
16.214752,-0.349673,0.457449,10.184821,-0.391295,-0.634159,0.202618,0.488281,1.464844,0.610352
16.224837,0.434097,0.123344,9.856104,0.392475,-0.968264,-0.126099,-0.946045,0.000000,-6.988525
16.234925,-0.528102,0.990341,10.127340,-0.569724,-0.101267,0.145137,-1.800537,2.960205,-2.655029
16.245101,-0.145497,0.313149,9.925560,-0.187120,-0.778458,-0.056643,-2.746582,4.028320,-3.570557
16.255198,0.108375,0.302371,10.596165,0.066752,-0.789236,0.613963,-3.814697,1.159668,-2.807617
16.265295,0.258662,0.268841,10.012379,0.217040,-0.822766,0.030176,0.061035,0.030518,-2.136230
16.275390,-0.502355,0.784968,10.828482,-0.543978,-0.306640,0.846279,1.739502,-2.197266,5.126953
16.285486,-0.154479,-0.020358,10.607542,-0.196101,-1.111965,0.625339,1.403809,-2.044678,5.767822
16.295583,-0.280217,0.405357,10.195598,-0.321840,-0.686250,0.213395,-0.793457,-2.410889,5.096436
16.305680,-0.086819,-0.117955,10.474019,-0.128442,-1.209562,0.491817,0.732422,-1.922607,9.002686
16.315777,0.753832,0.174238,9.854907,0.712210,-0.917370,-0.127296,0.732422,0.640869,14.831543
16.325872,-0.365839,0.187410,10.010583,-0.407462,-0.904197,0.028380,0.122070,3.356934,15.991211
16.335969,0.143701,0.354463,10.196197,0.102079,-0.737144,0.213994,2.471924,1.373291,15.228271
16.346141,-0.063468,0.560435,10.140513,-0.105090,-0.531173,0.158310,1.068115,-0.091553,17.059326
16.356232,0.104782,0.629291,9.524993,0.063160,-0.462316,-0.457210,-0.518799,1.617432,16.479492
16.366323,-0.169448,0.673599,9.740544,-0.211070,-0.418008,-0.241658,-2.319336,3.509521,16.540527
16.376412,-0.076641,0.793949,9.753118,-0.118263,-0.297658,-0.229084,-2.380371,4.058838,16.937256
16.386502,0.053888,0.876577,9.885443,0.012265,-0.215030,-0.096760,-2.014160,3.601074,17.333984
16.396592,-0.362247,0.801134,9.889036,-0.403869,-0.290473,-0.093167,-1.373291,2.136230,16.204834
16.406682,-0.272433,1.212479,9.881851,-0.314056,0.120871,-0.100352,-1.403809,2.929688,14.251709
16.416772,0.073647,1.139431,10.263257,0.032024,0.047823,0.281055,0.030518,1.342773,15.228271
16.426862,0.220342,1.615441,9.880653,0.178719,0.523833,-0.101550,0.335693,1.495361,15.136719
16.436952,-0.059277,0.943039,10.060878,-0.100899,-0.148568,0.078676,0.915527,0.305176,10.864258
16.447110,-0.074246,0.924478,10.019564,-0.115868,-0.167130,0.037362,-0.183105,1.373291,13.427734
16.457207,0.334105,0.473016,10.319540,0.292483,-0.618591,0.337338,-0.305176,1.800537,11.413574
16.470500,0.091011,1.638792,9.403445,0.049388,0.547185,-0.578757,2.380371,0.854492,7.843018
16.480599,-0.297581,1.124462,9.906400,-0.339204,0.032854,-0.075803,1.800537,1.556396,11.779785
16.490694,-0.056882,0.894540,9.729767,-0.098504,-0.197067,-0.252436,0.335693,0.244141,9.063721
16.500789,-0.090412,0.578397,9.912387,-0.132034,-0.513210,-0.069816,-1.159668,-0.732422,4.852295
16.510885,0.380808,1.133443,10.432106,0.339186,0.041836,0.449904,0.061035,-0.762939,7.446289
16.520977,-0.288600,1.363365,10.208172,-0.330222,0.271758,0.225969,-0.701904,0.366211,6.256104
16.531073,0.653242,0.868793,10.023157,0.611619,-0.222814,0.040954,0.061035,0.244141,-5.187988
16.541165,-0.021555,1.319057,9.920171,-0.063178,0.227450,-0.062032,1.495361,-0.457764,-9.490967
16.551257,-0.104782,1.326242,10.109976,-0.146405,0.234635,0.127774,-2.593994,-0.640869,-8.422852
16.561354,-0.131726,0.835862,9.584868,-0.173349,-0.255745,-0.397334,-1.312256,0.579834,-2.532959
16.571447,-0.368234,0.795146,9.881851,-0.409857,-0.296461,-0.100352,-0.061035,-0.396729,-0.915527
16.581541,-0.236508,0.693358,9.678873,-0.278131,-0.398249,-0.303330,0.396729,-0.854492,-0.976562
16.591633,-0.125140,0.718506,10.021360,-0.166762,-0.373101,0.039158,-2.349854,-2.899170,-2.136230
16.601725,-0.053289,0.820893,9.952504,-0.094912,-0.270714,-0.029699,-0.671387,-2.563477,-3.234863
16.611818,0.054487,0.541274,9.616003,0.012864,-0.550333,-0.366199,0.549316,0.305176,-1.403809
16.621909,0.281415,1.293909,9.898017,0.239792,0.202302,-0.084186,-1.434326,0.183105,-0.946045
16.632001,-0.140707,0.728086,9.624386,-0.182330,-0.363521,-0.357817,0.061035,-0.152588,-4.302979
16.642094,0.752036,0.901725,10.017169,0.710414,-0.189882,0.034967,-1.495361,-1.586914,-6.286621
16.652186,0.616718,0.805924,10.212962,0.575095,-0.285683,0.230759,-1.586914,-2.166748,-4.486084
16.662272,-0.086819,1.022673,10.121353,-0.128442,-0.068934,0.139150,-2.624512,-1.983643,-11.993408
16.672358,-0.225731,0.888552,10.127340,-0.267353,-0.203055,0.145137,-1.403809,-0.762939,-8.331299
16.682444,-0.006586,0.839454,9.859098,-0.048209,-0.252153,-0.123105,-1.861572,-0.762939,-4.272461
16.692530,0.146096,0.945434,9.739347,0.104474,-0.146173,-0.242856,-1.068115,0.671387,-2.014160
16.702616,-0.480201,1.281335,9.934541,-0.521824,0.189728,-0.047662,-1.098633,2.014160,0.518799
16.712703,0.207169,0.525707,10.107581,0.165547,-0.565900,0.125379,-4.119873,2.227783,2.319336
16.722789,0.092807,1.078956,10.056687,0.051185,-0.012651,0.074484,-4.241943,1.739502,-0.610352
16.732874,-0.204175,1.025068,10.139914,-0.245798,-0.066539,0.157711,1.251221,1.434326,-2.044678
16.742959,-0.094603,0.684976,10.063273,-0.136226,-0.406632,0.081071,0.640869,0.915527,-1.342773
16.753110,-0.052092,0.696352,10.077643,-0.093714,-0.395255,0.095441,1.190186,1.556396,2.166748
16.763202,-0.061672,0.668210,9.675280,-0.103294,-0.423397,-0.306923,1.068115,1.586914,3.479004
16.773295,-0.136516,1.179547,9.908196,-0.178139,0.087940,-0.074007,-0.213623,2.136230,6.408691
16.783387,-0.252076,0.669408,10.024354,-0.293698,-0.422199,0.042152,-0.244141,-1.037598,2.105713
16.793482,0.111967,0.783171,10.153685,0.070345,-0.308436,0.171483,-0.213623,-0.244141,-0.640869
16.803573,-0.346679,0.902922,9.983639,-0.388302,-0.188685,0.001436,0.152588,-0.457764,0.183105
16.813667,-0.111368,0.460443,10.147099,-0.152991,-0.631165,0.164896,0.122070,-0.457764,0.732422
16.823759,-0.220342,0.486788,10.217752,-0.261964,-0.604820,0.235549,-0.823975,0.579834,-2.868652
16.833853,0.380209,0.584385,9.965676,0.338587,-0.507222,-0.016526,-0.915527,1.586914,-0.518799
16.843944,0.374821,0.918490,9.689052,0.333198,-0.173117,-0.293151,-1.617432,1.953125,2.655029
16.854107,0.377814,0.356259,10.090816,0.336192,-0.735348,0.108613,-3.234863,-0.091553,0.976562
16.864193,0.509540,0.889750,9.848320,0.467918,-0.201857,-0.133882,-2.593994,-0.976562,-0.854492
16.874282,0.760419,0.514330,9.871073,0.718796,-0.577277,-0.111130,-0.518799,-0.610352,0.122070
16.884368,0.368234,1.284928,9.912986,0.326612,0.193321,-0.069217,0.183105,0.457764,-0.091553
16.894455,0.687969,1.132844,9.869277,0.646347,0.041237,-0.112926,1.556396,2.899170,7.385254
16.904540,0.092807,0.459245,10.236313,0.051185,-0.632362,0.254111,-1.007080,1.434326,1.678467
16.914628,-0.061672,0.644859,9.850715,-0.103294,-0.446748,-0.131487,2.716064,-0.366211,-1.464844
16.924714,-0.489781,0.793949,9.586066,-0.531404,-0.297658,-0.396137,-1.129150,0.885010,-0.823975
16.934801,0.419727,-0.019759,10.163265,0.378105,-1.111366,0.181063,-0.457764,0.274658,1.373291
16.944886,-0.765209,0.350870,10.080637,-0.806831,-0.740737,0.098435,2.197266,-2.349854,-1.159668
16.955033,-0.986748,0.562830,10.121353,-1.028370,-0.528778,0.139150,1.892090,-2.288818,-0.701904
16.965127,-0.707130,0.396376,9.951905,-0.748752,-0.695232,-0.030298,-0.671387,-1.220703,0.762939
16.975221,-0.556842,0.809517,10.142908,-0.598464,-0.282091,0.160705,0.091553,-0.030518,2.441406
16.985315,-0.704136,1.269959,9.875264,-0.745758,0.178352,-0.106938,-0.213623,1.800537,4.333496
16.995409,-0.409548,0.704136,10.671010,-0.451171,-0.387471,0.688807,-2.593994,0.854492,0.335693
17.005503,-0.696951,0.764011,10.417736,-0.738573,-0.327596,0.435534,-1.861572,-2.380371,-3.509521
17.015598,-0.279020,0.728086,10.237511,-0.320642,-0.363521,0.255308,2.899170,-0.396729,-3.265381
17.025692,-0.587379,1.026266,9.645342,-0.629001,-0.065341,-0.336860,4.180908,0.976562,-5.157471
17.035788,-0.334704,0.691562,9.977651,-0.376326,-0.400045,-0.004551,3.540039,-0.549316,-0.671387
17.045882,-0.438887,0.564027,9.986633,-0.480510,-0.527580,0.004430,-1.464844,-1.281738,2.319336
17.056043,-0.410746,0.525108,9.988429,-0.452368,-0.566499,0.006226,-1.892090,0.152588,1.739502
17.066132,-0.031734,0.286205,10.100995,-0.073356,-0.805402,0.118792,-2.777100,1.556396,3.906250
17.076220,-0.438887,0.653242,9.673484,-0.480510,-0.438366,-0.308719,-3.723145,3.784180,6.530762
17.086308,0.298180,0.443677,10.092612,0.256557,-0.647930,0.110410,-6.683350,2.868652,5.706787
17.096396,-0.007784,0.641266,10.107581,-0.049406,-0.450341,0.125379,-4.241943,0.823975,7.843018
17.106483,0.065863,0.787363,9.836345,0.024241,-0.304245,-0.145857,-2.319336,3.021240,9.613037
17.116572,0.318538,0.234113,9.915381,0.276915,-0.857494,-0.066822,0.854492,2.990723,9.826660
17.126661,-0.117955,0.635279,10.043514,-0.159577,-0.456328,0.061312,-0.305176,0.854492,5.004883
17.136749,0.456850,0.338895,10.060280,0.415228,-0.752712,0.078077,-0.518799,-0.030518,4.119873
17.146836,0.255668,0.520917,9.731563,0.214046,-0.570690,-0.250640,0.030518,0.183105,3.936768
17.157007,-0.107776,0.180225,9.955497,-0.149398,-0.911382,-0.026705,-0.610352,0.793457,2.838135
17.167104,0.067659,0.197589,10.222542,0.026037,-0.894018,0.240339,-0.671387,-0.579834,-0.427246
17.177200,0.306563,1.040636,10.305769,0.264940,-0.050971,0.323566,0.122070,0.183105,-1.068115
17.187295,-0.220342,1.262175,10.041718,-0.261964,0.170568,0.059515,2.258301,-0.610352,2.014160
17.197390,-0.185614,1.083746,9.967473,-0.227236,-0.007861,-0.014730,0.885010,-2.197266,-4.302979
17.207485,0.529898,0.911904,9.818383,0.488276,-0.179704,-0.163820,0.061035,-1.678467,-9.979248
17.217580,-0.094005,1.380729,9.810000,-0.135627,0.289122,-0.172203,-0.396729,-0.396729,-10.009766
17.227674,-0.083227,1.354982,9.911788,-0.124849,0.263375,-0.070414,1.068115,-1.464844,-11.047363
17.237770,0.280816,0.836461,9.909393,0.239194,-0.255147,-0.072809,0.793457,-0.823975,-8.728027
17.247864,0.437091,0.611927,10.293195,0.395469,-0.479680,0.310993,-0.885010,-0.823975,-14.312744
17.258032,0.201182,0.886756,9.717792,0.159559,-0.204851,-0.264411,0.274658,-0.152588,-15.197754
17.268121,0.059277,0.835263,10.397379,0.017654,-0.256344,0.415176,1.586914,0.915527,-10.894775
17.278207,-0.199984,0.645458,10.033934,-0.241607,-0.446149,0.051732,1.800537,-1.037598,-12.695312
17.288295,0.201780,0.333506,9.933942,0.160158,-0.758101,-0.048260,0.488281,-1.190186,-12.176514
17.298384,0.272433,0.608934,9.915381,0.230811,-0.482674,-0.066822,1.068115,-1.983643,-6.164551
17.308473,0.473016,1.076561,9.917776,0.431394,-0.015046,-0.064427,1.403809,-1.251221,-2.014160
17.318562,0.716111,0.989143,9.972263,0.674488,-0.102464,-0.009940,1.312256,1.190186,7.354736
17.328653,0.399968,0.639470,10.211166,0.358346,-0.452137,0.228963,-1.281738,0.946045,10.223389
17.338742,0.279619,1.903442,9.694440,0.237996,0.811835,-0.287762,-0.183105,0.274658,6.195068
17.348830,0.553250,0.637075,9.998608,0.511627,-0.454532,0.016405,-0.335693,-1.525879,-5.096436
17.358986,0.555645,0.820893,10.006392,0.514022,-0.270714,0.024189,-0.549316,-1.495361,-5.187988
17.369081,0.343685,0.732277,10.181228,0.302063,-0.359330,0.199025,-1.495361,-0.518799,-5.401611
17.379177,0.242496,0.808918,9.984836,0.200873,-0.282689,0.002634,0.000000,-0.488281,-12.817383
17.389272,0.289199,1.270558,10.024953,0.247576,0.178951,0.042750,-0.610352,0.457764,-8.819580
17.399367,-0.143701,1.241219,10.056687,-0.185324,0.149612,0.074484,-1.617432,-0.640869,-5.462646
17.409463,-0.205373,0.661624,10.036928,-0.246995,-0.429983,0.054725,-1.983643,0.091553,-4.211426
17.419558,-0.272433,0.601150,10.063872,-0.314056,-0.490457,0.081669,-1.373291,-0.457764,-7.476807
17.429653,0.110770,0.450862,9.980046,0.069147,-0.640745,-0.002156,-0.122070,-0.183105,-6.103516
17.439748,-0.014370,0.806523,10.057885,-0.055993,-0.285084,0.075682,-0.946045,-0.335693,-3.784180
17.449842,-0.216749,1.238824,10.148895,-0.258372,0.147217,0.166693,-0.549316,0.579834,-3.387451
17.460005,-0.007185,0.405357,10.278226,-0.048808,-0.686250,0.296024,-2.380371,1.342773,-3.509521
17.470092,0.001796,0.550256,9.685459,-0.039826,-0.541352,-0.296744,-0.305176,-0.457764,-5.310059
17.480181,-0.168849,0.508343,9.926158,-0.210471,-0.583264,-0.056044,-1.159668,-0.762939,-5.706787
17.490269,-0.050894,0.676593,9.976454,-0.092517,-0.415014,-0.005749,-2.960205,0.946045,-2.899170
17.500357,-0.073647,0.191602,9.985435,-0.115269,-0.900006,0.003233,-0.671387,-0.518799,-0.579834
17.510446,-0.233514,0.670605,10.055490,-0.275137,-0.421002,0.073287,0.732422,-1.098633,0.579834
17.520534,-0.447869,0.470023,10.009984,-0.489491,-0.621585,0.027781,-1.190186,-1.464844,0.549316
17.530623,0.028740,0.305365,10.109377,-0.012882,-0.786242,0.127175,0.183105,-1.312256,2.777100
17.540712,-0.023351,0.383203,10.127939,-0.064974,-0.708404,0.145736,-0.457764,-1.281738,1.495361
17.550800,0.101190,0.389191,10.126143,0.059567,-0.702417,0.143940,-0.915527,-0.793457,-3.143311
17.560948,0.350272,0.502355,10.060280,0.308649,-0.589252,0.078077,-0.457764,-0.946045,-2.990723
17.571041,0.185015,0.373024,10.071057,0.143393,-0.718583,0.088854,-1.708984,-1.007080,-3.509521
17.581136,0.589175,0.383802,10.114766,0.547552,-0.707805,0.132564,-0.823975,-0.915527,-5.493164
17.591231,0.520917,0.721500,9.998009,0.479294,-0.370108,0.015806,0.823975,0.091553,-3.356934
17.601326,0.388592,0.253273,10.115365,0.346969,-0.838334,0.133162,-0.030518,-0.183105,-6.286621
17.611421,0.714315,0.086819,9.841734,0.672692,-1.004788,-0.140469,-0.152588,-0.885010,-10.620117
17.621516,0.176034,0.616718,10.317145,0.134411,-0.474890,0.334943,-0.518799,-1.831055,-11.627197
17.631607,0.117955,0.525108,10.078242,0.076332,-0.566499,0.096040,-0.091553,-2.349854,-15.838623
17.641698,-0.210762,0.749042,9.990225,-0.252384,-0.342565,0.008023,-0.915527,-2.227783,-23.620605
17.651789,-0.168250,0.598156,10.123748,-0.209873,-0.493451,0.141545,0.122070,-1.525879,-24.536133
17.661884,0.040715,0.804128,10.217153,-0.000907,-0.287479,0.234951,-0.549316,-1.708984,-28.381348
17.671972,-0.612526,1.077759,10.184821,-0.654149,-0.013848,0.202618,-1.556396,-1.770020,-27.526855
17.682089,-0.746049,0.947230,9.987231,-0.787671,-0.144377,0.005029,-1.770020,-2.563477,-27.801514
17.692175,-0.281415,0.916095,10.066267,-0.323037,-0.175512,0.084064,-0.335693,-5.462646,-36.773682
17.702260,-0.428110,1.234633,9.886641,-0.469732,0.143025,-0.095562,0.427246,-5.462646,-35.430908
17.712345,-0.852028,0.605940,9.783056,-0.893651,-0.485667,-0.199147,0.793457,-3.417969,-28.900146
17.722430,-0.318538,0.684976,10.118958,-0.360160,-0.406632,0.136755,0.335693,-3.204346,-28.533936
17.732516,-0.494572,0.776585,10.062076,-0.536194,-0.315022,0.079873,1.586914,-1.922607,-24.688721
17.742602,-0.564626,0.436492,10.057286,-0.606248,-0.655115,0.075083,0.000000,-1.281738,-21.789551
17.752687,-0.288600,0.238903,9.926158,-0.330222,-0.852704,-0.056044,-0.518799,-1.464844,-19.958496
17.762775,0.255070,0.580792,9.943522,0.213447,-0.510815,-0.038680,-0.640869,-1.220703,-13.519287
17.772862,0.155676,0.564626,10.668615,0.114054,-0.526981,0.686412,-1.068115,-1.007080,-12.603760
17.782948,0.388592,0.580792,9.975855,0.346969,-0.510815,-0.006348,-1.922607,-1.434326,-10.620117
17.793036,0.570613,0.631686,10.150692,0.528991,-0.459921,0.168489,-1.831055,-2.166748,-10.162354
17.803122,0.387394,0.882565,10.018367,0.345772,-0.209043,0.036164,-0.335693,-0.579834,-10.101318
17.813209,0.415536,0.652044,9.840536,0.373913,-0.439563,-0.141666,-0.885010,0.335693,-8.483887
17.823295,0.643661,0.775986,9.927955,0.602039,-0.315621,-0.054248,-1.098633,1.708984,-6.805420
17.833383,0.468226,0.496967,10.061477,0.426604,-0.594641,0.079274,-0.549316,2.777100,-5.493164
17.843469,0.681383,0.583187,10.172247,0.639761,-0.508420,0.190044,1.586914,1.434326,-4.333496
17.853557,0.583187,0.838856,9.970466,0.541565,-0.252752,-0.011736,1.434326,1.586914,0.579834
17.863643,0.211959,0.823887,9.994417,0.170337,-0.267721,0.012214,-0.701904,1.129150,2.410889
17.873738,0.301772,0.313748,10.016570,0.260150,-0.777860,0.034368,-1.098633,-1.739502,1.617432
17.883830,0.592767,0.383203,10.090816,0.551145,-0.708404,0.108613,-0.030518,-1.373291,2.929688
17.893924,0.471220,0.535287,10.153087,0.429598,-0.556320,0.170884,0.396729,0.030518,3.692627
17.904016,0.327519,0.585582,9.950109,0.285896,-0.506025,-0.032094,1.037598,2.075195,2.502441
17.914111,0.203577,0.704734,9.686656,0.161954,-0.386873,-0.295546,0.152588,1.373291,2.777100
17.924202,0.379611,0.438289,10.200987,0.337988,-0.653319,0.218784,-1.037598,-0.732422,1.190186
17.934298,0.270038,0.877775,10.240505,0.228416,-0.213833,0.258302,0.091553,0.518799,0.732422
17.944389,0.552651,0.798739,10.246492,0.511028,-0.292868,0.264290,-1.770020,1.708984,1.312256
17.954484,0.416733,0.869991,10.145901,0.375111,-0.221616,0.163699,-1.556396,1.312256,-0.030518
17.964603,0.124541,0.843646,10.001003,0.082919,-0.247962,0.018800,0.762939,0.274658,-1.434326
17.974698,0.244292,0.562830,10.215357,0.202670,-0.528778,0.233154,1.800537,-0.366211,-0.335693
17.984790,0.146695,0.898731,10.007589,0.105073,-0.192876,0.025386,2.746582,-0.823975,-2.410889
17.994884,0.094005,0.624501,10.053094,0.052382,-0.467106,0.070892,1.434326,0.000000,-1.831055
18.004976,0.062271,0.625100,9.954300,0.020648,-0.466507,-0.027903,0.122070,0.213623,-0.701904
18.015068,0.136516,0.596360,10.127939,0.094894,-0.495247,0.145736,-2.319336,-0.854492,2.960205
18.025163,-0.139510,0.702339,9.797426,-0.181132,-0.389268,-0.184777,-1.647949,-1.129150,1.831055
18.035257,-0.058079,0.640668,9.805809,-0.099702,-0.450940,-0.176394,-2.136230,-0.274658,0.122070
18.045350,0.002994,1.016686,9.990225,-0.038629,-0.074921,0.008023,-3.906250,0.518799,1.129150
18.055444,0.123344,1.166973,10.387798,0.081721,0.075366,0.405596,-2.410889,0.518799,0.671387
18.065610,0.067061,1.405876,9.954899,0.025438,0.314269,-0.027304,2.197266,0.305176,2.044678
18.075699,0.168250,0.923879,10.018367,0.126628,-0.167728,0.036164,3.479004,0.030518,2.624512
18.085787,0.123942,0.858615,10.023157,0.082320,-0.232993,0.040954,0.549316,-0.213623,2.075195
18.095876,0.186812,0.998124,10.126741,0.145189,-0.093483,0.144539,1.556396,0.762939,1.007080
18.105963,0.120948,0.914299,10.103989,0.079326,-0.177309,0.121786,-0.427246,0.091553,-1.068115
18.116050,0.629890,0.728086,10.044113,0.588268,-0.363521,0.061911,0.183105,-0.976562,-1.525879
18.126140,0.153281,0.895139,9.900412,0.111659,-0.196469,-0.081791,0.640869,-2.044678,-2.502441
18.136228,0.525108,0.903521,9.972263,0.483486,-0.188086,-0.009940,1.159668,-1.403809,-1.251221
18.146317,0.538281,1.165177,10.109377,0.496658,0.073570,0.127175,2.655029,-0.854492,-0.762939
18.156951,0.570015,0.316143,9.975855,0.528392,-0.775465,-0.006348,0.366211,-0.335693,0.518799
18.167050,0.584984,0.318538,10.127340,0.543361,-0.773070,0.145137,0.091553,-0.061035,-0.915527
18.177158,0.655637,-0.064666,9.869875,0.614014,-1.156273,-0.112327,1.647949,1.495361,5.157471
18.187239,0.335901,-0.025148,10.080038,0.294279,-1.116755,0.097836,-0.518799,0.976562,4.608154
18.197326,0.421523,-0.089214,10.051897,0.379901,-1.180822,0.069694,-0.823975,0.946045,3.295898
18.207412,1.105900,-0.025148,10.120155,1.064278,-1.116755,0.137952,-0.183105,0.915527,2.807617
18.217497,0.734073,0.282014,10.125544,0.692451,-0.809594,0.143341,0.274658,0.335693,2.563477
18.227582,1.092129,0.465233,10.056088,1.050506,-0.626375,0.073886,2.807617,0.915527,5.676270
18.237668,1.444796,0.254471,10.059082,1.403173,-0.837136,0.076879,1.464844,0.335693,7.995605
18.247753,0.952020,0.738864,10.051298,0.910398,-0.352744,0.069096,-0.030518,-1.586914,2.197266
18.257837,1.811832,1.040037,9.927356,1.770210,-0.051570,-0.054847,2.044678,-1.617432,1.373291
18.268016,1.373544,1.317859,9.926158,1.331921,0.226252,-0.056044,1.220703,-1.831055,0.091553
18.278104,1.535806,1.066981,10.014774,1.494184,-0.024626,0.032572,1.098633,-1.678467,-0.122070
18.288194,1.775907,1.122067,9.946516,1.734285,0.030459,-0.035687,0.885010,-1.708984,-2.319336
18.298284,1.572929,1.043031,9.905801,1.531307,-0.048576,-0.076402,-1.251221,-2.044678,-3.906250
18.308374,1.257984,0.688568,10.196796,1.216362,-0.403039,0.214593,-2.410889,-2.563477,-4.852295
18.318465,0.696951,0.349074,10.042317,0.655328,-0.742533,0.060114,0.183105,-2.685547,-4.516602
18.328554,0.686772,0.334704,10.027348,0.645149,-0.756903,0.045145,-0.030518,-2.807617,-3.448486
18.338643,0.466430,0.544268,10.006990,0.424808,-0.547339,0.024788,0.427246,-2.441406,-0.396729
18.348733,0.180824,0.623304,10.026749,0.139202,-0.468303,0.044547,0.183105,-2.136230,-0.213623
18.358837,0.710123,0.878373,9.998608,0.668501,-0.213234,0.016405,0.061035,-0.793457,-0.976562
18.369002,0.015568,0.793949,9.923763,-0.026055,-0.297658,-0.058439,0.457764,-0.549316,-2.288818
18.379099,0.150287,0.665815,9.959689,0.108665,-0.425792,-0.022514,0.213623,-0.396729,-3.845215
18.389196,-0.176633,0.714315,10.048304,-0.218255,-0.377293,0.066102,1.251221,-1.159668,-4.791260
18.399293,-0.179028,0.697549,10.007589,-0.220650,-0.394058,0.025386,1.129150,-1.159668,-4.241943
18.409389,-0.289797,0.643063,10.069261,-0.331420,-0.448544,0.087058,0.213623,-1.922607,-4.058838
18.419486,-0.268841,0.629291,10.022558,-0.310463,-0.462316,0.040355,-0.671387,-2.105713,-4.119873
18.429584,-0.262853,0.726888,9.978849,-0.304476,-0.364719,-0.003354,-0.091553,-1.953125,-2.655029
18.439681,-0.034728,0.883163,10.134525,-0.076350,-0.208444,0.152322,0.305176,-2.349854,-2.532959
18.449777,0.047900,1.232836,9.954899,0.006278,0.141229,-0.027304,1.220703,-2.624512,-2.105713
18.459873,0.142504,0.962199,9.999805,0.100881,-0.129408,0.017603,2.227783,-2.288818,-0.640869
18.469995,-0.112566,1.171763,10.047107,-0.154188,0.080156,0.064904,1.739502,-2.105713,-0.152588
18.480092,0.253872,0.656834,9.972861,0.212250,-0.434773,-0.009341,0.640869,-1.892090,1.892090
18.490188,0.275427,0.740061,9.871672,0.233805,-0.351546,-0.110531,1.922607,-1.678467,2.136230
18.500285,0.467628,0.881966,9.957294,0.426005,-0.209641,-0.024909,-3.265381,-2.136230,1.190186
18.510382,0.077239,0.696352,10.001003,0.035617,-0.395255,0.018800,-3.845215,-2.380371,1.037598
18.520478,0.561033,0.543071,10.011780,0.519411,-0.548537,0.029578,-0.427246,-1.647949,3.723145
18.530574,0.643063,0.580792,10.071656,0.601440,-0.510815,0.089453,-1.007080,-1.495361,7.629395
18.540671,0.620909,0.441282,10.070458,0.579286,-0.650325,0.088256,-1.495361,-1.342773,9.429932
18.550768,0.999921,0.602946,10.072853,0.958298,-0.488661,0.090651,-0.152588,-1.007080,9.094238
18.560864,0.975970,0.464634,10.020762,0.934348,-0.626973,0.038559,-0.854492,-1.373291,7.873535
18.570986,0.914897,0.348475,9.956695,0.873275,-0.743132,-0.025508,-1.007080,-1.800537,5.554199
18.581082,0.932261,0.543071,10.036928,0.890639,-0.548537,0.054725,-1.800537,-1.922607,4.577637
18.591175,0.768203,0.328716,10.117760,0.726580,-0.762891,0.135557,-1.403809,-2.288818,0.488281
18.601272,0.928070,0.310155,10.036329,0.886448,-0.781452,0.054127,-0.946045,-2.166748,-0.152588
18.611367,0.792153,0.330513,10.057286,0.750530,-0.761095,0.075083,-0.335693,-1.739502,0.030518
18.621463,0.948428,0.122146,10.053094,0.906805,-0.969461,0.070892,0.549316,-1.159668,1.953125
18.631560,0.990341,0.400567,10.030342,0.948718,-0.691040,0.048139,1.251221,-0.701904,2.532959
18.641655,1.100511,0.765807,10.031539,1.058889,-0.325800,0.049337,1.678467,0.396729,5.798340
18.651752,0.928669,0.746647,10.021959,0.887046,-0.344960,0.039757,0.854492,0.610352,6.530762
18.661848,0.953218,0.635279,10.012978,0.911595,-0.456328,0.030775,0.610352,0.640869,3.082275
18.671968,1.011297,1.071172,9.954300,0.969675,-0.020435,-0.027903,0.549316,0.762939,3.112793
18.682065,1.013692,1.080753,9.957294,0.972070,-0.010855,-0.024909,0.457764,0.854492,3.509521
18.692161,0.655038,0.975372,9.990225,0.613415,-0.116236,0.008023,0.122070,0.579834,2.227783
18.702257,0.578996,0.909509,9.996812,0.537374,-0.182099,0.014609,-0.305176,0.305176,0.823975
18.712350,0.669408,0.925675,9.983639,0.627786,-0.165932,0.001436,-0.335693,-0.183105,-1.556396
18.722448,0.443079,0.875978,9.993818,0.401456,-0.215629,0.011615,-0.427246,-0.274658,-1.983643
18.732545,0.290396,0.798140,10.000404,0.248774,-0.293467,0.018201,-0.885010,-0.427246,-2.532959
18.742641,0.132325,0.723296,10.009385,0.090702,-0.368311,0.027183,-1.068115,-0.457764,-2.410889
18.752738,0.156874,0.750240,10.009385,0.115251,-0.341367,0.027183,-1.129150,-0.488281,-2.197266
18.762834,0.240699,0.707728,10.014175,0.199077,-0.383879,0.031973,-0.946045,-0.396729,-1.739502
18.772957,0.195793,0.695154,10.017768,0.154170,-0.396453,0.035565,-0.793457,-0.396729,-1.739502
18.783051,0.211360,0.772993,10.027348,0.169738,-0.318615,0.045145,-0.366211,-0.213623,-1.312256
18.793148,0.238304,0.722697,10.032737,0.196682,-0.368910,0.050534,-0.579834,-0.335693,-1.373291
18.803244,0.128134,0.749641,10.023157,0.086511,-0.341966,0.040954,-1.037598,-0.610352,-1.831055
18.813341,0.061073,0.722697,10.042916,0.019451,-0.368910,0.060713,-1.373291,-0.854492,-2.258301
18.823437,-0.086221,0.652044,10.027348,-0.127843,-0.439563,0.045145,-1.983643,-1.068115,-3.784180
18.833533,0.074844,0.589774,10.039922,0.033222,-0.501834,0.057719,-2.197266,-1.129150,-4.333496
18.843629,0.171843,0.576002,10.028546,0.130220,-0.515605,0.046343,-2.105713,-1.281738,-5.371094
18.853724,0.229323,0.564626,10.036928,0.187701,-0.526981,0.054725,-1.800537,-1.373291,-6.317139
18.863820,0.285007,0.580193,10.038724,0.243385,-0.511414,0.056522,-1.678467,-1.342773,-6.195068
18.873941,0.453856,0.588576,10.041718,0.412234,-0.503031,0.059515,-1.251221,-1.007080,-4.638672
18.884038,0.473615,0.595162,10.036329,0.431993,-0.496445,0.054127,-1.007080,-0.854492,-3.967285
18.894134,0.449066,0.605341,10.030941,0.407444,-0.486266,0.048738,-0.640869,-0.640869,-2.716064
18.904231,0.457449,0.629291,10.030941,0.415826,-0.462316,0.048738,-0.549316,-0.518799,-2.288818
18.914326,0.393382,0.629291,10.026749,0.351760,-0.462316,0.044547,-0.457764,-0.396729,-1.922607
18.924423,0.267643,0.632884,10.017768,0.226021,-0.458723,0.035565,-0.335693,-0.274658,-1.464844
18.934520,0.192200,0.628094,10.014774,0.150578,-0.463513,0.032572,-0.305176,-0.213623,-1.373291
18.944615,0.023351,0.616119,10.020163,-0.018271,-0.475488,0.037960,-0.152588,-0.152588,-1.617432
18.954711,-0.063468,0.613724,10.027947,-0.105090,-0.477883,0.045744,-0.091553,-0.152588,-1.861572
18.964808,-0.082029,0.614323,10.033934,-0.123652,-0.477285,0.051732,0.091553,-0.183105,-2.441406
18.974932,-0.047302,0.638871,10.029743,-0.088924,-0.452736,0.047540,0.091553,-0.152588,-2.380371
18.985066,-0.047302,0.642464,10.031539,-0.088924,-0.449143,0.049337,0.091553,-0.122070,-2.258301
18.995162,-0.013173,0.637674,10.032138,-0.054795,-0.453933,0.049935,-0.030518,-0.091553,-1.739502
19.005259,-0.055684,0.631088,10.035731,-0.097307,-0.460520,0.053528,-0.061035,-0.061035,-1.312256
19.015355,0.105381,0.630489,10.044113,0.063758,-0.461118,0.061911,0.091553,0.030518,0.061035
19.025451,0.123942,0.635878,10.033336,0.082320,-0.455730,0.051133,0.091553,0.091553,0.823975
19.035547,0.129331,0.638273,10.023755,0.087709,-0.453335,0.041553,0.152588,0.213623,2.197266
19.045643,0.208965,0.640668,10.018367,0.167343,-0.450940,0.036164,0.122070,0.244141,2.471924
19.055742,0.159868,0.622106,10.024953,0.118245,-0.469501,0.042750,0.061035,0.274658,3.265381
19.065839,0.053888,0.567620,10.039323,0.012265,-0.523988,0.057120,0.061035,0.335693,4.272461
19.075963,-0.037123,0.484393,10.046508,-0.078745,-0.607215,0.064306,0.091553,0.579834,6.164551
19.086060,-0.089813,0.406555,10.063872,-0.131436,-0.685053,0.081669,0.274658,1.495361,14.404297
19.096156,-0.062271,0.513133,10.052496,-0.103893,-0.578474,0.070293,0.183105,1.953125,18.096924
19.106253,-0.096998,0.440684,10.078841,-0.138621,-0.650924,0.096638,0.122070,2.899170,23.376465
19.116349,-0.207169,0.308359,10.073452,-0.248792,-0.783248,0.091249,0.091553,3.509521,28.808594
19.126446,-0.175435,0.323328,10.133328,-0.217058,-0.768280,0.151125,0.671387,4.791260,41.595459
19.136541,-0.458646,0.508942,10.032737,-0.500269,-0.582666,0.050534,0.701904,5.432129,48.492432
19.146638,-0.313149,0.387394,10.090816,-0.354771,-0.704213,0.108613,1.159668,6.835938,56.060791
19.156733,-0.374821,0.353864,10.173444,-0.416443,-0.737743,0.191242,1.770020,8.056641,69.244385
19.166830,-0.349074,0.273032,10.042916,-0.390697,-0.818575,0.060713,1.129150,8.911133,75.988770
19.176950,-0.505948,0.481998,10.013577,-0.547570,-0.609610,0.031374,0.701904,9.735107,89.508057
19.187047,-0.405956,1.247805,9.991423,-0.447578,0.156198,0.009220,0.579834,10.192871,96.588135
19.197144,-0.186213,1.208287,9.836345,-0.227835,0.116680,-0.145857,2.105713,12.298584,113.067627
19.207241,0.422122,1.059796,9.847722,0.380500,-0.031811,-0.134481,2.929688,12.786865,115.905762
19.217338,-0.023351,1.489103,10.004595,-0.064974,0.397496,0.022393,1.464844,12.359619,114.715576
19.227434,0.040117,1.630410,10.009385,-0.001506,0.538802,0.027183,1.586914,12.451172,118.469238
19.237533,0.189207,1.396895,10.094409,0.147584,0.305288,0.112206,1.739502,12.939453,122.924805
19.247630,0.117356,1.090931,10.093211,0.075734,-0.000676,0.111008,2.288818,13.336182,123.779297
19.257726,0.138312,1.039438,9.909393,0.096690,-0.052169,-0.072809,2.410889,12.908936,122.741699
19.267822,0.104782,0.968785,9.924961,0.063160,-0.122822,-0.057242,3.662109,13.610840,123.718262
19.277942,0.141905,0.750839,10.095606,0.100282,-0.340769,0.113403,3.601074,13.610840,123.107910
19.288038,-0.062869,0.874781,10.007589,-0.104492,-0.216826,0.025386,2.777100,13.214111,121.917725
19.298134,0.073048,0.944236,9.808204,0.031426,-0.147371,-0.173999,2.044678,13.336182,120.971680
19.308231,0.068857,0.938848,9.924362,0.027234,-0.152760,-0.057840,1.068115,12.939453,121.093750
19.318324,0.225731,0.751437,9.974059,0.184108,-0.340170,-0.008144,-0.122070,12.329102,116.333008
19.328417,0.141905,0.816702,10.002799,0.100282,-0.274906,0.020596,-0.671387,12.268066,113.616943
19.338513,-0.134720,0.919687,10.105785,-0.176342,-0.171920,0.123582,-0.854492,12.573242,111.846924
19.348610,-0.132924,0.704136,10.083032,-0.174546,-0.387471,0.100830,-0.762939,12.420654,113.098145
19.358707,-0.022753,0.341290,10.101594,-0.064375,-0.750317,0.119391,-0.518799,12.542725,115.234375
19.368803,-0.346080,0.611329,10.063872,-0.387703,-0.480279,0.081669,0.732422,13.061523,116.088867
19.378923,-0.222737,0.350272,10.051298,-0.264359,-0.741336,0.069096,0.732422,13.153076,115.570068
19.389057,-0.398771,0.664019,10.067465,-0.440393,-0.427588,0.085262,1.434326,13.183594,116.027832
19.399155,-0.395777,0.533491,10.111772,-0.437399,-0.558117,0.129570,2.075195,13.763428,117.370605
19.409252,-0.564027,0.788560,9.948911,-0.605650,-0.303047,-0.033292,3.997803,14.587402,118.621826
19.419348,-0.407752,0.683179,9.935739,-0.449375,-0.408428,-0.046464,3.723145,14.617920,119.598389
19.429445,-0.653840,0.820294,10.035132,-0.695463,-0.271313,0.052929,1.312256,13.854980,117.645264
19.439542,-0.519120,0.476609,10.003398,-0.560743,-0.614998,0.021195,0.152588,13.061523,114.593506
19.449637,-0.541274,0.689766,10.023157,-0.582897,-0.401842,0.040954,-1.892090,12.512207,110.504150
19.459734,-0.525707,0.614921,10.105186,-0.567329,-0.476686,0.122984,-1.953125,11.871338,109.924316
19.469830,-0.496967,0.329914,10.173444,-0.538589,-0.761693,0.191242,-1.953125,12.084961,110.351562
19.479950,-0.801134,0.487985,9.886042,-0.842756,-0.603622,-0.096161,-0.305176,11.657715,106.689453
19.490046,-0.473615,0.395777,9.980645,-0.515238,-0.695830,-0.001558,-1.251221,11.413574,105.834961
19.500142,-0.639470,0.117356,10.129136,-0.681093,-0.974251,0.146934,-1.068115,11.291504,103.668213
19.510237,-0.858016,0.448467,10.202783,-0.899638,-0.643140,0.220581,-1.159668,11.077881,105.590820
19.520329,-0.889151,1.020278,10.084230,-0.930773,-0.071329,0.102027,0.946045,11.474609,111.999512
19.530425,-0.313149,0.694556,9.644744,-0.354771,-0.397052,-0.337459,3.631592,14.068604,138.336182
19.540520,-0.350272,0.032932,10.186617,-0.391894,-1.058676,0.204414,2.441406,15.197754,145.996094
19.550616,-0.270038,0.964594,10.027348,-0.311661,-0.127013,0.045145,2.380371,15.594482,145.568848
19.560724,-0.386796,0.804727,10.119556,-0.428418,-0.286881,0.137354,1.800537,16.418457,147.521973
19.570820,-0.201182,0.202379,10.070458,-0.242804,-0.889228,0.088256,1.220703,17.089844,152.282715
19.580943,-0.202379,0.408950,9.977053,-0.244002,-0.682658,-0.005150,1.586914,17.120361,150.329590
19.591039,-0.402962,0.465831,9.927356,-0.444584,-0.625776,-0.054847,-0.793457,17.364502,149.108887
19.601134,-0.756227,0.376617,10.003398,-0.797850,-0.714990,0.021195,-0.457764,17.333984,146.209717
19.611230,-0.683778,0.553250,9.834549,-0.725401,-0.538358,-0.147654,-2.105713,18.096924,146.423340
19.621325,-0.367635,0.509540,9.893826,-0.409258,-0.582067,-0.088377,-1.495361,16.967773,143.310547
19.631420,-0.310155,0.440684,10.202783,-0.351777,-0.650924,0.220581,-3.509521,17.700195,145.050049
19.641516,-0.447869,0.369432,10.028546,-0.489491,-0.722175,0.046343,-2.166748,17.547607,145.812988
19.651612,-0.514330,0.036524,10.017169,-0.555953,-1.055083,0.034967,-3.112793,17.944336,147.766113
19.661707,-0.618514,0.055684,9.951905,-0.660136,-1.035923,-0.030298,-7.171631,18.646240,148.956299
19.671803,-0.354463,-0.327519,10.151290,-0.396085,-1.419126,0.169088,-8.392334,18.798828,149.932861
19.681923,-0.519719,-0.113763,9.987231,-0.561342,-1.205371,0.005029,-7.476807,18.005371,145.965576
19.692018,-0.106578,-0.147294,10.209370,-0.148201,-1.238901,0.227167,-8.392334,16.998291,135.864258
19.702113,0.134720,0.249681,10.053693,0.093097,-0.841926,0.071491,-7.141113,15.838623,128.967285
19.712209,0.092208,0.164059,10.063872,0.050586,-0.927548,0.081669,-5.401611,13.031006,112.213135
19.722306,-0.112566,0.462239,10.122550,-0.154188,-0.629368,0.140347,-4.730225,12.237549,107.330322
19.732402,-0.350272,0.443677,10.102791,-0.391894,-0.647930,0.120588,-2.624512,11.840820,107.818604
19.742498,-0.068258,0.542472,10.069261,-0.109881,-0.549135,0.087058,-1.708984,11.718750,108.917236
19.752593,0.016166,0.649050,10.072853,-0.025456,-0.442557,0.090651,-1.220703,11.077881,108.337402
19.762688,0.110770,0.813708,9.953701,0.069147,-0.277899,-0.028501,-0.518799,10.711670,107.086182
19.772784,0.041314,0.702339,10.031539,-0.000308,-0.389268,0.049337,0.213623,10.620117,106.750488
19.782905,0.052690,0.552651,10.038126,0.011068,-0.538956,0.055923,1.037598,9.399414,95.397949
19.793000,-0.221539,0.590372,10.081236,-0.263162,-0.501235,0.099033,0.640869,8.605957,88.836670
19.803096,-0.190404,0.514929,10.068063,-0.232026,-0.576678,0.085861,0.091553,7.110596,76.843262
19.813191,-0.420326,1.066981,10.013577,-0.461948,-0.024626,0.031374,0.152588,7.019043,76.660156
19.823286,-0.493374,0.941243,10.032737,-0.534996,-0.150365,0.050534,1.068115,7.659912,83.343506
19.833380,-0.509540,0.674198,10.027348,-0.551163,-0.417409,0.045145,1.281738,8.026123,85.968018
19.843476,-0.443677,0.475411,10.002799,-0.485300,-0.616196,0.020596,1.342773,7.568359,85.235596
19.853572,-0.459245,0.553250,10.068063,-0.500867,-0.538358,0.085861,1.647949,7.019043,84.014893
19.863672,-0.354463,0.441282,10.033336,-0.396085,-0.650325,0.051133,1.861572,6.958008,83.496094
19.873767,-0.481998,0.599952,10.003398,-0.523620,-0.491655,0.021195,1.800537,6.347656,74.676514
19.883891,-0.352068,0.594564,10.032737,-0.393690,-0.497044,0.050534,1.922607,6.164551,71.746826
19.893987,-0.564027,0.593366,10.018965,-0.605650,-0.498241,0.036763,1.800537,5.798340,66.436768
19.904084,-0.366438,0.475411,10.047107,-0.408060,-0.616196,0.064904,1.678467,5.584717,63.751221
19.914181,-0.375419,0.430505,10.034533,-0.417042,-0.661102,0.052330,1.831055,5.676270,61.859131
19.924276,-0.103585,0.455054,10.050699,-0.145207,-0.636554,0.068497,1.953125,5.340576,55.419922
19.934372,0.209564,0.405956,10.073452,0.167942,-0.685651,0.091249,2.197266,4.791260,50.842285
19.944467,0.126936,0.560435,10.027947,0.085314,-0.531173,0.045744,2.197266,3.814697,40.832520
19.954562,0.134121,0.555645,10.046508,0.092499,-0.535963,0.064306,2.014160,3.692627,37.750244
19.964658,0.078437,0.528701,10.052496,0.036814,-0.562907,0.070293,1.464844,2.960205,28.839111
19.974754,-0.134720,0.575403,10.041718,-0.176342,-0.516204,0.059515,1.190186,2.563477,24.963379
19.984877,-0.241298,0.577798,10.041119,-0.282921,-0.513809,0.058917,0.854492,2.258301,22.003174
19.994971,-0.299976,0.634680,10.045311,-0.341599,-0.456927,0.063108,0.427246,1.861572,18.127441
20.005067,-0.252675,0.699346,10.038724,-0.294297,-0.392262,0.056522,0.244141,1.617432,16.082764
20.015163,-0.234113,0.769999,10.022558,-0.275736,-0.321608,0.040355,-0.030518,1.068115,10.498047
20.025258,-0.268242,0.755030,10.021360,-0.309865,-0.336577,0.039158,-0.061035,0.854492,8.178711
20.035353,-0.308958,0.732277,10.022558,-0.350580,-0.359330,0.040355,-0.091553,0.579834,4.913330
20.045444,-0.324525,0.726290,10.031539,-0.366148,-0.365318,0.049337,-0.030518,0.549316,3.784180
20.055534,-0.339494,0.723895,10.036329,-0.381116,-0.367713,0.054127,0.061035,0.366211,2.288818
20.065632,-0.364043,0.708926,10.030941,-0.405665,-0.382681,0.048738,0.152588,0.305176,1.800537
20.075728,-0.373024,0.701142,10.027348,-0.414647,-0.390465,0.045145,0.274658,0.274658,1.434326
20.085859,-0.382006,0.711321,10.018965,-0.423628,-0.380286,0.036763,0.427246,0.213623,0.976562
20.095955,-0.379012,0.711321,10.023157,-0.420634,-0.380286,0.040954,0.427246,0.213623,0.793457
20.106051,-0.392783,0.710722,10.029743,-0.434406,-0.380885,0.047540,0.366211,0.244141,0.610352
20.116147,-0.407153,0.701741,10.028546,-0.448776,-0.389867,0.046343,0.274658,0.183105,0.793457
20.126240,-0.406555,0.702938,10.026749,-0.448177,-0.388669,0.044547,0.091553,0.152588,1.434326
20.136335,-0.402962,0.702339,10.029144,-0.444584,-0.389268,0.046942,0.061035,0.183105,1.770020
20.146430,-0.419727,0.693358,10.032138,-0.461350,-0.398249,0.049935,0.061035,0.213623,2.136230
20.156526,-0.349673,0.743654,10.027348,-0.391295,-0.347954,0.045145,0.061035,0.244141,2.349854
20.166621,-0.353265,0.744851,10.023755,-0.394888,-0.346756,0.041553,0.030518,0.213623,1.861572
20.176718,-0.358654,0.738265,10.018965,-0.400277,-0.353342,0.036763,-0.061035,0.152588,1.190186
20.186840,-0.364642,0.737067,10.023755,-0.406264,-0.354540,0.041553,-0.091553,0.152588,0.946045
20.196936,-0.374222,0.741857,10.029743,-0.415844,-0.349750,0.047540,-0.030518,0.122070,0.579834
20.207030,-0.378413,0.724493,10.033934,-0.420036,-0.367114,0.051732,0.000000,0.122070,0.427246
20.217126,-0.376617,0.723895,10.033934,-0.418239,-0.367713,0.051732,0.030518,0.122070,0.305176
20.227220,-0.386796,0.725092,10.023755,-0.428418,-0.366515,0.041553,0.122070,0.091553,0.183105
20.237317,-0.381407,0.717308,10.020762,-0.423029,-0.374299,0.038559,0.061035,0.061035,0.122070
20.247412,-0.382604,0.725092,10.026151,-0.424227,-0.366515,0.043948,-0.030518,0.030518,0.061035
20.257507,-0.379611,0.723296,10.031539,-0.421233,-0.368311,0.049337,-0.061035,0.030518,0.000000
20.267603,-0.375419,0.731080,10.024354,-0.417042,-0.360528,0.042152,-0.061035,0.030518,-0.061035
20.277699,-0.373623,0.728086,10.020762,-0.415245,-0.363521,0.038559,-0.091553,0.000000,-0.091553
20.287818,-0.379012,0.720901,10.018367,-0.420634,-0.370706,0.036164,-0.061035,-0.030518,-0.061035
20.297913,-0.379012,0.713117,10.022558,-0.420634,-0.378490,0.040355,-0.061035,0.000000,-0.061035
20.308010,-0.380808,0.716111,10.021360,-0.422431,-0.375496,0.039158,-0.091553,0.000000,-0.030518
20.318105,-0.383203,0.713716,10.020762,-0.424826,-0.377891,0.038559,-0.030518,0.061035,-0.091553
20.328198,-0.402363,0.688568,10.018965,-0.443986,-0.403039,0.036763,-0.030518,0.091553,0.061035
20.338294,-0.510139,0.590971,10.036329,-0.551762,-0.500636,0.054127,0.061035,0.274658,1.098633
20.348390,-0.580792,0.539478,10.044113,-0.622415,-0.552129,0.061911,0.122070,0.427246,2.899170
20.358486,-0.588576,0.475411,10.044712,-0.630198,-0.616196,0.062509,0.061035,0.671387,7.659912
20.368581,-0.608934,0.297581,10.050101,-0.650556,-0.794026,0.067898,-0.183105,0.762939,9.918213
20.378676,-0.567021,0.179028,10.074051,-0.608643,-0.912580,0.091848,-0.366211,0.823975,11.993408
20.388796,-0.685574,0.011975,10.099199,-0.727197,-1.079632,0.116996,-0.732422,0.793457,14.251709
20.398891,-0.654439,-0.150287,10.093810,-0.696062,-1.241895,0.111607,-0.640869,0.823975,14.465332
20.408987,-0.461640,-0.248483,10.120754,-0.503262,-1.340091,0.138551,-0.244141,0.762939,13.214111
20.419082,-0.478405,-0.023950,10.065070,-0.520028,-1.115557,0.082867,-0.244141,0.854492,12.176514
20.429179,-0.412542,-0.153281,10.102192,-0.454165,-1.244888,0.119990,-0.305176,1.342773,11.566162
20.439274,-0.238903,-0.259261,10.142309,-0.280526,-1.350868,0.160106,-0.183105,1.617432,12.115479
20.449369,-0.315544,-0.418530,10.075248,-0.357166,-1.510137,0.093046,-0.549316,2.288818,11.779785
20.459464,-0.328118,-0.307760,10.074051,-0.369740,-1.399367,0.091848,-0.488281,2.105713,9.765625
20.469559,-0.460443,-0.240699,10.050699,-0.502065,-1.332307,0.068497,-1.098633,2.716064,10.009766
20.479655,-0.304766,-0.512534,10.175839,-0.346389,-1.604141,0.193637,-1.556396,2.746582,9.918213
20.489774,-0.571212,-0.276625,10.240505,-0.612835,-1.368232,0.258302,-1.312256,2.441406,9.826660
20.499870,-0.664618,-0.404758,10.068662,-0.706240,-1.496366,0.086459,0.854492,0.061035,11.260986
20.509966,-0.225731,-0.243094,10.089020,-0.267353,-1.334702,0.106817,1.983643,-1.037598,10.955811
20.520062,-0.121547,-0.127535,10.060878,-0.163170,-1.219142,0.078676,2.502441,-1.953125,12.603760
20.530158,-0.080832,-0.335303,10.100396,-0.122454,-1.426910,0.118193,1.983643,-1.953125,9.429932
20.540253,-0.484991,-0.368833,9.980046,-0.526614,-1.460440,-0.002156,1.708984,-1.617432,6.347656
20.550349,-0.063468,-0.544268,10.071057,-0.105090,-1.635875,0.088854,0.823975,-2.044678,8.789062
20.560446,-0.398771,-0.320933,10.109976,-0.440393,-1.412540,0.127774,0.915527,-1.647949,5.584717
20.570541,-0.244891,0.182620,10.006990,-0.286513,-0.908987,0.024788,0.976562,-1.403809,6.195068
20.580637,-0.216749,-0.641266,10.027947,-0.258372,-1.732874,0.045744,2.655029,-2.166748,3.906250
20.590758,-0.013771,0.105381,10.105186,-0.055394,-0.986226,0.122984,4.364014,-3.540039,2.075195
20.600853,-0.262853,-0.166454,10.008787,-0.304476,-1.258061,0.026584,4.913330,-4.119873,2.502441
20.610949,-0.328118,0.000599,10.193802,-0.369740,-1.091008,0.211599,5.615234,-4.241943,2.655029
20.621046,-0.088616,-0.453856,10.067465,-0.130238,-1.545463,0.085262,6.286621,-5.554199,2.532959
20.631142,-0.389191,-0.134121,10.164463,-0.430813,-1.225728,0.182260,7.019043,-6.103516,0.640869
20.641237,-0.149689,-0.497565,10.015373,-0.191311,-1.589173,0.033170,5.249023,-5.493164,2.563477
20.651332,-0.329914,-0.452659,10.040521,-0.371536,-1.544266,0.058318,4.180908,-4.577637,2.349854
20.661428,-0.452659,-0.374222,10.232721,-0.494281,-1.465829,0.250518,2.624512,-4.516602,2.044678
20.671523,-0.382006,-0.547861,10.196197,-0.423628,-1.639468,0.213994,2.288818,-4.577637,0.976562
20.681619,-0.186213,-0.378413,10.020762,-0.227835,-1.470020,0.038559,2.990723,-4.730225,1.586914
20.691740,-0.346080,-0.398172,9.935739,-0.387703,-1.489779,-0.046464,3.143311,-4.394531,1.953125
20.701837,-0.317939,-0.211959,10.086026,-0.359561,-1.303566,0.103823,2.441406,-3.784180,2.777100
20.711932,-0.444875,-0.255070,10.118359,-0.486497,-1.346677,0.136156,1.556396,-2.288818,4.852295
20.722028,-0.546064,-0.080233,10.225536,-0.587687,-1.171840,0.243333,1.617432,-2.502441,5.828857
20.732125,-0.576002,-0.035327,10.039323,-0.617625,-1.126934,0.057120,1.098633,-1.098633,11.077881
20.742220,-0.219743,-0.022154,10.145901,-0.261365,-1.113761,0.163699,1.708984,-0.946045,11.535645
20.752317,-0.332908,-0.040117,9.963281,-0.374530,-1.131724,-0.018921,1.861572,-0.061035,9.857178
20.762414,-0.296982,0.325124,10.036329,-0.338605,-0.766483,0.054127,3.662109,0.366211,11.596680
20.772511,-0.449066,0.341889,9.954899,-0.490689,-0.749718,-0.027304,3.906250,1.342773,13.214111
20.782607,-0.327519,0.314346,10.012379,-0.369141,-0.777261,0.030176,2.563477,1.525879,9.857178
20.792795,-0.400567,0.056283,10.048304,-0.442189,-1.035324,0.066102,2.807617,2.319336,11.352539
20.802885,-0.343685,-0.050295,10.162068,-0.385308,-1.141903,0.179865,2.136230,2.410889,15.197754
20.812973,-0.310754,0.108375,9.957892,-0.352376,-0.983233,-0.024310,0.213623,2.044678,14.434814
20.823063,-0.293390,0.142504,10.096205,-0.335012,-0.949104,0.114002,-2.136230,2.105713,17.669678
20.833153,-0.115560,0.255070,10.065070,-0.157182,-0.836538,0.082867,-2.593994,2.227783,19.073486
20.843242,-0.207768,0.114961,10.238110,-0.249390,-0.976646,0.255907,-2.777100,1.159668,18.035889
20.853330,-0.428708,0.198787,10.297386,-0.470331,-0.892821,0.315184,-1.892090,1.068115,12.359619
20.863419,-0.541274,0.433499,10.067465,-0.582897,-0.658109,0.085262,-2.807617,0.152588,11.230469
20.873508,-0.653242,0.050894,9.939930,-0.694864,-1.040713,-0.042273,-5.187988,1.312256,13.946533
20.883596,-0.664019,-0.341889,10.103390,-0.705642,-1.433496,0.121187,-2.807617,0.610352,14.251709
20.893753,-0.749042,-0.034129,9.954899,-0.790665,-1.125736,-0.027304,-2.655029,-1.892090,10.925293
20.903848,-1.088536,0.032333,9.940529,-1.130159,-1.059274,-0.041674,-2.593994,-0.183105,9.735107
20.913944,-1.055006,-0.074844,9.986633,-1.096629,-1.166452,0.004430,-1.251221,1.220703,8.544922
20.924039,-0.435894,0.418530,10.287208,-0.477516,-0.673078,0.305005,1.586914,2.624512,7.019043
20.934135,-0.407153,0.577798,9.878857,-0.448776,-0.513809,-0.103346,3.692627,3.326416,7.995605
20.944231,0.023351,1.292113,9.978250,-0.018271,0.200506,-0.003953,6.011963,5.523682,7.568359
20.954326,0.135917,1.957928,9.961485,0.094295,0.866321,-0.020718,5.920410,4.333496,11.169434
20.964422,0.395178,1.477128,9.993818,0.353556,0.385521,0.011615,8.636475,2.410889,11.810303
20.974517,0.436492,1.307082,10.063872,0.394870,0.215475,0.081669,9.338379,2.166748,8.697510
20.984612,0.064666,1.580713,9.858499,0.023043,0.489106,-0.123704,9.613037,1.373291,7.232666
20.994772,0.370031,1.157393,10.036329,0.328408,0.065786,0.054127,7.537842,-0.061035,9.460449
21.004862,0.443079,1.489702,9.942924,0.401456,0.398095,-0.039279,5.493164,0.030518,7.232666
21.014950,0.419727,1.228046,10.050699,0.378105,0.136439,0.068497,3.173828,2.471924,9.674072
21.025041,0.395178,1.450783,9.850715,0.353556,0.359176,-0.131487,2.685547,2.899170,6.561279
21.035130,0.221539,1.469344,10.178234,0.179917,0.377737,0.196032,0.183105,1.525879,1.800537
21.045219,-0.086221,1.186133,10.009385,-0.127843,0.094526,0.027183,-0.946045,1.220703,3.540039
21.055308,-0.201182,1.047821,9.847123,-0.242804,-0.043786,-0.135080,-1.342773,1.586914,4.882812
21.065398,-0.098795,1.052611,9.789044,-0.140417,-0.038996,-0.193159,-1.678467,1.098633,5.615234
21.075487,0.017963,0.481399,10.044113,-0.023660,-0.610208,0.061911,-2.685547,1.983643,5.035400
21.085576,-0.019759,1.004112,9.760902,-0.061381,-0.087495,-0.221301,0.030518,0.396729,8.331299
21.095721,0.369432,1.066981,9.939331,0.327809,-0.024626,-0.042872,-3.448486,-1.708984,10.467529
21.105817,-0.008383,0.285606,10.089619,-0.050005,-0.806001,0.107416,0.640869,0.640869,8.056641
21.115913,0.222737,0.524509,10.025552,0.181114,-0.567098,0.043349,1.251221,0.457764,4.638672
21.126009,0.128134,0.743654,9.948911,0.086511,-0.347954,-0.033292,-0.030518,-1.068115,1.922607
21.136104,-0.151485,0.763412,10.014175,-0.193107,-0.328195,0.031973,-0.335693,-1.586914,5.340576
21.146199,-0.036524,0.422721,10.026749,-0.078146,-0.668886,0.044547,-0.396729,-2.136230,8.270264
21.156294,0.089813,0.341290,10.045311,0.048191,-0.750317,0.063108,-0.732422,-0.610352,4.669189
21.166390,0.092807,0.915496,10.017169,0.051185,-0.176111,0.034967,0.732422,-0.030518,3.967285
21.176485,0.452659,0.729882,10.006392,0.411036,-0.361725,0.024189,-0.305176,0.152588,1.037598
21.186581,0.371827,1.213676,10.162667,0.330204,0.122069,0.180464,-2.014160,0.915527,-0.061035
21.196748,0.153281,1.016686,10.145901,0.111659,-0.074921,0.163699,-2.075195,0.335693,1.037598
21.206837,0.122745,0.640069,9.882449,0.081122,-0.451538,-0.099753,-1.129150,0.305176,1.373291
21.216926,-0.070653,0.802930,9.966275,-0.112276,-0.288677,-0.015928,-1.464844,0.457764,1.617432
21.227015,-0.078437,0.299976,9.978250,-0.120059,-0.791631,-0.003953,-1.861572,0.000000,8.361816
21.237105,-0.353265,1.099913,10.054891,-0.394888,0.008305,0.072688,-0.579834,0.762939,12.268066
21.247194,-0.098196,0.262853,10.046508,-0.139818,-0.828754,0.064306,-3.448486,1.464844,16.906738
21.257283,-0.317939,0.402962,10.416539,-0.359561,-0.688645,0.434336,-2.685547,2.166748,9.552002
21.267372,-0.226329,0.686772,10.141111,-0.267952,-0.404835,0.158909,1.953125,1.922607,4.577637
21.277461,-0.215552,0.644859,10.008787,-0.257174,-0.446748,0.026584,1.037598,2.532959,5.767822
21.287550,-0.320933,0.628094,10.066866,-0.362555,-0.463513,0.084663,0.671387,2.441406,6.500244
21.297704,-0.328118,1.663341,9.947714,-0.369740,0.571734,-0.034489,-1.312256,2.471924,9.002686
21.307801,-0.269440,1.835184,9.839938,-0.311062,0.743576,-0.142265,-2.166748,3.448486,13.641357
21.317897,0.211360,0.158071,10.134525,0.169738,-0.933536,0.152322,-2.899170,3.448486,27.099609
21.327992,-0.231718,1.545985,9.892628,-0.273341,0.454378,-0.089574,-0.640869,3.479004,22.796631
21.338089,0.228724,0.558638,10.015972,0.187102,-0.532969,0.033769,0.915527,3.326416,23.925781
21.348184,-0.167053,1.907034,10.017169,-0.208675,0.815427,0.034967,1.159668,2.838135,22.186279
21.358279,0.303569,1.046624,9.860894,0.261946,-0.044984,-0.121308,1.556396,2.075195,24.993896
21.368374,-0.025746,1.419648,10.174043,-0.067369,0.328041,0.191840,1.251221,2.044678,20.599365
21.378470,-0.044907,1.221460,9.989626,-0.086529,0.129853,0.007424,2.746582,2.532959,19.256592
21.388566,-0.106578,0.964594,9.882449,-0.148201,-0.127013,-0.099753,4.913330,0.366211,5.920410
21.398729,-0.358654,1.613046,9.923763,-0.400277,0.521438,-0.058439,4.394531,-0.701904,0.579834
21.408819,-0.255668,0.910706,9.739946,-0.297291,-0.180901,-0.242257,5.157471,0.427246,3.875732
21.418909,-0.601749,1.356779,9.837543,-0.643371,0.265171,-0.144660,3.601074,0.671387,4.913330
21.428997,-0.638273,1.454974,9.957892,-0.679895,0.363367,-0.024310,2.441406,0.701904,4.974365
21.439086,-0.910706,1.817221,9.968670,-0.952329,0.725614,-0.013533,2.319336,1.068115,7.843018
21.449176,-1.305884,1.703458,10.202184,-1.347507,0.611850,0.219982,-1.892090,1.251221,11.566162
21.459265,-1.371149,0.685574,9.963281,-1.412771,-0.406033,-0.018921,1.434326,1.739502,11.535645
21.469355,-1.038241,1.132245,9.692644,-1.079863,0.040638,-0.289559,-1.373291,2.319336,12.634277
21.479443,-0.472418,0.076641,9.775272,-0.514040,-1.014967,-0.206930,-0.579834,2.441406,25.299072
21.489532,-0.313149,0.432301,9.713002,-0.354771,-0.659306,-0.269201,-1.312256,2.838135,22.583008
21.499685,0.119152,0.640069,9.914183,0.077530,-0.451538,-0.068019,-1.159668,1.342773,16.326904
21.509781,-0.102387,0.448467,9.753717,-0.144010,-0.643140,-0.228486,-1.678467,1.800537,14.343262
21.519877,0.486788,0.370031,10.182426,0.445165,-0.721577,0.200223,-2.166748,1.129150,9.979248
21.529972,-0.133522,-0.408950,9.874067,-0.175145,-1.500557,-0.108136,1.922607,-0.152588,3.692627
21.540067,-0.290396,-0.080832,9.960886,-0.332019,-1.172439,-0.021316,0.518799,-0.946045,-2.777100
21.550163,-0.541274,0.810115,10.038724,-0.582897,-0.281492,0.056522,-0.091553,-1.617432,-7.690430
21.560257,-0.219144,0.129930,10.251282,-0.260767,-0.961677,0.269080,-0.457764,-1.342773,-10.345459
21.570353,-0.085622,0.942440,9.855505,-0.127244,-0.149167,-0.126697,0.915527,-2.349854,-16.571045
21.580448,-0.180824,1.025068,10.011780,-0.222446,-0.066539,0.029578,0.976562,-2.136230,-14.587402
21.590544,-0.174836,0.850831,10.054891,-0.216459,-0.240777,0.072688,0.549316,-1.678467,-14.923096
21.600663,-0.419128,0.507744,10.024354,-0.460751,-0.583863,0.042152,2.166748,-2.044678,-16.021729
21.610759,-0.609532,0.619711,9.937535,-0.651155,-0.471896,-0.044668,1.953125,-1.892090,-15.716553
21.620855,-0.260458,0.380808,10.113569,-0.302081,-0.710799,0.131366,0.335693,-1.953125,-13.488770
21.630952,-0.406555,0.374821,10.077045,-0.448177,-0.716787,0.094842,0.030518,-2.105713,-13.427734
21.641048,-0.638273,0.459245,10.250085,-0.679895,-0.632362,0.267882,-1.129150,-1.312256,-12.786865
21.651145,-0.587379,0.356259,10.072853,-0.629001,-0.735348,0.090651,-0.671387,-1.434326,-11.505127
21.661238,-0.476010,-0.077838,9.930948,-0.517633,-1.169445,-0.051254,-0.885010,-0.762939,-8.300781
21.671333,-1.071771,0.704734,10.118958,-1.113394,-0.386873,0.136755,-1.800537,-0.518799,-1.678467
21.681429,-1.204695,0.592169,10.051298,-1.246317,-0.499439,0.069096,-2.746582,0.396729,5.828857
21.691524,-1.231040,0.135917,9.905202,-1.272662,-0.955690,-0.077001,-3.173828,0.549316,8.239746
21.701703,-1.602268,0.758622,9.942325,-1.643891,-0.332985,-0.039878,-5.828857,1.342773,9.613037
21.711793,-1.095123,1.383124,10.782378,-1.136745,0.291517,0.800175,-6.622314,4.028320,11.230469
21.721883,-0.466430,1.024470,10.107581,-0.508052,-0.067138,0.125379,-4.089355,3.417969,14.709473
21.731972,-0.417931,0.017364,10.297985,-0.459553,-1.074243,0.315783,-0.366211,1.098633,11.413574
21.742061,-0.770598,2.090253,9.999805,-0.812220,0.998646,0.017603,0.213623,0.122070,14.709473
21.752150,-0.193398,0.113763,10.134525,-0.235020,-0.977844,0.152322,-0.305176,-0.396729,17.761230
21.762239,-0.171244,1.208287,9.920171,-0.212866,0.116680,-0.062032,1.373291,-1.861572,10.650635
21.772328,-0.074844,0.860411,10.111772,-0.116467,-0.231196,0.129570,2.349854,-1.281738,7.751465
21.782417,-0.114362,0.619113,9.766291,-0.155985,-0.472495,-0.215912,5.798340,-0.213623,4.302979
21.792506,-0.151485,1.220262,10.177635,-0.193107,0.128655,0.195433,5.493164,-0.366211,4.089355
21.802662,0.138911,1.596879,10.023755,0.097289,0.505272,0.041553,2.105713,-0.091553,7.751465
21.812757,0.067061,2.102827,9.856703,0.025438,1.011220,-0.125500,1.861572,2.563477,14.892578
21.822853,0.458047,0.814905,9.989028,0.416425,-0.276702,0.006825,-1.281738,2.502441,5.432129
21.832948,-0.155078,1.778302,9.784852,-0.196700,0.686695,-0.197350,1.190186,0.976562,-5.096436
21.843044,-0.013771,1.554966,9.868079,-0.055394,0.463359,-0.114123,0.946045,1.068115,-9.155273
21.853187,0.615520,1.816622,9.907597,0.573898,0.725015,-0.074606,-1.373291,1.678467,3.265381
21.863284,0.213755,1.190325,10.250684,0.172133,0.098717,0.268481,3.540039,0.793457,7.629395
21.873380,-0.233514,0.893941,9.610016,-0.275137,-0.197666,-0.372187,1.464844,-1.159668,0.183105
21.883476,0.146695,0.574805,9.914183,0.105073,-0.516803,-0.068019,2.990723,-0.762939,-6.622314
21.893571,-0.110770,2.059118,9.980046,-0.152392,0.967511,-0.002156,2.746582,0.610352,1.586914
21.903733,-0.080233,-0.071252,10.041119,-0.121856,-1.162859,0.058917,2.990723,1.037598,1.129150
21.913822,0.051493,0.781375,10.012379,0.009870,-0.310232,0.030176,3.692627,0.518799,-8.361816
21.923911,-0.232317,0.257465,10.089020,-0.273939,-0.834143,0.106817,0.946045,-0.579834,-9.002686
21.934001,-0.168849,0.995131,9.998009,-0.210471,-0.096477,0.015806,-1.037598,-1.281738,-8.911133
21.944090,-0.404758,0.775388,9.877061,-0.446381,-0.316220,-0.105142,-1.037598,-1.556396,-9.979248
21.954180,-0.349074,0.049697,10.047706,-0.390697,-1.041911,0.065503,-1.831055,-1.251221,-7.873535
21.964270,-0.452659,0.901725,9.933344,-0.494281,-0.189882,-0.048859,-2.685547,-1.586914,-6.042480
21.974359,-0.528701,-0.099992,10.043514,-0.570323,-1.191599,0.061312,-2.899170,-1.281738,-4.089355
21.984448,-0.587977,0.531096,9.845925,-0.629600,-0.560512,-0.136277,-4.211426,-1.251221,-8.697510
21.994537,-0.450862,0.699944,10.349478,-0.492485,-0.391663,0.367275,-1.586914,-1.464844,-13.641357
22.004695,-0.537083,0.661624,9.963880,-0.578706,-0.429983,-0.018323,2.105713,-2.105713,-14.251709
22.014791,-0.533491,1.064586,10.621313,-0.575113,-0.027021,0.639110,-0.518799,-0.183105,-9.307861
22.024886,-0.551453,1.474135,10.017768,-0.593076,0.382527,0.035565,2.838135,-1.739502,-9.887695
22.034982,-0.288001,1.426234,10.138716,-0.329624,0.334627,0.156514,-0.122070,-1.373291,-8.636475
22.045196,-0.118553,1.440005,9.912387,-0.160176,0.348398,-0.069816,0.579834,-1.983643,-2.990723
22.055292,0.229323,1.782493,10.007589,0.187701,0.690886,0.025386,-2.410889,-0.640869,0.091553
22.065387,-0.212558,1.143023,10.059082,-0.254180,0.051416,0.076879,0.061035,0.030518,-1.892090
22.075483,-0.081431,1.975292,9.866283,-0.123053,0.883685,-0.115920,2.441406,0.274658,-2.929688
22.085579,0.017364,1.513054,9.975855,-0.024259,0.421446,-0.006348,0.885010,0.640869,-4.699707
22.095675,0.129331,1.565744,9.946516,0.087709,0.474137,-0.035687,-0.457764,-0.946045,-6.317139
22.105835,-0.329315,1.183738,9.987830,-0.370938,0.092131,0.005628,-0.122070,-2.502441,-6.408691
22.115925,-0.233514,1.065784,10.068063,-0.275137,-0.025824,0.085861,-1.861572,-1.220703,-8.148193
22.126013,-0.578397,0.767005,9.776470,-0.620020,-0.324602,-0.205733,-1.525879,-2.441406,-13.793945
22.136101,-0.875978,1.286125,9.717193,-0.917601,0.194518,-0.265010,0.274658,-0.305176,-15.441895
22.146191,-0.664019,1.306483,9.945319,-0.705642,0.214876,-0.036884,0.183105,-0.701904,-12.084961
22.156281,0.011376,0.950823,9.728569,-0.030246,-0.140784,-0.253633,-0.518799,-0.976562,-15.869141
22.166371,-0.207768,0.835263,9.787247,-0.249390,-0.256344,-0.194955,-1.953125,-2.166748,-20.812988
22.176457,-0.791554,0.823288,10.163864,-0.833176,-0.268319,0.181661,4.486084,-4.241943,-20.111084
22.186546,-0.094603,0.592169,9.851913,-0.136226,-0.499439,-0.130290,6.195068,-1.098633,-15.930176
22.196634,-0.034728,1.526825,9.721983,-0.076350,0.435218,-0.260220,5.523682,-0.244141,-5.371094
22.206789,0.084424,0.686173,10.002799,0.042802,-0.405434,0.020596,3.845215,-0.061035,-3.845215
22.216884,0.005988,0.873583,10.045909,-0.035635,-0.218024,0.063707,1.678467,-0.946045,-4.302979
22.226980,0.359852,0.597557,10.036928,0.318229,-0.494050,0.054725,-1.190186,-2.380371,-5.035400
22.237077,0.655637,0.476609,9.824969,0.614014,-0.614998,-0.157234,-0.854492,-2.593994,-6.011963
22.247172,-1.028062,0.750839,10.539283,-1.069685,-0.340769,0.557081,-1.953125,-1.770020,-12.969971
22.257267,0.117955,0.583187,10.311158,0.076332,-0.508420,0.328955,-6.134033,-2.685547,-12.237549
22.267363,-0.143701,0.674198,10.375225,-0.185324,-0.417409,0.393022,-6.378174,-1.922607,-12.023926
22.277459,-0.124541,-0.012574,9.695039,-0.166163,-1.104181,-0.287164,-2.868652,0.579834,-17.150879
22.287555,0.183818,1.359772,10.336904,0.142195,0.268165,0.354702,-0.732422,-2.746582,-18.524170
22.297649,-0.741857,0.261057,10.275233,-0.783480,-0.830550,0.293030,0.396729,-2.624512,-22.369385
22.307768,-0.819695,1.174757,9.805809,-0.861318,0.083150,-0.176394,1.403809,-3.631592,-30.883789
22.317863,-0.780776,1.666934,9.642349,-0.822399,0.575326,-0.339854,6.744385,-2.868652,-34.332275
22.327958,-0.580193,1.855541,9.947115,-0.621816,0.763934,-0.035088,4.669189,-3.021240,-30.090332
22.338053,-0.525108,1.495091,9.816586,-0.566730,0.403484,-0.165616,4.730225,-1.953125,-23.681641
22.348149,-0.269440,1.731000,9.135802,-0.311062,0.639393,-0.846401,2.868652,-1.159668,-15.258789
22.358244,-0.417931,2.377656,9.968670,-0.459553,1.286048,-0.013533,-3.051758,-1.586914,1.281738
22.368340,-0.401765,1.266965,10.144105,-0.443387,0.175358,0.161903,-0.915527,-0.091553,2.777100
22.378434,0.031135,1.486708,10.381212,-0.010487,0.395101,0.399010,-2.624512,-0.762939,3.143311
22.388530,0.453257,1.247805,9.626182,0.411635,0.156198,-0.356020,-1.098633,-2.258301,-2.075195
22.398622,0.632285,0.293390,9.448951,0.590663,-0.798217,-0.533252,-5.401611,0.244141,-10.162354
22.408742,-0.026345,0.812510,9.771680,-0.067968,-0.279097,-0.210523,-5.706787,-0.061035,-16.021729
22.418838,-0.290995,0.541274,10.118359,-0.332617,-0.550333,0.136156,-7.080078,-0.915527,-19.958496
22.428933,-0.738864,0.835263,9.978250,-0.780486,-0.256344,-0.003953,-4.699707,-2.929688,-15.075684
22.439029,-0.807122,1.013692,10.170450,-0.848744,-0.077915,0.188248,-3.509521,-2.929688,-15.106201
22.449124,-0.509540,1.089734,10.100396,-0.551163,-0.001873,0.118193,-3.967285,-1.861572,-9.338379
22.459219,-0.500559,0.955613,10.103989,-0.542182,-0.135994,0.121786,-2.288818,-1.403809,-4.852295
22.469316,-0.305365,0.843646,9.836944,-0.346987,-0.247962,-0.145259,-0.457764,-1.403809,-2.532959
22.479413,-0.449066,1.092728,10.066267,-0.490689,0.001120,0.084064,-1.220703,-1.220703,2.777100
22.489508,-0.204175,0.977168,10.171049,-0.245798,-0.114439,0.188847,-0.396729,-1.342773,1.770020
22.499604,-0.414937,0.456850,9.975256,-0.456560,-0.634757,-0.006946,1.403809,-1.770020,-1.647949
22.509769,-0.476010,0.429906,10.143506,-0.517633,-0.661701,0.161304,0.305176,-2.899170,-1.831055
22.519858,-0.349673,0.901126,10.021959,-0.391295,-0.190481,0.039757,-1.129150,-2.227783,-1.861572
22.529948,-0.133522,0.380209,10.126741,-0.175145,-0.711398,0.144539,-1.831055,-1.983643,-1.434326
22.540037,0.058079,0.631088,10.132729,0.016457,-0.460520,0.150526,-1.129150,-1.953125,-2.075195
22.550125,0.155078,0.882565,10.092612,0.113455,-0.209043,0.110410,-2.502441,-1.800537,-1.281738
22.560214,0.280217,1.290916,10.048903,0.238595,0.199308,0.066701,-4.058838,-0.732422,-4.638672
22.570302,0.161664,0.562830,10.027348,0.120041,-0.528778,0.045145,-1.861572,0.671387,-10.742188
22.580391,0.314346,0.905317,10.042916,0.272724,-0.186290,0.060713,-1.525879,0.244141,-11.230469
22.590478,0.118553,1.029858,9.996213,0.076931,-0.061749,0.014010,-4.058838,-0.366211,-7.324219
22.600566,0.210163,0.496967,9.937535,0.168541,-0.594641,-0.044668,-4.943848,-1.037598,-5.889893
22.610715,0.215552,0.665815,10.022558,0.173929,-0.425792,0.040355,-1.556396,-0.366211,-6.469727
22.620811,0.346080,0.880170,9.914782,0.304458,-0.211438,-0.067421,-1.739502,-0.885010,-4.577637
22.630906,0.192200,0.749641,9.968071,0.150578,-0.341966,-0.014131,-1.495361,-0.579834,-6.958008
22.641002,0.129930,0.684976,9.886641,0.088307,-0.406632,-0.095562,-0.457764,0.396729,-11.138916
22.651097,-0.027543,0.895139,10.034533,-0.069165,-0.196469,0.052330,-1.495361,1.495361,-11.413574
22.661193,-0.362845,1.111289,9.860295,-0.404468,0.019682,-0.121907,-0.579834,0.701904,-12.603760
22.671288,-0.350870,1.212479,10.090816,-0.392493,0.120871,0.108613,-3.051758,-0.366211,-11.779785
22.681384,-0.322729,0.947230,10.003398,-0.364351,-0.144377,0.021195,-2.502441,-0.885010,-8.850098
22.691479,-0.491578,0.842448,9.974658,-0.533200,-0.249159,-0.007545,-1.678467,-0.549316,-4.791260
22.701575,-0.310754,0.921484,10.079440,-0.352376,-0.170123,0.097237,1.708984,-1.068115,-4.364014
22.711739,-0.205373,0.940045,9.983040,-0.246995,-0.151562,0.000838,2.380371,-0.640869,-5.889893
22.721829,-0.317939,1.174158,9.833351,-0.359561,0.082551,-0.148851,2.868652,-0.274658,-6.317139
22.731918,-0.320334,1.076561,9.926757,-0.361956,-0.015046,-0.055445,1.739502,0.091553,1.190186
22.742007,-0.194595,1.373544,10.016570,-0.236218,0.281936,0.034368,2.044678,0.518799,1.373291
22.752096,0.008981,1.301094,9.951905,-0.032641,0.209487,-0.030298,2.227783,0.793457,2.532959
22.762185,0.183219,0.990939,9.930350,0.141597,-0.100668,-0.051853,-1.922607,0.244141,5.676270
22.772274,0.405357,0.928669,10.138716,0.363735,-0.162938,0.156514,0.122070,0.000000,4.638672
22.782362,0.343685,1.441203,10.003398,0.302063,0.349596,0.021195,-0.854492,-0.305176,1.129150
22.792450,0.323926,1.310076,9.914183,0.282304,0.218468,-0.068019,0.732422,0.823975,-1.434326
22.802539,0.311353,1.382525,9.986633,0.269730,0.290918,0.004430,-1.190186,-0.579834,-4.180908
22.812695,-0.064067,1.140628,9.957892,-0.105689,0.049021,-0.024310,-0.854492,-0.946045,-3.448486
22.822790,-0.188608,1.066382,9.953701,-0.230230,-0.025225,-0.028501,-1.007080,-1.953125,-3.540039
22.832886,-0.143701,1.266367,10.008787,-0.185324,0.174759,0.026584,-0.488281,-1.373291,-0.823975
22.842980,-0.057480,1.018482,9.873468,-0.099103,-0.073125,-0.108735,0.854492,-0.823975,-0.061035
22.853076,-0.084424,1.223855,9.891431,-0.126047,0.132248,-0.090772,3.662109,-0.030518,-2.502441
22.863172,-0.177830,1.445993,10.051897,-0.219453,0.354386,0.069694,3.448486,-0.427246,-1.251221
22.873267,-0.080233,1.283132,9.827963,-0.121856,0.191524,-0.154240,4.425049,-0.885010,1.312256
22.883362,-0.146096,1.073568,9.886042,-0.187719,-0.018040,-0.096161,2.929688,-0.823975,1.434326
22.893458,-0.317340,1.223855,9.921368,-0.358963,0.132248,-0.060834,2.075195,-0.366211,-2.227783
22.903553,-0.217947,1.717828,10.163265,-0.259569,0.626221,0.181063,1.495361,0.274658,-1.434326
22.913712,-0.196392,1.084345,9.933344,-0.238014,-0.007262,-0.048859,1.312256,0.396729,-1.922607
22.923800,-0.212558,1.072370,9.948312,-0.254180,-0.019237,-0.033890,1.617432,-0.244141,-2.563477
22.933888,-0.238304,1.093925,9.821975,-0.279927,0.002318,-0.160228,1.373291,0.213623,-1.586914
22.943976,-0.353265,1.512455,9.977053,-0.394888,0.420848,-0.005150,0.061035,0.366211,2.227783
22.954064,-0.282014,1.298101,9.905801,-0.323636,0.206493,-0.076402,0.732422,1.159668,5.218506
22.964152,-0.246687,0.864003,10.043514,-0.288309,-0.227604,0.061312,0.518799,0.488281,8.514404
22.974240,-0.507744,1.243015,9.844728,-0.549367,0.151408,-0.137475,2.349854,0.823975,9.552002
22.984328,-0.279619,0.905916,9.833950,-0.321241,-0.185691,-0.148252,2.166748,0.549316,9.796143
22.994416,-0.302970,1.404679,10.076446,-0.344592,0.313072,0.094243,2.777100,0.396729,5.920410
23.004505,-0.258662,1.298101,10.104587,-0.300285,0.206493,0.122385,2.655029,0.335693,7.263184
23.014657,-0.091011,1.056204,10.001003,-0.132633,-0.035404,0.018800,1.281738,-0.061035,6.988525
23.024752,-0.115560,1.308878,10.020762,-0.157182,0.217271,0.038559,0.793457,-0.213623,8.514404
23.034846,-0.353864,1.110690,10.065070,-0.395487,0.019083,0.082867,-0.427246,0.061035,8.026123
23.044941,-0.352667,1.139431,10.001602,-0.394289,0.047823,0.019399,-0.579834,0.854492,8.880615
23.055035,-0.310155,1.145418,10.072255,-0.351777,0.053811,0.090052,0.335693,2.136230,10.986328
23.065130,-0.607137,1.406475,10.054292,-0.648760,0.314868,0.072089,1.037598,2.014160,12.603760
23.075225,-0.479004,1.014890,10.058483,-0.520626,-0.076718,0.076281,2.014160,1.068115,13.885498
23.085319,-0.343685,1.584904,9.713600,-0.385308,0.493297,-0.268602,0.976562,1.708984,16.296387
23.095414,-0.365839,0.586780,10.029144,-0.407462,-0.504827,0.046942,-1.129150,1.464844,17.883301
23.105510,-0.086221,0.684377,10.245894,-0.127843,-0.407230,0.263691,-2.624512,1.190186,20.751953
23.115673,-0.325723,0.625100,10.241104,-0.367345,-0.466507,0.258901,-0.762939,0.640869,17.852783
23.125762,-0.189207,0.553250,10.284813,-0.230829,-0.538358,0.302610,0.274658,-0.183105,11.871338
23.135851,-0.208965,0.189207,10.103390,-0.250588,-0.902401,0.121187,0.579834,1.037598,12.329102
23.145939,-0.462239,-0.134720,9.988429,-0.503861,-1.226327,0.006226,0.823975,1.037598,10.894775
23.156028,-0.745450,0.383802,9.978250,-0.787072,-0.707805,-0.003953,-1.586914,0.885010,4.638672
23.166116,-0.890349,0.657433,10.137519,-0.931971,-0.434174,0.155316,-1.647949,1.159668,3.753662
23.176205,-0.805924,0.540077,10.007589,-0.847547,-0.551530,0.025386,-1.556396,0.762939,2.593994
23.186293,-0.657433,0.620909,9.921368,-0.699055,-0.470698,-0.060834,-1.617432,0.244141,3.387451
23.196382,-0.525108,0.872386,10.130334,-0.566730,-0.219221,0.148131,-0.183105,0.885010,7.019043
23.206470,-0.601150,0.883163,9.908795,-0.642772,-0.208444,-0.073408,0.671387,1.708984,7.934570
23.216627,-0.253872,0.992736,10.053693,-0.295495,-0.098872,0.071491,1.068115,2.044678,8.483887
23.226722,0.429906,1.228645,9.938732,0.388284,0.137038,-0.043470,1.556396,2.502441,22.338867
23.236819,-0.040715,0.849633,10.106384,-0.082338,-0.241974,0.124181,3.295898,1.190186,22.644043
23.246914,0.244891,0.908311,9.814191,0.203268,-0.183296,-0.168011,3.021240,0.976562,13.061523
23.257112,-0.010778,0.730481,10.253079,-0.052400,-0.361126,0.270876,1.098633,1.007080,7.781982
23.267211,0.028740,0.825683,10.102791,-0.012882,-0.265924,0.120588,0.335693,0.061035,5.859375
23.277309,0.242496,0.492775,10.123149,0.200873,-0.598832,0.140946,-0.579834,-0.244141,2.563477
23.287405,0.111368,0.086221,10.337503,0.069746,-1.005387,0.355300,-0.946045,-0.732422,-6.927490
23.297493,-0.261656,0.155078,10.003997,-0.303278,-0.936530,0.021794,-0.823975,-0.671387,-9.918213
23.307584,-0.308958,0.438887,10.016570,-0.350580,-0.652720,0.034368,-1.525879,-0.335693,-10.498047
23.317707,-0.230521,0.078437,10.073452,-0.272143,-1.013170,0.091249,-1.678467,-0.244141,-7.263184
23.327807,-0.140109,0.268242,10.102192,-0.181731,-0.823365,0.119990,-0.976562,-0.610352,-7.476807
23.337904,-0.628094,0.686772,9.968670,-0.669716,-0.404835,-0.013533,-1.464844,-0.244141,-6.378174
23.348000,-0.343087,0.300575,10.058483,-0.384709,-0.791032,0.076281,-1.220703,-1.068115,-5.401611
23.358098,-0.130529,0.473016,10.122550,-0.172151,-0.618591,0.140347,1.647949,-1.983643,-7.843018
23.368194,-0.000599,0.683179,9.876462,-0.042221,-0.408428,-0.105741,1.770020,-2.929688,-4.394531
23.378290,0.153880,0.921484,10.051897,0.112258,-0.170123,0.069694,-0.366211,-2.777100,-2.777100
23.388386,0.090412,0.780178,10.153685,0.048790,-0.311430,0.171483,-0.823975,-0.549316,-7.385254
23.398482,0.143102,0.796943,10.100995,0.101480,-0.294664,0.118792,-0.946045,-0.946045,-6.500244
23.408577,0.099992,0.749042,10.087822,0.058370,-0.342565,0.105620,-2.685547,-0.427246,-4.913330
23.418700,0.073048,0.626298,10.074650,0.031426,-0.465310,0.092447,-1.129150,-0.579834,-4.333496
23.428795,0.123344,0.432900,9.951905,0.081721,-0.658707,-0.030298,-1.556396,0.030518,-5.889893
23.438891,0.243693,0.791554,10.208172,0.202071,-0.300053,0.225969,-2.624512,0.305176,-5.249023
23.448986,0.344883,0.721500,10.023157,0.303260,-0.370108,0.040954,-1.007080,0.518799,-3.845215
23.459083,-0.082029,0.547861,9.988429,-0.123652,-0.543747,0.006226,-2.044678,0.823975,-0.274658
23.469179,0.060474,0.631686,10.044113,0.018852,-0.459921,0.061911,-2.136230,0.976562,-1.434326
23.479276,-0.155078,0.758024,10.018367,-0.196700,-0.333584,0.036164,-1.434326,0.946045,1.831055
23.489372,-0.232916,0.544268,10.075248,-0.274538,-0.547339,0.093046,-0.183105,0.854492,1.464844
23.499468,-0.338297,0.605341,9.986034,-0.379919,-0.486266,0.003831,-0.701904,0.152588,-0.427246
23.509564,-0.207169,0.587379,10.045311,-0.248792,-0.504229,0.063108,-0.183105,-0.732422,-1.617432
23.519686,-0.368234,0.978365,10.092612,-0.409857,-0.113242,0.110410,0.274658,-1.220703,-3.295898
23.529783,-0.258662,0.786764,10.012978,-0.300285,-0.304843,0.030775,0.610352,-1.434326,-4.699707
23.539879,-0.210163,0.608934,10.009385,-0.251785,-0.482674,0.027183,1.068115,-1.525879,-5.187988
23.549976,-0.293390,0.972977,9.997410,-0.335012,-0.118631,0.015208,0.762939,-1.373291,-4.394531
23.560072,-0.067659,1.201102,10.030941,-0.109282,0.109495,0.048738,0.701904,-0.976562,-3.753662
23.570168,0.085023,1.183738,9.885443,0.043401,0.092131,-0.096760,0.488281,-0.793457,-2.899170
23.580264,0.098795,1.165177,9.964479,0.057172,0.073570,-0.017724,0.579834,-1.251221,-5.706787
23.590361,0.158670,1.029260,9.811198,0.117048,-0.062348,-0.171005,0.244141,-0.946045,-12.390137
23.600457,-0.187410,1.257385,10.105785,-0.229033,0.165778,0.123582,1.434326,-1.373291,-14.129639
23.610553,-0.240699,1.185535,9.980645,-0.282322,0.093927,-0.001558,0.244141,-1.739502,-14.343262
23.620674,-0.777184,2.294429,9.871672,-0.818806,1.202821,-0.110531,-1.220703,0.122070,-5.767822
23.630770,-0.486788,1.044827,9.869875,-0.528410,-0.046780,-0.112327,-3.509521,0.427246,2.899170
23.640866,-0.277224,0.346080,9.933344,-0.318846,-0.745527,-0.048859,-1.068115,-1.800537,-6.622314
23.650962,-0.401765,1.467548,9.931547,-0.443387,0.375941,-0.050655,-0.579834,-1.708984,-14.251709
23.661058,0.122745,1.486708,10.056687,0.081122,0.395101,0.074484,2.105713,-1.342773,-17.761230
23.671154,-0.008383,1.509461,10.097402,-0.050005,0.417854,0.115200,1.525879,-0.732422,-18.707275
23.681252,0.047900,1.614842,9.800420,0.006278,0.523235,-0.181783,0.946045,-0.671387,-20.751953
23.691348,-0.217348,1.157393,9.914183,-0.258970,0.065786,-0.068019,1.495361,-1.342773,-24.475098
23.701445,-0.368234,1.787882,9.931547,-0.409857,0.696275,-0.050655,-0.579834,-2.197266,-25.421143
23.711536,-0.310155,1.511257,9.996812,-0.351777,0.419650,0.014609,-1.007080,-2.380371,-25.115967
23.721627,-0.389191,1.407074,9.909393,-0.430813,0.315467,-0.072809,1.403809,-1.800537,-20.263672
23.731722,-0.292192,1.583707,9.941726,-0.333815,0.492099,-0.040477,-1.342773,-1.983643,-10.559082
23.741818,-0.223336,1.426234,9.818981,-0.264958,0.334627,-0.163221,-1.922607,-1.708984,-3.845215
23.751913,-0.410147,1.388513,10.142908,-0.451770,0.296905,0.160705,-1.037598,-1.586914,-3.662109
23.762009,-0.398771,0.790356,10.098001,-0.440393,-0.301251,0.115798,-1.220703,-1.342773,-2.960205
23.772105,-0.368234,1.352587,10.056088,-0.409857,0.260980,0.073886,-0.427246,-2.136230,-1.525879
23.782200,-0.501757,1.395099,9.904603,-0.543379,0.303492,-0.077599,-1.403809,-0.183105,4.669189
23.792296,-0.376617,0.935255,9.956096,-0.418239,-0.156352,-0.026106,-1.342773,-0.061035,3.753662
23.802391,-0.498763,1.416055,10.052496,-0.540385,0.324448,0.070293,0.518799,0.457764,1.098633
23.812486,-0.248483,1.051414,9.779464,-0.290106,-0.040194,-0.202739,0.183105,0.396729,1.220703
23.822608,-0.444276,1.119073,10.020762,-0.485899,0.027466,0.038559,0.976562,-0.244141,-1.800537
23.832704,-0.400567,0.887355,9.954899,-0.442189,-0.204253,-0.027304,3.417969,-0.915527,-3.509521
23.842798,-0.220941,1.309477,9.948911,-0.262563,0.217870,-0.033292,3.570557,-0.518799,-2.899170
23.852895,0.093406,0.888552,9.793834,0.051783,-0.203055,-0.188369,4.089355,-0.488281,-4.058838
23.862989,-0.188009,1.228046,9.725576,-0.229631,0.136439,-0.256627,4.638672,-0.762939,-10.345459
23.873084,-0.264650,0.928070,9.994417,-0.306272,-0.163537,0.012214,2.838135,-0.885010,-7.049561
23.883179,-0.211959,1.041235,9.986034,-0.253582,-0.050372,0.003831,2.899170,-1.281738,-5.523682
23.893274,-0.097597,1.149011,9.951905,-0.139219,0.057403,-0.030298,2.319336,-1.129150,-5.950928
23.903369,0.200583,0.905317,10.027348,0.158960,-0.186290,0.045145,0.518799,-1.342773,-5.371094
23.913469,-0.012574,1.062191,9.965676,-0.054196,-0.029416,-0.016526,-0.488281,-1.190186,-4.608154
23.923597,-0.257465,0.775388,10.050101,-0.299087,-0.316220,0.067898,-2.349854,-0.915527,-6.225586
23.933694,-0.276026,0.931064,10.061477,-0.317648,-0.160543,0.079274,-1.647949,-0.671387,-5.004883
23.943790,-0.371228,0.961002,10.066866,-0.412850,-0.130606,0.084663,-2.227783,1.281738,-3.051758
23.953886,-0.307760,1.128653,10.087224,-0.349382,0.037046,0.105021,-1.403809,1.037598,-2.777100
23.963981,-0.313748,0.937650,9.984836,-0.355370,-0.153957,0.002634,0.518799,0.335693,-1.556396
23.974076,-0.220941,1.290317,10.048903,-0.262563,0.198710,0.066701,-0.244141,0.335693,-0.457764
23.984172,-0.387993,1.049617,9.999207,-0.429616,-0.041990,0.017004,1.312256,-0.396729,4.852295
23.994267,-0.382604,1.277743,10.206974,-0.424227,0.186136,0.224772,0.915527,0.030518,5.737305
24.004362,-0.449066,0.992137,9.984238,-0.490689,-0.099470,0.002035,2.807617,0.213623,6.622314
24.014457,-0.658630,1.489103,10.149494,-0.700253,0.397496,0.167291,-0.915527,1.739502,9.155273
24.024577,-0.522713,1.138832,9.987231,-0.564335,0.047225,0.005029,-0.335693,2.136230,12.695312
24.034672,0.019759,1.529819,9.939331,-0.021864,0.438211,-0.042872,-0.457764,1.892090,8.056641
24.044768,0.322729,1.734593,9.954300,0.281106,0.642986,-0.027903,-0.030518,1.373291,5.950928
24.054863,0.479004,0.834066,9.962084,0.437381,-0.257542,-0.020119,-0.030518,0.274658,5.432129
24.064954,0.155676,1.049617,9.829759,0.114054,-0.041990,-0.152444,-1.373291,-0.213623,2.685547
24.075047,-0.033530,0.886756,10.184222,-0.075153,-0.204851,0.202019,-2.044678,-0.305176,1.434326
24.085160,-0.013173,0.605940,9.957294,-0.054795,-0.485667,-0.024909,-2.136230,-0.762939,1.525879
24.095256,-0.209564,0.724493,10.071057,-0.251187,-0.367114,0.088854,-2.410889,-0.488281,0.854492
24.105351,-0.280816,0.645458,10.019564,-0.322438,-0.446149,0.037362,-2.319336,0.030518,1.892090
24.115447,-0.085023,0.578397,9.839938,-0.126646,-0.513210,-0.142265,-1.861572,-0.122070,2.197266
24.125568,-0.326920,0.659828,9.820179,-0.368543,-0.431779,-0.162024,-1.831055,-0.488281,1.281738
24.135665,-0.480800,0.619113,9.998608,-0.522423,-0.472495,0.016405,-1.770020,-0.640869,-1.342773
24.145761,-0.362247,0.717907,10.116563,-0.403869,-0.373700,0.134360,-2.441406,-0.305176,0.213623
24.155857,-0.472418,0.396376,10.284214,-0.514040,-0.695232,0.302011,-2.258301,-0.244141,3.448486
24.165980,-0.349074,0.614921,10.153685,-0.390697,-0.476686,0.171483,-1.098633,0.427246,3.845215
24.176082,-0.216151,0.338895,9.958491,-0.257773,-0.752712,-0.023711,0.000000,0.457764,2.044678
24.186223,-0.282014,0.298779,10.060878,-0.323636,-0.792829,0.078676,2.227783,0.091553,-0.549316
24.196340,-0.205373,0.519120,10.075847,-0.246995,-0.572487,0.093645,3.021240,-0.274658,-0.549316
24.206465,0.004191,0.372426,10.151889,-0.037431,-0.719182,0.169686,1.708984,-0.396729,-0.091553
24.216630,-0.144300,0.608934,10.060878,-0.185922,-0.482674,0.078676,1.251221,0.305176,-0.549316
24.226767,0.245490,0.434696,9.875863,0.203867,-0.656911,-0.106340,2.746582,0.610352,0.183105
24.236890,0.137115,0.377814,10.151889,0.095492,-0.713793,0.169686,2.410889,0.000000,0.640869
24.246995,0.021555,0.690963,9.995614,-0.020067,-0.400644,0.013411,3.265381,-0.305176,-1.312256
24.257135,0.096400,1.159189,9.968670,0.054777,0.067582,-0.013533,1.159668,0.122070,-1.007080
24.267244,0.079634,0.603545,10.099199,0.038012,-0.488062,0.116996,1.312256,0.793457,-1.770020
24.277346,-0.026345,0.613724,9.786050,-0.067968,-0.477883,-0.196153,1.098633,0.732422,-2.166748
24.287436,-0.024549,0.820294,10.203382,-0.066171,-0.271313,0.221179,-0.854492,0.305176,1.647949
24.297545,-0.048499,0.896935,9.973460,-0.090122,-0.194672,-0.008743,-1.190186,0.366211,0.823975
24.307638,-0.215552,0.990341,10.023157,-0.257174,-0.101267,0.040954,-1.678467,-0.427246,0.457764
24.317720,-0.235909,1.027463,10.100995,-0.277532,-0.064144,0.118792,-1.068115,-0.244141,2.655029
24.327885,-0.057480,0.907712,10.013577,-0.099103,-0.183895,0.031374,-1.373291,-0.427246,3.295898
24.337951,-0.150287,0.782573,10.082433,-0.191910,-0.309035,0.100231,-0.701904,0.122070,2.685547
24.348016,-0.167053,1.032253,10.040521,-0.208675,-0.059354,0.058318,-0.335693,0.152588,0.671387
24.358083,-0.125140,1.029858,10.016570,-0.166762,-0.061749,0.034368,-0.610352,1.098633,-0.457764
24.368156,-0.211959,0.961600,10.009385,-0.253582,-0.130007,0.027183,-1.129150,1.037598,-0.183105
24.378224,-0.145497,0.913101,9.972861,-0.187120,-0.178506,-0.009341,-0.518799,1.068115,-0.793457
24.388290,-0.171843,1.127455,10.101594,-0.213465,0.035848,0.119391,0.061035,0.427246,-3.265381
24.398356,-0.155078,1.110092,10.200388,-0.196700,0.018484,0.218186,-0.061035,0.000000,-2.655029
24.408422,-0.031135,1.169368,10.033934,-0.072758,0.077761,0.051732,-0.671387,-0.427246,1.159668
24.418487,-0.156275,1.016087,9.957892,-0.197897,-0.075520,-0.024310,0.274658,-0.366211,0.732422
24.428552,-0.159868,1.140029,9.918973,-0.201490,0.048422,-0.063229,-0.488281,0.366211,-0.396729
24.438617,-0.144300,1.366359,9.960886,-0.185922,0.274751,-0.021316,-1.220703,0.488281,0.701904
24.448684,0.124541,1.267564,9.898017,0.082919,0.175957,-0.084186,-1.068115,0.396729,0.488281
24.458750,-0.038320,1.614243,9.953102,-0.079943,0.522636,-0.029100,-0.518799,0.061035,-3.051758
24.468815,-0.061672,1.399290,10.002799,-0.103294,0.307683,0.020596,-0.640869,-0.061035,-2.716064
24.478881,-0.375419,1.319057,10.116563,-0.417042,0.227450,0.134360,0.854492,-0.305176,-7.263184
24.488946,-0.241298,1.425037,9.823173,-0.282921,0.333429,-0.159030,1.342773,-0.701904,-9.399414
24.499012,-0.295186,1.972897,10.025552,-0.336809,0.881290,0.043349,-1.037598,-1.678467,-2.655029
24.509078,-0.273032,1.488505,10.068063,-0.314655,0.396897,0.085861,-1.068115,-2.288818,-2.807617
24.519144,-0.416733,1.614243,9.905202,-0.458356,0.522636,-0.077001,2.410889,-1.434326,-5.706787
24.529208,-0.355062,2.175875,9.817185,-0.396684,1.084268,-0.165018,1.647949,-0.030518,-12.054443
24.539274,-0.154479,2.087260,9.775272,-0.196101,0.995652,-0.206930,0.183105,0.152588,-8.148193
24.549339,-0.017364,2.473456,9.915980,-0.058986,1.381849,-0.066223,-1.342773,0.030518,-6.225586
24.559406,-0.079036,2.335743,9.865684,-0.120658,1.244136,-0.116518,-0.854492,0.396729,-6.042480
24.569472,-0.277822,2.145339,9.838740,-0.319445,1.053732,-0.143462,-0.488281,0.122070,-9.063721
24.579538,0.096998,2.502197,9.899214,0.055376,1.410589,-0.082988,-0.671387,-0.152588,-10.711670
24.589604,0.086221,2.236349,9.835746,0.044598,1.144742,-0.146456,-0.488281,-0.579834,-11.657715
24.599669,-0.165256,2.683021,9.791439,-0.206879,1.591413,-0.190764,0.427246,-0.488281,-12.268066
24.609735,-0.088616,2.723137,9.869277,-0.130238,1.631530,-0.112926,0.762939,-0.518799,-9.063721
24.619801,0.026345,2.384242,9.873468,-0.015277,1.292635,-0.108735,0.488281,-1.037598,-7.751465
24.629867,0.006586,2.649490,9.837543,-0.035036,1.557883,-0.144660,1.129150,-1.159668,-8.819580
24.639932,0.013173,2.645898,9.834549,-0.028450,1.554291,-0.147654,1.861572,-1.342773,-11.260986
24.649997,-0.077838,2.565066,9.845925,-0.119461,1.473459,-0.136277,1.678467,-1.434326,-11.505127
24.660063,-0.244891,2.503394,9.824969,-0.286513,1.411787,-0.157234,2.014160,-1.556396,-13.275146
24.670129,-0.360450,2.239343,9.858499,-0.402073,1.147736,-0.123704,1.556396,-1.556396,-13.641357
24.680195,-0.417931,2.081871,9.877659,-0.459553,0.990263,-0.104543,1.464844,-1.495361,-12.634277
24.690261,-0.487386,2.017205,9.910591,-0.529009,0.925598,-0.071612,1.037598,-1.342773,-11.169434
24.700327,-0.468825,1.737587,9.987830,-0.510448,0.645979,0.005628,1.251221,-1.220703,-8.056641
24.710393,-0.427511,1.585503,9.961485,-0.469133,0.493896,-0.020718,2.197266,-1.190186,-3.082275
24.720459,-0.320334,1.419049,9.918375,-0.361956,0.327442,-0.063828,1.892090,-0.915527,-1.678467
24.730526,-0.327519,1.325643,9.941726,-0.369141,0.234036,-0.040477,1.617432,-0.640869,-0.671387
24.740591,-0.204774,1.209485,9.948312,-0.246397,0.117878,-0.033890,1.037598,-0.213623,0.305176
24.750658,-0.099992,1.150208,9.952504,-0.141615,0.058601,-0.029699,0.610352,0.000000,0.427246
24.760722,-0.094005,1.056204,9.989028,-0.135627,-0.035404,0.006825,-0.305176,0.305176,0.335693
24.770787,-0.119152,1.020278,10.007589,-0.160775,-0.071329,0.025386,-0.579834,0.335693,0.305176
24.780853,-0.152682,0.990341,10.024354,-0.194305,-0.101267,0.042152,-1.068115,0.396729,0.427246
24.790917,-0.446072,0.804727,10.050101,-0.487695,-0.286881,0.067898,-1.556396,0.640869,1.403809
24.800982,-0.535287,0.717907,10.036329,-0.576909,-0.373700,0.054127,-1.647949,0.885010,3.448486
24.811047,-0.334704,0.689167,10.049502,-0.376326,-0.402440,0.067299,-1.922607,1.678467,9.979248
24.821112,-0.242496,0.692161,10.055490,-0.284118,-0.399447,0.073287,-1.831055,1.892090,12.298584
24.831177,-0.178429,0.466430,10.044712,-0.220051,-0.625177,0.062509,-2.075195,1.678467,12.908936
24.841241,-0.107177,0.416135,10.008787,-0.148800,-0.675473,0.026584,-2.471924,1.281738,11.138916
24.851306,-0.067659,0.646057,10.044712,-0.109282,-0.445551,0.062509,-2.777100,0.793457,9.216309
24.861371,-0.121547,0.828677,10.024953,-0.163170,-0.262930,0.042750,-2.716064,0.732422,8.483887
24.871436,-0.148491,0.708926,10.035731,-0.190114,-0.382681,0.053528,-2.868652,0.549316,7.476807
24.881501,-0.191602,0.800535,10.032737,-0.233224,-0.291072,0.050534,-2.624512,0.152588,4.211426
24.891565,-0.223934,0.724493,10.029144,-0.265557,-0.367114,0.046942,-2.410889,0.213623,4.272461
24.901629,-0.086819,0.769400,10.011780,-0.128442,-0.322207,0.029578,-2.197266,0.579834,5.950928
24.911697,-0.061672,0.740061,10.006392,-0.103294,-0.351546,0.024189,-1.892090,0.610352,6.286621
24.921761,-0.140109,0.716710,10.014175,-0.181731,-0.374898,0.031973,-1.373291,0.427246,6.500244
24.931826,-0.226928,0.689766,9.954300,-0.268551,-0.401842,-0.027903,-1.525879,0.579834,5.737305
24.941892,-0.072449,0.873583,10.011780,-0.114072,-0.218024,0.029578,-1.495361,0.640869,5.950928
24.951956,-0.017963,0.697549,9.942325,-0.059585,-0.394058,-0.039878,-1.983643,0.915527,4.058838
24.962020,-0.120350,0.844244,10.022558,-0.161972,-0.247363,0.040355,-2.410889,1.190186,3.753662
24.972087,0.031734,0.825683,10.057885,-0.009888,-0.265924,0.075682,-1.495361,1.037598,5.645752
24.982152,-0.152682,0.468825,10.085427,-0.194305,-0.622782,0.103225,-0.946045,0.579834,4.028320
24.992216,-0.120350,0.622705,10.045311,-0.161972,-0.468902,0.063108,-0.030518,-0.061035,1.464844
25.002282,-0.159269,0.802332,10.051298,-0.200891,-0.289276,0.069096,0.335693,-0.122070,1.770020
25.012346,-0.201182,0.570015,10.045909,-0.242804,-0.521593,0.063707,0.701904,-0.183105,2.136230
25.022410,-0.201780,0.675396,10.023755,-0.243403,-0.416212,0.041553,0.762939,-0.366211,0.091553
25.032475,-0.183818,0.568218,10.006990,-0.225440,-0.523389,0.024788,0.762939,-0.305176,-0.122070
25.042545,-0.174836,0.722098,10.035731,-0.216459,-0.369509,0.053528,0.823975,-0.152588,-0.610352
25.052612,-0.170046,0.603545,10.024953,-0.211669,-0.488062,0.042750,0.885010,-0.030518,-0.793457
25.062679,-0.131127,0.641266,10.013577,-0.172750,-0.450341,0.031374,0.854492,0.122070,-0.396729
25.072743,-0.098795,0.889151,10.015972,-0.140417,-0.202456,0.033769,0.488281,0.183105,0.854492
25.082806,-0.112566,0.454455,10.040521,-0.154188,-0.637152,0.058318,0.946045,0.488281,1.007080
25.092871,-0.114362,0.780178,10.026151,-0.155985,-0.311430,0.043948,1.220703,0.244141,-1.190186
25.102936,-0.196392,1.002316,9.971664,-0.238014,-0.089292,-0.010539,1.251221,0.335693,-1.220703
25.113001,-0.243693,0.683179,9.994417,-0.285316,-0.408428,0.012214,0.823975,0.244141,-1.739502
25.123065,-0.239502,0.874781,10.063273,-0.281124,-0.216826,0.081071,0.335693,0.122070,-2.197266
25.133131,-0.134121,1.042432,10.010583,-0.175744,-0.049175,0.028380,0.030518,0.152588,0.640869
25.143195,-0.373024,0.591570,10.018965,-0.414647,-0.500037,0.036763,-0.335693,-0.030518,0.091553
25.153260,-0.432301,0.607137,9.954300,-0.473923,-0.484470,-0.027903,-0.915527,-0.030518,0.793457
25.163325,-0.320933,0.881966,9.992620,-0.362555,-0.209641,0.010418,-2.593994,0.885010,3.662109
25.173390,-0.358654,0.966390,10.017169,-0.400277,-0.125217,0.034967,-2.532959,1.037598,5.706787
25.183454,-0.299976,0.841251,10.075248,-0.341599,-0.250357,0.093046,-1.983643,1.556396,7.080078
25.193522,-0.214953,0.780776,10.054292,-0.256575,-0.310831,0.072089,-0.915527,1.525879,6.927490
25.203587,-0.001198,0.777783,10.074650,-0.042820,-0.313825,0.092447,0.793457,0.762939,5.035400
25.213652,0.161664,1.098116,9.969269,0.120041,0.006509,-0.012934,0.976562,0.762939,5.554199
25.223716,0.051493,1.149011,10.001003,0.009870,0.057403,0.018800,0.762939,0.762939,6.072998
25.233782,0.059875,1.022075,9.987231,0.018253,-0.069533,0.005029,0.579834,0.427246,2.929688
25.243848,0.060474,1.178350,9.980645,0.018852,0.086742,-0.001558,0.579834,0.244141,1.831055
25.253912,-0.088616,1.168770,9.978250,-0.130238,0.077162,-0.003953,0.335693,0.061035,-0.091553
25.263976,-0.117955,1.243015,9.976454,-0.159577,0.151408,-0.005749,0.366211,-0.183105,-2.197266
25.274042,-0.080233,1.356180,9.917177,-0.121856,0.264573,-0.065026,-0.152588,-0.030518,-4.119873
25.284106,-0.130529,1.424438,9.963880,-0.172151,0.332831,-0.018323,0.183105,-0.122070,-4.669189
25.294171,-0.165256,1.501677,9.949510,-0.206879,0.410070,-0.032693,0.366211,-0.122070,-3.997803
25.304235,-0.195194,1.354982,9.962682,-0.236817,0.263375,-0.019520,0.274658,-0.122070,-3.295898
25.314301,-0.168849,1.216071,9.963880,-0.210471,0.124464,-0.018323,0.122070,-0.061035,-2.746582
25.324365,-0.172441,1.168770,9.979448,-0.214064,0.077162,-0.002755,-0.244141,-0.183105,-2.929688
25.334431,-0.183219,1.159788,9.994417,-0.224841,0.068181,0.012214,-0.274658,-0.213623,-3.295898
25.344496,-0.187410,1.134641,9.992620,-0.229033,0.043033,0.010418,0.000000,-0.305176,-3.723145
25.354561,-0.202978,1.050815,9.986034,-0.244600,-0.040792,0.003831,0.030518,-0.305176,-3.662109
25.364627,-0.182620,0.938249,9.993818,-0.224243,-0.153358,0.011615,-0.030518,-0.396729,-3.967285
25.374693,-0.203577,1.022075,9.992021,-0.245199,-0.069533,0.009819,0.091553,-0.549316,-4.486084
25.384757,-0.207169,1.020877,9.992021,-0.248792,-0.070730,0.009819,0.183105,-0.457764,-3.875732
25.394823,-0.198787,0.976569,9.996213,-0.240409,-0.115038,0.014010,0.213623,-0.305176,-2.685547
25.404887,-0.192200,0.958008,9.997410,-0.233823,-0.133599,0.015208,0.152588,-0.244141,-2.166748
25.414951,-0.185614,0.937650,9.998009,-0.227236,-0.153957,0.015806,0.122070,-0.152588,-1.373291
25.425017,-0.186213,0.912502,10.005793,-0.227835,-0.179105,0.023590,0.183105,-0.122070,-1.037598
25.435084,-0.182021,0.898731,10.011780,-0.223644,-0.192876,0.029578,0.213623,-0.061035,-0.671387
25.445150,-0.173639,0.886756,10.017768,-0.215261,-0.204851,0.035565,0.244141,-0.030518,-0.549316
25.455216,-0.171244,0.883163,10.011780,-0.212866,-0.208444,0.029578,0.244141,0.000000,-0.457764
25.465282,-0.172441,0.883762,10.005194,-0.214064,-0.207845,0.022991,0.183105,0.061035,-0.274658
25.475346,-0.171244,0.884960,10.006990,-0.212866,-0.206648,0.024788,0.122070,0.030518,-0.274658
25.485412,-0.175435,0.885558,10.017169,-0.217058,-0.206049,0.034967,0.061035,0.000000,-0.244141
25.495478,-0.175435,0.872985,10.015373,-0.217058,-0.218623,0.033170,0.091553,-0.030518,-0.183105
25.505543,-0.183219,0.871787,10.012978,-0.224841,-0.219820,0.030775,0.122070,-0.061035,-0.152588
25.515609,-0.182620,0.865201,10.009385,-0.224243,-0.226406,0.027183,0.152588,-0.061035,-0.091553
25.525674,-0.179626,0.866997,10.006990,-0.221249,-0.224610,0.024788,0.152588,-0.030518,-0.091553
25.535739,-0.172441,0.874182,10.014175,-0.214064,-0.217425,0.031973,0.061035,-0.061035,-0.061035
25.545804,-0.173040,0.873583,10.004595,-0.214663,-0.218024,0.022393,-0.030518,-0.091553,-0.061035
25.555870,-0.173639,0.879571,9.999805,-0.215261,-0.212036,0.017603,-0.640869,-0.274658,-0.061035
25.565941,-0.176633,0.869392,10.009984,-0.218255,-0.222215,0.027781,-0.823975,-0.305176,-0.030518
25.576007,-0.170645,0.863405,10.012379,-0.212268,-0.228203,0.030176,-0.976562,-0.274658,-0.061035
25.586074,-0.174836,0.858016,10.015373,-0.216459,-0.233591,0.033170,-1.007080,-0.244141,-0.061035
25.596140,-0.173040,0.858615,10.012379,-0.214663,-0.232993,0.030176,-0.885010,-0.183105,-0.061035
25.606205,-0.176633,0.849034,10.006990,-0.218255,-0.242573,0.024788,-0.701904,-0.061035,-0.091553
25.616275,-0.175435,0.847837,9.997410,-0.217058,-0.243770,0.015208,-0.579834,0.000000,-0.061035
25.626340,-0.171843,0.840652,9.996812,-0.213465,-0.250955,0.014609,-0.427246,0.000000,-0.122070
25.636406,-0.173639,0.843047,10.000404,-0.215261,-0.248560,0.018201,-0.335693,0.030518,-0.091553
25.646471,-0.174836,0.847837,9.999207,-0.216459,-0.243770,0.017004,-0.244141,0.030518,-0.030518
25.656536,-0.175435,0.849034,9.998608,-0.217058,-0.242573,0.016405,-0.213623,0.030518,0.000000
25.666602,-0.174238,0.853824,9.996213,-0.215860,-0.237783,0.014010,-0.183105,0.061035,-0.030518
25.676667,-0.180225,0.857417,10.001602,-0.221848,-0.234190,0.019399,0.000000,0.030518,-0.030518
25.686734,-0.177231,0.861608,10.008188,-0.218854,-0.229999,0.025985,0.061035,0.061035,0.000000
25.696800,-0.176034,0.853226,10.005793,-0.217656,-0.238382,0.023590,0.061035,0.030518,0.000000
25.706865,-0.180225,0.849633,10.003997,-0.221848,-0.241974,0.021794,0.091553,0.030518,-0.030518
25.716929,-0.174238,0.841849,10.007589,-0.215860,-0.249758,0.025386,0.122070,0.061035,-0.030518
25.726995,-0.174836,0.841251,10.004595,-0.216459,-0.250357,0.022393,0.122070,0.030518,-0.030518
25.737060,-0.171843,0.843646,9.999805,-0.213465,-0.247962,0.017603,0.152588,0.061035,0.000000
25.747125,-0.168250,0.848436,10.002200,-0.209873,-0.243172,0.019998,0.152588,0.122070,0.000000
25.757190,-0.171843,0.853226,9.997410,-0.213465,-0.238382,0.015208,0.152588,0.122070,0.000000
25.767254,-0.176034,0.859812,9.999805,-0.217656,-0.231795,0.017603,0.152588,0.061035,0.030518
25.777320,-0.177830,0.865201,10.008787,-0.219453,-0.226406,0.026584,0.183105,0.030518,0.030518
25.787385,-0.172441,0.864602,10.016570,-0.214064,-0.227005,0.034368,0.183105,0.061035,-0.030518
25.797451,-0.175435,0.863405,10.007589,-0.217058,-0.228203,0.025386,0.152588,0.030518,-0.030518
25.807518,-0.167651,0.860411,10.002799,-0.209274,-0.231196,0.020596,0.122070,0.091553,0.000000
25.817583,-0.175435,0.856818,9.997410,-0.217058,-0.234789,0.015208,0.061035,0.152588,0.000000
25.827647,-0.177231,0.855022,10.005194,-0.218854,-0.236585,0.022991,0.061035,0.183105,0.000000
25.837713,-0.154479,0.554447,10.022558,-0.196101,-0.537160,0.040355,-0.213623,0.305176,0.610352
25.847778,-0.176633,0.746049,10.010583,-0.218255,-0.345559,0.028380,-0.396729,0.579834,4.730225
25.857843,-0.162861,0.932261,9.999805,-0.204484,-0.159346,0.017603,-0.183105,0.518799,3.601074
25.867908,-0.175435,0.922681,9.994417,-0.217058,-0.168926,0.012214,-0.030518,0.457764,2.716064
25.877974,-0.172441,0.906515,10.001602,-0.214064,-0.185092,0.019399,0.030518,0.366211,2.014160
25.888040,-0.177830,0.884960,10.000404,-0.219453,-0.206648,0.018201,0.061035,0.244141,1.098633
25.898106,-0.178429,0.879571,9.999207,-0.220051,-0.212036,0.017004,0.091553,0.213623,0.823975
25.908171,-0.183219,0.869991,10.005793,-0.224841,-0.221616,0.023590,0.030518,0.091553,0.488281
25.918236,-0.185614,0.868195,10.006392,-0.227236,-0.223413,0.024189,0.061035,0.061035,0.396729
25.928301,-0.180824,0.865800,10.015972,-0.222446,-0.225808,0.033769,0.030518,0.030518,0.244141
25.938366,-0.172441,0.858615,10.021959,-0.214064,-0.232993,0.039757,0.091553,0.000000,0.152588
25.948434,-0.172441,0.859213,10.021959,-0.214064,-0.232394,0.039757,0.122070,0.030518,0.122070
25.958498,-0.174836,0.862207,10.008787,-0.216459,-0.229400,0.026584,0.183105,0.091553,0.061035
25.968565,-0.171244,0.867596,10.005793,-0.212866,-0.224011,0.023590,0.152588,0.091553,0.061035
25.978630,-0.171244,0.866398,10.016570,-0.212866,-0.225209,0.034368,0.091553,0.122070,0.030518
25.988696,-0.171843,0.861010,10.011182,-0.213465,-0.230598,0.028979,0.030518,0.091553,0.030518
25.998761,-0.181423,0.864602,10.011780,-0.223045,-0.227005,0.029578,0.030518,0.091553,0.030518
26.008826,-0.177231,0.865800,10.005793,-0.218854,-0.225808,0.023590,0.030518,0.091553,0.000000
26.018892,-0.177830,0.864003,10.004595,-0.219453,-0.227604,0.022393,0.000000,0.091553,0.030518
26.028958,-0.176633,0.869991,10.021360,-0.218255,-0.221616,0.039158,-0.030518,0.030518,0.030518
26.039023,-0.177830,0.859812,10.014774,-0.219453,-0.231795,0.032572,-0.061035,0.000000,0.030518
26.049089,-0.176034,0.863405,10.016570,-0.217656,-0.228203,0.034368,-0.091553,-0.030518,0.061035
26.059155,-0.177231,0.860411,10.015972,-0.218854,-0.231196,0.033769,-0.122070,-0.030518,0.030518
26.069221,-0.177231,0.864003,10.010583,-0.218854,-0.227604,0.028380,-0.122070,-0.030518,0.030518
26.079286,-0.177830,0.855022,10.014175,-0.219453,-0.236585,0.031973,-0.091553,0.000000,0.030518
26.089352,-0.180824,0.851429,10.017768,-0.222446,-0.240178,0.035565,-0.061035,0.000000,-0.030518
26.099418,-0.176633,0.854423,10.009984,-0.218255,-0.237184,0.027781,-0.030518,0.030518,-0.030518
26.109483,-0.178429,0.859213,10.014175,-0.220051,-0.232394,0.031973,-0.030518,0.030518,-0.030518
26.119549,-0.182620,0.859812,10.009984,-0.224243,-0.231795,0.027781,0.061035,0.061035,-0.030518
26.129615,-0.182021,0.862207,10.014774,-0.223644,-0.229400,0.032572,0.030518,0.030518,-0.030518
26.139680,-0.186213,0.865800,10.012379,-0.227835,-0.225808,0.030176,-0.030518,0.000000,-0.030518
26.149745,-0.181423,0.859812,10.015972,-0.223045,-0.231795,0.033769,-0.091553,0.000000,-0.061035
26.159811,-0.179626,0.859812,10.011182,-0.221249,-0.231795,0.028979,-0.091553,0.000000,-0.061035
26.169882,-0.181423,0.864602,10.009984,-0.223045,-0.227005,0.027781,-0.091553,0.000000,-0.091553
26.179948,-0.177830,0.865201,10.013577,-0.219453,-0.226406,0.031374,-0.091553,0.000000,-0.122070
26.190014,-0.175435,0.857417,10.014175,-0.217058,-0.234190,0.031973,-0.030518,0.000000,-0.122070
26.200081,-0.176633,0.860411,10.013577,-0.218255,-0.231196,0.031374,-0.030518,0.000000,-0.091553
26.210147,-0.179028,0.862806,10.011780,-0.220650,-0.228801,0.029578,0.000000,0.030518,-0.030518
26.220212,-0.178429,0.860411,10.011182,-0.220051,-0.231196,0.028979,-0.030518,0.030518,0.000000
26.230279,-0.173639,0.864602,10.020163,-0.215261,-0.227005,0.037960,-0.061035,0.030518,-0.030518
26.240345,-0.179626,0.848436,10.014175,-0.221249,-0.243172,0.031973,-0.091553,0.030518,-0.030518
26.250410,-0.179028,0.844843,10.006990,-0.220650,-0.246764,0.024788,-0.091553,0.030518,-0.061035
26.260476,-0.171244,0.848436,10.013577,-0.212866,-0.243172,0.031374,-0.091553,0.061035,-0.061035
26.270540,-0.168250,0.851429,10.017169,-0.209873,-0.240178,0.034967,-0.091553,0.000000,-0.061035
26.280605,-0.171843,0.849633,10.018367,-0.213465,-0.241974,0.036164,-0.183105,0.000000,-0.091553
26.290670,-0.170645,0.856818,10.019564,-0.212268,-0.234789,0.037362,-0.183105,0.000000,-0.061035
26.300736,-0.169448,0.866398,10.014774,-0.211070,-0.225209,0.032572,-0.183105,0.000000,-0.030518
26.310801,-0.172441,0.864003,10.008787,-0.214064,-0.227604,0.026584,-0.152588,0.030518,-0.061035
26.320867,-0.173040,0.861010,10.001602,-0.214663,-0.230598,0.019399,-0.183105,0.061035,-0.061035
26.330932,-0.183818,0.859213,10.012978,-0.225440,-0.232394,0.030775,-0.213623,0.030518,-0.061035
26.340996,-0.179626,0.853824,10.004595,-0.221249,-0.237783,0.022393,-0.213623,0.000000,-0.091553
26.351060,-0.175435,0.853824,9.997410,-0.217058,-0.237783,0.015208,-0.213623,0.000000,-0.122070
26.361125,-0.171244,0.849633,9.998608,-0.212866,-0.241974,0.016405,-0.213623,0.000000,-0.061035
26.371190,-0.173040,0.848436,10.003398,-0.214663,-0.243172,0.021195,-0.213623,-0.030518,-0.061035
26.381254,-0.163460,0.855621,10.006392,-0.205083,-0.235987,0.024189,-0.213623,-0.091553,-0.061035
26.391318,-0.161664,0.854423,10.003398,-0.203286,-0.237184,0.021195,-0.213623,-0.091553,-0.030518
26.401383,-0.164059,0.859812,9.999805,-0.205681,-0.231795,0.017603,-0.213623,-0.030518,-0.061035
26.411447,-0.166454,0.859812,9.998009,-0.208076,-0.231795,0.015806,-0.122070,-0.030518,-0.091553
26.421512,-0.165855,0.862207,10.000404,-0.207478,-0.229400,0.018201,-0.061035,0.061035,-0.091553
26.431576,-0.168250,0.866398,10.013577,-0.209873,-0.225209,0.031374,0.000000,0.061035,-0.061035
26.441641,-0.170046,0.862806,10.013577,-0.211669,-0.228801,0.031374,0.030518,0.091553,-0.061035
26.451705,-0.175435,0.860411,10.013577,-0.217058,-0.231196,0.031374,0.122070,0.091553,-0.061035
26.461769,-0.167651,0.859812,10.014175,-0.209274,-0.231795,0.031973,0.122070,0.091553,-0.030518
26.471833,-0.184417,0.870590,9.993818,-0.226039,-0.221018,0.011615,0.061035,0.061035,0.000000
26.481899,-0.176034,0.859213,10.017768,-0.217656,-0.232394,0.035565,-0.061035,0.000000,-0.061035
26.491962,-0.178429,0.863405,10.021360,-0.220051,-0.228203,0.039158,0.000000,0.000000,-0.030518
26.502035,-0.175435,0.864602,10.012978,-0.217058,-0.227005,0.030775,0.000000,0.030518,-0.061035
26.512100,-0.175435,0.855621,10.008787,-0.217058,-0.235987,0.026584,0.030518,0.061035,-0.091553
26.522164,-0.175435,0.847837,10.015373,-0.217058,-0.243770,0.033170,0.091553,0.061035,-0.061035
26.532227,-0.174836,0.848436,10.019564,-0.216459,-0.243172,0.037362,0.152588,0.091553,-0.030518
26.542292,-0.173639,0.855022,10.015972,-0.215261,-0.236585,0.033769,0.244141,0.091553,-0.061035
26.552357,-0.176034,0.855621,10.015373,-0.217656,-0.235987,0.033170,0.244141,0.091553,-0.061035
26.562421,-0.180225,0.863405,10.008787,-0.221848,-0.228203,0.026584,0.244141,0.091553,-0.030518
26.572486,-0.182620,0.865800,10.007589,-0.224243,-0.225808,0.025386,0.274658,0.091553,-0.030518
26.582550,-0.179028,0.864602,10.015972,-0.220650,-0.227005,0.033769,0.274658,0.122070,-0.061035
26.592614,-0.177231,0.863405,10.018965,-0.218854,-0.228203,0.036763,0.274658,0.122070,-0.061035
26.602680,-0.177231,0.864602,10.015972,-0.218854,-0.227005,0.033769,0.244141,0.122070,-0.061035
26.612744,-0.174238,0.870590,10.011182,-0.215860,-0.221018,0.028979,0.213623,0.061035,-0.091553
26.622808,-0.170046,0.871787,10.014175,-0.211669,-0.219820,0.031973,0.152588,0.061035,-0.030518
26.632872,-0.174836,0.869392,10.017169,-0.216459,-0.222215,0.034967,0.152588,0.061035,0.030518
26.642936,-0.170645,0.865800,10.015373,-0.212268,-0.225808,0.033170,0.183105,0.091553,0.061035
26.652999,-0.168849,0.857417,10.009984,-0.210471,-0.234190,0.027781,0.183105,0.122070,0.061035
26.663064,-0.178429,0.863405,10.006990,-0.220051,-0.228203,0.024788,0.244141,0.122070,0.030518
26.673129,-0.182620,0.862207,10.011182,-0.224243,-0.229400,0.028979,0.213623,0.152588,0.030518
26.683194,-0.181423,0.859213,10.017169,-0.223045,-0.232394,0.034967,0.213623,0.091553,0.030518
26.693260,-0.177830,0.853824,10.014774,-0.219453,-0.237783,0.032572,0.183105,0.091553,0.000000
26.703325,-0.177830,0.853824,10.011780,-0.219453,-0.237783,0.029578,0.061035,0.091553,0.000000
26.713390,-0.171843,0.864602,10.011182,-0.213465,-0.227005,0.028979,0.000000,0.061035,0.000000
26.723455,-0.172441,0.863405,10.012978,-0.214064,-0.228203,0.030775,-0.030518,0.091553,-0.030518
26.733521,-0.173639,0.869991,10.018367,-0.215261,-0.221616,0.036164,-0.061035,0.061035,-0.091553
26.743585,-0.170645,0.869392,10.014774,-0.212268,-0.222215,0.032572,-0.091553,0.030518,-0.061035
26.753656,-0.178429,0.866997,10.011780,-0.220051,-0.224610,0.029578,-0.152588,-0.030518,-0.030518
26.763722,-0.178429,0.866398,10.008787,-0.220051,-0.225209,0.026584,-0.213623,-0.030518,-0.061035
26.773788,-0.172441,0.861608,10.013577,-0.214064,-0.229999,0.031374,-0.274658,-0.061035,-0.030518
26.783854,-0.172441,0.872985,10.023157,-0.214064,-0.218623,0.040954,-0.274658,-0.061035,-0.030518
26.793920,-0.174238,0.867596,10.019564,-0.215860,-0.224011,0.037362,-0.305176,-0.061035,-0.061035
26.803988,-0.174238,0.861010,10.013577,-0.215860,-0.230598,0.031374,-0.396729,-0.091553,0.000000
26.814053,-0.177231,0.864003,10.006990,-0.218854,-0.227604,0.024788,-0.427246,-0.091553,-0.030518
26.824118,-0.172441,0.862207,10.015373,-0.214064,-0.229400,0.033170,-0.488281,-0.091553,-0.091553
26.834184,-0.174836,0.860411,10.019564,-0.216459,-0.231196,0.037362,-0.457764,-0.122070,-0.091553
26.844249,-0.176633,0.861608,10.016570,-0.218255,-0.229999,0.034368,-0.427246,-0.122070,-0.061035
26.854314,-0.176633,0.857417,10.005793,-0.218255,-0.234190,0.023590,-0.427246,-0.122070,-0.061035
26.864379,-0.180824,0.859213,10.007589,-0.222446,-0.232394,0.025386,-0.366211,-0.091553,-0.091553
26.874445,-0.185614,0.856818,10.011182,-0.227236,-0.234789,0.028979,-0.366211,-0.061035,-0.061035
26.884511,-0.183818,0.853824,10.017169,-0.225440,-0.237783,0.034967,-0.335693,-0.061035,-0.091553
26.894576,-0.183219,0.865201,10.013577,-0.224841,-0.226406,0.031374,-0.366211,-0.061035,-0.091553
26.904641,-0.174238,0.858016,10.008787,-0.215860,-0.233591,0.026584,-0.457764,-0.091553,-0.091553
26.914706,-0.176034,0.854423,10.007589,-0.217656,-0.237184,0.025386,-0.396729,-0.091553,-0.091553
26.924770,-0.181423,0.860411,10.015373,-0.223045,-0.231196,0.033170,-0.396729,-0.061035,-0.061035
26.934836,-0.176034,0.855621,10.012379,-0.217656,-0.235987,0.030176,-0.366211,-0.030518,-0.091553
26.944902,-0.177231,0.859213,10.007589,-0.218854,-0.232394,0.025386,-0.335693,0.000000,-0.091553
26.954967,-0.179626,0.857417,10.009984,-0.221249,-0.234190,0.027781,-0.366211,0.030518,-0.061035
26.965033,-0.177231,0.855621,10.016570,-0.218854,-0.235987,0.034368,-0.366211,0.030518,-0.061035
26.975100,-0.171843,0.852028,10.013577,-0.213465,-0.239579,0.031374,-0.335693,0.000000,-0.030518
26.985168,-0.175435,0.850232,10.012379,-0.217058,-0.241375,0.030176,-0.274658,0.030518,0.000000
26.995233,-0.177830,0.852627,10.016570,-0.219453,-0.238980,0.034368,-0.244141,0.030518,0.000000
27.005299,-0.176633,0.849034,10.014175,-0.218255,-0.242573,0.031973,-0.183105,0.000000,-0.030518
27.015363,-0.179626,0.849633,10.010583,-0.221249,-0.241974,0.028380,-0.213623,0.000000,-0.030518
27.025429,-0.179626,0.847238,10.017768,-0.221249,-0.244369,0.035565,-0.183105,0.000000,-0.061035
27.035494,-0.183219,0.842448,10.011780,-0.224841,-0.249159,0.029578,-0.152588,0.000000,-0.091553
27.045559,-0.180225,0.846041,10.008188,-0.221848,-0.245567,0.025985,-0.152588,0.000000,-0.091553
27.055624,-0.177830,0.841849,10.009984,-0.219453,-0.249758,0.027781,-0.152588,0.000000,0.000000
27.065692,-0.178429,0.848436,10.006990,-0.220051,-0.243172,0.024788,-0.091553,0.030518,-0.030518
27.075757,-0.182021,0.849034,10.012379,-0.223644,-0.242573,0.030176,-0.030518,0.030518,-0.061035
27.085822,-0.184417,0.855621,10.014774,-0.226039,-0.235987,0.032572,0.000000,0.061035,-0.030518
27.095887,-0.177231,0.855022,10.018965,-0.218854,-0.236585,0.036763,0.030518,0.061035,-0.030518
27.105953,-0.173639,0.859213,10.017169,-0.215261,-0.232394,0.034967,0.091553,0.122070,0.000000
27.116019,-0.170645,0.861010,10.012379,-0.212268,-0.230598,0.030176,0.091553,0.122070,0.000000
27.126085,-0.173040,0.855022,10.017169,-0.214663,-0.236585,0.034967,0.091553,0.091553,-0.061035
27.136150,-0.171244,0.858016,10.011182,-0.212866,-0.233591,0.028979,0.061035,0.122070,-0.061035
27.146215,-0.168849,0.857417,10.009385,-0.210471,-0.234190,0.027183,0.000000,0.061035,-0.061035
27.156280,-0.171244,0.853824,10.005793,-0.212866,-0.237783,0.023590,0.030518,0.030518,-0.061035
27.166346,-0.175435,0.852028,10.006990,-0.217058,-0.239579,0.024788,0.061035,0.000000,-0.061035
27.176411,-0.178429,0.856219,10.021959,-0.220051,-0.235388,0.039757,0.061035,0.030518,-0.061035
27.186478,-0.178429,0.856818,10.018367,-0.220051,-0.234789,0.036164,0.030518,0.061035,-0.091553
27.196544,-0.178429,0.857417,10.019564,-0.220051,-0.234190,0.037362,0.061035,0.030518,-0.030518
27.206609,-0.176034,0.853226,10.014774,-0.217656,-0.238382,0.032572,0.030518,0.061035,-0.030518
27.216720,-0.177231,0.853226,10.010583,-0.218854,-0.238382,0.028380,0.000000,0.061035,0.030518
27.226786,-0.177830,0.853824,10.021959,-0.219453,-0.237783,0.039757,0.000000,0.030518,0.000000
27.236854,-0.179626,0.848436,10.018965,-0.221249,-0.243172,0.036763,0.030518,0.061035,-0.030518
27.246933,-0.182021,0.853824,10.023755,-0.223644,-0.237783,0.041553,0.030518,0.091553,-0.061035
27.256999,-0.184417,0.856219,10.020762,-0.226039,-0.235388,0.038559,0.030518,0.091553,-0.030518
27.267066,-0.183219,0.856818,10.020163,-0.224841,-0.234789,0.037960,0.061035,0.061035,0.000000
27.277132,-0.179028,0.850232,10.021959,-0.220650,-0.241375,0.039757,0.030518,0.091553,0.000000
27.287198,-0.174836,0.850232,10.019564,-0.216459,-0.241375,0.037362,0.030518,0.061035,0.000000
27.297264,-0.173040,0.856219,10.021360,-0.214663,-0.235388,0.039158,0.000000,0.091553,0.000000
27.307333,-0.180225,0.853226,10.017169,-0.221848,-0.238382,0.034967,0.000000,0.122070,0.030518
27.317399,-0.179626,0.850831,10.015373,-0.221249,-0.240777,0.033170,0.000000,0.091553,0.000000
27.327465,-0.185015,0.847238,10.018367,-0.226638,-0.244369,0.036164,0.061035,0.091553,-0.030518
27.337530,-0.176034,0.845442,10.019564,-0.217656,-0.246165,0.037362,0.091553,0.030518,0.000000
27.347596,-0.177231,0.845442,10.014774,-0.218854,-0.246165,0.032572,0.061035,0.061035,-0.061035
27.357661,-0.176633,0.849034,10.015373,-0.218255,-0.242573,0.033170,0.122070,0.091553,-0.091553
27.367727,-0.179626,0.849034,10.018367,-0.221249,-0.242573,0.036164,0.091553,0.122070,-0.091553
27.377792,-0.175435,0.843047,10.017169,-0.217058,-0.248560,0.034967,0.091553,0.152588,-0.122070
27.387857,-0.178429,0.845442,10.022558,-0.220051,-0.246165,0.040355,0.091553,0.122070,-0.091553
27.397922,-0.174836,0.847837,10.021959,-0.216459,-0.243770,0.039757,0.030518,0.122070,-0.030518
27.407987,-0.162861,0.856818,10.014175,-0.204484,-0.234789,0.031973,0.030518,0.122070,-0.030518
27.418053,-0.158071,0.858615,10.021959,-0.199694,-0.232993,0.039757,0.030518,0.091553,-0.061035
27.428118,-0.162861,0.859213,10.024953,-0.204484,-0.232394,0.042750,0.000000,0.061035,-0.061035
27.438185,-0.171244,0.858016,10.020762,-0.212866,-0.233591,0.038559,-0.030518,0.061035,-0.061035
27.448251,-0.174836,0.861010,10.021959,-0.216459,-0.230598,0.039757,0.000000,0.030518,-0.061035
27.458318,-0.174836,0.864003,10.017768,-0.216459,-0.227604,0.035565,-0.061035,0.030518,-0.061035
27.468383,-0.173639,0.860411,10.015972,-0.215261,-0.231196,0.033769,-0.030518,0.061035,-0.030518
27.478448,-0.170645,0.855621,10.026151,-0.212268,-0.235987,0.043948,-0.091553,0.000000,0.030518
27.488514,-0.172441,0.857417,10.021959,-0.214064,-0.234190,0.039757,-0.122070,0.000000,0.030518
27.498580,-0.168849,0.860411,10.018965,-0.210471,-0.231196,0.036763,-0.152588,0.000000,0.000000
27.508647,-0.174238,0.849633,10.023755,-0.215860,-0.241974,0.041553,-0.183105,-0.030518,-0.030518
27.518711,-0.173040,0.849633,10.023157,-0.214663,-0.241974,0.040954,-0.183105,0.000000,-0.030518
27.528777,-0.166454,0.848436,10.026151,-0.208076,-0.243172,0.043948,-0.152588,0.030518,-0.091553
27.538843,-0.168849,0.853824,10.025552,-0.210471,-0.237783,0.043349,-0.122070,0.030518,-0.061035
27.548908,-0.164059,0.856219,10.016570,-0.205681,-0.235388,0.034368,-0.152588,0.000000,-0.061035
27.559007,-0.166454,0.853226,10.009984,-0.208076,-0.238382,0.027781,-0.152588,0.030518,-0.061035
27.569074,-0.171843,0.859213,10.006392,-0.213465,-0.232394,0.024189,-0.213623,0.030518,-0.061035
27.579140,-0.168849,0.853226,10.013577,-0.210471,-0.238382,0.031374,-0.213623,0.030518,-0.030518
27.589207,-0.172441,0.850232,10.012379,-0.214064,-0.241375,0.030176,-0.274658,0.030518,0.000000
27.599273,-0.177231,0.852627,10.016570,-0.218854,-0.238980,0.034368,-0.305176,0.030518,-0.061035
27.609340,-0.170645,0.849034,10.018367,-0.212268,-0.242573,0.036164,-0.274658,0.030518,-0.061035
27.619406,-0.165256,0.856219,10.023157,-0.206879,-0.235388,0.040954,-0.244141,0.000000,-0.061035
27.629472,-0.164658,0.852627,10.021959,-0.206280,-0.238980,0.039757,-0.244141,0.000000,-0.061035
27.639538,-0.170046,0.848436,10.017169,-0.211669,-0.243172,0.034967,-0.183105,0.000000,-0.061035
27.649604,-0.164658,0.849034,10.016570,-0.206280,-0.242573,0.034368,-0.213623,0.000000,-0.030518
27.659670,-0.167651,0.848436,10.021959,-0.209274,-0.243172,0.039757,-0.213623,0.000000,-0.030518
27.669735,-0.176034,0.851429,10.015373,-0.217656,-0.240178,0.033170,-0.152588,0.000000,0.000000
27.679801,-0.183818,0.857417,10.013577,-0.225440,-0.234190,0.031374,-0.152588,0.000000,0.000000
27.689867,-0.177231,0.856818,10.014774,-0.218854,-0.234789,0.032572,-0.122070,0.000000,0.000000
27.699933,-0.172441,0.850831,10.021959,-0.214064,-0.240777,0.039757,-0.091553,0.000000,-0.030518
27.709999,-0.177830,0.852627,10.023755,-0.219453,-0.238980,0.041553,-0.122070,0.030518,-0.030518
27.720065,-0.179028,0.853824,10.026151,-0.220650,-0.237783,0.043948,-0.122070,0.000000,-0.061035
27.730131,-0.177231,0.847837,10.028546,-0.218854,-0.243770,0.046343,-0.091553,0.061035,-0.061035
27.740197,-0.175435,0.850232,10.026749,-0.217058,-0.241375,0.044547,-0.091553,0.061035,-0.030518
27.750262,-0.173639,0.854423,10.026151,-0.215261,-0.237184,0.043948,-0.030518,0.030518,-0.030518
27.760328,-0.176034,0.854423,10.030342,-0.217656,-0.237184,0.048139,-0.030518,0.030518,-0.030518
27.770394,-0.175435,0.853824,10.032138,-0.217058,-0.237783,0.049935,-0.061035,0.000000,0.000000
27.780517,-0.176633,0.853226,10.035731,-0.218255,-0.238382,0.053528,-0.122070,-0.030518,0.061035
27.790593,-0.169448,0.854423,10.027348,-0.211070,-0.237184,0.045145,-0.152588,-0.061035,0.030518
27.800659,-0.173639,0.854423,10.024354,-0.215261,-0.237184,0.042152,-0.152588,-0.061035,0.030518
27.810724,-0.171244,0.849633,10.021360,-0.212866,-0.241974,0.039158,-0.030518,-0.061035,-0.030518
27.820791,-0.169448,0.853824,10.026749,-0.211070,-0.237783,0.044547,0.000000,-0.030518,-0.030518
27.830856,-0.170046,0.844244,10.029144,-0.211669,-0.247363,0.046942,-0.030518,0.030518,-0.030518
27.840921,-0.170645,0.850831,10.021959,-0.212268,-0.240777,0.039757,0.000000,0.061035,-0.030518
27.850986,-0.173639,0.846639,10.020762,-0.215261,-0.244968,0.038559,-0.030518,0.091553,0.000000
27.861051,-0.170046,0.843646,10.017169,-0.211669,-0.247962,0.034967,0.000000,0.122070,0.000000
27.871117,-0.168250,0.847238,10.023157,-0.209873,-0.244369,0.040954,0.000000,0.061035,0.000000
27.881182,-0.169448,0.846041,10.029144,-0.211070,-0.245567,0.046942,-0.061035,0.061035,-0.030518
27.891246,-0.173639,0.846639,10.031539,-0.215261,-0.244968,0.049337,-0.091553,0.061035,-0.091553
27.901311,-0.174238,0.852627,10.029144,-0.215860,-0.238980,0.046942,-0.183105,0.000000,-0.061035
27.911384,-0.170645,0.852627,10.029144,-0.212268,-0.238980,0.046942,-0.213623,0.030518,-0.061035
27.921448,-0.173040,0.852627,10.027947,-0.214663,-0.238980,0.045744,-0.122070,0.030518,-0.061035
27.931513,-0.174238,0.853226,10.028546,-0.215860,-0.238382,0.046343,-0.061035,0.061035,-0.061035
27.941578,-0.174836,0.853226,10.024354,-0.216459,-0.238382,0.042152,-0.152588,0.030518,-0.091553
27.951643,-0.164059,0.855022,10.023157,-0.205681,-0.236585,0.040954,-0.061035,0.091553,-0.061035
27.961708,-0.162861,0.859812,10.013577,-0.204484,-0.231795,0.031374,-0.091553,0.091553,-0.061035
27.971773,-0.167053,0.862806,10.023157,-0.208675,-0.228801,0.040954,-0.152588,0.091553,-0.061035
27.981837,-0.170645,0.850232,10.032737,-0.212268,-0.241375,0.050534,-0.122070,0.122070,-0.061035
27.991903,-0.174238,0.853226,10.027348,-0.215860,-0.238382,0.045145,-0.122070,0.122070,-0.122070
28.001969,-0.170645,0.847837,10.026749,-0.212268,-0.243770,0.044547,-0.122070,0.122070,-0.091553
28.012033,-0.179626,0.850831,10.024354,-0.221249,-0.240777,0.042152,-0.061035,0.152588,-0.122070
28.022098,-0.177830,0.844843,10.038126,-0.219453,-0.246764,0.055923,-0.030518,0.183105,-0.152588
28.032162,-0.180225,0.852028,10.034533,-0.221848,-0.239579,0.052330,-0.030518,0.183105,-0.152588
28.042227,-0.185015,0.858615,10.027348,-0.226638,-0.232993,0.045145,-0.061035,0.183105,-0.091553
28.052292,-0.183219,0.855022,10.024953,-0.224841,-0.236585,0.042750,-0.122070,0.213623,-0.091553
28.062358,-0.193398,0.859812,10.018367,-0.235020,-0.231795,0.036164,-0.305176,0.061035,-0.091553
28.072422,-0.180225,0.839454,10.040521,-0.221848,-0.252153,0.058318,-0.366211,0.000000,-0.061035
28.082502,-0.182620,0.847238,10.031539,-0.224243,-0.244369,0.049337,-0.274658,0.000000,-0.061035
28.092565,-0.166454,0.846639,10.040521,-0.208076,-0.244968,0.058318,-0.274658,0.000000,-0.061035
28.102630,-0.168250,0.843646,10.033336,-0.209873,-0.247962,0.051133,-0.244141,0.000000,-0.091553
28.112702,-0.176633,0.847837,10.030342,-0.218255,-0.243770,0.048139,-0.183105,0.000000,-0.061035
28.122793,-0.175435,0.846041,10.032737,-0.217058,-0.245567,0.050534,-0.183105,0.000000,-0.091553
28.132858,-0.178429,0.849633,10.028546,-0.220051,-0.241974,0.046343,-0.183105,0.030518,-0.061035
28.142932,-0.179028,0.849633,10.029743,-0.220650,-0.241974,0.047540,-0.183105,0.030518,-0.061035
28.152997,-0.180225,0.849633,10.029144,-0.221848,-0.241974,0.046942,-0.152588,0.030518,-0.061035
28.163061,-0.175435,0.843646,10.023755,-0.217058,-0.247962,0.041553,-0.091553,0.030518,-0.091553
28.173126,-0.177231,0.843646,10.029743,-0.218854,-0.247962,0.047540,-0.091553,0.030518,-0.091553
28.183192,-0.170645,0.844244,10.028546,-0.212268,-0.247363,0.046343,-0.152588,0.061035,-0.091553
28.193256,-0.165256,0.839454,10.029144,-0.206879,-0.252153,0.046942,-0.122070,0.030518,-0.122070
28.203321,-0.172441,0.845442,10.030941,-0.214064,-0.246165,0.048738,-0.152588,0.030518,-0.122070
28.213387,-0.168250,0.844244,10.027348,-0.209873,-0.247363,0.045145,-0.152588,0.000000,-0.091553
28.223452,-0.168250,0.845442,10.036928,-0.209873,-0.246165,0.054725,-0.152588,0.030518,-0.091553
28.233517,-0.167053,0.837658,10.033336,-0.208675,-0.253949,0.051133,-0.122070,-0.030518,-0.091553
28.243582,-0.166454,0.841849,10.030342,-0.208076,-0.249758,0.048139,-0.122070,-0.030518,-0.061035
28.253648,-0.164059,0.837658,10.027947,-0.205681,-0.253949,0.045744,-0.030518,0.000000,-0.030518
28.263717,-0.165256,0.840652,10.022558,-0.206879,-0.250955,0.040355,0.000000,-0.030518,-0.061035
28.273783,-0.167651,0.847238,10.024354,-0.209274,-0.244369,0.042152,0.030518,0.030518,-0.061035
28.283847,-0.168250,0.848436,10.023157,-0.209873,-0.243172,0.040954,-0.030518,0.030518,-0.061035
28.293911,-0.171244,0.848436,10.026151,-0.212866,-0.243172,0.043948,0.030518,0.030518,-0.030518
28.303976,-0.174836,0.843047,10.021360,-0.216459,-0.248560,0.039158,0.000000,0.000000,-0.061035
28.314040,-0.174836,0.838856,10.022558,-0.216459,-0.252752,0.040355,-0.030518,0.000000,-0.030518
28.324105,-0.174836,0.840652,10.024953,-0.216459,-0.250955,0.042750,-0.091553,0.030518,-0.061035
28.334169,-0.169448,0.843646,10.026749,-0.211070,-0.247962,0.044547,-0.061035,0.030518,-0.061035
28.344233,-0.176633,0.847238,10.029743,-0.218255,-0.244369,0.047540,-0.091553,0.000000,-0.061035
28.354297,-0.174836,0.849034,10.024354,-0.216459,-0.242573,0.042152,-0.122070,0.000000,-0.061035
28.364362,-0.176034,0.851429,10.024953,-0.217656,-0.240178,0.042750,-0.183105,-0.030518,-0.030518
28.374427,-0.177231,0.849034,10.029743,-0.218854,-0.242573,0.047540,-0.183105,0.000000,0.000000
28.384490,-0.171843,0.843646,10.030941,-0.213465,-0.247962,0.048738,-0.213623,0.000000,-0.030518
28.394555,-0.173040,0.850232,10.021360,-0.214663,-0.241375,0.039158,-0.183105,0.030518,-0.030518
28.404619,-0.171843,0.848436,10.020762,-0.213465,-0.243172,0.038559,-0.183105,0.000000,-0.061035
28.414684,-0.179028,0.834066,10.021360,-0.220650,-0.257542,0.039158,-0.122070,0.000000,0.000000
28.424749,-0.176633,0.832269,10.026151,-0.218255,-0.259338,0.043948,-0.091553,0.000000,0.000000
28.434814,-0.178429,0.836461,10.023157,-0.220051,-0.255147,0.040954,0.030518,0.030518,0.061035
28.444880,-0.184417,0.846639,10.018367,-0.226039,-0.244968,0.036164,0.000000,0.030518,0.061035
28.454946,-0.184417,0.853824,10.018367,-0.226039,-0.237783,0.036164,0.000000,0.030518,0.061035
28.465011,-0.182021,0.856818,10.027348,-0.223644,-0.234789,0.045145,0.030518,0.000000,0.000000
28.475076,-0.179626,0.853824,10.028546,-0.221249,-0.237783,0.046343,0.061035,0.000000,-0.030518
28.485142,-0.176633,0.853226,10.031539,-0.218255,-0.238382,0.049337,0.030518,0.030518,-0.030518
28.495208,-0.179626,0.853824,10.030342,-0.221249,-0.237783,0.048139,0.030518,0.030518,0.000000
28.505273,-0.177830,0.852028,10.028546,-0.219453,-0.239579,0.046343,-0.030518,0.091553,0.000000
28.515338,-0.174238,0.850831,10.030342,-0.215860,-0.240777,0.048139,0.000000,0.030518,0.000000
28.525403,-0.179028,0.849633,10.028546,-0.220650,-0.241974,0.046343,-0.030518,0.061035,-0.030518
28.535468,-0.176633,0.850831,10.030941,-0.218255,-0.240777,0.048738,0.000000,0.030518,-0.030518
28.545534,-0.171244,0.846639,10.021959,-0.212866,-0.244968,0.039757,0.030518,0.061035,-0.030518
28.555599,-0.167651,0.849633,10.016570,-0.209274,-0.241974,0.034368,-0.030518,0.030518,-0.030518
28.565665,-0.169448,0.846041,10.020762,-0.211070,-0.245567,0.038559,-0.061035,0.061035,-0.030518
28.575730,-0.171843,0.847238,10.020163,-0.213465,-0.244369,0.037960,-0.030518,0.061035,-0.061035
28.585797,-0.166454,0.844843,10.015373,-0.208076,-0.246764,0.033170,-0.061035,0.061035,-0.122070
28.595862,-0.170046,0.845442,10.012978,-0.211669,-0.246165,0.030775,-0.030518,0.061035,-0.061035
28.605927,-0.174238,0.843646,10.011780,-0.215860,-0.247962,0.029578,-0.030518,0.030518,-0.061035
28.615992,-0.175435,0.843047,10.012978,-0.217058,-0.248560,0.030775,-0.061035,0.061035,-0.061035
28.626057,-0.178429,0.844244,10.017169,-0.220051,-0.247363,0.034967,-0.061035,0.061035,-0.061035
28.636123,-0.181423,0.845442,10.015972,-0.223045,-0.246165,0.033769,-0.061035,0.061035,-0.091553
28.646188,-0.182620,0.844244,10.020163,-0.224243,-0.247363,0.037960,-0.152588,0.030518,-0.091553
28.656253,-0.190404,0.844244,10.017768,-0.232026,-0.247363,0.035565,-0.183105,0.000000,-0.061035
28.666318,-0.188608,0.846639,10.024354,-0.230230,-0.244968,0.042152,-0.244141,-0.030518,-0.061035
28.676383,-0.187410,0.853824,10.025552,-0.229033,-0.237783,0.043349,-0.427246,0.000000,-0.122070
28.686448,-0.180824,0.850831,10.025552,-0.222446,-0.240777,0.043349,-0.640869,-0.030518,-0.152588
28.696514,-0.183219,0.839454,10.027947,-0.224841,-0.252153,0.045744,-1.068115,-0.091553,-0.244141
28.706580,-0.179028,0.830473,10.025552,-0.220650,-0.261134,0.043349,-1.220703,-0.152588,-0.335693
28.716645,-0.181423,0.829874,10.021959,-0.223045,-0.261733,0.039757,-1.800537,-0.274658,-0.610352
28.726709,-0.182021,0.817899,10.035132,-0.223644,-0.273708,0.052929,-2.105713,-0.335693,-0.762939
28.736773,-0.176633,0.808319,10.034533,-0.218255,-0.283288,0.052330,-2.380371,-0.366211,-0.976562
28.746838,-0.276625,1.090931,10.009385,-0.318247,-0.000676,0.027183,-2.655029,-0.762939,-5.096436
28.756903,-0.222737,1.063987,10.003997,-0.264359,-0.027620,0.021794,-4.058838,-1.770020,-13.183594
28.766968,-0.146096,0.800535,10.044113,-0.187719,-0.291072,0.061911,-4.669189,-2.288818,-18.463135
28.777034,-0.152682,0.741857,10.042916,-0.194305,-0.349750,0.060713,-4.333496,-2.197266,-17.578125
28.787099,-0.153880,0.691562,10.041119,-0.195502,-0.400045,0.058917,-3.509521,-1.770020,-13.427734
28.797164,-0.153880,0.682581,10.035731,-0.195502,-0.409027,0.053528,-2.929688,-1.434326,-10.803223
28.807228,-0.152084,0.702938,10.035132,-0.193706,-0.388669,0.052929,-2.502441,-1.159668,-8.666992
28.817293,-0.156874,0.727487,10.040521,-0.198496,-0.364120,0.058318,-1.953125,-0.793457,-5.706787
28.827358,-0.174238,0.761017,10.037527,-0.215860,-0.330590,0.055324,-1.770020,-0.671387,-4.943848
28.837423,-0.165256,0.741259,10.039922,-0.206879,-0.350349,0.057719,-1.464844,-0.610352,-4.730225
28.847488,-0.170046,0.754431,10.028546,-0.211669,-0.337176,0.046343,-1.220703,-0.488281,-3.784180
28.857553,-0.173639,0.763412,10.026151,-0.215261,-0.328195,0.043948,-0.671387,-0.274658,-2.319336
28.867618,-0.173040,0.769400,10.027947,-0.214663,-0.322207,0.045744,-0.457764,-0.213623,-1.831055
28.877683,-0.167053,0.764610,10.030342,-0.208675,-0.326997,0.048139,-0.305176,-0.152588,-1.403809
28.887747,-0.161065,0.761017,10.036329,-0.202688,-0.330590,0.054127,-0.030518,-0.061035,-0.854492
28.897812,-0.160466,0.772993,10.038126,-0.202089,-0.318615,0.055923,0.000000,-0.030518,-0.671387
28.907877,-0.173040,0.772993,10.029144,-0.214663,-0.318615,0.046942,0.061035,0.000000,-0.366211
