time,ax_raw,ay_raw,az_raw,ax,ay,az,gx,gy,gz
0.000811,-0.186213,-0.756826,10.029743,-0.022590,-0.003420,-0.009938,-0.030518,0.030518,-0.030518
0.010884,-0.176633,-0.755629,10.038126,-0.013009,-0.002223,-0.001555,-0.061035,0.030518,-0.030518
0.020951,-0.179626,-0.753234,10.038126,-0.016003,0.000172,-0.001555,-0.061035,0.061035,-0.030518
0.031053,-0.182021,-0.752036,10.038126,-0.018398,0.001370,-0.001555,0.000000,0.030518,-0.091553
0.041119,-0.182021,-0.764610,10.033336,-0.018398,-0.011204,-0.006345,0.030518,0.030518,-0.061035
0.051186,-0.176633,-0.767604,10.038724,-0.013009,-0.014198,-0.000957,0.030518,0.061035,-0.061035
0.061252,-0.176034,-0.761017,10.044712,-0.012411,-0.007612,0.005031,0.030518,0.061035,-0.030518
0.071318,-0.171843,-0.761616,10.041718,-0.008219,-0.008210,0.002037,0.000000,0.030518,-0.030518
0.081383,-0.162861,-0.758622,10.039922,0.000762,-0.005217,0.000241,-0.061035,0.030518,-0.061035
0.091450,-0.162861,-0.764011,10.039922,0.000762,-0.010605,0.000241,-0.030518,0.030518,-0.030518
0.101515,-0.162861,-0.761616,10.044712,0.000762,-0.008210,0.005031,-0.061035,0.030518,-0.061035
0.111580,-0.164658,-0.760419,10.047706,-0.001034,-0.007013,0.008025,-0.061035,0.061035,-0.061035
0.121648,-0.162263,-0.757425,10.053094,0.001361,-0.004019,0.013414,-0.061035,0.061035,-0.091553
0.131714,-0.158071,-0.758024,10.048903,0.005552,-0.004618,0.009222,-0.061035,0.061035,-0.061035
0.141779,-0.155676,-0.758024,10.048304,0.007947,-0.004618,0.008624,-0.061035,0.061035,-0.030518
0.151845,-0.168250,-0.765807,10.045909,-0.004627,-0.012402,0.006229,-0.061035,0.030518,0.000000
0.161911,-0.170645,-0.759820,10.041119,-0.007022,-0.006414,0.001439,-0.030518,0.030518,0.000000
0.171974,-0.171244,-0.762215,10.045311,-0.007621,-0.008809,0.005630,-0.030518,0.000000,0.000000
0.182054,-0.173639,-0.755629,10.044712,-0.010016,-0.002223,0.005031,0.000000,0.000000,0.000000
0.192118,-0.173040,-0.753832,10.041119,-0.009417,-0.000427,0.001439,0.000000,0.030518,-0.030518
0.202316,-0.162861,-0.761017,10.052496,0.000762,-0.007612,0.012815,-0.030518,0.030518,0.000000
0.212381,-0.162861,-0.755030,10.050101,0.000762,-0.001624,0.010420,-0.030518,0.000000,-0.030518
0.222446,-0.167053,-0.752635,10.043514,-0.003429,0.000771,0.003834,-0.030518,0.030518,-0.030518
0.232511,-0.162861,-0.752635,10.046508,0.000762,0.000771,0.006827,0.000000,0.000000,-0.030518
0.242575,-0.159269,-0.749641,10.042317,0.004354,0.003765,0.002636,0.000000,0.030518,-0.061035
0.252640,-0.165256,-0.752635,10.042916,-0.001633,0.000771,0.003235,0.000000,0.030518,-0.061035
0.262705,-0.161664,-0.753234,10.048903,0.001959,0.000172,0.009222,0.000000,0.061035,-0.091553
0.272770,-0.156874,-0.758622,10.042916,0.006749,-0.005217,0.003235,0.030518,0.061035,-0.122070
0.282834,-0.155676,-0.762215,10.039922,0.007947,-0.008809,0.000241,0.000000,0.091553,-0.091553
0.292899,-0.156275,-0.759221,10.034533,0.007348,-0.005815,-0.005148,0.030518,0.061035,-0.061035
0.302964,-0.161065,-0.757425,10.044712,0.002558,-0.004019,0.005031,0.000000,0.061035,-0.061035
0.313029,-0.165256,-0.753832,10.039922,-0.001633,-0.000427,0.000241,0.000000,0.061035,-0.061035
0.323094,-0.165855,-0.756826,10.041119,-0.002232,-0.003420,0.001439,-0.061035,0.030518,-0.030518
0.333159,-0.165256,-0.756227,10.040521,-0.001633,-0.002822,0.000840,-0.091553,0.061035,0.000000
0.343224,-0.167053,-0.758622,10.033336,-0.003429,-0.005217,-0.006345,-0.061035,0.030518,-0.030518
0.353288,-0.165256,-0.756227,10.034533,-0.001633,-0.002822,-0.005148,-0.061035,0.030518,-0.030518
0.363353,-0.159868,-0.752635,10.031539,0.003756,0.000771,-0.008142,-0.061035,0.030518,-0.030518
0.373417,-0.165256,-0.753832,10.028546,-0.001633,-0.000427,-0.011135,-0.030518,0.061035,-0.030518
0.383483,-0.164059,-0.759820,10.027348,-0.000436,-0.006414,-0.012333,-0.030518,0.030518,0.000000
0.393547,-0.174238,-0.756826,10.027947,-0.010614,-0.003420,-0.011734,0.000000,0.061035,0.000000
0.403612,-0.167053,-0.756826,10.038724,-0.003429,-0.003420,-0.000957,-0.030518,0.030518,0.000000
0.413676,-0.170046,-0.753234,10.041718,-0.006423,0.000172,0.002037,0.000000,0.000000,-0.030518
0.423741,-0.176034,-0.755030,10.038126,-0.012411,-0.001624,-0.001555,0.000000,0.030518,-0.030518
0.433805,-0.171843,-0.752635,10.035731,-0.008219,0.000771,-0.003950,0.000000,0.061035,0.000000
0.443869,-0.173040,-0.745450,10.042916,-0.009417,0.007956,0.003235,0.000000,0.061035,0.000000
0.453934,-0.175435,-0.751437,10.048903,-0.011812,0.001968,0.009222,0.000000,0.061035,0.000000
0.463999,-0.174836,-0.753832,10.047107,-0.011213,-0.000427,0.007426,-0.030518,0.030518,-0.030518
0.474063,-0.176034,-0.752036,10.042916,-0.012411,0.001370,0.003235,-0.030518,0.030518,-0.030518
0.484128,-0.171244,-0.747246,10.038724,-0.007621,0.006160,-0.000957,-0.061035,0.030518,-0.061035
0.494193,-0.166454,-0.747246,10.038126,-0.002831,0.006160,-0.001555,-0.030518,0.030518,-0.030518
0.504258,-0.162861,-0.753832,10.043514,0.000762,-0.000427,0.003834,-0.030518,0.030518,-0.030518
0.514322,-0.163460,-0.759221,10.042916,0.000163,-0.005815,0.003235,-0.030518,0.030518,-0.061035
0.524388,-0.165855,-0.754431,10.043514,-0.002232,-0.001025,0.003834,-0.030518,0.061035,-0.030518
0.534451,-0.158670,-0.755030,10.043514,0.004953,-0.001624,0.003834,-0.030518,0.030518,-0.030518
0.544517,-0.159269,-0.753832,10.045311,0.004354,-0.000427,0.005630,-0.030518,0.000000,-0.030518
0.554581,-0.160466,-0.758622,10.047107,0.003157,-0.005217,0.007426,0.000000,0.030518,0.000000
0.564646,-0.167053,-0.756826,10.042916,-0.003429,-0.003420,0.003235,0.030518,0.000000,0.000000
0.574710,-0.170046,-0.762215,10.033934,-0.006423,-0.008809,-0.005747,0.000000,0.000000,0.000000
0.584775,-0.170645,-0.754431,10.035132,-0.007022,-0.001025,-0.004549,-0.030518,0.000000,-0.030518
0.594840,-0.166454,-0.757425,10.035132,-0.002831,-0.004019,-0.004549,-0.030518,0.030518,-0.030518
0.604905,-0.167053,-0.756227,10.038724,-0.003429,-0.002822,-0.000957,-0.030518,0.030518,-0.030518
0.614970,-0.169448,-0.756826,10.043514,-0.005824,-0.003420,0.003834,0.000000,0.030518,-0.061035
0.625036,-0.167651,-0.752036,10.036928,-0.004028,0.001370,-0.002753,-0.030518,0.061035,-0.030518
0.635101,-0.171843,-0.759820,10.034533,-0.008219,-0.006414,-0.005148,-0.030518,0.030518,-0.030518
0.645166,-0.171244,-0.756826,10.030342,-0.007621,-0.003420,-0.009339,0.000000,0.030518,-0.030518
0.655232,-0.169448,-0.756826,10.029743,-0.005824,-0.003420,-0.009938,-0.030518,0.061035,-0.030518
0.665297,-0.168849,-0.759221,10.032737,-0.005226,-0.005815,-0.006944,-0.030518,0.061035,0.000000
0.675363,-0.171843,-0.763412,10.027348,-0.008219,-0.010007,-0.012333,-0.030518,0.030518,-0.030518
0.685429,-0.174836,-0.766406,10.027348,-0.011213,-0.013000,-0.012333,-0.030518,0.061035,-0.030518
0.695495,-0.175435,-0.761616,10.032138,-0.011812,-0.008210,-0.007543,-0.061035,0.061035,0.000000
0.705559,-0.176633,-0.759221,10.035731,-0.013009,-0.005815,-0.003950,-0.061035,0.030518,0.000000
0.715625,-0.171244,-0.753832,10.038126,-0.007621,-0.000427,-0.001555,-0.061035,0.061035,0.000000
0.725690,-0.165256,-0.751437,10.031539,-0.001633,0.001968,-0.008142,-0.030518,0.061035,-0.030518
0.735755,-0.168250,-0.751437,10.031539,-0.004627,0.001968,-0.008142,-0.030518,0.061035,-0.030518
0.745821,-0.167651,-0.742456,10.031539,-0.004028,0.010950,-0.008142,-0.061035,0.061035,0.000000
0.755887,-0.167053,-0.746049,10.039922,-0.003429,0.007357,0.000241,-0.061035,0.030518,0.000000
0.765953,-0.165855,-0.751437,10.037527,-0.002232,0.001968,-0.002154,-0.061035,0.030518,0.000000
0.776018,-0.162861,-0.753832,10.036329,0.000762,-0.000427,-0.003352,-0.061035,0.000000,0.000000
0.786083,-0.164059,-0.758024,10.036329,-0.000436,-0.004618,-0.003352,-0.061035,0.000000,-0.030518
0.796148,-0.166454,-0.756826,10.038724,-0.002831,-0.003420,-0.000957,-0.091553,-0.030518,-0.030518
0.806213,-0.163460,-0.756826,10.041718,0.000163,-0.003420,0.002037,-0.061035,0.000000,-0.030518
0.816328,-0.158071,-0.755030,10.041718,0.005552,-0.001624,0.002037,-0.061035,0.030518,-0.061035
0.826425,-0.162263,-0.750839,10.036928,0.001361,0.002567,-0.002753,0.000000,0.030518,-0.030518
0.836520,-0.169448,-0.756227,10.042916,-0.005824,-0.002822,0.003235,0.000000,0.061035,-0.091553
0.849735,-0.172441,-0.759221,10.041718,-0.008818,-0.005815,0.002037,-0.030518,0.061035,-0.030518
0.859835,-0.177231,-0.760419,10.042317,-0.013608,-0.007013,0.002636,-0.030518,0.030518,-0.061035
0.869932,-0.169448,-0.759221,10.041718,-0.005824,-0.005815,0.002037,0.000000,0.030518,-0.030518
0.880029,-0.173639,-0.756227,10.043514,-0.010016,-0.002822,0.003834,0.000000,0.030518,0.000000
0.890125,-0.170046,-0.761616,10.041119,-0.006423,-0.008210,0.001439,0.000000,0.030518,-0.030518
0.900222,-0.165855,-0.752036,10.038126,-0.002232,0.001370,-0.001555,0.030518,0.030518,-0.030518
0.910315,-0.168250,-0.752036,10.042317,-0.004627,0.001370,0.002636,0.000000,-0.030518,0.000000
0.920409,-0.176034,-0.761616,10.034533,-0.012411,-0.008210,-0.005148,0.000000,-0.030518,-0.030518
0.930499,-0.171843,-0.762215,10.035731,-0.008219,-0.008809,-0.003950,0.030518,-0.030518,-0.030518
0.940588,-0.174238,-0.755030,10.038126,-0.010614,-0.001624,-0.001555,0.030518,0.000000,0.000000
0.950679,-0.178429,-0.750839,10.045909,-0.014806,0.002567,0.006229,0.030518,0.000000,0.000000
0.960768,-0.176034,-0.749641,10.054891,-0.012411,0.003765,0.015210,0.000000,0.030518,-0.030518
0.970858,-0.168849,-0.756826,10.049502,-0.005226,-0.003420,0.009821,-0.030518,0.061035,-0.030518
0.980947,-0.166454,-0.759820,10.049502,-0.002831,-0.006414,0.009821,-0.030518,0.061035,0.000000
0.991037,-0.163460,-0.763412,10.050699,0.000163,-0.010007,0.011019,-0.030518,0.030518,-0.030518
1.001127,-0.161664,-0.757425,10.052496,0.001959,-0.004019,0.012815,-0.030518,0.030518,0.000000
1.011216,-0.165855,-0.750240,10.048903,-0.002232,0.003166,0.009222,-0.030518,0.030518,-0.030518
1.021375,-0.165256,-0.753234,10.049502,-0.001633,0.000172,0.009821,-0.030518,0.030518,-0.030518
1.031473,-0.167651,-0.757425,10.038724,-0.004028,-0.004019,-0.000957,0.000000,0.030518,-0.030518
1.041569,-0.166454,-0.757425,10.043514,-0.002831,-0.004019,0.003834,0.000000,0.030518,-0.030518
1.051666,-0.168250,-0.763412,10.047706,-0.004627,-0.010007,0.008025,-0.030518,0.061035,-0.030518
1.061763,-0.161065,-0.764011,10.042916,0.002558,-0.010605,0.003235,-0.030518,0.061035,-0.030518
1.071860,-0.166454,-0.759221,10.037527,-0.002831,-0.005815,-0.002154,-0.061035,0.061035,-0.061035
1.081953,-0.159269,-0.761017,10.035132,0.004354,-0.007612,-0.004549,-0.030518,0.091553,-0.030518
1.092049,-0.161065,-0.759820,10.032737,0.002558,-0.006414,-0.006944,-0.030518,0.091553,-0.061035
1.102174,-0.163460,-0.762814,10.039922,0.000163,-0.009408,0.000241,-0.061035,0.061035,-0.030518
1.112267,-0.166454,-0.764610,10.041119,-0.002831,-0.011204,0.001439,-0.061035,0.061035,0.000000
1.122433,-0.170645,-0.761616,10.035731,-0.007022,-0.008210,-0.003950,-0.061035,0.061035,0.030518
1.132524,-0.173639,-0.755030,10.033934,-0.010016,-0.001624,-0.005747,-0.030518,0.061035,0.000000
1.142611,-0.174836,-0.752036,10.033934,-0.011213,0.001370,-0.005747,0.000000,0.061035,-0.030518
1.152694,-0.176633,-0.755030,10.051298,-0.013009,-0.001624,0.011617,-0.030518,0.000000,-0.030518
1.162786,-0.182021,-0.753832,10.049502,-0.018398,-0.000427,0.009821,-0.030518,0.030518,-0.061035
1.172872,-0.184417,-0.757425,10.038724,-0.020793,-0.004019,-0.000957,0.000000,0.061035,-0.061035
1.182959,-0.178429,-0.756826,10.040521,-0.014806,-0.003420,0.000840,-0.030518,0.061035,-0.030518
1.193044,-0.176633,-0.759221,10.047107,-0.013009,-0.005815,0.007426,0.000000,0.061035,-0.061035
1.203134,-0.183219,-0.755629,10.053693,-0.019596,-0.002223,0.014012,0.000000,0.061035,-0.061035
1.213219,-0.174836,-0.758024,10.050699,-0.011213,-0.004618,0.011019,0.030518,0.061035,-0.061035
1.223333,-0.165256,-0.756826,10.045311,-0.001633,-0.003420,0.005630,0.000000,0.030518,-0.091553
1.233419,-0.161065,-0.750240,10.039323,0.002558,0.003166,-0.000358,0.000000,0.091553,-0.061035
1.243507,-0.162861,-0.761616,10.045311,0.000762,-0.008210,0.005630,-0.030518,0.061035,0.000000
1.253593,-0.168250,-0.757425,10.048903,-0.004627,-0.004019,0.009222,-0.030518,0.000000,-0.030518
1.263681,-0.167053,-0.767604,10.044113,-0.003429,-0.014198,0.004432,0.000000,0.030518,0.000000
1.273767,-0.167053,-0.768801,10.042916,-0.003429,-0.015395,0.003235,0.000000,0.030518,0.000000
1.283855,-0.170645,-0.764011,10.035731,-0.007022,-0.010605,-0.003950,0.000000,0.030518,0.000000
1.293941,-0.161664,-0.771795,10.035731,0.001959,-0.018389,-0.003950,0.030518,0.030518,-0.030518
1.304029,-0.161664,-0.764011,10.039922,0.001959,-0.010605,0.000241,0.000000,0.000000,-0.030518
1.314115,-0.161065,-0.761017,10.040521,0.002558,-0.007612,0.000840,0.000000,0.030518,-0.061035
1.324276,-0.165256,-0.765807,10.036329,-0.001633,-0.012402,-0.003352,0.000000,0.000000,-0.030518
1.334369,-0.170046,-0.767005,10.032737,-0.006423,-0.013599,-0.006944,0.000000,0.000000,-0.030518
1.344460,-0.171244,-0.767005,10.031539,-0.007621,-0.013599,-0.008142,-0.030518,0.000000,0.000000
1.354552,-0.171843,-0.761616,10.036329,-0.008219,-0.008210,-0.003352,0.000000,-0.030518,-0.030518
1.364645,-0.168849,-0.759221,10.035731,-0.005226,-0.005815,-0.003950,0.000000,0.000000,-0.061035
1.374737,-0.167651,-0.756227,10.033336,-0.004028,-0.002822,-0.006345,0.000000,-0.030518,-0.061035
1.384833,-0.161664,-0.761017,10.039922,0.001959,-0.007612,0.000241,0.000000,-0.030518,-0.061035
1.394925,-0.156275,-0.761616,10.041119,0.007348,-0.008210,0.001439,0.000000,-0.030518,-0.030518
1.405020,-0.158670,-0.752635,10.050699,0.004953,0.000771,0.011019,0.000000,0.030518,-0.061035
1.415113,-0.161664,-0.757425,10.050101,0.001959,-0.004019,0.010420,0.030518,0.030518,-0.091553
1.425281,-0.160466,-0.753234,10.048304,0.003157,0.000172,0.008624,0.000000,0.000000,-0.091553
1.435369,-0.158071,-0.755030,10.034533,0.005552,-0.001624,-0.005148,0.030518,0.030518,-0.091553
1.445458,-0.159868,-0.757425,10.032737,0.003756,-0.004019,-0.006944,-0.030518,0.030518,-0.091553
1.455547,-0.162861,-0.764610,10.045311,0.000762,-0.011204,0.005630,-0.091553,0.000000,-0.061035
1.465636,-0.161664,-0.761017,10.042916,0.001959,-0.007612,0.003235,-0.091553,0.000000,-0.061035
1.475724,-0.162861,-0.769400,10.039323,0.000762,-0.015994,-0.000358,-0.061035,0.030518,-0.061035
1.485812,-0.166454,-0.768203,10.036329,-0.002831,-0.014797,-0.003352,-0.091553,0.030518,-0.030518
1.495901,-0.163460,-0.768801,10.037527,0.000163,-0.015395,-0.002154,-0.061035,0.030518,-0.061035
1.505990,-0.163460,-0.769400,10.045311,0.000163,-0.015994,0.005630,-0.030518,0.030518,-0.030518
1.516078,-0.160466,-0.770598,10.040521,0.003157,-0.017192,0.000840,0.000000,0.030518,-0.030518
1.526189,-0.163460,-0.765209,10.035731,0.000163,-0.011803,-0.003950,-0.030518,0.030518,0.000000
1.536279,-0.165855,-0.762215,10.034533,-0.002232,-0.008809,-0.005148,0.000000,0.061035,0.000000
1.546367,-0.168849,-0.752635,10.041718,-0.005226,0.000771,0.002037,0.000000,0.061035,0.000000
1.556455,-0.167053,-0.749042,10.042916,-0.003429,0.004363,0.003235,0.000000,0.061035,0.030518
1.566544,-0.165256,-0.750839,10.039922,-0.001633,0.002567,0.000241,0.030518,0.030518,0.000000
1.576630,-0.163460,-0.746647,10.038126,0.000163,0.006758,-0.001555,0.030518,0.030518,0.000000
1.586718,-0.161664,-0.748444,10.039323,0.001959,0.004962,-0.000358,0.030518,0.030518,0.000000
1.596807,-0.161664,-0.749042,10.048903,0.001959,0.004363,0.009222,0.000000,0.030518,0.000000
1.606896,-0.167651,-0.749641,10.046508,-0.004028,0.003765,0.006827,0.000000,0.030518,0.000000
1.616984,-0.165256,-0.747246,10.047706,-0.001633,0.006160,0.008025,-0.061035,0.030518,0.000000
1.627145,-0.164658,-0.747246,10.044113,-0.001034,0.006160,0.004432,-0.061035,0.030518,0.000000
1.637241,-0.167651,-0.751437,10.036928,-0.004028,0.001968,-0.002753,-0.091553,0.030518,-0.061035
1.647333,-0.167053,-0.749042,10.038126,-0.003429,0.004363,-0.001555,-0.091553,0.030518,-0.030518
1.657423,-0.162861,-0.753234,10.034533,0.000762,0.000172,-0.005148,-0.061035,-0.030518,-0.030518
1.667520,-0.171843,-0.756227,10.034533,-0.008219,-0.002822,-0.005148,-0.061035,0.030518,-0.030518
1.677618,-0.171843,-0.755629,10.035132,-0.008219,-0.002223,-0.004549,-0.061035,0.061035,-0.061035
1.687719,-0.171843,-0.751437,10.032138,-0.008219,0.001968,-0.007543,-0.091553,0.061035,0.000000
1.697814,-0.168849,-0.753832,10.036329,-0.005226,-0.000427,-0.003352,-0.122070,0.091553,-0.030518
1.707913,-0.165256,-0.747845,10.039922,-0.001633,0.005561,0.000241,-0.183105,0.030518,0.030518
1.718011,-0.171843,-0.750240,10.037527,-0.008219,0.003166,-0.002154,-0.152588,0.030518,0.061035
1.728215,-0.170645,-0.750240,10.032737,-0.007022,0.003166,-0.006944,-0.183105,0.000000,0.183105
1.738306,-0.176633,-0.643661,10.038724,-0.013009,0.109744,-0.000957,-0.183105,0.000000,0.457764
1.748397,-0.194595,-0.511337,10.053693,-0.030972,0.242069,0.014012,-0.244141,-0.274658,3.875732
1.758487,-0.228126,-0.248483,10.054292,-0.064502,0.504923,0.014611,-0.640869,-0.518799,8.087158
1.768575,-0.236508,-0.232916,10.053693,-0.072885,0.520490,0.014012,-0.701904,-0.701904,12.084961
1.778665,-0.179028,-0.650847,10.002799,-0.015404,0.102559,-0.036882,0.457764,-1.037598,17.425537
1.788755,-0.174836,-0.660427,10.012379,-0.011213,0.092979,-0.027302,0.305176,-0.946045,17.944336
1.798850,-0.120350,-1.217269,10.019564,0.043274,-0.463863,-0.020117,0.518799,-0.762939,16.937256
1.808939,-0.126936,-1.172362,10.019564,0.036687,-0.418956,-0.020117,0.579834,-0.579834,13.519287
1.819031,-0.143701,-1.101110,10.033934,0.019922,-0.347704,-0.005747,0.854492,-0.488281,8.117676
1.829154,-0.147294,-1.027463,10.028546,0.016330,-0.274058,-0.011135,1.373291,-0.610352,6.011963
1.839244,-0.129331,-0.950224,9.987231,0.034292,-0.196818,-0.052449,1.403809,-0.549316,4.119873
1.849332,-0.144300,-0.930465,10.068063,0.019323,-0.177059,0.028382,-0.762939,0.274658,0.671387
1.859422,-0.156275,-0.850831,10.030342,0.007348,-0.097425,-0.009339,-0.518799,0.305176,-0.335693
1.869511,-0.160466,-0.746647,10.032138,0.003157,0.006758,-0.007543,-0.305176,0.244141,-0.640869
1.879602,-0.165256,-0.744851,10.030342,-0.001633,0.008555,-0.009339,-0.213623,0.183105,-0.488281
1.889691,-0.170046,-0.751437,10.029743,-0.006423,0.001968,-0.009938,-0.091553,0.122070,-0.366211
1.899780,-0.172441,-0.749042,10.040521,-0.008818,0.004363,0.000840,-0.030518,0.091553,-0.274658
1.909871,-0.178429,-0.754431,10.044113,-0.014806,-0.001025,0.004432,0.030518,0.061035,-0.244141
1.919961,-0.177830,-0.814905,10.028546,-0.014207,-0.061500,-0.011135,0.122070,0.030518,-0.488281
1.930131,-0.288001,-0.815504,10.026151,-0.124378,-0.062098,-0.013530,0.061035,0.091553,-1.007080
1.940228,-0.607137,-0.895737,10.011780,-0.443514,-0.142332,-0.027900,-0.396729,0.061035,-2.258301
1.950325,-0.304766,-0.870590,10.033934,-0.141143,-0.117184,-0.005747,-0.518799,0.122070,-2.929688
1.960421,-0.097597,-0.721500,10.036928,0.066026,0.031906,-0.002753,-0.366211,0.152588,-3.051758
1.970518,-0.204175,-0.693957,10.042317,-0.040552,0.059449,0.002636,-0.244141,0.122070,-2.532959
1.980614,-0.413740,-0.702339,10.035132,-0.250116,0.051066,-0.004549,-0.152588,0.000000,-1.098633
1.990710,-0.610730,-0.706531,10.015373,-0.447107,0.046875,-0.024308,-0.213623,0.000000,0.030518
2.000808,-0.508343,-0.747845,10.029144,-0.344720,0.005561,-0.010537,-0.122070,-0.061035,0.732422
2.010920,-0.396974,-0.699346,10.024354,-0.233351,0.054060,-0.015327,0.030518,-0.122070,1.281738
2.021019,-0.634081,-0.684976,10.030941,-0.470458,0.068430,-0.008740,-0.122070,-0.030518,1.007080
2.031202,-0.555645,-0.750839,10.039323,-0.392021,0.002567,-0.000358,-0.152588,0.122070,-1.647949
2.041293,-0.416733,-0.686772,10.051897,-0.253110,0.066634,0.012216,-0.152588,0.244141,-3.295898
2.051383,-0.425715,-0.760419,10.036928,-0.262091,-0.007013,-0.002753,-0.823975,0.366211,-6.072998
2.061474,-0.520917,-0.805924,10.044712,-0.357294,-0.052518,0.005031,-0.793457,0.457764,-6.622314
2.071564,-0.565225,-0.843047,10.044712,-0.401601,-0.089641,0.005031,-0.579834,0.488281,-6.530762
2.081656,-0.617915,-0.814905,10.023755,-0.454292,-0.061500,-0.015925,0.030518,0.549316,-5.249023
2.091746,-0.586780,-0.869991,10.038126,-0.423157,-0.116585,-0.001555,0.061035,0.518799,-4.730225
2.101865,-0.640069,-0.816103,10.017768,-0.476446,-0.062697,-0.021913,0.396729,0.732422,-4.577637
2.111956,-0.568218,-0.887953,10.039323,-0.404595,-0.134548,-0.000358,0.305176,0.854492,-4.791260
2.122046,-0.500559,-0.859812,10.009984,-0.336936,-0.106406,-0.029697,0.366211,0.976562,-4.974365
2.132132,-0.507744,-0.826282,10.001003,-0.344121,-0.072876,-0.038678,0.061035,1.037598,-4.974365
2.142222,-0.432301,-0.824485,10.026749,-0.268678,-0.071080,-0.012932,-0.457764,1.007080,-5.035400
2.152309,-0.457449,-0.660427,10.021360,-0.293825,0.092979,-0.018320,-0.793457,1.007080,-5.462646
2.162395,-0.480800,-0.718506,10.021360,-0.317177,0.034900,-0.018320,-0.335693,0.854492,-5.157471
2.172480,-0.358654,-0.781974,9.985435,-0.195031,-0.028568,-0.054246,-0.305176,0.885010,-4.241943
2.182563,-0.396376,-0.841251,10.039323,-0.232752,-0.087845,-0.000358,-0.457764,0.793457,-5.584717
2.192649,-0.357457,-0.874781,10.012978,-0.193833,-0.121375,-0.026703,-0.122070,0.762939,-9.582520
2.202736,-0.329914,-0.911305,9.993818,-0.166291,-0.157899,-0.045863,0.061035,0.854492,-11.871338
2.212822,-0.321531,-0.744252,9.962682,-0.157908,0.009153,-0.076998,0.335693,1.068115,-14.160156
2.222909,-0.332908,-0.693358,10.099199,-0.169284,0.060048,0.059518,0.366211,0.823975,-15.686035
2.232995,-0.464035,-0.728086,10.008787,-0.300412,0.025320,-0.030894,0.732422,0.732422,-15.258789
2.243083,-0.418530,-0.813109,10.062076,-0.254906,-0.059703,0.022395,0.976562,0.579834,-15.472412
2.253171,-0.385598,-0.701741,10.077045,-0.221975,0.051665,0.037364,1.190186,0.579834,-15.014648
2.263255,-0.542472,-0.538879,10.071656,-0.378849,0.214526,0.031975,0.427246,0.152588,-11.260986
2.273342,-0.094005,-0.871188,10.061477,0.069619,-0.117783,0.021796,0.427246,0.305176,-10.192871
2.283430,-0.578397,-0.693358,10.126143,-0.414774,0.060048,0.086462,-0.976562,-0.152588,-9.033203
2.293516,-0.358055,-0.699346,10.045909,-0.194432,0.054060,0.006229,0.305176,0.030518,-10.742188
2.303606,-0.205972,-0.634081,10.088421,-0.042348,0.119324,0.048740,0.305176,-0.030518,-11.444092
2.313692,-0.350272,-0.601150,10.032737,-0.186648,0.152256,-0.006944,-0.091553,-0.213623,-8.728027
2.323780,-0.335901,-0.732876,10.037527,-0.172278,0.020530,-0.002154,0.549316,-0.091553,-7.904053
2.333869,-0.502355,-0.816702,10.067465,-0.338732,-0.063296,0.027784,0.030518,-0.549316,-3.723145
2.343964,-0.437690,-0.796344,10.039922,-0.274067,-0.042938,0.000241,0.091553,-0.762939,-0.640869
2.354057,-0.306563,-0.802332,10.003398,-0.142939,-0.048926,-0.036283,0.793457,-0.854492,2.990723
2.364154,-0.528102,-0.835263,9.966275,-0.364479,-0.081857,-0.073406,0.305176,-0.701904,4.058838
2.374246,-0.420326,-0.977767,10.044113,-0.256703,-0.224361,0.004432,0.732422,-0.854492,4.364014
2.384341,-0.380209,-0.907114,9.983639,-0.216586,-0.153708,-0.056042,-0.518799,-1.037598,5.676270
2.394436,-0.537083,-0.859812,10.014175,-0.373460,-0.106406,-0.025505,-0.366211,-0.915527,5.157471
2.404531,-0.376018,-0.865800,10.076446,-0.212395,-0.112394,0.036765,0.122070,-0.457764,4.455566
2.414623,-0.336500,-0.852627,10.027947,-0.172877,-0.099221,-0.011734,0.671387,-0.335693,4.455566
2.424718,-0.441881,-0.814905,9.998009,-0.278258,-0.061500,-0.041672,0.000000,-0.640869,6.286621
2.434879,-0.496967,-0.814307,10.015972,-0.333343,-0.060901,-0.023709,-0.122070,-0.762939,8.331299
2.444967,-0.436492,-0.737067,10.044113,-0.272869,0.016339,0.004432,-0.061035,-0.793457,9.460449
2.455057,-0.167053,-0.748444,10.129735,-0.003429,0.004962,0.090054,-1.617432,-0.762939,8.850098
2.465146,-0.030536,-0.753832,10.099199,0.133087,-0.000427,0.059518,-1.464844,-0.396729,7.415771
2.475235,-0.268242,-0.874781,10.014175,-0.104619,-0.121375,-0.025505,-0.823975,-0.091553,5.126953
2.485322,-0.270637,-0.893342,10.086625,-0.107014,-0.139937,0.046944,-0.854492,0.061035,4.608154
2.495410,-0.216151,-0.862207,10.068063,-0.052527,-0.108801,0.028382,-0.762939,0.335693,7.263184
2.505497,0.002395,-0.898731,10.151290,0.166018,-0.145325,0.111609,-1.251221,0.274658,8.880615
2.515585,-0.038320,-0.901126,10.221943,0.125303,-0.147720,0.182262,-1.068115,0.152588,9.643555
2.525673,-0.219743,-0.887355,9.987231,-0.056120,-0.133949,-0.052449,-0.213623,-0.122070,9.338379
2.535784,-0.059277,-0.843047,10.103989,0.104347,-0.089641,0.064308,-0.518799,-0.366211,8.789062
2.545873,-0.026944,-0.780178,10.053693,0.136679,-0.026772,0.014012,0.335693,-0.305176,5.065918
2.555962,-0.092208,-0.725092,10.065070,0.071415,0.028314,0.025389,0.061035,-0.335693,3.540039
2.566052,-0.080233,-0.643063,10.059082,0.083390,0.110343,0.019401,-0.610352,-0.793457,0.457764
2.576143,-0.479603,-0.701142,9.939331,-0.315979,0.052264,-0.100350,-0.915527,-0.976562,-0.244141
2.586232,-0.386197,-0.780776,10.003398,-0.222574,-0.027371,-0.036283,-0.091553,-0.885010,-0.183105
2.596321,-0.366438,-1.102906,10.084230,-0.202815,-0.349501,0.044549,0.427246,-1.037598,0.030518
2.606410,-0.429307,-1.005309,10.096804,-0.265684,-0.251904,0.057123,1.647949,-0.732422,0.823975
2.616499,-0.325723,-0.916095,10.035731,-0.162099,-0.162689,-0.003950,1.617432,-1.220703,4.913330
2.626588,-0.168250,-0.873583,10.036928,-0.004627,-0.120178,-0.002753,1.251221,-0.885010,5.615234
2.636700,0.102986,-0.661624,10.143506,0.266609,0.091782,0.103826,1.281738,0.000000,4.425049
2.646788,-0.425116,-0.699944,10.009984,-0.261493,0.053461,-0.029697,0.701904,0.183105,3.662109
2.656876,-0.415536,-0.608335,9.944720,-0.251913,0.145071,-0.094961,-0.549316,0.854492,2.410889
2.666965,-0.087418,-0.846639,9.982441,0.076205,-0.093234,-0.057239,-1.159668,1.342773,0.946045
2.677055,-0.138911,-0.831671,10.047107,0.024712,-0.078265,0.007426,-1.434326,1.495361,-0.823975
2.687146,-0.252675,-0.846639,10.126741,-0.089051,-0.093234,0.087060,-2.471924,1.373291,-3.173828
2.697233,-0.625100,-0.606539,9.992021,-0.461477,0.146867,-0.047659,-3.631592,0.854492,-1.983643
2.707323,-0.426912,-0.990939,10.034533,-0.263289,-0.237534,-0.005148,-3.692627,-0.274658,-1.586914
2.717413,-0.463436,-1.078358,10.083631,-0.299813,-0.324952,0.043950,-1.953125,-0.793457,-2.319336
2.727502,-0.483195,-1.244213,10.102791,-0.319572,-0.490807,0.063110,1.953125,-1.312256,-1.159668
2.737663,-0.301174,-1.019081,9.948911,-0.137550,-0.265675,-0.090770,1.953125,-1.373291,1.861572
2.747793,-0.570015,-0.977767,10.016570,-0.406391,-0.224361,-0.023110,2.044678,-1.098633,2.197266
2.757890,-0.583786,-0.977168,10.062675,-0.420163,-0.223762,0.022994,0.793457,-0.427246,0.762939
2.767985,-0.398771,-0.958008,10.038724,-0.235148,-0.204602,-0.000957,1.251221,0.122070,0.549316
2.778082,-0.490380,-0.655637,10.062675,-0.326757,0.097769,0.022994,1.831055,0.640869,0.030518
2.788178,-0.358654,-0.712518,10.020762,-0.195031,0.040887,-0.018919,1.770020,0.762939,0.213623
2.798276,-0.374222,-0.671803,10.079440,-0.210599,0.081603,0.039759,-0.244141,0.885010,-3.173828
2.808372,-0.635878,-0.702339,10.038126,-0.472254,0.051066,-0.001555,-1.129150,0.823975,-4.455566
2.818469,-0.581990,-0.979563,10.174043,-0.418367,-0.226157,0.134362,0.152588,1.770020,-6.713867
2.828565,-0.480800,-0.820893,9.957892,-0.317177,-0.067487,-0.081788,0.640869,1.953125,-5.462646
2.838734,-0.546663,-0.579595,9.945917,-0.383040,0.173811,-0.093764,0.488281,1.525879,-4.241943
2.848825,-0.435295,-0.957409,9.980046,-0.271672,-0.204003,-0.059634,-0.518799,0.762939,-3.387451
2.858916,-0.230521,-0.935255,10.090816,-0.066897,-0.181849,0.051135,0.579834,0.701904,-4.394531
2.869005,-0.453257,-0.823288,10.112371,-0.289634,-0.069882,0.072690,0.152588,0.457764,-3.997803
2.879096,-0.782573,-0.613125,9.908196,-0.618949,0.140281,-0.131485,-1.129150,0.396729,-2.899170
2.889186,-0.408351,-0.841251,10.106384,-0.244728,-0.087845,0.066703,-2.838135,-0.152588,-4.669189
2.899275,-0.357457,-0.846041,10.075248,-0.193833,-0.092635,0.035568,-1.647949,0.274658,-5.157471
2.909365,-0.553848,-0.788560,10.062076,-0.390225,-0.035154,0.022395,-2.197266,-0.274658,-4.455566
2.919455,-0.201182,-0.651445,10.055490,-0.037558,0.101960,0.015809,-1.251221,0.091553,-4.058838
2.929545,-0.099393,-0.636476,10.141111,0.064230,0.116929,0.101431,-0.152588,0.183105,-5.096436
2.939656,-0.331111,-0.417931,10.091415,-0.167488,0.335475,0.051734,1.159668,-0.061035,-6.011963
2.949747,-0.507744,-0.445474,10.118958,-0.344121,0.307932,0.079277,0.183105,-0.488281,-2.716064
2.959837,-0.193398,-0.681982,10.081236,-0.029775,0.071424,0.041555,2.960205,1.617432,-6.195068
2.969927,0.176034,-0.566422,10.054292,0.339657,0.186984,0.014611,3.479004,2.441406,-7.537842
2.980016,-0.134121,-0.655038,10.035731,0.029502,0.098368,-0.003950,2.899170,2.532959,-7.446289
2.990106,-0.044308,-0.662223,9.982441,0.119315,0.091183,-0.057239,1.525879,1.983643,-8.239746
3.000196,0.076042,-0.645458,10.065070,0.239665,0.107948,0.025389,-0.823975,1.373291,-5.493164
3.010286,0.088616,-0.835862,10.163265,0.252239,-0.082456,0.123585,-2.960205,0.274658,-8.666992
3.020376,-0.212558,-0.991538,9.924961,-0.048935,-0.238132,-0.114720,-2.410889,0.000000,-9.857178
3.030465,-0.376617,-0.567620,10.245894,-0.212994,0.185786,0.206213,1.373291,-2.410889,-4.425049
3.040627,-0.508343,-0.622106,10.019564,-0.344720,0.131299,-0.020117,3.112793,-2.899170,-5.249023
3.050722,-0.159269,-0.514929,9.804012,0.004354,0.238477,-0.235668,3.479004,-2.136230,-6.469727
3.060818,-0.696352,-0.580193,9.960287,-0.532729,0.173212,-0.079393,-0.854492,-1.312256,-8.941650
3.070915,-0.675396,-0.492177,9.840536,-0.511772,0.261229,-0.199144,-1.373291,-0.427246,-9.613037
3.081012,-0.374222,-0.294587,10.079440,-0.210599,0.458818,0.039759,-3.356934,1.953125,-11.688232
3.091108,-0.605940,-0.546064,10.187814,-0.442317,0.207341,0.148133,-4.272461,2.136230,-11.688232
3.101203,-0.175435,-0.468825,10.374626,-0.011812,0.284581,0.334945,-1.098633,1.892090,-12.176514
3.111297,-0.310155,-0.783171,10.151290,-0.146532,-0.029766,0.111609,0.915527,1.220703,-8.819580
3.121394,-1.002914,-0.703537,10.005793,-0.839291,0.049869,-0.033888,-0.488281,0.793457,-9.094238
3.131490,-0.645458,-0.758024,9.972861,-0.481835,-0.004618,-0.066820,-4.119873,-0.061035,-9.063721
3.141660,-0.089214,-0.548459,9.910591,0.074409,0.204946,-0.129090,-1.525879,0.152588,-9.948730
3.151750,0.464634,-0.803529,10.108180,0.628257,-0.050123,0.068499,0.732422,-0.183105,-14.160156
3.161857,-0.070653,-0.837059,9.996213,0.092970,-0.083654,-0.043468,-1.434326,0.030518,-14.709473
3.171947,-0.048499,-0.799338,9.756711,0.115124,-0.045932,-0.282970,2.685547,1.098633,-15.167236
3.182036,-0.138911,-0.853226,9.896221,0.024712,-0.099820,-0.143460,0.183105,0.152588,-12.908936
3.192127,-0.179028,-1.025068,9.961485,-0.015404,-0.271663,-0.078196,0.000000,0.610352,-11.749268
3.202217,0.186213,-1.185535,10.005793,0.349836,-0.432129,-0.033888,1.525879,1.800537,-9.887695
3.212306,-0.124541,-0.985551,9.865684,0.039082,-0.232145,-0.173997,-0.640869,1.861572,-6.774902
3.222393,0.080832,-0.524509,9.983639,0.244455,0.228897,-0.056042,-3.234863,0.488281,-3.845215
3.232479,0.238304,-0.922083,9.932146,0.401928,-0.168677,-0.107535,-3.967285,0.427246,-4.852295
3.242566,0.274828,-0.667013,9.931547,0.438452,0.086393,-0.108134,-0.823975,0.701904,-9.552002
3.252652,0.508343,-0.627495,9.917177,0.671966,0.125911,-0.122504,-1.495361,0.610352,-10.864258
3.262737,0.358654,-0.687969,10.194999,0.522277,0.065436,0.155319,-1.129150,0.732422,-15.686035
3.272823,0.233514,-0.590372,9.990824,0.397138,0.163033,-0.048857,-0.732422,1.342773,-17.486572
3.282909,0.211959,-0.493973,9.941127,0.375582,0.259433,-0.098554,0.122070,1.129150,-18.707275
3.292996,-0.419727,-0.455054,10.091415,-0.256104,0.298352,0.051734,1.739502,1.159668,-17.852783
3.303084,-0.307161,-0.611927,9.818383,-0.143538,0.141478,-0.221298,4.241943,1.403809,-17.333984
3.313170,-0.193997,-0.793350,10.085427,-0.030373,-0.039944,0.045746,1.434326,0.396729,-17.059326
3.323259,-0.228126,-0.720901,9.968071,-0.064502,0.032505,-0.071610,1.922607,0.488281,-17.181396
3.333345,-0.285007,-0.756826,9.923763,-0.121384,-0.003420,-0.115917,1.647949,0.122070,-15.625000
3.343494,-0.252675,-0.474813,10.162667,-0.089051,0.278593,0.122986,1.037598,0.122070,-13.244629
3.353587,-0.277224,-0.622705,10.060280,-0.113600,0.130701,0.020599,0.762939,0.152588,-10.467529
3.363683,-0.768801,-0.597557,10.250085,-0.605178,0.155848,0.210404,-3.448486,0.701904,-7.873535
3.373774,-0.765807,-1.708846,9.756112,-0.602184,-0.955441,-0.283569,-4.730225,1.434326,-6.866455
3.383866,-0.356259,-1.094524,9.888437,-0.192636,-0.341118,-0.151244,0.396729,0.579834,-7.324219
3.393958,-0.718506,-1.126857,9.907597,-0.554883,-0.373451,-0.132084,-0.488281,0.671387,-6.286621
3.404050,-0.698747,-1.175955,9.947115,-0.535124,-0.422549,-0.092566,0.427246,1.007080,-3.662109
3.414145,-0.474214,-0.904120,9.900412,-0.310591,-0.150714,-0.139269,0.366211,0.488281,-3.082275
3.424238,-0.437091,-0.927471,10.027947,-0.273468,-0.174066,-0.011734,0.701904,-0.488281,-3.356934
3.434330,-0.370629,-0.933459,9.963880,-0.207006,-0.180053,-0.075801,0.244141,-0.427246,-3.753662
3.444503,-0.299976,-0.684377,9.751921,-0.136353,0.069029,-0.287760,0.793457,-0.091553,-3.967285
3.454590,-0.265248,-1.132844,10.098001,-0.101625,-0.379438,0.058320,1.312256,0.213623,-5.340576
3.464679,-0.049697,-0.921484,10.243499,0.113927,-0.168078,0.203818,2.380371,0.152588,-4.974365
3.474766,-0.313748,-0.738265,10.075248,-0.150124,0.015141,0.035568,1.098633,0.335693,-2.441406
3.484854,-0.197589,-0.811912,9.939930,-0.033966,-0.058506,-0.099751,1.495361,0.946045,-4.089355
3.494941,-0.271835,-0.625699,10.064471,-0.108211,0.127707,0.024790,-1.220703,1.098633,-4.486084
3.505030,-0.116158,-0.665217,9.987830,0.047465,0.088189,-0.051851,-2.197266,0.946045,-4.608154
3.515119,-0.098795,-0.783770,9.963281,0.064829,-0.030364,-0.076400,-2.258301,1.647949,-3.662109
3.525208,-0.072449,-0.942440,10.030941,0.091174,-0.189034,-0.008740,-0.549316,0.488281,-1.617432
3.535296,-0.044308,-0.961002,10.006990,0.119315,-0.207596,-0.032691,-0.396729,0.946045,-1.495361
3.545453,-0.019759,-0.817300,10.042317,0.143864,-0.063895,0.002636,-0.640869,1.586914,-1.586914
3.555547,-0.074246,-0.680784,10.061477,0.089378,0.072621,0.021796,0.061035,0.976562,0.030518
3.565643,0.105381,-0.881966,10.139315,0.269004,-0.128560,0.099634,0.274658,0.335693,-0.152588
3.575738,-0.162263,-0.677791,9.951905,0.001361,0.075615,-0.087776,-1.251221,0.579834,-0.610352
3.585833,0.057480,-0.656235,9.953701,0.221104,0.097170,-0.085980,-1.068115,0.335693,-0.701904
3.595928,-0.125140,-0.667013,10.105186,0.038483,0.086393,0.065505,-0.640869,-0.396729,0.885010
3.606023,-0.318538,-0.809517,10.004595,-0.154914,-0.056111,-0.035086,-0.396729,-0.823975,2.136230
3.616118,0.103585,-0.753832,10.078242,0.267208,-0.000427,0.038561,2.532959,-0.457764,4.699707
3.626211,-0.068258,-0.908910,9.923763,0.095365,-0.155504,-0.115917,2.868652,-0.457764,6.256104
3.636306,0.048499,-0.876577,9.915381,0.212122,-0.123171,-0.124300,2.441406,0.122070,6.439209
3.646471,-0.123942,-0.775986,10.032737,0.039681,-0.022581,-0.006944,-0.274658,0.396729,6.896973
3.656561,0.134720,-0.891546,10.124346,0.298343,-0.138140,0.084665,-1.617432,0.061035,4.974365
3.666650,0.143701,-0.888552,10.106982,0.307324,-0.135146,0.067302,-2.777100,-0.091553,4.058838
3.676738,0.125140,-0.978964,10.015972,0.288763,-0.225558,-0.023709,-2.105713,0.030518,3.143311
3.686826,-0.013173,-0.895737,10.004595,0.150451,-0.142332,-0.035086,-2.166748,-0.274658,5.065918
3.696914,0.023351,-0.877775,10.069860,0.186975,-0.124369,0.030179,-1.129150,-0.274658,5.096436
3.707024,-0.085023,-0.717907,10.148895,0.078600,0.035499,0.109214,-0.915527,-0.823975,5.737305
3.717114,-0.094603,-0.662223,9.988429,0.069020,0.091183,-0.051252,-0.152588,-1.220703,6.744385
3.727206,-0.185015,-0.540077,9.920171,-0.021392,0.213329,-0.119510,-1.129150,-0.518799,5.859375
3.737296,-0.025746,-0.559836,10.154284,0.137877,0.193570,0.114603,-0.457764,-0.061035,5.645752
3.747408,-0.218546,-0.595761,10.037527,-0.054922,0.157645,-0.002154,0.579834,0.366211,5.645752
3.757499,-0.192799,-0.571212,10.074650,-0.029176,0.182194,0.034969,0.823975,0.793457,5.523682
3.767588,-0.249681,-0.623304,10.102192,-0.086058,0.130102,0.062512,-0.091553,1.037598,4.821777
3.777678,-0.288001,-0.507744,10.162667,-0.124378,0.245662,0.122986,0.274658,0.915527,3.509521
3.787768,-0.440684,-0.504750,10.014175,-0.277060,0.248655,-0.025505,0.061035,0.427246,3.448486
3.797858,-0.340093,-0.598755,10.092014,-0.176470,0.154651,0.052333,0.915527,-0.152588,2.166748
3.807948,-0.279619,-0.662822,10.114167,-0.115995,0.090584,0.074487,-0.671387,-0.488281,2.349854
3.818036,-0.621508,-0.833467,10.247690,-0.457884,-0.080061,0.208009,-0.976562,-0.976562,2.441406
3.828127,-0.299377,-0.699944,10.022558,-0.135754,0.053461,-0.017123,0.274658,-0.823975,3.234863
3.838217,-0.373623,-0.832868,10.073452,-0.210000,-0.079462,0.033771,-1.403809,-0.610352,3.479004
3.848370,-0.310754,-0.808319,9.986633,-0.147131,-0.054913,-0.053048,0.518799,-0.305176,3.814697
3.858468,-0.323328,-0.947230,10.146500,-0.159704,-0.193824,0.106819,0.701904,-1.373291,3.814697
3.868565,-0.332309,-0.799338,9.973460,-0.168686,-0.045932,-0.066221,2.441406,-1.617432,3.936768
3.878661,-0.162861,-0.805924,9.988429,0.000762,-0.052518,-0.051252,3.387451,-1.678467,2.960205
3.888757,-0.643063,-0.778980,10.114766,-0.479440,-0.025574,0.075085,1.068115,-1.403809,4.089355
3.898854,-0.428110,-0.953218,10.089020,-0.264486,-0.199812,0.049339,-0.213623,-1.190186,3.326416
3.908952,-0.320334,-0.973575,9.998009,-0.156711,-0.220170,-0.041672,-0.091553,-0.946045,3.265381
3.919048,-0.601150,-0.815504,10.035731,-0.437527,-0.062098,-0.003950,-1.312256,-1.159668,6.164551
3.929143,-0.463436,-0.862207,10.080637,-0.299813,-0.108801,0.040956,-1.373291,-0.762939,7.659912
3.939240,-0.272433,-0.979563,10.223141,-0.108810,-0.226157,0.183460,1.739502,1.342773,8.911133
3.949403,-0.330513,-1.019680,10.064471,-0.166889,-0.266274,0.024790,2.227783,1.159668,8.880615
3.959491,-0.647254,-0.833467,9.960287,-0.483631,-0.080061,-0.079393,0.640869,1.037598,7.202148
3.969581,-0.565225,-0.789159,9.990225,-0.401601,-0.035753,-0.049456,1.190186,0.579834,7.598877
3.979671,-0.399370,-0.692759,9.945917,-0.235746,0.060646,-0.093764,1.281738,0.061035,8.087158
3.989761,-0.246687,-0.618514,10.008787,-0.083064,0.134892,-0.030894,-0.061035,-0.335693,7.781982
3.999851,-0.399968,-0.874182,9.974059,-0.236345,-0.120776,-0.065622,-2.136230,-0.640869,7.019043
4.009941,-0.347877,-0.655637,10.228530,-0.184253,0.097769,0.188849,-3.295898,-1.190186,5.859375
4.020031,-0.117955,-0.847837,10.377620,0.045669,-0.094431,0.337939,-2.349854,-0.427246,5.035400
4.030122,0.055085,-0.841251,10.147698,0.218709,-0.087845,0.108017,-3.540039,0.579834,4.943848
4.040211,-0.434097,-0.767005,10.024354,-0.270474,-0.013599,-0.015327,-2.929688,0.549316,3.662109
4.050324,-0.193398,-0.793949,10.061477,-0.029775,-0.040543,0.021796,-3.295898,0.274658,3.326416
4.060414,0.026944,-0.885558,10.068662,0.190567,-0.132153,0.028981,-1.312256,-0.366211,1.403809
4.070504,0.046104,-0.725691,10.001602,0.209727,0.027715,-0.038079,0.427246,-0.488281,1.770020
4.080593,-0.539478,-0.851429,9.960287,-0.375855,-0.098024,-0.079393,-0.427246,-0.152588,1.647949
4.090683,-0.349074,-0.984353,9.938732,-0.185451,-0.230947,-0.100949,-0.793457,0.335693,2.471924
4.100772,0.017963,-1.064586,10.046508,0.181586,-0.311180,0.006827,0.915527,0.854492,5.493164
4.110863,-0.240699,-0.789159,10.049502,-0.077076,-0.035753,0.009821,0.885010,0.701904,6.408691
4.120952,0.001198,-0.753832,10.095007,0.164821,-0.000427,0.055326,0.396729,0.305176,7.598877
4.131042,-0.516127,-0.730481,10.057286,-0.352503,0.022925,0.017605,2.014160,-0.427246,8.270264
4.141132,-0.322729,-0.568218,10.036329,-0.159106,0.185187,-0.003352,1.647949,-0.854492,8.911133
4.151281,-0.037123,-0.541873,10.049502,0.126500,0.211533,0.009821,-0.213623,-0.976562,10.620117
4.161378,-0.116158,-0.614921,10.160870,0.047465,0.138485,0.121189,-0.366211,-0.396729,9.490967
4.171475,-0.261656,-0.525707,9.968071,-0.098033,0.227699,-0.071610,-0.640869,-0.061035,9.094238
4.181570,-0.107177,-0.504750,10.107581,0.056446,0.248655,0.067900,0.946045,-0.091553,9.033203
4.191666,-0.002395,-0.379012,9.849518,0.161228,0.374394,-0.190163,0.518799,-0.579834,9.521484
4.201762,-0.095801,-0.932860,9.988429,0.067822,-0.179454,-0.051252,-1.129150,-0.915527,8.483887
4.211857,0.065863,-0.895737,10.101594,0.229486,-0.142332,0.061913,3.631592,-1.434326,6.072998
4.221953,-0.318538,-0.612526,10.064471,-0.154914,0.140880,0.024790,2.624512,-2.136230,11.535645
4.232049,-0.048499,-0.861010,10.150692,0.115124,-0.107604,0.111011,2.258301,-1.922607,11.322021
4.242142,-0.315544,-0.775986,9.925560,-0.151921,-0.022581,-0.114121,-0.549316,-0.091553,10.009766
4.252237,-0.057480,-1.055605,10.194401,0.106143,-0.302199,0.154720,-1.708984,0.183105,10.284424
4.262325,-0.126337,-0.902922,9.957892,0.037286,-0.149517,-0.081788,-1.159668,-0.579834,11.016846
4.272411,-0.193398,-1.060395,10.067465,-0.029775,-0.306989,0.027784,-1.892090,-0.976562,10.131836
4.282498,-0.238903,-1.274749,10.161469,-0.075280,-0.521343,0.121788,-1.983643,-1.556396,8.605957
4.292585,-0.196990,-1.187930,9.953701,-0.033367,-0.434524,-0.085980,-0.030518,-2.044678,9.338379
4.302671,0.145497,-1.034648,10.023755,0.309121,-0.281243,-0.015925,0.061035,-1.434326,10.314941
4.312761,-0.343087,-1.159189,9.932745,-0.179463,-0.405784,-0.106936,-0.488281,1.190186,10.009766
4.322850,0.186812,-1.174757,9.999805,0.350435,-0.421351,-0.039876,-0.061035,1.953125,9.338379
4.332968,-0.030536,-1.266367,10.221943,0.133087,-0.512961,0.182262,1.251221,1.373291,8.209229
4.343057,-0.237706,-0.658630,10.025552,-0.074082,0.094775,-0.014129,1.251221,1.159668,8.941650
4.353144,-0.165855,-0.740660,9.967473,-0.002232,0.012746,-0.072208,0.518799,0.793457,7.415771
4.363234,-0.091609,-0.852028,10.228530,0.072014,-0.098622,0.188849,0.061035,0.244141,2.227783
4.373321,-0.144899,-0.961600,9.995614,0.018725,-0.208195,-0.044067,0.518799,-0.152588,1.464844
4.383410,0.076641,-0.961002,9.917177,0.240264,-0.207596,-0.122504,0.640869,-0.579834,0.030518
4.393496,0.073647,-0.920885,9.956695,0.237270,-0.167479,-0.082986,0.396729,-0.457764,-1.007080
4.403585,-0.018561,-1.147214,10.003997,0.145062,-0.393809,-0.035684,7.629395,1.831055,-3.173828
4.413671,-0.232916,-0.978964,10.030941,-0.069292,-0.225558,-0.008740,0.762939,0.549316,1.464844
4.423760,-0.620310,-0.978365,10.262659,-0.456687,-0.224960,0.222978,1.342773,0.061035,5.004883
4.433846,-0.586181,-0.586780,10.042916,-0.422558,0.166626,0.003235,2.227783,0.427246,7.598877
4.443935,-0.051493,-1.286724,9.944720,0.112130,-0.533318,-0.094961,4.760742,0.732422,9.155273
4.454084,-0.499960,-0.856219,10.056088,-0.336337,-0.102814,0.016407,1.953125,1.464844,7.598877
4.464181,-0.378413,-0.655038,9.992620,-0.214790,0.098368,-0.047061,1.007080,1.373291,9.033203
4.474274,-0.839454,-0.530497,10.100396,-0.675831,0.222909,0.060715,-3.051758,1.464844,6.317139
4.484369,-0.587379,-0.825084,10.108779,-0.423755,-0.071678,0.069098,-3.692627,1.220703,4.760742
4.494463,-0.823288,-0.998124,10.091415,-0.659665,-0.244719,0.051734,-1.892090,-0.518799,5.279541
4.504559,-0.313748,-0.619113,9.960287,-0.150124,0.134293,-0.079393,-1.129150,-0.793457,7.110596
4.514652,-0.816702,-0.585582,9.919572,-0.653078,0.167824,-0.120109,-1.190186,-1.037598,10.192871
4.524746,-0.589774,-1.034050,10.060280,-0.426150,-0.280644,0.020599,-2.105713,-0.244141,12.908936
4.534840,-0.082029,-1.006507,10.151889,0.081594,-0.253101,0.112208,-1.922607,0.000000,13.488770
4.544935,-0.293390,-0.290995,10.187216,-0.129767,0.462411,0.147535,-3.723145,-0.091553,19.165039
4.555097,-0.482596,-0.507744,10.037527,-0.318973,0.245662,-0.002154,-2.838135,-2.105713,21.270752
4.565185,-0.021555,-0.392184,10.099199,0.142068,0.361221,0.059518,-2.288818,-2.716064,16.632080
4.575273,0.171843,-0.573607,9.933942,0.335466,0.179799,-0.105739,-1.312256,-2.014160,12.786865
4.585362,0.410147,-0.827479,10.090816,0.573770,-0.074073,0.051135,-0.671387,-1.983643,9.765625
4.595451,0.210762,-0.701741,10.115365,0.374385,0.051665,0.075684,1.800537,-2.136230,8.148193
4.605540,0.143102,-0.712518,9.909393,0.306726,0.040887,-0.130288,1.617432,-1.861572,10.253906
4.615628,0.199984,-0.358654,10.127939,0.363607,0.394752,0.088258,1.678467,-1.770020,13.122559
4.625718,0.022154,-0.500559,9.911190,0.185777,0.252847,-0.128491,1.037598,-1.586914,15.716553
4.635806,0.029339,-0.658032,9.901609,0.192962,0.095374,-0.138071,-0.274658,0.396729,10.162354
4.645895,0.255668,-0.859213,9.982441,0.419292,-0.105807,-0.057239,-0.610352,1.190186,7.781982
4.656005,-0.107776,-0.814307,10.070458,0.055847,-0.060901,0.030777,0.152588,1.373291,7.080078
4.666094,-0.108375,-0.872985,9.950109,0.055249,-0.119579,-0.089572,-0.793457,0.366211,5.828857
4.676196,-0.382006,-0.773591,9.874067,-0.218382,-0.020186,-0.165614,-0.122070,-0.030518,5.340576
4.686298,0.072449,-0.900527,10.018367,0.236073,-0.147122,-0.021314,0.366211,-1.464844,4.058838
4.696390,-0.153880,-0.838257,10.168055,0.009743,-0.084851,0.128375,1.556396,-1.495361,3.814697
4.706478,-0.299377,-0.887355,10.121951,-0.135754,-0.133949,0.082270,1.495361,-2.227783,4.516602
4.716567,0.182021,-0.778381,10.408755,0.345645,-0.024976,0.369074,0.701904,-2.044678,5.767822
4.726657,-0.152084,-0.728685,10.112371,0.011540,0.024721,0.072690,-0.305176,-0.488281,6.347656
4.736747,-0.206570,-0.934656,9.708212,-0.042947,-0.181251,-0.331469,-0.915527,0.305176,6.195068
4.746836,-0.153281,-0.455652,10.006990,0.010342,0.297753,-0.032691,-1.800537,0.549316,7.293701
4.757020,0.440684,-0.653840,10.326127,0.604307,0.099565,0.286446,0.701904,0.427246,10.559082
4.767105,-0.309556,-0.499362,10.338701,-0.145933,0.254044,0.299020,-1.373291,1.037598,6.744385
4.777191,-0.126337,-0.517324,10.004595,0.037286,0.236082,-0.035086,-3.173828,1.586914,2.136230
4.787276,0.232916,-0.632285,10.081236,0.396539,0.121121,0.041555,-3.112793,1.281738,1.556396
4.797359,-0.147294,-0.547262,9.932745,0.016330,0.206144,-0.106936,-2.075195,0.671387,0.885010
4.807443,-0.064666,-1.023871,10.144105,0.098958,-0.270465,0.104424,-1.251221,0.366211,0.427246
4.817528,-0.161664,-1.154998,10.012379,0.001959,-0.401592,-0.027302,-0.122070,0.427246,-0.213623
4.827612,-0.236508,-0.641266,10.048304,-0.072885,0.112139,0.008624,4.119873,-0.091553,3.204346
4.837697,-0.285007,-0.875978,10.005194,-0.121384,-0.122573,-0.034487,3.936768,-0.518799,4.058838
4.847781,-0.225731,-0.992137,9.983639,-0.062107,-0.238731,-0.056042,2.410889,0.305176,2.166748
4.857930,-0.298180,-0.741857,9.947714,-0.134557,0.011548,-0.091967,1.770020,0.457764,3.204346
4.868025,-0.048499,-1.001717,10.160870,0.115124,-0.248311,0.121189,-1.251221,-1.098633,3.265381
4.878121,-0.044907,-0.799937,10.612930,0.118717,-0.046531,0.573249,-0.610352,-1.037598,2.563477
4.888216,-0.561033,-0.555046,10.085427,-0.397410,0.198360,0.045746,2.655029,-0.762939,2.624512
4.898311,-0.001796,-1.043031,10.353071,0.161827,-0.289625,0.313390,-1.007080,-0.915527,3.448486
4.908406,-0.012574,-0.891546,10.084230,0.151049,-0.138140,0.044549,-1.739502,-1.312256,2.624512
4.918501,-0.165855,-0.786165,9.846524,-0.002232,-0.032759,-0.193157,-0.427246,-0.549316,-0.701904
4.928597,-0.290995,-0.874182,9.616003,-0.127372,-0.120776,-0.423677,-0.152588,-0.274658,-2.807617
4.938691,-0.406555,-0.711321,9.914183,-0.242931,0.042085,-0.125498,-0.030518,-0.366211,-2.410889
4.948787,-0.370031,-0.716111,9.907597,-0.206407,0.037295,-0.132084,-1.129150,-0.305176,0.183105
4.958907,-0.479004,-1.168770,9.950707,-0.315381,-0.415364,-0.088973,-1.007080,1.037598,-2.532959
4.969002,-0.389191,-0.811313,9.990824,-0.225567,-0.057907,-0.048857,-1.007080,1.190186,-1.525879
4.979097,-0.406555,-0.804128,10.015972,-0.242931,-0.050722,-0.023709,0.030518,0.854492,0.274658
4.989192,-0.407752,-0.938249,9.933344,-0.244129,-0.184843,-0.106337,0.030518,-0.457764,2.349854
4.999287,-0.463436,-0.992736,9.989028,-0.299813,-0.239330,-0.050653,-0.732422,-0.854492,2.990723
5.009381,-0.220941,-0.805325,9.915381,-0.057317,-0.051920,-0.124300,1.190186,0.152588,3.479004
5.019477,-0.264650,-0.914299,10.150692,-0.101026,-0.160893,0.111011,1.220703,-0.213623,4.486084
5.029573,-0.365240,-0.633483,10.033336,-0.201617,0.119923,-0.006345,0.671387,-0.549316,2.838135
5.039669,-0.171244,-0.725092,10.051897,-0.007621,0.028314,0.012216,-0.549316,-0.488281,1.556396
5.049764,-0.253872,-0.742456,9.926158,-0.090249,0.010950,-0.113522,-1.129150,-1.159668,-0.366211
5.059883,-0.249082,-0.776585,10.028546,-0.085459,-0.023179,-0.011135,-1.831055,-1.647949,-1.434326
5.069978,-0.396376,-0.802930,10.149494,-0.232752,-0.049525,0.109813,-1.770020,-1.647949,-1.678467
5.080073,-0.075443,-0.681982,10.227931,0.088180,0.071424,0.188250,1.220703,-0.427246,-1.007080
5.090168,-0.079036,-0.741857,10.190209,0.084588,0.011548,0.150528,-0.610352,0.091553,-0.640869
5.100264,-0.307161,-0.578397,10.222542,-0.143538,0.175009,0.182861,0.122070,0.762939,-5.310059
5.110359,-0.231119,-0.535886,9.980645,-0.067496,0.217520,-0.059036,-0.671387,0.610352,-6.042480
5.120455,-0.501757,-0.489781,9.994417,-0.338133,0.263624,-0.045264,-1.281738,0.793457,-6.958008
5.130555,0.241897,-0.894540,10.168055,0.405520,-0.141134,0.128375,0.793457,1.373291,-9.124756
5.140651,0.135917,-0.623304,10.152488,0.299541,0.130102,0.112807,1.861572,1.098633,-10.345459
5.150745,-0.122146,-0.631686,10.003997,0.041477,0.121719,-0.035684,-0.030518,0.579834,-16.418457
5.160832,-0.135319,-0.672402,9.953102,0.028305,0.081004,-0.086578,0.610352,1.007080,-18.218994
5.170918,-0.330513,-0.865800,10.131531,-0.166889,-0.112394,0.091850,-0.793457,0.885010,-16.784668
5.181008,0.114961,-0.873583,10.003398,0.278584,-0.120178,-0.036283,-1.129150,1.251221,-16.387939
5.191113,-0.040715,-0.949026,9.999207,0.122908,-0.195621,-0.040474,-1.647949,1.220703,-16.876221
5.201203,0.260458,-0.999322,9.939930,0.424082,-0.245916,-0.099751,-1.708984,0.762939,-16.296387
5.211294,0.102986,-1.018482,10.202184,0.266609,-0.265076,0.162504,-1.251221,0.823975,-15.045166
5.221383,0.314346,-0.945434,9.948911,0.477970,-0.192028,-0.090770,0.091553,0.335693,-12.939453
5.231472,0.376617,-0.886756,9.945319,0.540240,-0.133350,-0.094362,1.068115,0.122070,-14.038086
5.241561,0.410147,-0.922681,10.133328,0.573770,-0.169275,0.093647,0.640869,0.091553,-15.014648
5.251650,-0.458646,-0.805924,9.994417,-0.295023,-0.052518,-0.045264,-0.518799,-0.122070,-14.953613
5.261810,0.043709,-0.742456,10.049502,0.207332,0.010950,0.009821,-0.274658,-0.854492,-11.810303
5.271906,0.020358,-0.667612,10.034533,0.183981,0.085794,-0.005148,-0.671387,-1.037598,-10.986328
5.282002,-0.184417,-0.574206,9.980046,-0.020793,0.179200,-0.059634,0.122070,-0.427246,-10.864258
5.292098,0.072449,-0.740660,10.198592,0.236073,0.012746,0.158911,-0.762939,-0.457764,-9.216309
5.302194,0.065264,-0.584984,10.039323,0.228888,0.168422,-0.000358,1.525879,0.579834,-8.544922
5.312289,-0.434696,-0.410746,10.112970,-0.271073,0.342660,0.073289,2.197266,1.434326,-4.425049
5.322384,-0.234113,-0.776585,10.133926,-0.070490,-0.023179,0.094246,-1.190186,1.037598,-1.159668
5.332479,-0.368234,-0.777184,10.088421,-0.204611,-0.023778,0.048740,-2.410889,0.793457,-2.258301
5.342574,0.011376,-0.910107,10.158475,0.175000,-0.156702,0.118794,-0.946045,0.366211,-2.197266
5.352670,-0.386796,-0.689167,10.041718,-0.223172,0.064239,0.002037,-1.129150,0.091553,-2.105713
5.362831,-0.160466,-0.667013,10.020163,0.003157,0.086393,-0.019518,-0.061035,-0.061035,-4.730225
5.372921,-0.228724,-1.084944,9.866882,-0.065101,-0.331538,-0.172799,-0.457764,-0.274658,-3.723145
5.383010,-0.476010,-0.394579,10.044113,-0.312387,0.358826,0.004432,0.183105,-0.915527,-8.972168
5.393099,-1.075963,-0.555645,9.935140,-0.912339,0.197761,-0.104541,0.671387,-0.885010,-9.399414
5.403188,-0.673599,-0.975372,9.956695,-0.509976,-0.221966,-0.082986,-0.885010,-1.892090,-5.615234
5.413278,-0.620310,-0.949026,9.701625,-0.456687,-0.195621,-0.338056,0.549316,-1.342773,-4.150391
5.423367,-0.274828,-1.005309,9.729767,-0.111205,-0.251904,-0.309914,1.739502,-0.183105,-4.150391
5.433456,-1.008303,-0.902324,10.115365,-0.844680,-0.148918,0.075684,-2.380371,0.518799,-4.730225
5.443545,-0.474214,-0.982557,10.163265,-0.310591,-0.229151,0.123585,-1.068115,0.701904,-2.899170
5.453634,0.005988,-0.740660,10.015373,0.169611,0.012746,-0.024308,0.152588,0.488281,-2.136230
5.463783,-0.540676,-0.963397,10.057885,-0.377052,-0.209991,0.018204,-0.610352,0.396729,-4.089355
5.473879,0.149090,-0.928070,9.977651,0.312713,-0.174664,-0.062030,0.000000,-0.030518,-4.974365
5.483975,-0.549058,-0.857417,10.027947,-0.385435,-0.104011,-0.011734,-0.030518,-0.122070,-4.608154
5.494071,-0.439486,-1.133443,10.036928,-0.275863,-0.380037,-0.002753,1.068115,1.007080,-1.892090
5.504166,-0.170046,-1.007704,10.029743,-0.006423,-0.254299,-0.009938,0.335693,1.251221,-0.244141
5.514261,-0.005389,-0.987946,9.858499,0.158234,-0.234540,-0.181182,1.037598,1.647949,1.190186
5.524356,-0.076042,-0.920286,9.917177,0.087581,-0.166880,-0.122504,-2.471924,1.037598,1.495361
5.534451,-0.268242,-0.958607,9.933942,-0.104619,-0.205201,-0.105739,-4.394531,0.946045,0.000000
5.544546,-0.060474,-0.873583,10.136920,0.103149,-0.120178,0.097239,-4.364014,1.770020,1.068115
5.554642,-0.031734,-1.169368,10.065070,0.131889,-0.415963,0.025389,-1.525879,1.434326,0.823975
5.564804,-0.102387,-1.157393,10.167457,0.061236,-0.403987,0.127776,0.823975,0.732422,-1.007080
5.574893,0.245490,-1.340612,10.218950,0.409113,-0.587206,0.179269,2.105713,-0.549316,-1.495361
5.584982,0.154479,-1.160387,10.321337,0.318102,-0.406981,0.281656,0.427246,-0.549316,-0.762939
5.595071,-0.260458,-1.160387,10.163265,-0.096835,-0.406981,0.123585,1.251221,0.915527,-1.495361
5.605160,0.029339,-1.129850,10.044712,0.192962,-0.376445,0.005031,2.044678,1.281738,-2.624512
5.615249,-0.507145,-0.725691,9.930948,-0.343522,0.027715,-0.108732,1.312256,0.091553,-1.220703
5.625339,-0.465831,-0.831072,9.974059,-0.302208,-0.077666,-0.065622,0.762939,0.701904,-0.183105
5.635428,-0.146096,-1.132245,9.990824,0.017527,-0.378840,-0.048857,-0.244141,0.274658,-0.061035
5.645517,-0.353864,-1.095123,9.965078,-0.190241,-0.341717,-0.074603,0.152588,0.946045,0.640869
5.655607,-0.223336,-1.271755,10.012978,-0.059712,-0.518350,-0.026703,2.929688,1.220703,0.030518
5.665757,-0.485590,-0.255070,10.247690,-0.321967,0.498336,0.208009,2.410889,0.854492,4.699707
5.675854,-0.637674,-0.517923,9.951905,-0.474051,0.235483,-0.087776,0.366211,0.061035,8.209229
5.685955,-0.169448,-0.813109,10.081236,-0.005824,-0.059703,0.041555,-0.061035,-0.762939,5.889893
5.696051,-0.127535,-0.795745,10.129136,0.036088,-0.042339,0.089455,0.030518,-0.366211,-0.579834
5.706148,-0.486788,-0.724493,9.982441,-0.323164,0.028912,-0.057239,1.922607,0.030518,-2.807617
5.716244,-0.153281,-0.619113,10.357262,0.010342,0.134293,0.317581,-0.946045,0.122070,3.417969
5.726341,-0.616119,-0.577200,9.966874,-0.452496,0.176206,-0.072807,-3.356934,1.220703,-6.011963
5.736438,0.124541,-0.819695,9.948312,0.288164,-0.066290,-0.091368,-2.990723,1.190186,-9.216309
5.746534,0.070653,-0.771196,10.095606,0.234276,-0.017791,0.055925,0.396729,1.129150,-9.796143
5.756630,-0.333506,-0.670605,10.018965,-0.169883,0.082800,-0.020715,-0.640869,0.610352,-6.652832
5.766798,0.129930,-0.530497,10.132130,0.293553,0.222909,0.092449,1.678467,1.007080,-8.300781
5.776888,-0.375419,-0.755030,9.908795,-0.211796,-0.001624,-0.130886,-0.823975,1.861572,-4.455566
5.786977,-0.151485,-1.002316,10.147698,0.012138,-0.248910,0.108017,-2.685547,1.495361,-5.096436
5.797067,0.017963,-1.260978,10.095007,0.181586,-0.507572,0.055326,-0.549316,-0.152588,-5.676270
5.807156,-0.276026,-0.759221,10.037527,-0.112403,-0.005815,-0.002154,2.166748,0.152588,-2.716064
5.817245,-0.038919,-0.581990,10.001003,0.124704,0.171416,-0.038678,1.953125,0.213623,0.762939
5.827335,-0.370629,-1.242416,10.456057,-0.207006,-0.489011,0.416376,0.396729,-1.586914,2.319336
5.837424,-0.541873,-0.898132,10.039922,-0.378250,-0.144727,0.000241,1.159668,-2.197266,0.762939
5.847514,-0.211360,-0.537083,10.055490,-0.047737,0.216323,0.015809,-0.396729,-0.854492,4.180908
5.857604,-0.155078,-0.667013,10.184821,0.008546,0.086393,0.145140,-0.122070,-1.586914,4.455566
5.867759,-0.078437,-0.493374,10.231523,0.085186,0.260032,0.191843,-1.037598,-0.701904,4.882812
5.877856,-0.164059,-0.454455,9.854308,-0.000436,0.298951,-0.185373,-0.335693,0.152588,3.387451
5.887952,-0.549058,-0.499362,9.871073,-0.385435,0.254044,-0.168608,-1.678467,1.007080,1.770020
5.898047,-0.110171,-0.455652,9.929751,0.053452,0.297753,-0.109930,-2.777100,0.518799,2.075195
5.908144,-0.138312,-0.684377,10.151889,0.025311,0.069029,0.112208,-3.112793,0.671387,2.105713
5.918240,-0.311951,-0.732277,9.823173,-0.148328,0.021129,-0.216508,-1.464844,1.342773,-0.793457
5.928337,-0.368833,-0.464035,9.891431,-0.205210,0.289371,-0.148250,-1.770020,0.640869,0.701904
5.938433,-0.376617,-0.545466,9.965676,-0.212994,0.207940,-0.074005,0.671387,0.366211,3.234863
5.948529,0.765807,-1.126857,10.223740,0.929431,-0.373451,0.184059,2.868652,0.793457,2.532959
5.958625,-0.229922,-1.156196,10.167457,-0.066299,-0.402790,0.127776,2.166748,0.610352,-0.091553
5.968786,-0.035327,0.225132,9.641151,0.128297,0.978538,-0.398530,3.784180,0.213623,-0.610352
5.978875,0.030536,-1.109493,9.877061,0.194160,-0.356087,-0.162620,-1.464844,-0.823975,2.716064
5.988968,-0.501757,-0.586181,9.897418,-0.338133,0.167225,-0.142263,-2.807617,0.366211,-1.495361
5.999059,-0.766406,-0.800535,9.850715,-0.602783,-0.047129,-0.188966,-3.173828,0.183105,1.892090
6.009149,0.297581,-0.522713,9.702823,0.461204,0.230693,-0.336858,3.692627,0.366211,3.326416
6.019239,-1.643582,-0.817300,9.911190,-1.479959,-0.063895,-0.128491,4.394531,-1.098633,1.922607
6.029330,-1.132245,-0.180225,9.438173,-0.968622,0.573181,-0.601508,1.647949,-0.640869,4.333496
6.039420,0.006586,-0.787363,9.921967,0.170210,-0.033957,-0.117714,1.556396,-0.976562,4.821777
6.049510,-0.231119,-0.849633,10.099199,-0.067496,-0.096227,0.059518,0.793457,-1.373291,5.065918
6.059600,-0.572410,-0.878373,9.935739,-0.408786,-0.124968,-0.103942,-1.586914,-2.258301,5.920410
6.069716,0.279020,-0.985551,10.105186,0.442643,-0.232145,0.065505,-1.373291,-3.082275,6.805420
6.079807,-0.404758,-0.544867,9.972861,-0.241135,0.208539,-0.066820,-0.732422,-1.739502,5.950928
6.089896,-0.472418,-0.768203,10.125544,-0.308794,-0.014797,0.085863,-1.495361,-0.488281,7.293701
6.099986,-0.250280,-1.069376,10.001602,-0.086656,-0.315970,-0.038079,0.701904,0.274658,5.706787
6.110076,-0.071851,-1.150807,9.875863,0.091773,-0.397401,-0.163818,-0.152588,1.403809,8.209229
6.120164,-0.766406,-1.090931,10.186018,-0.602783,-0.337526,0.146337,-3.234863,0.762939,9.490967
6.130253,-0.108973,-0.880768,9.939331,0.054650,-0.127363,-0.100350,-2.197266,0.701904,7.690430
6.140343,-0.368234,-1.163979,9.836944,-0.204611,-0.410574,-0.202737,-1.708984,-0.244141,7.293701
6.150432,-0.460443,-0.858016,10.208172,-0.296819,-0.104610,0.168491,0.732422,-2.075195,4.913330
6.160522,-0.047900,-1.322650,10.251881,0.115723,-0.569244,0.212200,-0.213623,-4.150391,5.462646
6.170684,-0.074844,-1.292712,10.228530,0.088779,-0.539306,0.188849,1.678467,-1.281738,5.340576
6.180781,-0.627495,-0.965193,10.073452,-0.463872,-0.211787,0.033771,0.915527,-0.732422,5.340576
6.190877,-0.362845,-0.808319,10.020762,-0.199222,-0.054913,-0.018919,1.068115,0.518799,6.378174
6.200973,-0.107776,-0.913700,9.827364,0.055847,-0.160294,-0.212317,2.014160,1.647949,8.361816
6.211070,-0.011975,-0.802332,9.872869,0.151648,-0.048926,-0.166812,0.640869,0.793457,7.354736
6.221167,-0.137115,-0.599354,10.002799,0.026508,0.154052,-0.036882,-2.685547,-0.610352,7.995605
6.231263,0.464035,-0.359253,10.062675,0.627658,0.394153,0.022994,0.091553,-0.335693,6.317139
6.241358,0.100591,-0.749042,10.048903,0.264214,0.004363,0.009222,1.220703,-0.305176,4.211426
6.251455,0.279619,-0.808319,10.136920,0.443242,-0.054913,0.097239,1.007080,-0.122070,0.579834
6.261551,0.202978,-0.931064,10.072255,0.366601,-0.177658,0.032574,-1.403809,-0.244141,-0.122070
6.271715,-0.062271,-0.640668,9.877061,0.101353,0.112738,-0.162620,-2.014160,0.122070,1.861572
6.281803,-0.231119,-0.695753,9.771081,-0.067496,0.057653,-0.268600,-2.380371,0.030518,2.868652
6.291893,0.049697,-0.699944,9.861493,0.213320,0.053461,-0.178188,-1.739502,1.800537,-0.122070
6.301983,0.031734,-0.899929,9.583072,0.195357,-0.146523,-0.456609,-0.762939,1.953125,0.274658
6.312072,-0.670605,-0.987946,9.695039,-0.506982,-0.234540,-0.344642,-0.885010,1.953125,2.044678
6.322162,-0.802332,-0.919089,9.883048,-0.638708,-0.165683,-0.156633,-2.502441,2.075195,-0.366211
6.332252,-0.218546,-0.954415,9.838141,-0.054922,-0.201009,-0.201539,-2.655029,-0.152588,-1.403809
6.342341,-0.177231,-0.859812,10.077045,-0.013608,-0.106406,0.037364,-2.166748,-0.457764,-0.396729
6.352431,-0.361648,-0.847238,10.042317,-0.198025,-0.093832,0.002636,-1.129150,-1.007080,-0.610352
6.362520,0.117356,-0.891546,10.003997,0.280979,-0.138140,-0.035684,-1.281738,0.000000,0.640869
6.372677,-0.158670,-0.846041,10.035132,0.004953,-0.092635,-0.004549,-1.678467,0.823975,1.464844
6.382773,-0.017963,-0.899330,9.954899,0.145661,-0.145924,-0.084782,1.831055,2.197266,2.471924
6.392870,0.159868,-0.713716,9.768686,0.323491,0.039690,-0.270995,2.899170,2.166748,3.417969
6.402966,-0.433499,-0.637674,9.883048,-0.269875,0.115732,-0.156633,1.739502,1.007080,2.532959
6.413062,0.248483,-0.698148,10.037527,0.412107,0.055258,-0.002154,0.854492,1.098633,2.593994
6.423157,-0.165855,-0.260458,10.421329,-0.002232,0.492947,0.381648,-0.305176,0.061035,3.753662
6.433253,0.064067,-0.825683,10.197993,0.227690,-0.072277,0.158312,-1.403809,-0.732422,-0.671387
6.443349,0.401166,-0.688568,9.676478,0.564789,0.064838,-0.363203,0.854492,-0.305176,-3.723145
6.453445,-1.052012,-0.710123,9.726773,-0.888389,0.043282,-0.312908,-1.922607,0.091553,-3.967285
6.463542,-0.476010,-0.756227,9.918973,-0.312387,-0.002822,-0.120707,-0.671387,1.708984,-3.997803
6.473707,-0.192799,-0.929866,10.050101,-0.029176,-0.176461,0.010420,-2.014160,1.220703,-2.868652
6.483798,-0.243094,-1.123264,10.110575,-0.079471,-0.369858,0.070894,-2.716064,0.427246,-3.082275
6.493888,-0.313748,-1.017883,10.104587,-0.150124,-0.264478,0.064907,-0.549316,0.061035,-2.075195
6.503978,-0.223336,-0.959205,10.015373,-0.059712,-0.205800,-0.024308,-0.091553,-0.274658,-1.556396
6.514068,-0.180225,-1.185535,10.176438,-0.016602,-0.432129,0.136757,-0.671387,-0.701904,-1.220703
6.524158,-0.699346,-1.007704,10.038126,-0.535722,-0.254299,-0.001555,-1.068115,1.464844,1.220703
6.534248,-0.013771,-0.938848,10.073452,0.149852,-0.185442,0.033771,1.037598,1.129150,0.488281
6.544338,-0.806523,-0.732277,9.687854,-0.642900,0.021129,-0.351827,2.929688,-0.122070,1.617432
6.554427,-0.517923,-0.823288,9.767488,-0.354300,-0.069882,-0.272192,3.326416,-1.342773,0.762939
6.564517,-0.235311,-0.995131,9.981843,-0.071687,-0.241725,-0.057838,0.915527,-1.251221,0.152588
6.574671,-0.370031,-0.630489,9.950109,-0.206407,0.122917,-0.089572,0.244141,0.000000,0.549316
6.584768,-0.105980,-0.899929,9.964479,0.057644,-0.146523,-0.075202,-0.366211,0.457764,1.434326
6.594864,-0.002395,-1.021476,10.195598,0.161228,-0.268070,0.155917,-2.746582,1.190186,5.279541
6.604960,-0.019160,-0.920286,10.154284,0.144463,-0.166880,0.114603,-2.899170,0.579834,6.958008
6.615057,0.090412,-0.796943,10.069860,0.254035,-0.043537,0.030179,0.183105,0.091553,8.972168
6.625153,0.319735,-0.795745,9.928553,0.483358,-0.042339,-0.111127,0.762939,-0.701904,9.338379
6.635249,0.207768,-0.656834,9.921368,0.371391,0.096572,-0.118312,0.579834,-0.823975,7.812500
6.645344,0.478405,-0.975970,10.153087,0.642028,-0.222565,0.113406,0.610352,-0.518799,8.209229
6.655437,0.288600,-1.019680,10.051298,0.452223,-0.266274,0.011617,1.831055,-0.122070,6.469727
6.665534,0.108973,-1.057401,10.154284,0.272597,-0.303995,0.114603,0.488281,0.457764,5.767822
6.675734,0.153281,-0.910706,10.056687,0.316904,-0.157300,0.017006,0.335693,0.885010,6.744385
6.685825,0.273631,-0.921484,9.927356,0.437254,-0.168078,-0.112325,-0.152588,0.274658,3.326416
6.695912,0.160466,-1.052012,10.023755,0.324090,-0.298607,-0.015925,0.274658,-0.091553,1.983643
6.706001,0.038919,-0.811912,10.174043,0.202542,-0.058506,0.134362,0.274658,1.007080,3.601074
6.716093,-0.237107,-0.691562,9.905801,-0.073484,0.061844,-0.133880,2.593994,1.098633,2.899170
6.726183,-0.241298,-0.817899,9.959689,-0.077675,-0.064493,-0.079992,2.105713,1.129150,0.732422
6.736274,0.020956,-1.069376,9.820778,0.184580,-0.315970,-0.218903,3.234863,-0.122070,-0.579834
6.746363,-0.550256,-0.736469,9.843530,-0.386632,0.016937,-0.196151,2.960205,-0.122070,-0.793457
6.756454,-0.095801,-0.945434,10.037527,0.067822,-0.192028,-0.002154,-0.366211,-0.549316,1.770020
6.766544,-0.096998,-0.449665,10.101594,0.066625,0.303741,0.061913,1.190186,-0.366211,0.915527
6.776691,-0.158670,-0.820893,10.001602,0.004953,-0.067487,-0.038079,0.701904,-0.640869,1.892090
6.786787,-0.065264,-0.759820,10.163864,0.098359,-0.006414,0.124183,0.610352,-1.068115,3.448486
6.796884,0.799338,-1.044827,10.074051,0.962961,-0.291421,0.034370,0.274658,-1.708984,3.509521
6.806980,-0.427511,-0.781974,10.075248,-0.263888,-0.028568,0.035568,-0.518799,-1.220703,2.227783
6.817073,0.625699,-1.140628,10.144105,0.789322,-0.387222,0.104424,-1.373291,-0.762939,2.838135
6.827170,-0.052092,-0.411345,10.184222,0.111532,0.342061,0.144541,1.434326,0.823975,4.669189
6.837265,-0.035925,-0.954415,10.236313,0.127698,-0.201009,0.196633,0.457764,0.885010,5.981445
6.847361,0.208965,-0.549657,10.023157,0.372589,0.203749,-0.016524,-3.662109,-0.762939,0.579834
6.857458,0.552651,-0.769999,10.235116,0.716274,-0.016593,0.195435,-2.868652,0.122070,-2.258301
6.867557,0.310155,-0.698148,10.327923,0.473778,0.055258,0.288242,-4.119873,-0.854492,-5.310059
6.877753,0.067061,-0.876577,10.168654,0.230684,-0.123171,0.128973,-2.899170,0.183105,-7.568359
6.887844,0.431702,-1.146017,10.072255,0.595326,-0.392611,0.032574,0.274658,0.732422,-10.070801
6.897934,-0.808918,-1.026865,9.642947,-0.645295,-0.273459,-0.396733,-0.335693,0.305176,-5.798340
6.908024,-0.337099,-0.812510,10.033336,-0.173476,-0.059105,-0.006345,1.800537,0.122070,-8.331299
6.918113,-0.280816,-0.881966,10.067465,-0.117193,-0.128560,0.027784,1.159668,-0.457764,-9.979248
6.928204,-0.573607,-0.892744,9.958491,-0.409984,-0.139338,-0.081190,0.396729,-0.305176,-9.216309
6.938293,-0.089813,-1.013692,9.972263,0.073810,-0.260286,-0.067418,0.976562,0.366211,-7.690430
6.948383,-0.384999,-0.923879,10.023157,-0.221376,-0.170473,-0.016524,0.793457,1.129150,-7.293701
6.958473,-0.470621,-0.814307,10.163265,-0.306998,-0.060901,0.123585,1.220703,0.946045,-6.225586
6.968563,-0.416733,-0.799338,10.061477,-0.253110,-0.045932,0.021796,0.854492,0.274658,-0.762939
6.978720,-0.193398,-0.751437,9.745334,-0.029775,0.001968,-0.294346,2.319336,0.488281,1.525879
6.988816,0.154479,-0.567021,9.972861,0.318102,0.186385,-0.066820,3.265381,0.579834,-1.098633
6.998912,-0.408950,-0.757425,10.067465,-0.245326,-0.004019,0.027784,2.471924,0.579834,-0.915527
7.009007,-0.646655,-0.653242,10.120155,-0.483032,0.100164,0.080474,-4.425049,-0.915527,2.380371
7.019104,-0.127535,-0.628693,9.981843,0.036088,0.124713,-0.057838,-1.922607,-0.793457,0.366211
7.029199,0.219743,-0.678988,9.830956,0.383366,0.074418,-0.208724,-0.335693,-0.244141,-1.007080
7.039295,-0.539478,-0.579595,9.906998,-0.375855,0.173811,-0.132683,-0.488281,0.366211,-2.166748
7.049390,-0.171244,-0.800535,10.020762,-0.007621,-0.047129,-0.018919,-0.274658,0.549316,-4.577637
7.059486,-0.176034,-1.069376,10.032138,-0.012411,-0.315970,-0.007543,-2.746582,1.190186,-6.011963
7.069582,-0.599354,-0.847837,10.066267,-0.435730,-0.094431,0.026586,-2.075195,0.823975,-7.873535
7.079745,-0.484393,-0.898731,9.977053,-0.320769,-0.145325,-0.062628,-1.556396,0.579834,-7.965088
7.089835,-0.637075,-0.863405,9.855505,-0.473452,-0.109999,-0.184176,-0.579834,0.610352,-8.880615
7.099925,-0.079634,-0.923879,10.064471,0.083989,-0.170473,0.024790,-0.274658,0.396729,-9.613037
7.110014,-0.365839,-0.865201,10.351274,-0.202216,-0.111795,0.311594,-0.335693,0.488281,-10.894775
7.120105,-0.388592,-0.813109,10.218351,-0.224969,-0.059703,0.178670,-0.854492,0.915527,-11.657715
7.130195,-0.422122,-1.004112,10.243499,-0.258499,-0.250706,0.203818,0.671387,1.068115,-11.657715
7.140285,-0.334105,-0.951422,10.121353,-0.170482,-0.198016,0.081672,1.251221,1.007080,-12.634277
7.150374,-0.132325,-0.860411,9.914183,0.031298,-0.107005,-0.125498,-0.366211,1.800537,-10.101318
7.160463,-0.410746,-0.781974,9.944121,-0.247123,-0.028568,-0.095560,-1.647949,1.403809,-9.704590
7.170552,-0.302970,-0.904719,9.869875,-0.139347,-0.151313,-0.169805,-0.518799,0.885010,-9.429932
7.180707,0.598156,-1.113684,10.061477,0.761779,-0.360278,0.021796,2.136230,0.396729,-7.141113
7.190804,-0.028740,-1.093925,10.174043,0.134883,-0.340519,0.134362,0.732422,-0.396729,-1.861572
7.200900,0.259860,-1.274150,10.020163,0.423483,-0.520745,-0.019518,0.549316,-0.305176,-2.471924
7.211025,0.065863,-1.447191,9.998608,0.229486,-0.693785,-0.041073,0.122070,-0.213623,-0.549316
7.221121,0.050295,-1.469344,9.968670,0.213919,-0.715939,-0.071011,-1.373291,0.732422,5.096436
7.231217,0.244292,-1.225651,10.148895,0.407915,-0.472245,0.109214,-2.044678,0.427246,7.629395
7.241312,-0.031734,-0.849633,10.047706,0.131889,-0.096227,0.008025,-0.640869,-0.518799,6.896973
7.251407,-0.067061,-0.684377,10.011780,0.096563,0.069029,-0.027900,0.488281,-0.885010,6.195068
7.261503,-0.268242,-0.508942,9.864487,-0.104619,0.244464,-0.175194,0.091553,-1.068115,2.563477
7.271599,0.007185,-0.668210,10.122550,0.170808,0.085195,0.082869,-0.183105,-1.342773,-1.098633
7.281765,-0.537083,-0.740660,9.999207,-0.373460,0.012746,-0.040474,0.305176,-1.037598,-4.333496
7.291854,-0.176633,-0.614323,10.051298,-0.013009,0.139083,0.011617,1.251221,-1.190186,-4.943848
7.301944,-0.543669,-0.769400,10.008188,-0.380046,-0.015994,-0.031493,0.915527,-1.098633,-5.157471
7.312034,-0.203577,-0.814307,10.133926,-0.039953,-0.060901,0.094246,1.708984,-0.701904,-5.798340
7.322124,-0.278421,-0.526306,9.911190,-0.114798,0.227100,-0.128491,2.136230,-0.183105,-5.340576
7.332214,-0.254471,-0.634680,10.074650,-0.090848,0.118726,0.034969,-0.366211,-0.549316,-5.310059
7.342303,-0.009580,-0.589175,10.134525,0.154043,0.164231,0.094844,-0.213623,-0.152588,-5.889893
7.352392,-0.045505,-0.655637,9.896221,0.118118,0.097769,-0.143460,0.091553,0.488281,-7.598877
7.362481,-0.202978,-0.962199,10.059082,-0.039355,-0.208793,0.019401,-1.220703,0.671387,-6.347656
7.372570,-0.043110,-1.002914,9.996812,0.120513,-0.249509,-0.042869,-0.549316,0.518799,-6.530762
7.382723,-0.012574,-1.017883,9.989626,0.151049,-0.264478,-0.050054,0.305176,0.915527,-6.164551
7.392818,-0.167053,-1.054407,10.199191,-0.003429,-0.301002,0.159510,-0.762939,0.335693,-4.974365
7.402915,-0.377216,-0.777184,10.091415,-0.213592,-0.023778,0.051734,-0.762939,0.976562,-6.164551
7.414100,0.223336,-0.565225,10.196197,0.386959,0.188181,0.156516,-2.105713,0.549316,-4.577637
7.424200,-0.177231,-0.793350,10.308164,-0.013608,-0.039944,0.268483,0.976562,0.396729,-8.728027
7.434294,0.094005,-0.382604,10.139315,0.257628,0.370801,0.099634,1.739502,0.915527,-7.232666
7.444388,-0.143701,-0.578996,10.146500,0.019922,0.174410,0.106819,0.762939,0.640869,-11.444092
7.454485,0.515528,-1.265768,10.287208,0.679151,-0.512362,0.247527,2.349854,0.000000,-15.991211
7.464581,-0.250280,-1.154399,10.110575,-0.086656,-0.400994,0.070894,1.647949,-0.183105,-13.854980
7.474678,-0.490979,-1.032253,9.790840,-0.327356,-0.278848,-0.248841,0.335693,0.518799,-9.582520
7.484858,-0.095801,-0.972378,9.862092,0.067822,-0.218972,-0.177589,0.122070,0.549316,-9.826660
7.494949,-0.339494,-1.353186,10.189611,-0.175871,-0.599780,0.149930,-0.549316,-0.061035,-9.643555
7.505039,-0.570015,-1.001118,9.962682,-0.406391,-0.247712,-0.076998,1.556396,0.183105,-9.094238
7.515142,-0.682581,-1.156794,10.002799,-0.518957,-0.403389,-0.036882,0.213623,-0.396729,-3.356934
7.525232,-0.599354,-1.168770,9.923763,-0.435730,-0.415364,-0.115917,0.701904,0.122070,-1.159668
7.535321,-0.437091,-0.942440,9.827364,-0.273468,-0.189034,-0.212317,0.885010,0.183105,-1.647949
7.545410,-0.464634,-0.965792,9.998608,-0.301011,-0.212386,-0.041073,-0.793457,0.427246,-0.061035
7.555500,-0.244292,-0.781375,9.950109,-0.080669,-0.027969,-0.089572,0.000000,0.213623,-0.366211
7.565589,-0.266446,-0.732277,10.128538,-0.102823,0.021129,0.088857,0.030518,0.457764,-1.770020
7.575679,-0.365839,-0.703537,10.043514,-0.202216,0.049869,0.003834,1.098633,1.098633,-1.373291
7.585834,-0.340093,-0.860411,9.988429,-0.176470,-0.107005,-0.051252,0.305176,1.403809,-1.983643
7.595930,-0.276625,-0.864602,9.942924,-0.113002,-0.111196,-0.096757,0.244141,1.129150,-3.570557
7.606026,-0.404758,-0.648452,9.872271,-0.241135,0.104954,-0.167410,-0.549316,1.342773,-3.479004
7.616122,-0.334704,-0.859213,10.171648,-0.171081,-0.105807,0.131967,-1.647949,0.366211,-3.387451
7.626216,0.039518,-1.105302,10.149494,0.203141,-0.351896,0.109813,-1.708984,-0.183105,-4.211426
7.636313,0.009580,-0.915496,10.266251,0.173203,-0.162090,0.226570,-2.685547,-0.305176,-2.258301
7.646409,-0.095202,-0.889750,10.025552,0.068421,-0.136344,-0.014129,-0.915527,-0.823975,-3.051758
7.656506,-0.098795,-0.825683,9.925560,0.064829,-0.072277,-0.114121,0.823975,-1.434326,-5.523682
7.666602,0.035327,-1.146017,10.151889,0.198950,-0.392611,0.112208,-0.122070,-1.739502,-4.699707
7.676698,0.020956,-1.093925,10.098600,0.184580,-0.340519,0.058919,0.640869,-0.732422,-2.685547
7.686861,0.020358,-0.906515,10.089619,0.183981,-0.153109,0.049938,-1.251221,-0.549316,-1.831055
7.696952,0.024549,-0.782573,10.032138,0.188172,-0.029167,-0.007543,-1.159668,-0.335693,-2.807617
7.707042,-0.281415,-0.834664,9.989626,-0.117792,-0.081259,-0.050054,0.610352,0.701904,-0.762939
7.717134,-0.181423,-1.018482,10.218351,-0.017799,-0.265076,0.178670,0.793457,0.457764,-0.335693
7.727224,-0.258063,-0.764610,10.043514,-0.094440,-0.011204,0.003834,1.342773,0.122070,3.967285
7.737314,-0.494572,-0.643063,9.902208,-0.330948,0.110343,-0.137473,0.640869,0.091553,5.187988
7.747404,-0.271835,-0.635279,10.002799,-0.108211,0.118127,-0.036882,0.366211,0.366211,4.394531
7.757493,-0.046703,-0.502355,10.071656,0.116920,0.251050,0.031975,-0.457764,0.335693,3.479004
7.767584,-0.295186,-0.527503,10.053693,-0.131563,0.225903,0.014012,-0.427246,0.335693,5.004883
7.777673,0.038320,-0.897534,9.878857,0.201944,-0.144128,-0.160824,-0.671387,-0.213623,3.143311
7.787827,0.098795,-1.101709,10.109976,0.262418,-0.348303,0.070295,-0.610352,-0.152588,2.410889
7.797923,-0.142504,-0.988544,10.103390,0.021120,-0.235139,0.063709,-1.403809,0.274658,1.220703
7.808020,-0.219743,-0.786165,10.006392,-0.056120,-0.032759,-0.033289,-1.190186,0.274658,0.579834
7.818114,-0.114362,-0.811912,9.974658,0.049261,-0.058506,-0.065023,-1.098633,-0.183105,2.380371
7.828210,-0.370031,-0.647853,9.953102,-0.206407,0.105553,-0.086578,-0.213623,-0.061035,0.640869
7.838307,-0.035925,-0.913700,9.908196,0.127698,-0.160294,-0.131485,0.488281,0.091553,0.091553
7.848403,-0.093406,-0.914897,9.993219,0.070217,-0.161492,-0.046462,0.457764,-0.518799,2.624512
7.858496,-0.273631,-0.763412,10.118958,-0.110008,-0.010007,0.079277,0.152588,-1.281738,3.997803
7.868593,0.129331,-0.872386,10.122550,0.292954,-0.118980,0.082869,1.556396,-1.800537,3.967285
7.878689,-0.289199,-0.856818,10.051298,-0.125575,-0.103412,0.011617,-0.152588,-0.732422,4.821777
7.888857,-0.170645,-0.761017,10.225536,-0.007022,-0.007612,0.185855,-0.152588,0.274658,4.943848
7.898948,-0.299976,-0.465831,9.907597,-0.136353,0.287574,-0.132084,0.823975,0.762939,5.004883
7.909038,-0.117955,-0.720901,10.108779,0.045669,0.032505,0.069098,-0.579834,1.190186,4.913330
7.919129,-0.031135,-0.741259,9.883048,0.132488,0.012147,-0.156633,-0.396729,1.159668,3.417969
7.929219,-0.247286,-0.821492,9.954899,-0.083663,-0.068086,-0.084782,-1.739502,1.098633,3.265381
7.939308,-0.105980,-0.689766,10.071656,0.057644,0.063640,0.031975,-1.312256,1.342773,5.035400
7.949398,0.077239,-0.869991,10.061477,0.240863,-0.116585,0.021796,-3.356934,1.129150,3.051758
7.959488,-0.091609,-0.921484,9.883647,0.072014,-0.168078,-0.156034,-0.732422,2.044678,1.007080
7.969579,-0.233514,-0.929268,10.134525,-0.069891,-0.175862,0.094844,2.136230,2.136230,2.044678
7.979668,-0.077239,-1.036445,10.058483,0.086384,-0.283039,0.018802,2.471924,1.037598,2.868652
7.989816,-0.297581,-0.859213,9.929751,-0.133958,-0.105807,-0.109930,2.777100,0.915527,2.655029
7.999914,-0.073647,-0.653242,9.945319,0.089976,0.100164,-0.094362,2.258301,0.915527,2.441406
8.010010,0.095202,-0.936453,9.905801,0.258825,-0.183047,-0.133880,0.946045,0.701904,2.227783
8.020107,-0.109572,-0.851429,10.021959,0.054051,-0.098024,-0.017722,-0.335693,0.274658,1.068115
8.030202,-0.359253,-0.795745,10.038126,-0.195630,-0.042339,-0.001555,-2.258301,-1.190186,-0.854492
8.040299,0.000000,-0.807122,10.065070,0.163623,-0.053716,0.025389,-1.281738,-1.373291,-1.068115
8.050395,-0.157473,-0.884960,9.988429,0.006151,-0.131554,-0.051252,-1.861572,-1.800537,-2.441406
8.060491,-0.401765,-0.920286,10.032737,-0.238141,-0.166880,-0.006944,-1.037598,-1.922607,-2.593994
8.070586,-0.032333,-1.057401,10.215956,0.131290,-0.303995,0.176275,0.335693,-1.403809,-0.762939
8.080683,0.313149,-0.856818,10.090816,0.476772,-0.103412,0.051135,-0.640869,0.244141,-1.129150
8.090845,-0.432900,-0.754431,10.099797,-0.269277,-0.001025,0.060116,-0.427246,1.800537,-0.579834
8.100935,-0.171244,-1.096919,9.963281,-0.007621,-0.343513,-0.076400,-0.274658,2.166748,-1.342773
8.111025,-0.196392,-0.867596,9.948312,-0.032768,-0.114190,-0.091368,1.678467,2.258301,-0.793457
8.121115,-0.371228,-0.975372,10.121353,-0.207605,-0.221966,0.081672,-0.091553,0.366211,0.000000
8.131205,-0.561033,-0.588576,9.966874,-0.397410,0.164830,-0.072807,-1.129150,-0.152588,0.823975
8.141295,-0.333506,-0.791554,10.044113,-0.169883,-0.038148,0.004432,-1.403809,-0.793457,1.983643
8.151385,-0.552651,-0.779579,10.210567,-0.389028,-0.026173,0.170886,-1.129150,-0.640869,0.701904
8.161475,0.037123,-0.682581,10.054891,0.200746,0.070825,0.015210,-1.129150,0.244141,1.068115
8.171565,-0.690963,-0.689167,9.873468,-0.527340,0.064239,-0.166213,-1.007080,2.075195,-0.854492
8.181654,-0.129930,-0.681982,10.295590,0.033693,0.071424,0.255909,-0.091553,2.258301,-0.335693
8.191799,-0.482596,-0.903521,10.035731,-0.318973,-0.150115,-0.003950,-0.610352,0.823975,1.586914
8.201896,-0.517923,-0.925675,9.964479,-0.354300,-0.172269,-0.075202,0.091553,0.427246,1.098633
8.211993,-0.372426,-0.928070,10.063273,-0.208802,-0.174664,0.023592,-0.640869,-0.701904,5.157471
8.222089,-0.647853,-0.697549,10.093810,-0.484230,0.055856,0.054129,0.579834,-0.549316,6.256104
8.232183,-0.148491,-0.829874,10.003997,0.015132,-0.076468,-0.035684,2.319336,-1.251221,4.852295
8.242279,-0.309556,-0.731080,9.960287,-0.145933,0.022326,-0.079393,4.241943,-0.244141,0.823975
8.252374,-0.454455,-0.729283,9.855505,-0.290832,0.024122,-0.184176,3.784180,-0.152588,-0.091553
8.262470,-0.397573,-0.836461,9.841135,-0.233950,-0.083055,-0.198546,1.647949,0.061035,0.885010
8.272567,-0.534089,-0.735870,9.890233,-0.370466,0.017536,-0.149448,0.579834,-0.061035,1.678467
8.282663,-0.091011,-0.840652,10.136920,0.072613,-0.087246,0.097239,-4.028320,-1.068115,-0.671387
8.292824,-0.711321,-0.718506,10.170450,-0.547698,0.034900,0.130770,-3.540039,-1.312256,-1.953125
8.302914,-0.130529,-0.854423,10.059681,0.033095,-0.101017,0.020000,-2.929688,-1.770020,-0.671387
8.313004,0.025148,-0.652643,10.050699,0.188771,0.100763,0.011019,-1.312256,-1.159668,-0.030518
8.323093,-0.217348,-0.647853,9.962682,-0.053725,0.105553,-0.076998,-1.312256,-0.457764,-2.624512
8.333183,-0.094603,-0.840053,10.045311,0.069020,-0.086647,0.005630,-0.396729,0.305176,-2.227783
8.343272,0.080233,-0.835263,10.112371,0.243856,-0.081857,0.072690,-1.281738,0.457764,-0.122070
8.353362,-0.171244,-0.784968,10.051897,-0.007621,-0.031562,0.012216,-2.746582,0.701904,-2.899170
8.363451,0.317340,-0.924478,10.081835,0.480963,-0.171072,0.042154,-0.640869,0.366211,-4.669189
8.373541,-0.215552,-0.871188,10.132130,-0.051929,-0.117783,0.092449,1.159668,0.854492,-4.425049
8.383631,-0.151485,-0.878373,10.041119,0.012138,-0.124968,0.001439,2.532959,-0.274658,-1.403809
8.393776,0.082029,-0.995729,10.109976,0.245653,-0.242324,0.070295,2.532959,-0.396729,-0.244141
8.403875,-0.138312,-0.978964,9.978250,0.025311,-0.225558,-0.061431,1.586914,-0.610352,1.556396
8.413971,-0.250878,-0.874781,10.093810,-0.087255,-0.121375,0.054129,-0.671387,0.061035,2.197266
8.424067,0.223934,-0.929866,10.056687,0.387558,-0.176461,0.017006,-1.892090,0.457764,1.617432
8.434164,0.159269,-1.037642,10.072255,0.322892,-0.284236,0.032574,-2.838135,0.762939,0.030518
8.444260,0.136516,-1.050216,10.202184,0.300139,-0.296810,0.162504,-0.274658,0.915527,-0.732422
8.454356,-0.211959,-0.988544,10.144704,-0.048336,-0.235139,0.105023,-0.152588,0.091553,0.091553
8.464453,-0.038320,-1.022075,10.114766,0.125303,-0.268669,0.075085,0.885010,-0.640869,1.525879
8.474550,0.009580,-1.080753,10.103390,0.173203,-0.327347,0.063709,0.885010,-1.434326,1.434326
8.484646,-0.080233,-1.059796,9.966874,0.083390,-0.306390,-0.072807,1.190186,-1.190186,0.305176
8.494809,-0.110770,-0.931064,9.976454,0.052854,-0.177658,-0.063227,1.342773,-1.190186,1.251221
8.504898,-0.231718,-1.056204,10.146500,-0.068095,-0.302798,0.106819,1.373291,-1.129150,1.647949
8.514988,-0.461041,-0.920286,10.045909,-0.297418,-0.166880,0.006229,0.671387,-1.434326,2.685547
8.525078,-0.053289,-0.975372,9.904005,0.110334,-0.221966,-0.135676,1.251221,-0.732422,1.708984
8.535167,-0.415536,-0.984353,10.115964,-0.251913,-0.230947,0.076283,0.640869,0.030518,0.610352
8.545257,-0.061672,-0.969384,9.971664,0.101951,-0.215978,-0.068017,0.610352,0.457764,1.922607
8.555348,-0.085622,-0.907712,9.899813,0.078001,-0.154307,-0.139868,1.525879,0.732422,3.417969
8.565437,-0.305365,-0.852627,10.162667,-0.141742,-0.099221,0.122986,1.953125,-0.152588,2.319336
8.575528,0.254471,-0.950224,10.273436,0.418094,-0.196818,0.233755,0.000000,-0.579834,3.509521
8.585618,0.019759,-0.775388,10.059681,0.183382,-0.021982,0.020000,-1.434326,0.091553,0.762939
8.595769,-0.131127,-0.925675,10.089020,0.032496,-0.172269,0.049339,-2.593994,0.152588,0.030518
8.605865,-0.180225,-1.237028,10.251881,-0.016602,-0.483622,0.212200,-4.058838,0.427246,0.885010
8.615961,0.036524,-1.085543,9.972263,0.200147,-0.332137,-0.067418,-2.197266,0.579834,3.173828
8.626057,-0.155676,-1.174158,10.020762,0.007947,-0.420753,-0.018919,-1.770020,0.396729,2.563477
8.636154,-0.288600,-1.244213,10.159074,-0.124977,-0.490807,0.119393,1.159668,0.091553,4.150391
8.646250,-0.180824,-1.240620,9.925560,-0.017201,-0.487214,-0.114121,3.906250,0.244141,6.256104
8.656347,-0.162263,-1.029260,10.183024,0.001361,-0.275854,0.143343,1.434326,-0.976562,11.077881
8.666444,-0.118553,-1.013093,10.068662,0.045070,-0.259687,0.028981,1.556396,-1.312256,11.230469
8.676540,-0.299976,-0.927471,9.930948,-0.136353,-0.174066,-0.108732,2.655029,-1.312256,11.535645
8.686636,0.179028,-0.897534,10.108180,0.342651,-0.144128,0.068499,3.082275,-1.464844,11.077881
8.696798,0.532293,-0.908910,10.049502,0.695916,-0.155504,0.009821,2.502441,-1.373291,10.406494
8.706890,0.322130,-0.774789,9.914183,0.485753,-0.021383,-0.125498,1.098633,-1.129150,8.789062
8.716980,0.340093,-0.604144,10.219548,0.503716,0.149262,0.179867,1.770020,-0.915527,8.087158
8.727069,0.453257,-0.865201,10.075847,0.616881,-0.111795,0.036166,-1.129150,-1.251221,5.889893
8.737159,0.022154,-0.410746,10.024354,0.185777,0.342660,-0.015327,-1.800537,-1.617432,7.690430
8.747249,-0.219144,-0.743055,10.041718,-0.055521,0.010351,0.002037,1.190186,-2.075195,9.613037
8.757338,0.573607,-0.686173,9.987830,0.737230,0.067233,-0.051851,-0.122070,-2.685547,11.108398
8.767427,0.226928,-0.783770,9.996213,0.390551,-0.030364,-0.043468,-0.366211,-2.655029,9.582520
8.777518,0.372426,-0.749042,10.005793,0.536049,0.004363,-0.033888,-0.213623,-1.922607,6.317139
8.787607,0.376617,-0.735870,10.008188,0.540240,0.017536,-0.031493,-1.068115,-1.525879,6.500244
8.797762,0.258063,-0.902922,10.211166,0.421687,-0.149517,0.171485,-3.295898,-1.129150,8.178711
8.807858,0.256866,-0.742456,10.162667,0.420489,0.010950,0.122986,-1.739502,-0.427246,6.378174
8.817955,0.422721,-0.846041,10.109976,0.586344,-0.092635,0.070295,-1.190186,-0.122070,5.798340
8.828051,0.255668,-1.034050,10.177635,0.419292,-0.280644,0.137955,0.701904,0.213623,6.896973
8.838148,0.371228,-1.063987,10.125544,0.534851,-0.310582,0.085863,0.244141,-0.122070,7.965088
8.848245,0.045505,-0.744851,9.927955,0.209129,0.008555,-0.111726,0.335693,0.091553,6.378174
8.858341,-0.049098,-0.716111,10.093211,0.114525,0.037295,0.053530,0.762939,0.030518,6.866455
8.868437,-0.064067,-0.704136,9.883048,0.099556,0.049270,-0.156633,3.936768,-0.793457,7.629395
8.878533,0.060474,-0.789758,9.912387,0.224097,-0.036352,-0.127294,3.387451,-1.434326,9.124756
8.888629,0.461041,-0.878972,10.133926,0.624665,-0.125566,0.094246,1.068115,-1.861572,5.706787
8.898794,0.055684,-0.702339,10.036928,0.219307,0.051066,-0.002753,2.716064,-1.770020,4.638672
8.908884,0.030536,-0.749042,10.032737,0.194160,0.004363,-0.006944,2.502441,-1.251221,4.882812
8.918974,0.168250,-0.656834,9.968071,0.331873,0.096572,-0.071610,4.669189,-0.396729,4.974365
8.929064,0.207169,-0.678988,10.017768,0.370792,0.074418,-0.021913,2.288818,-1.007080,5.249023
8.939154,0.253273,-0.750240,9.999207,0.416897,0.003166,-0.040474,1.586914,-0.701904,3.143311
8.949243,0.264051,-0.772993,9.996213,0.427674,-0.019587,-0.043468,1.403809,-0.518799,2.349854
8.959332,0.227527,-0.814307,10.011182,0.391150,-0.060901,-0.028499,0.762939,-0.305176,1.403809
8.969421,0.277224,-0.938848,10.109976,0.440847,-0.185442,0.070295,-0.610352,-0.854492,0.885010
8.979510,0.383802,-0.705333,10.077643,0.547425,0.048073,0.037963,0.244141,-1.556396,0.305176
8.989599,0.364642,-0.837658,10.077045,0.528265,-0.084252,0.037364,-0.946045,-1.831055,0.244141
8.999753,0.081431,-0.704136,9.880054,0.245054,0.049270,-0.159627,-0.427246,-1.892090,-3.112793
9.009850,-0.136516,-0.780776,10.062076,0.027107,-0.027371,0.022395,1.373291,-2.807617,-5.126953
9.019946,-0.141905,-0.647254,10.018367,0.021718,0.106152,-0.021314,1.007080,-3.204346,-1.678467
9.030041,0.814307,-0.795745,10.122550,0.977930,-0.042339,0.082869,1.190186,-2.258301,1.739502
9.040136,0.419128,-0.598156,10.020762,0.582752,0.155250,-0.018919,0.610352,-1.922607,-1.586914
9.050232,0.253872,-0.626298,10.061477,0.417495,0.127108,0.021796,-0.488281,-1.953125,-5.065918
9.060325,0.209564,-0.822689,10.072853,0.373187,-0.069283,0.033173,-0.549316,-2.075195,-4.486084
9.070421,0.256267,-0.690963,10.012379,0.419890,0.062443,-0.027302,-1.007080,-2.105713,-4.028320
9.080516,0.490380,-0.827479,10.028546,0.654003,-0.074073,-0.011135,-0.701904,-1.617432,-6.378174
9.090611,0.081431,-0.871188,10.166858,0.245054,-0.117783,0.127177,-1.098633,-1.525879,-6.774902
9.100732,-0.104183,-0.774190,9.954300,0.059440,-0.020784,-0.085381,-0.244141,-1.861572,-3.631592
9.110827,0.264650,-0.732277,10.005194,0.428273,0.021129,-0.034487,-0.610352,-1.861572,-0.854492
9.120922,0.290995,-0.875978,9.959689,0.454618,-0.122573,-0.079992,-0.183105,-1.586914,-2.746582
9.131018,0.089813,-0.719703,10.049502,0.253436,0.033702,0.009821,0.610352,-1.556396,-3.967285
9.141113,-0.041314,-0.643063,9.987830,0.122309,0.110343,-0.051851,0.701904,-0.671387,-0.091553
9.151209,0.659229,-0.884960,10.027348,0.822852,-0.131554,-0.012333,-0.457764,-0.244141,-0.274658
9.161304,0.264650,-0.835862,9.997410,0.428273,-0.082456,-0.042271,1.892090,-0.122070,-1.495361
9.171399,0.186812,-0.631088,9.953102,0.350435,0.122318,-0.086578,1.434326,-0.305176,-0.457764
9.181494,0.380808,-0.740061,10.041718,0.544431,0.013345,0.002037,0.823975,-0.274658,0.213623
9.191590,0.246687,-0.750839,10.002799,0.410310,0.002567,-0.036882,0.793457,0.122070,-1.647949
9.201709,0.288600,-0.869991,10.036329,0.452223,-0.116585,-0.003352,0.366211,0.183105,-2.563477
9.211806,0.246088,-0.833467,9.992021,0.409712,-0.080061,-0.047659,-0.335693,0.213623,-3.692627
9.221900,0.056882,-0.817300,10.011182,0.220505,-0.063895,-0.028499,-0.488281,0.274658,-3.417969
9.231995,0.205373,-0.807122,10.033336,0.368996,-0.053716,-0.006345,-0.549316,0.244141,-3.448486
9.242090,0.080832,-0.818498,10.042916,0.244455,-0.065092,0.003235,0.335693,0.427246,-3.845215
9.252185,0.129331,-0.814307,9.987231,0.292954,-0.060901,-0.052449,0.061035,0.488281,-3.997803
9.262281,0.219743,-0.876577,10.083032,0.383366,-0.123171,0.043351,-0.427246,0.366211,-4.638672
9.272376,-0.076042,-0.881966,10.083032,0.087581,-0.128560,0.043351,-0.762939,0.122070,-5.645752
9.282471,-0.168250,-0.781974,10.017169,-0.004627,-0.028568,-0.022512,-0.854492,0.091553,-6.225586
9.292566,0.029938,-0.852627,9.996812,0.193561,-0.099221,-0.042869,-0.793457,0.152588,-6.164551
9.302684,0.040715,-0.913700,10.051298,0.204339,-0.160294,0.011617,-0.854492,0.122070,-6.225586
9.312780,-0.123942,-0.955613,9.993219,0.039681,-0.202207,-0.046462,-1.129150,0.213623,-6.561279
9.322876,-0.019759,-1.043031,10.068063,0.143864,-0.289625,0.028382,-1.129150,0.152588,-6.256104
9.332971,-0.127535,-0.899330,10.102192,0.036088,-0.145924,0.062512,-0.183105,0.091553,-4.547119
9.343066,-0.196990,-0.784968,10.036329,-0.033367,-0.031562,-0.003352,-0.335693,0.030518,-3.906250
9.353161,-0.123942,-0.743654,10.072255,0.039681,0.009752,0.032574,-0.885010,-0.122070,-2.563477
9.363256,-0.053888,-0.735870,9.996812,0.109735,0.017536,-0.042869,-0.946045,0.122070,-3.112793
9.373351,0.141905,-0.808319,10.075248,0.305528,-0.054913,0.035568,-1.068115,-0.122070,-3.448486
9.383445,0.064666,-0.826880,10.068662,0.228289,-0.073475,0.028981,-1.647949,-0.488281,-3.936768
9.393541,0.030536,-0.845442,10.029743,0.194160,-0.092036,-0.009938,-1.434326,-0.518799,-3.997803
9.403660,0.073048,-0.873583,10.044113,0.236671,-0.120178,0.004432,-0.885010,-0.701904,-3.143311
9.413755,0.065863,-0.872985,10.001003,0.229486,-0.119579,-0.038678,-1.068115,-0.823975,-2.563477
9.423850,0.065264,-0.851429,9.966275,0.228888,-0.098024,-0.073406,-1.708984,-1.037598,-1.953125
9.433946,0.141905,-0.977168,10.038126,0.305528,-0.223762,-0.001555,-1.464844,-0.854492,-0.976562
9.444043,0.135319,-0.919089,10.118359,0.298942,-0.165683,0.078678,-0.671387,-0.762939,1.251221
9.454139,0.096400,-0.760419,10.047107,0.260023,-0.007013,0.007426,-0.274658,-0.610352,1.983643
9.464234,-0.009580,-0.766406,10.027348,0.154043,-0.013000,-0.012333,-0.244141,-0.366211,2.441406
9.474329,0.307161,-0.766406,10.076446,0.470784,-0.013000,0.036765,0.030518,-0.366211,3.021240
9.484425,0.122146,-0.745450,10.070458,0.285769,0.007956,0.030777,0.366211,-0.427246,2.563477
9.494520,0.003593,-0.814307,10.047107,0.167216,-0.060901,0.007426,0.762939,-0.488281,2.532959
9.504686,0.088616,-0.823887,10.030342,0.252239,-0.070481,-0.009339,0.793457,-0.427246,3.295898
9.514776,0.095801,-0.805325,10.024354,0.259424,-0.051920,-0.015327,0.549316,-0.335693,3.967285
9.524864,-0.019759,-0.792153,10.011182,0.143864,-0.038747,-0.028499,0.366211,-0.305176,4.150391
9.534953,0.111967,-0.781974,10.010583,0.275590,-0.028568,-0.029098,-0.030518,-0.244141,4.547119
9.545042,0.261656,-0.796344,10.042317,0.425279,-0.042938,0.002636,-0.213623,-0.091553,3.448486
9.555131,0.111368,-0.799937,10.039323,0.274992,-0.046531,-0.000358,-0.122070,-0.061035,2.502441
9.565220,-0.021555,-0.813109,10.033336,0.142068,-0.059703,-0.006345,-0.061035,-0.061035,1.342773
9.575309,0.002994,-0.819097,10.027947,0.166617,-0.065691,-0.011734,-0.030518,-0.061035,1.190186
9.585398,0.014969,-0.816103,10.030342,0.178592,-0.062697,-0.009339,-0.152588,-0.030518,0.885010
9.595486,0.032932,-0.808319,10.029743,0.196555,-0.054913,-0.009938,-0.213623,0.030518,0.579834
9.605630,0.032333,-0.816103,10.030941,0.195956,-0.062697,-0.008740,-0.244141,0.061035,0.213623
9.615726,-0.035327,-0.829874,10.044712,0.128297,-0.076468,0.005031,-0.244141,0.091553,-0.274658
9.625822,-0.029938,-0.838257,10.047107,0.133685,-0.084851,0.007426,-0.244141,0.122070,-0.427246
9.635917,-0.022154,-0.848436,10.038724,0.141469,-0.095030,-0.000957,-0.274658,0.091553,-0.640869
9.646013,-0.029938,-0.848436,10.040521,0.133685,-0.095030,0.000840,-0.213623,0.091553,-0.762939
9.656109,-0.032932,-0.848436,10.036928,0.130692,-0.095030,-0.002753,-0.152588,0.122070,-0.854492
9.666205,-0.061672,-0.850831,10.040521,0.101951,-0.097425,0.000840,-0.061035,0.091553,-0.854492
9.676301,-0.051493,-0.864602,10.045909,0.112130,-0.111196,0.006229,-0.030518,0.091553,-0.732422
9.686401,-0.033530,-0.864003,10.044712,0.130093,-0.110598,0.005031,-0.030518,0.061035,-0.640869
9.696498,-0.034129,-0.854423,10.043514,0.129494,-0.101017,0.003834,0.000000,0.061035,-0.549316
9.706665,-0.059875,-0.855621,10.043514,0.103748,-0.102215,0.003834,0.030518,0.061035,-0.366211
9.716755,-0.084424,-0.847837,10.044712,0.079199,-0.094431,0.005031,0.061035,0.030518,-0.274658
9.726845,-0.114961,-0.832269,10.039323,0.048662,-0.078864,-0.000358,0.061035,0.000000,-0.030518
9.736935,-0.122146,-0.841251,10.035132,0.041477,-0.087845,-0.004549,0.091553,-0.030518,0.030518
9.747024,-0.116757,-0.845442,10.034533,0.046866,-0.092036,-0.005148,0.061035,-0.091553,0.244141
9.757113,-0.198787,-0.837658,10.039323,-0.035163,-0.084252,-0.000358,0.061035,-0.152588,0.427246
9.767201,-0.034728,-0.838257,10.055490,0.128895,-0.084851,0.015809,-0.152588,-0.061035,0.091553
9.777291,-0.103585,-0.796344,10.042317,0.060039,-0.042938,0.002636,-0.152588,0.091553,-2.838135
9.787382,-0.141905,-0.695753,10.042317,0.021718,0.057653,0.002636,-0.274658,0.061035,-5.157471
9.797471,-0.112566,-0.715512,10.039922,0.051057,0.037894,0.000241,-0.579834,0.030518,-9.216309
9.807626,-0.071252,-0.814307,10.041119,0.092371,-0.060901,0.001439,-0.549316,0.213623,-10.345459
9.817723,-0.046703,-0.839454,10.035731,0.116920,-0.086049,-0.003950,-0.518799,0.335693,-9.704590
9.827819,0.040715,-0.931663,10.033336,0.204339,-0.178257,-0.006345,-0.549316,0.244141,-8.453369
9.837915,0.020358,-0.950823,10.034533,0.183981,-0.197417,-0.005148,-0.427246,0.183105,-6.805420
9.848011,-0.021555,-0.903521,10.032737,0.142068,-0.150115,-0.006944,-0.274658,0.122070,-4.058838
9.858107,-0.029339,-0.893342,10.030941,0.134284,-0.139937,-0.008740,-0.213623,0.091553,-3.143311
9.868201,-0.048499,-0.874182,10.039323,0.115124,-0.120776,-0.000358,-0.122070,0.091553,-1.892090
9.878294,-0.053888,-0.862207,10.042916,0.109735,-0.108801,0.003235,-0.091553,0.061035,-1.495361
9.888391,-0.063468,-0.856818,10.039922,0.100155,-0.103412,0.000241,-0.091553,0.030518,-0.885010
9.898487,-0.065863,-0.843047,10.036928,0.097760,-0.089641,-0.002753,-0.091553,0.000000,-0.732422
9.908656,-0.065863,-0.846041,10.036928,0.097760,-0.092635,-0.002753,-0.091553,0.030518,-0.457764
9.918745,-0.059277,-0.847238,10.053094,0.104347,-0.093832,0.013414,-0.061035,0.030518,-0.335693
9.928835,-0.062869,-0.845442,10.050699,0.100754,-0.092036,0.011019,-0.061035,0.061035,-0.274658
9.938925,-0.078437,-0.839454,10.048304,0.085186,-0.086049,0.008624,-0.061035,0.061035,-0.152588
9.949015,-0.074246,-0.842448,10.040521,0.089378,-0.089042,0.000840,-0.061035,0.061035,-0.091553
9.959153,-0.071252,-0.841251,10.038724,0.092371,-0.087845,-0.000957,-0.061035,0.061035,-0.091553
9.969243,-0.078437,-0.848436,10.041119,0.085186,-0.095030,0.001439,-0.061035,0.030518,-0.061035
9.979332,-0.079634,-0.849633,10.045311,0.083989,-0.096227,0.005630,-0.061035,0.030518,-0.122070
9.989422,-0.081431,-0.850831,10.046508,0.082193,-0.097425,0.006827,-0.061035,0.030518,-0.061035
9.999511,-0.076641,-0.851429,10.046508,0.086983,-0.098024,0.006827,-0.030518,0.061035,-0.061035
10.009657,-0.074844,-0.850232,10.038126,0.088779,-0.096826,-0.001555,0.030518,0.030518,-0.030518
10.019753,-0.082628,-0.847238,10.045311,0.080995,-0.093832,0.005630,0.000000,0.030518,-0.030518
10.029849,-0.077838,-0.846639,10.050699,0.085785,-0.093234,0.011019,0.000000,0.061035,0.000000
10.039945,-0.073647,-0.847238,10.046508,0.089976,-0.093832,0.006827,-0.030518,0.061035,-0.030518
10.050041,-0.073647,-0.847238,10.044712,0.089976,-0.093832,0.005031,-0.030518,0.061035,-0.061035
10.060136,-0.068857,-0.840652,10.044712,0.094766,-0.087246,0.005031,0.000000,0.061035,-0.061035
10.070230,-0.073647,-0.847238,10.047706,0.089976,-0.093832,0.008025,0.000000,0.091553,-0.061035
10.080326,-0.085023,-0.845442,10.046508,0.078600,-0.092036,0.006827,0.000000,0.061035,-0.030518
10.090423,-0.084424,-0.847837,10.044113,0.079199,-0.094431,0.004432,0.000000,0.061035,-0.030518
10.100519,-0.085023,-0.850232,10.033934,0.078600,-0.096826,-0.005747,0.030518,0.091553,-0.030518
10.110680,-0.078437,-0.849633,10.033336,0.085186,-0.096227,-0.006345,0.000000,0.061035,-0.061035
10.120769,-0.082628,-0.849034,10.041718,0.080995,-0.095629,0.002037,-0.030518,0.030518,-0.061035
10.130859,-0.075443,-0.855621,10.038724,0.088180,-0.102215,-0.000957,0.000000,0.030518,-0.030518
10.140949,-0.079036,-0.856219,10.036329,0.084588,-0.102814,-0.003352,-0.030518,0.030518,-0.030518
10.151128,-0.073048,-0.851429,10.032138,0.090575,-0.098024,-0.007543,-0.061035,0.030518,0.000000
10.161214,-0.075443,-0.852627,10.036329,0.088180,-0.099221,-0.003352,-0.061035,0.000000,-0.030518
10.171303,-0.082628,-0.855022,10.043514,0.080995,-0.101616,0.003834,-0.030518,0.030518,-0.061035
10.181392,-0.078437,-0.850831,10.039323,0.085186,-0.097425,-0.000358,0.000000,0.000000,0.000000
10.191482,-0.075443,-0.844244,10.033934,0.088180,-0.090839,-0.005747,-0.030518,0.000000,0.030518
10.201571,-0.077838,-0.841251,10.032737,0.085785,-0.087845,-0.006944,-0.030518,0.030518,0.030518
10.211692,-0.072449,-0.847238,10.035132,0.091174,-0.093832,-0.004549,0.000000,0.000000,0.000000
10.221781,-0.062869,-0.844244,10.033336,0.100754,-0.090839,-0.006345,0.000000,0.000000,0.030518
10.231871,-0.076641,-0.843646,10.034533,0.086983,-0.090240,-0.005148,0.030518,0.000000,0.000000
10.241961,-0.076641,-0.845442,10.028546,0.086983,-0.092036,-0.011135,0.030518,0.000000,0.000000
10.252049,-0.072449,-0.853226,10.024354,0.091174,-0.099820,-0.015327,0.030518,0.000000,-0.061035
10.262136,-0.078437,-0.852028,10.026151,0.085186,-0.098622,-0.013530,-0.030518,0.000000,-0.061035
10.272226,-0.076641,-0.852028,10.033336,0.086983,-0.098622,-0.006345,0.000000,0.000000,-0.091553
10.282314,-0.080832,-0.849034,10.035132,0.082791,-0.095629,-0.004549,0.000000,0.061035,-0.030518
10.292402,-0.081431,-0.850232,10.027947,0.082193,-0.096826,-0.011734,0.000000,0.061035,0.000000
10.302494,-0.076641,-0.853226,10.029743,0.086983,-0.099820,-0.009938,0.000000,0.030518,-0.030518
10.312664,-0.078437,-0.855022,10.033336,0.085186,-0.101616,-0.006345,-0.030518,-0.030518,-0.030518
10.322760,-0.073647,-0.847238,10.038724,0.089976,-0.093832,-0.000957,-0.030518,0.000000,-0.061035
10.332855,-0.082628,-0.846041,10.035132,0.080995,-0.092635,-0.004549,-0.030518,0.000000,-0.030518
10.342951,-0.077239,-0.839454,10.039323,0.086384,-0.086049,-0.000358,-0.030518,0.000000,-0.030518
10.353047,-0.078437,-0.840053,10.033336,0.085186,-0.086647,-0.006345,-0.061035,0.000000,-0.030518
10.363143,-0.088616,-0.846041,10.039323,0.075008,-0.092635,-0.000358,-0.061035,0.030518,-0.030518
10.373239,-0.090412,-0.842448,10.040521,0.073211,-0.089042,0.000840,-0.061035,0.030518,-0.030518
10.383335,-0.084424,-0.847837,10.036928,0.079199,-0.094431,-0.002753,-0.030518,0.000000,-0.030518
10.393430,-0.085622,-0.843646,10.035731,0.078001,-0.090240,-0.003950,-0.030518,0.030518,-0.061035
10.403527,-0.077838,-0.843646,10.027348,0.085785,-0.090240,-0.012333,0.000000,0.000000,-0.030518
10.413689,-0.072449,-0.843646,10.031539,0.091174,-0.090240,-0.008142,-0.030518,0.000000,-0.030518
10.423779,-0.080832,-0.846639,10.028546,0.082791,-0.093234,-0.011135,-0.030518,0.000000,0.000000
10.433870,-0.077239,-0.843646,10.021959,0.086384,-0.090240,-0.017722,-0.030518,0.030518,0.000000
10.443959,-0.071252,-0.843646,10.020762,0.092371,-0.090240,-0.018919,-0.030518,0.000000,0.000000
10.454048,-0.067061,-0.847837,10.023755,0.096563,-0.094431,-0.015925,0.000000,0.000000,0.000000
10.464139,-0.071252,-0.849633,10.028546,0.092371,-0.096227,-0.011135,0.030518,0.000000,-0.030518
10.474228,-0.074844,-0.847238,10.036329,0.088779,-0.093832,-0.003352,-0.030518,0.030518,-0.061035
10.484316,-0.081431,-0.850232,10.032737,0.082193,-0.096826,-0.006944,0.000000,0.030518,-0.091553
10.494405,-0.080233,-0.841849,10.033336,0.083390,-0.088444,-0.006345,0.000000,0.000000,-0.061035
10.504490,-0.083826,-0.853226,10.032138,0.079798,-0.099820,-0.007543,0.030518,0.000000,-0.030518
10.514647,-0.083826,-0.846639,10.032737,0.079798,-0.093234,-0.006944,0.000000,0.030518,0.000000
10.524744,-0.076042,-0.844244,10.041119,0.087581,-0.090839,0.001439,-0.030518,0.030518,0.030518
10.534840,-0.074246,-0.840053,10.042317,0.089378,-0.086647,0.002636,-0.030518,0.000000,0.030518
10.544937,-0.075443,-0.838856,10.041718,0.088180,-0.085450,0.002037,0.000000,0.000000,0.000000
10.555033,-0.076042,-0.840053,10.035731,0.087581,-0.086647,-0.003950,0.000000,0.000000,0.000000
10.565129,-0.080233,-0.846639,10.039323,0.083390,-0.093234,-0.000358,0.000000,0.030518,0.000000
10.575226,-0.081431,-0.853824,10.042916,0.082193,-0.100419,0.003235,0.000000,0.061035,0.000000
10.585322,-0.083826,-0.858016,10.033934,0.079798,-0.104610,-0.005747,-0.030518,0.061035,-0.030518
10.595418,-0.081431,-0.855022,10.029743,0.082193,-0.101616,-0.009938,0.000000,0.030518,-0.030518
10.605513,-0.081431,-0.852627,10.024953,0.082193,-0.099221,-0.014728,-0.030518,0.030518,-0.030518
10.615633,-0.080832,-0.854423,10.035731,0.082791,-0.101017,-0.003950,0.000000,0.000000,-0.061035
10.625727,-0.087418,-0.848436,10.044712,0.076205,-0.095030,0.005031,0.030518,0.030518,-0.030518
10.635821,-0.087418,-0.846041,10.042317,0.076205,-0.092635,0.002636,0.030518,0.030518,-0.030518
10.645915,-0.084424,-0.847238,10.036329,0.079199,-0.093832,-0.003352,0.000000,0.061035,-0.030518
10.656011,-0.083826,-0.848436,10.039323,0.079798,-0.095030,-0.000358,0.000000,0.030518,-0.061035
10.666107,-0.079036,-0.846639,10.042916,0.084588,-0.093234,0.003235,0.030518,0.061035,-0.061035
10.676203,-0.078437,-0.842448,10.044712,0.085186,-0.089042,0.005031,-0.030518,0.061035,-0.030518
10.686299,-0.073647,-0.844244,10.035731,0.089976,-0.090839,-0.003950,-0.030518,0.061035,-0.061035
10.696393,-0.071252,-0.844244,10.031539,0.092371,-0.090839,-0.008142,-0.030518,0.061035,-0.030518
10.706513,-0.079634,-0.847238,10.033336,0.083989,-0.093832,-0.006345,0.000000,0.061035,0.000000
10.716629,-0.081431,-0.843047,10.040521,0.082193,-0.089641,0.000840,0.000000,0.061035,0.000000
10.726749,-0.074844,-0.841849,10.038724,0.088779,-0.088444,-0.000957,-0.030518,0.030518,-0.030518
10.736856,-0.079634,-0.840652,10.038724,0.083989,-0.087246,-0.000957,-0.030518,0.061035,-0.030518
10.746961,-0.075443,-0.841849,10.037527,0.088180,-0.088444,-0.002154,0.000000,0.030518,-0.030518
10.757095,-0.076641,-0.845442,10.032138,0.086983,-0.092036,-0.007543,-0.030518,0.000000,-0.030518
10.767204,-0.074844,-0.837658,10.037527,0.088779,-0.084252,-0.002154,-0.061035,0.030518,-0.061035
10.777314,-0.071252,-0.842448,10.044113,0.092371,-0.089042,0.004432,-0.030518,0.000000,-0.030518
10.787414,-0.070653,-0.844244,10.045909,0.092970,-0.090839,0.006229,-0.061035,0.000000,0.000000
10.797883,-0.071252,-0.841849,10.036329,0.092371,-0.088444,-0.003352,-0.030518,0.000000,-0.030518
10.807992,-0.071252,-0.841849,10.028546,0.092371,-0.088444,-0.011135,-0.030518,0.000000,-0.030518
10.818213,-0.074844,-0.847238,10.037527,0.088779,-0.093832,-0.002154,0.000000,0.030518,-0.030518
10.828312,-0.077239,-0.840053,10.044712,0.086384,-0.086647,0.005031,0.030518,0.000000,0.000000
10.838408,-0.077838,-0.846041,10.044712,0.085785,-0.092635,0.005031,0.000000,0.000000,-0.030518
10.848486,-0.072449,-0.846639,10.033934,0.091174,-0.093234,-0.005747,-0.030518,0.000000,-0.061035
10.858567,-0.073647,-0.844244,10.038126,0.089976,-0.090839,-0.001555,-0.030518,0.030518,-0.030518
10.868635,-0.083227,-0.856818,10.044113,0.080396,-0.103412,0.004432,0.030518,0.030518,-0.030518
10.878707,-0.081431,-0.855022,10.039323,0.082193,-0.101616,-0.000358,0.030518,-0.030518,-0.030518
10.888774,-0.073048,-0.844843,10.037527,0.090575,-0.091437,-0.002154,-0.030518,0.000000,-0.030518
10.898839,-0.070653,-0.847238,10.032138,0.092970,-0.093832,-0.007543,-0.030518,0.030518,0.000000
10.908906,-0.068258,-0.847837,10.035132,0.095365,-0.094431,-0.004549,-0.030518,0.000000,0.000000
10.918976,-0.072449,-0.844244,10.036928,0.091174,-0.090839,-0.002753,0.000000,0.000000,0.000000
10.929043,-0.075443,-0.843646,10.043514,0.088180,-0.090240,0.003834,-0.061035,0.030518,0.000000
10.939108,-0.067061,-0.852627,10.039323,0.096563,-0.099221,-0.000358,-0.061035,0.000000,0.000000
10.949174,-0.071252,-0.848436,10.034533,0.092371,-0.095030,-0.005148,-0.030518,0.030518,0.030518
10.959241,-0.068258,-0.851429,10.030941,0.095365,-0.098024,-0.008740,-0.030518,0.000000,0.000000
10.969307,-0.069456,-0.850232,10.036928,0.094168,-0.096826,-0.002753,-0.030518,0.030518,0.030518
10.979382,-0.065264,-0.852028,10.034533,0.098359,-0.098622,-0.005148,-0.030518,0.030518,0.000000
10.989450,-0.070054,-0.850831,10.029743,0.093569,-0.097425,-0.009938,0.000000,0.030518,0.000000
10.999525,-0.070054,-0.852028,10.029144,0.093569,-0.098622,-0.010537,0.000000,0.030518,0.000000
11.009591,-0.077838,-0.855022,10.032737,0.085785,-0.101616,-0.006944,-0.030518,0.000000,-0.030518
11.019657,-0.082029,-0.849034,10.041119,0.081594,-0.095629,0.001439,-0.030518,0.000000,-0.030518
11.029722,-0.086221,-0.849633,10.042916,0.077403,-0.096227,0.003235,-0.030518,0.030518,-0.030518
11.039793,-0.082628,-0.852028,10.045909,0.080995,-0.098622,0.006229,0.000000,0.061035,-0.030518
11.049860,-0.082029,-0.849034,10.038126,0.081594,-0.095629,-0.001555,0.000000,0.000000,-0.030518
11.059927,-0.077838,-0.843646,10.043514,0.085785,-0.090240,0.003834,0.000000,0.000000,0.000000
11.069993,-0.075443,-0.841849,10.044113,0.088180,-0.088444,0.004432,0.000000,0.000000,0.000000
11.080060,-0.080233,-0.840652,10.042916,0.083390,-0.087246,0.003235,0.000000,0.030518,0.000000
11.090126,-0.080832,-0.840053,10.038724,0.082791,-0.086647,-0.000957,0.000000,0.030518,0.000000
11.100194,-0.083227,-0.841251,10.032138,0.080396,-0.087845,-0.007543,0.000000,0.061035,-0.030518
11.110259,-0.082628,-0.843646,10.030342,0.080995,-0.090240,-0.009339,0.000000,0.030518,0.030518
11.120325,-0.085622,-0.846639,10.036329,0.078001,-0.093234,-0.003352,0.030518,0.030518,-0.030518
11.130391,-0.086819,-0.846041,10.039922,0.076804,-0.092635,0.000241,0.030518,0.000000,-0.030518
11.140457,-0.085023,-0.849034,10.038126,0.078600,-0.095629,-0.001555,0.000000,0.000000,-0.030518
11.150525,-0.092807,-0.856818,10.031539,0.070816,-0.103412,-0.008142,-0.030518,0.030518,-0.030518
11.160599,-0.095801,-0.857417,10.031539,0.067822,-0.104011,-0.008142,-0.030518,0.030518,0.000000
11.170666,-0.094603,-0.852627,10.039922,0.069020,-0.099221,0.000241,-0.030518,0.061035,-0.030518
11.180732,-0.090412,-0.855621,10.041718,0.073211,-0.102215,0.002037,-0.030518,0.030518,-0.030518
11.190798,-0.089214,-0.859213,10.044712,0.074409,-0.105807,0.005031,-0.061035,0.030518,-0.061035
11.200863,-0.079634,-0.858615,10.041718,0.083989,-0.105209,0.002037,-0.061035,0.000000,-0.030518
11.210929,-0.075443,-0.856219,10.041119,0.088180,-0.102814,0.001439,-0.061035,0.000000,0.000000
11.220996,-0.067659,-0.850232,10.043514,0.095964,-0.096826,0.003834,-0.061035,0.000000,-0.061035
11.231062,-0.065264,-0.850232,10.042317,0.098359,-0.096826,0.002636,-0.030518,0.030518,-0.030518
11.241127,-0.071252,-0.855621,10.037527,0.092371,-0.102215,-0.002154,-0.030518,0.030518,-0.030518
11.251194,-0.076641,-0.852028,10.034533,0.086983,-0.098622,-0.005148,0.000000,0.061035,0.000000
11.261260,-0.070653,-0.847837,10.032737,0.092970,-0.094431,-0.006944,0.000000,0.061035,-0.061035
11.271326,-0.073647,-0.844843,10.036928,0.089976,-0.091437,-0.002753,0.030518,0.000000,-0.030518
11.281393,-0.077239,-0.840652,10.038126,0.086384,-0.087246,-0.001555,0.030518,0.030518,-0.030518
11.291460,-0.068258,-0.834066,10.034533,0.095365,-0.080660,-0.005148,0.030518,0.061035,-0.030518
11.301526,-0.073647,-0.832269,10.037527,0.089976,-0.078864,-0.002154,0.030518,0.000000,-0.030518
11.311592,-0.074844,-0.837658,10.046508,0.088779,-0.084252,0.006827,0.000000,0.000000,0.030518
11.321657,-0.071252,-0.839454,10.042317,0.092371,-0.086049,0.002636,0.030518,0.000000,0.000000
11.331723,-0.070653,-0.846639,10.045909,0.092970,-0.093234,0.006229,-0.030518,0.000000,0.000000
11.341789,-0.062271,-0.838856,10.037527,0.101353,-0.085450,-0.002154,-0.030518,0.000000,-0.030518
11.351857,-0.069456,-0.841251,10.036329,0.094168,-0.087845,-0.003352,-0.061035,0.000000,-0.030518
11.361923,-0.068857,-0.844244,10.044113,0.094766,-0.090839,0.004432,0.000000,0.061035,-0.030518
11.371989,-0.065264,-0.846041,10.043514,0.098359,-0.092635,0.003834,0.000000,0.061035,-0.030518
11.382055,-0.067659,-0.852028,10.038126,0.095964,-0.098622,-0.001555,-0.061035,0.030518,-0.030518
11.392120,-0.067061,-0.849034,10.038724,0.096563,-0.095629,-0.000957,-0.030518,0.061035,-0.030518
11.402186,-0.067061,-0.841849,10.039922,0.096563,-0.088444,0.000241,-0.061035,0.061035,-0.030518
11.412251,-0.068857,-0.835862,10.049502,0.094766,-0.082456,0.009821,-0.061035,0.030518,-0.030518
11.422315,-0.073048,-0.840053,10.048903,0.090575,-0.086647,0.009222,-0.030518,0.061035,-0.030518
11.432384,-0.076641,-0.840652,10.040521,0.086983,-0.087246,0.000840,-0.061035,0.061035,-0.030518
11.442449,-0.080233,-0.846639,10.041119,0.083390,-0.093234,0.001439,-0.030518,0.061035,-0.061035
11.452514,-0.083826,-0.851429,10.034533,0.079798,-0.098024,-0.005148,0.000000,0.061035,-0.030518
11.462585,-0.081431,-0.856219,10.039323,0.082193,-0.102814,-0.000358,-0.030518,0.030518,-0.030518
11.472652,-0.081431,-0.855621,10.042317,0.082193,-0.102215,0.002636,-0.030518,0.061035,-0.030518
11.482723,-0.083227,-0.857417,10.038724,0.080396,-0.104011,-0.000957,-0.061035,0.091553,-0.030518
11.492789,-0.085622,-0.856219,10.036928,0.078001,-0.102814,-0.002753,-0.061035,0.061035,-0.030518
11.502854,-0.079036,-0.856818,10.032737,0.084588,-0.103412,-0.006944,-0.030518,0.061035,0.030518
11.512919,-0.074246,-0.855621,10.037527,0.089378,-0.102215,-0.002154,-0.030518,0.091553,0.030518
11.522989,-0.082628,-0.854423,10.041119,0.080995,-0.101017,0.001439,-0.061035,0.061035,0.030518
11.533053,-0.083227,-0.853226,10.039323,0.080396,-0.099820,-0.000358,-0.061035,0.091553,0.000000
11.543120,-0.087418,-0.859812,10.033934,0.076205,-0.106406,-0.005747,-0.030518,0.091553,-0.030518
11.553185,-0.082029,-0.859213,10.031539,0.081594,-0.105807,-0.008142,0.000000,0.030518,-0.061035
11.563251,-0.079634,-0.859213,10.043514,0.083989,-0.105807,0.003834,0.000000,0.030518,-0.061035
11.573317,-0.078437,-0.856219,10.041718,0.085186,-0.102814,0.002037,0.030518,0.000000,-0.061035
11.583383,-0.082029,-0.858016,10.039922,0.081594,-0.104610,0.000241,0.000000,-0.030518,-0.091553
11.593448,-0.079036,-0.848436,10.035731,0.084588,-0.095030,-0.003950,0.000000,0.030518,-0.061035
11.603546,-0.076641,-0.853824,10.035132,0.086983,-0.100419,-0.004549,0.030518,0.061035,-0.061035
11.613611,-0.078437,-0.848436,10.036928,0.085186,-0.095030,-0.002753,0.000000,0.061035,-0.061035
11.623677,-0.076641,-0.853226,10.034533,0.086983,-0.099820,-0.005148,0.030518,0.061035,-0.061035
11.633742,-0.080832,-0.850232,10.037527,0.082791,-0.096826,-0.002154,0.030518,0.030518,-0.091553
11.643808,-0.073647,-0.853226,10.024953,0.089976,-0.099820,-0.014728,0.030518,0.030518,-0.061035
11.653873,-0.070653,-0.855022,10.024953,0.092970,-0.101616,-0.014728,0.030518,0.000000,-0.061035
11.663945,-0.068258,-0.849633,10.039323,0.095365,-0.096227,-0.000358,-0.061035,0.000000,-0.030518
11.674010,-0.076042,-0.852627,10.047107,0.087581,-0.099221,0.007426,-0.152588,0.000000,-0.091553
11.684076,-0.059277,-0.852627,10.045311,0.104347,-0.099221,0.005630,-0.030518,0.122070,-0.579834
11.694141,0.544867,-0.558040,10.059082,0.708490,0.195366,0.019401,0.061035,0.305176,-3.509521
11.704207,0.665815,-0.583187,10.024953,0.829439,0.170219,-0.014728,0.091553,0.457764,-7.202148
11.714272,0.278421,-0.822090,10.088421,0.442044,-0.068685,0.048740,-0.122070,0.457764,-12.481689
11.724345,0.186213,-0.853824,10.020762,0.349836,-0.100419,-0.018919,-0.061035,0.457764,-14.160156
11.734411,-0.207768,-0.808319,10.038724,-0.044145,-0.054913,-0.000957,-0.518799,0.488281,-14.739990
11.744477,-0.437091,-0.941243,10.032138,-0.273468,-0.187837,-0.007543,-0.854492,0.244141,-13.488770
11.754542,-0.550854,-0.972977,10.027947,-0.387231,-0.219571,-0.011734,-0.854492,0.061035,-10.284424
11.764608,-0.434097,-1.005309,10.037527,-0.270474,-0.251904,-0.002154,-0.671387,0.000000,-8.178711
11.774673,-0.349074,-0.966390,10.041718,-0.185451,-0.212985,0.002037,-0.457764,0.030518,-6.347656
11.784747,-0.246687,-0.918490,10.040521,-0.083064,-0.165084,0.000840,-0.305176,0.030518,-3.845215
11.794813,-0.202978,-0.901126,10.032138,-0.039355,-0.147720,-0.007543,-0.274658,0.030518,-2.990723
11.804882,-0.144300,-0.881367,10.044712,0.019323,-0.127961,0.005031,-0.183105,0.030518,-1.770020
11.814948,-0.132325,-0.871787,10.048304,0.031298,-0.118381,0.008624,-0.152588,0.000000,-1.373291
11.825013,-0.116158,-0.870590,10.042916,0.047465,-0.117184,0.003235,-0.183105,0.030518,-0.854492
11.835079,-0.102387,-0.865201,10.035132,0.061236,-0.111795,-0.004549,-0.152588,0.030518,-0.671387
11.845153,-0.094005,-0.859213,10.036928,0.069619,-0.105807,-0.002753,-0.122070,0.061035,-0.579834
11.855221,-0.091011,-0.850232,10.032737,0.072613,-0.096826,-0.006944,-0.091553,0.061035,-0.335693
11.865286,-0.079634,-0.855621,10.039922,0.083989,-0.102215,0.000241,-0.091553,0.030518,-0.274658
11.875352,-0.067061,-0.855621,10.038724,0.096563,-0.102215,-0.000957,-0.091553,0.000000,-0.183105
11.885418,-0.068857,-0.850831,10.041119,0.094766,-0.097425,0.001439,-0.091553,0.030518,-0.122070
11.895484,-0.068258,-0.856818,10.042317,0.095365,-0.103412,0.002636,-0.061035,0.030518,-0.091553
11.905555,-0.065264,-0.851429,10.044712,0.098359,-0.098024,0.005031,-0.030518,0.030518,-0.061035
11.915622,-0.064067,-0.856818,10.043514,0.099556,-0.103412,0.003834,-0.030518,0.030518,-0.061035
11.925688,-0.067659,-0.855022,10.048304,0.095964,-0.101616,0.008624,-0.030518,0.030518,-0.030518
11.935753,-0.069456,-0.855022,10.041718,0.094168,-0.101616,0.002037,0.000000,0.061035,-0.030518
11.945819,-0.070653,-0.856219,10.033934,0.092970,-0.102814,-0.005747,-0.152588,0.030518,-0.061035
11.955889,-0.071851,-0.861608,10.039323,0.091773,-0.108202,-0.000358,-0.183105,0.030518,-0.061035
11.965961,-0.068258,-0.860411,10.048903,0.095365,-0.107005,0.009222,-0.030518,0.061035,0.030518
11.976027,-0.071252,-0.854423,10.040521,0.092371,-0.101017,0.000840,0.030518,0.091553,0.030518
11.986094,-0.076641,-0.853226,10.041718,0.086983,-0.099820,0.002037,0.030518,0.152588,0.030518
11.996161,-0.170046,-0.857417,10.033336,-0.006423,-0.104011,-0.006345,0.152588,0.183105,0.030518
12.006227,-0.441282,-0.747845,10.041718,-0.277659,0.005561,0.002037,0.518799,0.335693,-0.854492
12.016293,-0.529898,-0.707728,10.084828,-0.366275,0.045678,0.045148,1.373291,0.793457,-5.493164
12.026365,-0.606539,-0.813109,10.022558,-0.442915,-0.059703,-0.017123,1.342773,0.671387,-9.002686
12.036431,-0.202978,-0.830473,10.042916,-0.039355,-0.077067,0.003235,0.518799,0.701904,-13.549805
12.046497,0.081431,-0.924478,10.039922,0.245054,-0.171072,0.000241,0.274658,0.610352,-12.756348
12.056563,0.228724,-0.946033,10.048304,0.392348,-0.192627,0.008624,0.061035,0.335693,-9.155273
12.066629,0.257465,-0.887953,10.051897,0.421088,-0.134548,0.012216,-0.030518,0.213623,-7.446289
12.076695,0.195793,-0.865800,10.053693,0.359416,-0.112394,0.014012,-0.091553,0.122070,-6.134033
12.086760,0.090412,-0.785566,10.056088,0.254035,-0.032161,0.016407,-0.183105,0.030518,-5.432129
12.096834,0.047302,-0.752635,10.055490,0.210925,0.000771,0.015809,-0.213623,0.061035,-6.256104
12.106900,-0.016166,-0.695154,10.048903,0.147457,0.058251,0.009222,-0.305176,0.274658,-9.338379
12.116966,-0.046703,-0.707130,10.052496,0.116920,0.046276,0.012815,-0.396729,0.305176,-11.749268
12.127038,-0.105381,-0.708926,10.041718,0.058242,0.044480,0.002037,-0.335693,0.488281,-17.791748
12.137104,-0.141306,-0.698747,10.048903,0.022317,0.054659,0.009222,-0.152588,0.579834,-21.759033
12.147169,-0.105980,-0.680186,10.054891,0.057644,0.073220,0.015210,-0.244141,0.762939,-24.688721
12.157241,-0.079634,-0.701741,10.052496,0.083989,0.051665,0.012815,-1.373291,0.762939,-31.951904
12.167306,-0.011376,-0.690364,10.048903,0.152247,0.063041,0.009222,-1.892090,0.793457,-35.156250
12.177372,0.073647,-0.653840,10.038724,0.237270,0.099565,-0.000957,-3.021240,0.793457,-38.299561
12.187438,0.050894,-0.673000,10.036928,0.214517,0.080405,-0.002753,-3.448486,0.823975,-39.398193
12.197504,0.030536,-0.718506,10.033336,0.194160,0.034900,-0.006345,-3.723145,1.007080,-41.900635
12.207570,0.013173,-0.766406,10.047706,0.176796,-0.013000,0.008025,-3.631592,1.159668,-43.212891
12.217643,0.011376,-0.772993,10.048304,0.175000,-0.019587,0.008624,-3.143311,1.312256,-44.982910
12.227716,-0.028740,-0.763412,10.058483,0.134883,-0.010007,0.018802,-1.922607,1.678467,-49.438477
12.237782,-0.119751,-0.905916,10.072255,0.043872,-0.152510,0.032574,-1.403809,1.770020,-52.825928
12.247848,0.094005,-1.693878,9.821975,0.257628,-0.940472,-0.217706,-3.417969,1.800537,-66.070557
12.257914,0.042512,-1.613046,10.149494,0.206135,-0.859640,0.109813,-2.807617,2.349854,-73.852539
12.267980,0.080832,-1.287922,10.015373,0.244455,-0.534516,-0.024308,2.258301,3.265381,-80.810547
12.278051,0.114362,-0.999921,10.001602,0.277985,-0.246515,-0.038079,4.333496,3.814697,-82.946777
12.288117,0.053289,-0.638871,9.985435,0.216912,0.114534,-0.054246,6.927490,4.730225,-84.320068
12.298183,0.015568,-0.605940,9.987231,0.179191,0.147466,-0.052449,4.486084,3.601074,-83.496094
12.308249,-0.014370,-0.720302,10.001003,0.149253,0.033104,-0.038678,2.471924,3.295898,-83.618164
12.318315,-0.123942,-0.635878,10.033336,0.039681,0.117528,-0.006345,1.434326,3.173828,-77.148438
12.328380,-0.043110,-0.738864,10.032138,0.120513,0.014542,-0.007543,0.671387,2.868652,-71.044922
12.338446,0.023351,-0.877775,10.027947,0.186975,-0.124369,-0.011734,-0.061035,2.410889,-60.028076
12.348518,0.010778,-0.940644,10.028546,0.174401,-0.187238,-0.011135,-0.213623,2.288818,-55.389404
12.358585,-0.006586,-0.926274,10.033336,0.157037,-0.172868,-0.006345,-0.427246,2.105713,-51.391602
12.368652,-0.125140,-0.881367,10.053693,0.038483,-0.127961,0.014012,-0.762939,2.075195,-47.698975
12.378717,-0.204774,-0.947230,10.040521,-0.041151,-0.193824,0.000840,-0.701904,1.983643,-46.997070
12.388783,-0.397573,-1.052012,10.086625,-0.233950,-0.298607,0.046944,-0.732422,1.922607,-52.062988
12.398849,-0.341889,-0.856219,10.076446,-0.178266,-0.102814,0.036765,-0.061035,1.861572,-55.267334
12.408921,-0.090412,-1.220861,9.958491,0.073211,-0.467455,-0.081190,-1.037598,1.922607,-63.354492
12.418986,0.227527,-1.352587,9.945917,0.391150,-0.599181,-0.093764,-1.129150,2.136230,-66.741943
12.429052,0.210163,-1.208287,10.005194,0.373786,-0.454882,-0.034487,-1.434326,2.258301,-67.291260
12.439118,0.310155,-0.991538,10.042317,0.473778,-0.238132,0.002636,-1.800537,1.983643,-61.340332
12.449184,0.191602,-0.620909,10.062076,0.355225,0.132497,0.022395,-1.647949,1.800537,-55.999756
12.459250,0.149689,-1.170566,10.032737,0.313312,-0.417160,-0.006944,-1.312256,1.342773,-45.166016
12.469323,0.174238,-1.523232,10.030342,0.337861,-0.769827,-0.009339,-1.373291,1.464844,-47.485352
12.479388,0.169448,-1.647773,9.904603,0.333071,-0.894368,-0.135078,-3.692627,1.647949,-54.962158
12.489455,-0.022753,-0.953218,10.008787,0.140871,-0.199812,-0.030894,-4.852295,1.617432,-56.152344
12.499521,-0.127535,-0.830473,10.026151,0.036088,-0.077067,-0.013530,-5.432129,1.739502,-56.884766
12.509587,-0.117356,-0.660427,10.083032,0.046267,0.092979,0.043351,-1.586914,2.471924,-56.365967
12.519653,-0.007784,-1.027463,10.033336,0.155839,-0.274058,-0.006345,-1.647949,2.380371,-56.671143
12.529724,0.116757,-0.875380,10.047107,0.280380,-0.121974,0.007426,-1.129150,2.746582,-58.471680
12.539791,0.061672,-0.786165,10.044113,0.225295,-0.032759,0.004432,-0.701904,2.593994,-55.755615
12.549857,0.118553,-0.913101,10.035731,0.282177,-0.159695,-0.003950,-0.976562,2.471924,-53.558350
12.559925,0.207768,-1.034648,10.017768,0.371391,-0.281243,-0.021913,-0.976562,2.502441,-54.107666
12.569991,0.183818,-0.915496,10.105785,0.347441,-0.162090,0.066104,-0.518799,2.838135,-54.870605
12.580059,0.011376,-0.907712,10.095007,0.175000,-0.154307,0.055326,-0.518799,3.112793,-58.319092
12.590132,0.125739,-0.983156,10.015373,0.289362,-0.229750,-0.024308,-0.610352,3.326416,-59.722900
12.600199,0.402363,-1.065185,10.035132,0.565987,-0.311779,-0.004549,-0.518799,3.540039,-62.988281
12.610265,0.253273,-0.884960,10.103390,0.416897,-0.131554,0.063709,-0.091553,3.601074,-62.591553
12.620331,0.217348,-0.895139,10.008787,0.380971,-0.141733,-0.030894,0.091553,3.692627,-58.410645
12.630396,0.170645,-0.932860,10.014774,0.334268,-0.179454,-0.024907,-0.091553,3.540039,-57.464600
12.640462,0.030536,-0.801134,10.067465,0.194160,-0.047728,0.027784,0.000000,3.540039,-56.274414
12.650528,-0.036524,-0.761017,10.105785,0.127099,-0.007612,0.066104,-0.488281,3.448486,-53.253174
12.660594,-0.113165,-0.718506,10.091415,0.050459,0.034900,0.051734,-0.396729,3.326416,-51.940918
12.670661,0.033530,-0.750839,10.047107,0.197154,0.002567,0.007426,-0.091553,3.295898,-50.933838
12.680727,0.234113,-0.913700,9.840536,0.397736,-0.160294,-0.199144,-0.854492,3.479004,-49.804688
12.690793,0.053289,-0.765209,10.163265,0.216912,-0.011803,0.123585,-0.396729,2.777100,-47.821045
12.700858,0.307161,-0.959804,10.086625,0.470784,-0.206398,0.046944,-0.396729,3.295898,-47.790527
12.710924,0.326321,-1.092728,10.015373,0.489945,-0.339322,-0.024308,-1.281738,3.265381,-49.896240
12.720989,0.431702,-0.938848,9.948911,0.595326,-0.185442,-0.090770,-0.213623,2.166748,-52.093506
12.731056,0.246687,-0.794548,10.159074,0.410310,-0.041142,0.119393,-0.640869,2.441406,-52.551270
12.741121,0.143701,-0.680186,10.051298,0.307324,0.073220,0.011617,-0.366211,2.563477,-54.534912
12.751188,0.192799,-0.662223,10.071057,0.356422,0.091183,0.031376,-0.823975,2.990723,-55.419922
12.761254,0.116757,-0.597557,10.013577,0.280380,0.155848,-0.026104,-1.770020,3.967285,-53.009033
12.771319,-0.057480,-0.584385,10.203382,0.106143,0.169021,0.163701,-1.922607,4.699707,-54.748535
12.781385,-0.040715,-0.629890,10.057286,0.122908,0.123516,0.017605,-1.220703,4.333496,-54.656982
12.791452,0.292791,-0.928070,9.963880,0.456414,-0.174664,-0.075801,-2.471924,6.164551,-56.701660
12.801517,0.122146,-0.948428,9.949510,0.285769,-0.195022,-0.090171,-3.051758,7.141113,-58.807373
12.811583,-0.372426,-0.728086,10.081835,-0.208802,0.025320,0.042154,-2.441406,6.164551,-58.380127
12.821648,-0.214953,-0.819695,10.013577,-0.051330,-0.066290,-0.026104,-2.380371,6.103516,-58.654785
12.831714,-0.076641,-0.807122,10.055490,0.086983,-0.053716,0.015809,-3.509521,6.744385,-59.753418
12.841780,-0.097597,-0.740061,10.003997,0.066026,0.013345,-0.035684,-3.936768,7.049561,-59.356689
12.851847,0.185015,-0.909509,10.041119,0.348639,-0.156103,0.001439,-3.204346,6.622314,-59.906006
12.861913,0.015568,-0.717907,10.166858,0.179191,0.035499,0.127177,-3.326416,6.530762,-64.575195
12.871979,0.094603,-0.865800,10.060878,0.258227,-0.112394,0.021197,-2.319336,5.920410,-65.490723
12.882044,-0.158071,-0.719703,10.078242,0.005552,0.033702,0.038561,-3.051758,6.225586,-64.392090
12.892110,-0.138312,-0.744851,10.130933,0.025311,0.008555,0.091252,-1.800537,5.493164,-63.049316
12.902181,-0.028740,-0.844244,10.014774,0.134883,-0.090839,-0.024907,-1.556396,5.157471,-63.232422
12.912246,0.181423,-0.810714,10.020762,0.345046,-0.057308,-0.018919,-1.129150,4.821777,-62.500000
12.922311,0.090412,-0.864003,10.070458,0.254035,-0.110598,0.030777,-1.678467,4.852295,-62.500000
12.932376,-0.191003,-0.865800,10.026749,-0.027380,-0.112394,-0.012932,-0.946045,4.211426,-60.668945
12.942441,-0.060474,-1.032253,9.984836,0.103149,-0.278848,-0.054844,-0.762939,3.875732,-59.112549
12.952505,-0.156275,-0.791554,10.036928,0.007348,-0.038148,-0.002753,-0.396729,3.448486,-50.109863
12.962576,-0.226928,-0.877176,10.078841,-0.063305,-0.123770,0.039160,-0.305176,3.173828,-46.691895
12.972642,0.025746,-1.011896,9.990824,0.189370,-0.258490,-0.048857,0.305176,2.502441,-42.327881
12.982707,0.201780,-0.995729,10.034533,0.365404,-0.242324,-0.005148,-0.091553,2.258301,-39.733887
12.992771,-0.022154,-0.826880,10.054292,0.141469,-0.073475,0.014611,-0.488281,1.739502,-37.414551
13.002836,-0.131726,-0.791554,10.045909,0.031897,-0.038148,0.006229,0.061035,1.586914,-32.684326
13.012901,-0.163460,-0.760419,10.074051,0.000163,-0.007013,0.034370,-0.061035,1.495361,-30.792236
13.022971,-0.193997,-0.807122,10.021959,-0.030373,-0.053716,-0.017722,-0.396729,1.281738,-27.435303
13.033037,-0.258063,-0.802930,10.032138,-0.094440,-0.049525,-0.007543,-0.579834,1.159668,-25.634766
13.043103,-0.313149,-0.781974,10.042317,-0.149526,-0.028568,0.002636,-0.122070,1.068115,-21.850586
13.053168,-0.283211,-0.855621,10.027348,-0.119588,-0.102215,-0.012333,-0.244141,1.007080,-21.148682
13.063234,-0.190404,-0.865800,10.036928,-0.026781,-0.112394,-0.002753,0.000000,0.885010,-20.812988
13.073299,-0.134720,-0.823288,10.031539,0.028903,-0.069882,-0.008142,0.030518,0.976562,-21.209717
13.083365,-0.114961,-0.665815,10.059082,0.048662,0.087590,0.019401,-0.213623,1.037598,-22.003174
13.093436,-0.035327,-0.837059,10.037527,0.128297,-0.083654,-0.002154,-0.030518,0.915527,-22.064209
13.103503,-0.033530,-0.840652,10.057286,0.130093,-0.087246,0.017605,0.335693,0.793457,-21.026611
13.113568,-0.035925,-0.750240,10.039323,0.127698,0.003166,-0.000358,0.183105,0.946045,-20.843506
13.123635,0.005389,-0.713117,10.066866,0.169012,0.040289,0.027185,0.610352,0.762939,-21.636963
13.133699,0.035327,-0.794548,10.038724,0.198950,-0.041142,-0.000957,0.946045,0.457764,-21.942139
13.143765,-0.038320,-0.862207,10.036329,0.125303,-0.108801,-0.003352,0.701904,0.701904,-23.742676
13.153836,-0.010778,-0.817300,10.014774,0.152846,-0.063895,-0.024907,0.457764,0.823975,-26.275635
13.163902,0.086221,-0.652044,10.066267,0.249844,0.101362,0.026586,1.220703,0.732422,-27.160645
13.173967,-0.013173,-0.925076,10.005793,0.150451,-0.171671,-0.033888,0.854492,1.007080,-27.374268
13.184034,0.095202,-0.709525,10.055490,0.258825,0.043881,0.015809,1.342773,0.854492,-28.381348
13.194099,0.089214,-0.737666,10.047706,0.252838,0.015740,0.008025,4.730225,-0.274658,-28.686523
13.204165,0.029339,-0.813708,10.021959,0.192962,-0.060302,-0.017722,5.828857,-0.610352,-29.205322
13.214235,0.064666,-0.769999,10.036928,0.228289,-0.016593,-0.002753,3.631592,0.000000,-28.717041
13.224301,0.092208,-0.738265,10.080637,0.255831,0.015141,0.040956,3.540039,0.061035,-29.296875
13.234366,0.120350,-0.770598,10.048304,0.283973,-0.017192,0.008624,-0.274658,1.373291,-27.679443
13.244433,0.185015,-0.559836,10.125544,0.348639,0.193570,0.085863,0.701904,1.129150,-29.449463
13.254498,0.229922,-0.589774,10.177037,0.393545,0.163632,0.137356,2.929688,0.335693,-30.303955
13.264564,0.122745,-0.845442,9.993219,0.286368,-0.092036,-0.046462,0.030518,1.159668,-28.594971
13.274635,0.113165,-0.773591,10.060280,0.276788,-0.020186,0.020599,0.396729,1.037598,-30.700684
13.284701,0.119751,-0.882565,10.042916,0.283374,-0.129159,0.003235,3.204346,0.274658,-32.562256
13.294766,0.172441,-0.776585,10.036329,0.336065,-0.023179,-0.003352,2.288818,0.671387,-34.545898
13.304832,0.492177,-0.759221,10.068662,0.655800,-0.005815,0.028981,1.861572,1.159668,-37.506104
13.314897,0.790356,-0.668809,10.044113,0.953980,0.084597,0.004432,1.403809,1.525879,-38.818359
13.324963,0.345482,-0.859812,10.060280,0.509105,-0.106406,0.020599,1.403809,1.464844,-42.755127
13.335029,-0.002395,-0.646057,10.053094,0.161228,0.107349,0.013414,1.312256,1.525879,-42.724609
13.345095,-0.067061,-0.777184,10.068063,0.096563,-0.023778,0.028382,-0.427246,2.044678,-41.442871
13.355167,0.070653,-0.765209,10.063872,0.234276,-0.011803,0.024191,-2.655029,2.685547,-39.642334
13.365238,0.067659,-1.157393,10.006392,0.231283,-0.403987,-0.033289,-3.234863,2.868652,-43.487549
13.375304,-0.052092,-0.768203,10.039922,0.111532,-0.014797,0.000241,-3.234863,2.960205,-44.403076
13.385369,0.094603,-0.738864,10.055490,0.258227,0.014542,0.015809,-1.678467,2.349854,-43.060303
13.395436,0.083826,-0.720901,10.072255,0.247449,0.032505,0.032574,-1.190186,2.410889,-45.379639
13.405507,-0.034129,-0.798140,10.051298,0.129494,-0.044734,0.011617,-1.190186,2.502441,-44.647217
13.415578,-0.026944,-0.852028,10.011780,0.136679,-0.098622,-0.027900,-0.610352,2.563477,-44.738770
13.425644,0.180824,-0.841251,10.051897,0.344447,-0.087845,0.012216,-0.701904,2.655029,-46.020508
13.435710,0.291594,-0.826282,10.022558,0.455217,-0.072876,-0.017123,-0.518799,2.563477,-47.393799
13.445776,0.014969,-0.764011,10.058483,0.178592,-0.010605,0.018802,-0.976562,3.082275,-48.461914
13.455842,-0.067061,-0.841251,10.023755,0.096563,-0.087845,-0.015925,-0.518799,2.929688,-47.088623
13.465908,-0.252675,-0.789758,10.035132,-0.089051,-0.036352,-0.004549,-1.007080,3.173828,-45.104980
13.475979,-0.248483,-0.768203,10.061477,-0.084860,-0.014797,0.021796,-0.793457,2.960205,-43.457031
13.486046,-0.210163,-0.786165,10.041119,-0.046540,-0.032759,0.001439,-1.007080,2.655029,-40.588379
13.496112,-0.119751,-0.713716,10.057885,0.043872,0.039690,0.018204,-0.579834,2.410889,-39.855957
13.506177,-0.072449,-0.772993,10.039323,0.091174,-0.019587,-0.000358,-0.732422,2.288818,-38.543701
13.516243,0.039518,-0.656834,10.067465,0.203141,0.096572,0.027784,-0.396729,2.014160,-36.468506
13.526310,0.042512,-0.826282,10.026151,0.206135,-0.072876,-0.013530,-0.885010,2.105713,-35.583496
13.536385,0.034728,-0.796344,10.036329,0.198351,-0.042938,-0.003352,-0.732422,2.044678,-35.491943
13.546451,0.056283,-0.695753,10.066267,0.219906,0.057653,0.026586,-0.854492,2.166748,-35.888672
13.556517,0.068857,-0.740660,10.035731,0.232480,0.012746,-0.003950,-0.762939,2.166748,-35.156250
13.566583,0.090412,-0.705333,10.051298,0.254035,0.048073,0.011617,-0.946045,2.197266,-34.423828
13.576648,0.065264,-0.717907,10.052496,0.228888,0.035499,0.012815,-0.701904,2.166748,-33.935547
13.586714,0.073647,-0.529299,10.071656,0.237270,0.224106,0.031975,-0.457764,2.227783,-34.057617
13.596786,0.022154,-0.613724,10.057286,0.185777,0.139682,0.017605,-0.701904,2.258301,-34.240723
13.606853,0.000000,-0.586780,10.078242,0.163623,0.166626,0.038561,-0.549316,2.319336,-35.003662
13.616920,0.043110,-0.555645,10.077643,0.206734,0.197761,0.037963,-0.091553,2.136230,-34.698486
13.626985,0.037722,-0.635279,10.054891,0.201345,0.118127,0.015210,-0.579834,2.227783,-35.522461
13.637051,0.038320,-0.639470,10.071057,0.201944,0.113936,0.031376,-0.183105,2.258301,-36.285400
13.647117,0.019160,-0.672402,10.045909,0.182783,0.081004,0.006229,-0.122070,2.288818,-36.468506
13.657188,-0.069456,-0.612526,10.081236,0.094168,0.140880,0.041555,0.213623,2.258301,-37.292480
13.667255,-0.198188,-0.649050,10.047706,-0.034565,0.104355,0.008025,0.030518,2.227783,-37.933350
13.677320,0.011376,-0.596360,10.081835,0.175000,0.157046,0.042154,0.152588,2.136230,-38.177490
13.687388,-0.118553,-0.605940,10.043514,0.045070,0.147466,0.003834,-0.030518,2.136230,-38.208008
13.697454,-0.076641,-0.622106,10.090217,0.086983,0.131299,0.050536,-0.091553,2.166748,-38.940430
13.707519,-0.040715,-0.452659,10.138716,0.122908,0.300747,0.099036,0.549316,2.075195,-39.215088
13.717606,-0.068258,-0.586780,10.054292,0.095365,0.166626,0.014611,-0.793457,2.838135,-39.764404
13.727672,-0.024549,-0.495170,10.059082,0.139074,0.258235,0.019401,-0.732422,2.899170,-41.687012
13.737738,0.012574,-0.626298,10.051298,0.176197,0.127108,0.011617,-0.549316,2.716064,-42.297363
13.747804,-0.084424,-0.765807,10.002799,0.079199,-0.012402,-0.036882,-0.366211,2.441406,-43.212891
13.757870,-0.125140,-0.629890,10.047107,0.038483,0.123516,0.007426,0.335693,1.892090,-43.975830
13.767934,0.179626,-0.773591,10.072255,0.343250,-0.020186,0.032574,0.366211,2.349854,-44.250488
13.778006,0.212558,-0.831671,10.021959,0.376181,-0.078265,-0.017722,0.122070,2.441406,-43.579102
13.788072,0.161065,-0.729283,10.051298,0.324688,0.024122,0.011617,0.823975,2.410889,-44.036865
13.798139,0.111368,-0.732277,10.047706,0.274992,0.021129,0.008025,-0.030518,2.838135,-45.349121
13.808205,0.105980,-0.820893,9.999805,0.269603,-0.067487,-0.039876,0.701904,2.593994,-45.898438
13.818271,0.148491,-0.789758,10.062675,0.312114,-0.036352,0.022994,0.640869,2.532959,-45.837402
13.828336,0.247885,-0.808918,10.053094,0.411508,-0.055512,0.013414,1.678467,2.136230,-45.440674
13.838403,0.383802,-0.811313,10.050101,0.547425,-0.057907,0.010420,0.854492,2.410889,-45.104980
13.848474,0.492775,-0.770598,10.069860,0.656399,-0.017192,0.030179,0.976562,2.349854,-42.755127
13.858540,0.447270,-0.892145,9.985435,0.610893,-0.138739,-0.054246,0.427246,2.441406,-41.351318
13.868607,0.426912,-0.828078,10.016570,0.590535,-0.074672,-0.023110,0.488281,2.105713,-38.452148
13.878673,0.435295,-0.853824,10.045311,0.598918,-0.100419,0.005630,1.190186,1.739502,-36.071777
13.888739,0.217348,-0.799937,10.061477,0.380971,-0.046531,0.021796,1.159668,1.464844,-32.165527
13.898805,0.180824,-0.749641,10.054891,0.344447,0.003765,0.015210,1.068115,1.373291,-29.785156
13.908877,0.188009,-0.728685,10.051897,0.351632,0.024721,0.012216,1.190186,0.823975,-24.932861
13.918944,0.104183,-0.839454,10.036928,0.267807,-0.086049,-0.002753,0.946045,0.854492,-25.177002
13.929010,0.160466,-0.699944,10.044113,0.324090,0.053461,0.004432,0.946045,0.854492,-24.993896
13.939076,0.108973,-0.792751,10.011182,0.272597,-0.039346,-0.028499,0.946045,0.793457,-24.047852
13.949142,0.168250,-0.638871,10.048903,0.331873,0.114534,0.009222,1.770020,0.518799,-23.529053
13.959208,0.170046,-0.872985,10.015373,0.333670,-0.119579,-0.024308,1.190186,0.518799,-20.233154
13.969280,0.140109,-0.647853,10.074051,0.303732,0.105553,0.034370,1.159668,0.579834,-20.355225
13.979347,0.159868,-0.636476,10.041119,0.323491,0.116929,0.001439,0.762939,0.793457,-21.636963
13.989413,0.209564,-0.670007,10.047107,0.373187,0.083399,0.007426,0.762939,0.732422,-21.453857
13.999479,0.172441,-0.696951,10.059082,0.336065,0.056455,0.019401,0.823975,0.732422,-22.094727
14.009545,0.067061,-0.450862,10.067465,0.230684,0.302543,0.027784,1.556396,0.579834,-23.315430
14.019610,0.104782,-0.492177,10.073452,0.268405,0.261229,0.033771,1.464844,0.396729,-21.026611
14.029681,0.112566,-0.544268,10.056088,0.276189,0.209138,0.016407,2.044678,-0.091553,-20.172119
14.039747,0.188009,-0.604742,10.037527,0.351632,0.148663,-0.002154,1.403809,0.122070,-19.653320
14.049813,0.156874,-0.434696,10.060280,0.320497,0.318710,0.020599,0.701904,0.518799,-17.700195
14.059879,0.141905,-0.493374,10.056687,0.305528,0.260032,0.017006,0.762939,0.610352,-17.211914
14.069945,0.144899,-0.478405,10.067465,0.308522,0.275001,0.027784,0.640869,0.671387,-16.510010
14.080011,0.111368,-0.546064,10.053094,0.274992,0.207341,0.013414,0.671387,0.610352,-14.984131
14.090077,0.135319,-0.565225,10.059082,0.298942,0.188181,0.019401,0.793457,0.488281,-13.580322
14.100143,0.145497,-0.562830,10.064471,0.309121,0.190576,0.024790,0.579834,0.305176,-9.735107
14.110211,0.148491,-0.546663,10.062076,0.312114,0.206743,0.022395,0.518799,0.274658,-8.483887
14.120284,0.138312,-0.534688,10.062076,0.301936,0.218718,0.022395,0.305176,0.213623,-6.500244
14.130351,0.132325,-0.523911,10.054292,0.295948,0.229495,0.014611,0.152588,0.244141,-6.042480
14.140424,0.122146,-0.505948,10.050101,0.285769,0.247458,0.010420,0.030518,0.305176,-6.225586
14.150490,0.113165,-0.602946,10.047107,0.276788,0.150460,0.007426,-0.061035,0.366211,-6.835938
14.160556,0.113165,-0.649649,10.045909,0.276788,0.103757,0.006229,-0.091553,0.305176,-6.072998
14.170622,0.112566,-0.652044,10.051897,0.276189,0.101362,0.012216,0.000000,0.213623,-3.784180
14.180694,0.117955,-0.640668,10.053094,0.281578,0.112738,0.013414,0.030518,0.152588,-2.960205
14.190761,0.113763,-0.635878,10.053693,0.277387,0.117528,0.014012,0.030518,0.122070,-1.800537
14.200827,0.122146,-0.630489,10.051897,0.285769,0.122917,0.012216,0.030518,0.122070,-1.403809
14.210893,0.125140,-0.631088,10.053693,0.288763,0.122318,0.014012,0.000000,0.152588,-1.098633
14.220959,0.126337,-0.628094,10.054292,0.289961,0.125312,0.014611,-0.061035,0.122070,-0.640869
14.231026,0.123942,-0.626896,10.056687,0.287566,0.126509,0.017006,-0.091553,0.091553,-0.518799
14.241095,0.111967,-0.629291,10.055490,0.275590,0.124114,0.015809,-0.061035,0.091553,-0.305176
14.251161,0.115560,-0.630489,10.056687,0.279183,0.122917,0.017006,-0.061035,0.122070,-0.274658
14.261233,0.121547,-0.628693,10.059681,0.285170,0.124713,0.020000,0.000000,0.091553,-0.183105
14.271300,0.119751,-0.637674,10.057286,0.283374,0.115732,0.017605,0.030518,0.061035,-0.183105
14.281366,0.114961,-0.635279,10.049502,0.278584,0.118127,0.009821,0.000000,0.061035,-0.122070
14.291433,0.116757,-0.635878,10.045311,0.280380,0.117528,0.005630,-0.030518,0.091553,-0.152588
14.301500,0.114961,-0.627495,10.049502,0.278584,0.125911,0.009821,-0.030518,0.061035,-0.122070
14.311566,0.105980,-0.605940,10.058483,0.269603,0.147466,0.018802,-0.030518,0.091553,-0.030518
14.321631,0.105980,-0.434696,10.071656,0.269603,0.318710,0.031975,0.030518,0.000000,0.335693
14.331697,0.113763,-0.559836,10.053094,0.277387,0.193570,0.013414,-0.061035,0.030518,1.342773
14.341763,0.124541,-0.594564,10.053693,0.288164,0.158842,0.014012,-0.122070,0.030518,1.434326
14.351829,0.115560,-0.523911,10.061477,0.279183,0.229495,0.021796,-0.183105,0.091553,1.281738
14.361897,0.125140,-0.595761,10.056088,0.288763,0.157645,0.016407,-0.091553,0.061035,1.373291
14.371963,0.122146,-0.610730,10.047107,0.285769,0.142676,0.007426,-0.061035,0.000000,1.373291
14.382156,0.107776,-0.516725,10.051298,0.271399,0.236680,0.011617,0.061035,-0.122070,1.586914
14.392223,0.113763,-0.456251,10.056088,0.277387,0.297155,0.016407,0.183105,-0.152588,1.922607
14.402290,0.117955,-0.462838,10.069261,0.281578,0.290568,0.029580,-0.091553,-0.030518,2.655029
14.412357,0.122146,-0.389191,10.057286,0.285769,0.364215,0.017605,-0.366211,0.183105,3.204346
14.422424,0.104183,-0.459245,10.051897,0.267807,0.294161,0.012216,-1.129150,0.976562,3.906250
14.432491,0.112566,-0.493374,10.076446,0.276189,0.260032,0.036765,-1.129150,0.915527,4.089355
14.442561,0.115560,-0.432301,10.069261,0.279183,0.321105,0.029580,-1.007080,0.732422,4.577637
14.452633,0.132924,-0.541274,10.056687,0.296547,0.212131,0.017006,-1.129150,0.610352,5.493164
14.462698,0.142504,-0.462838,10.071656,0.306127,0.290568,0.031975,-0.885010,0.518799,5.950928
14.472768,0.154479,-0.567620,10.063872,0.318102,0.185786,0.024191,-1.129150,0.518799,5.950928
14.482839,0.147294,-0.471819,10.047706,0.310917,0.281587,0.008025,-1.007080,0.457764,6.134033
14.492904,0.140109,-0.503553,10.057885,0.303732,0.249853,0.018204,-0.762939,0.488281,6.347656
14.502975,0.108973,-0.420326,10.086026,0.272597,0.333080,0.046345,-0.274658,0.427246,6.408691
14.513045,0.081431,-0.478405,10.052496,0.245054,0.275001,0.012815,-0.946045,0.610352,6.408691
14.523112,0.102387,-0.486189,10.084828,0.266010,0.267217,0.045148,-1.770020,0.915527,6.958008
14.533183,0.143701,-0.376617,10.065668,0.307324,0.376789,0.025987,-1.281738,0.549316,7.293701
14.543255,0.065264,-0.456850,10.081835,0.228888,0.296556,0.042154,-1.251221,0.518799,7.019043
14.553320,0.099992,-0.429906,10.089020,0.263615,0.323500,0.049339,-1.403809,0.518799,7.476807
14.563392,0.132325,-0.376018,10.114167,0.295948,0.377388,0.074487,-1.525879,0.640869,6.439209
14.573463,-0.000599,-0.656235,10.092014,0.163024,0.097170,0.052333,-1.586914,0.518799,6.469727
14.583530,0.073647,-0.511337,10.078242,0.237270,0.242069,0.038561,-0.671387,0.274658,7.415771
14.593601,-0.026944,-0.461640,10.046508,0.136679,0.291766,0.006827,-1.129150,0.640869,7.263184
14.603673,0.038919,-0.526904,10.074650,0.202542,0.226501,0.034969,-0.885010,0.671387,6.072998
14.613739,0.036524,-0.554447,10.057286,0.200147,0.198959,0.017605,-0.671387,0.701904,4.669189
14.623811,0.003593,-0.576002,10.042317,0.167216,0.177404,0.002636,-0.762939,0.793457,3.997803
14.633881,-0.023351,-0.564027,10.086625,0.140272,0.189379,0.046944,-0.946045,0.854492,2.868652
14.643947,-0.003593,-0.415536,10.080038,0.160031,0.337870,0.040358,-0.610352,0.640869,2.563477
14.654037,0.019160,-0.576002,10.059681,0.182783,0.177404,0.020000,-0.244141,0.427246,2.441406
14.664135,0.084424,-0.627495,10.057885,0.248048,0.125911,0.018204,-0.610352,0.457764,2.655029
14.674217,0.124541,-0.558638,10.084230,0.288164,0.194767,0.044549,-0.366211,0.305176,2.929688
14.684284,0.098795,-0.598156,10.035731,0.262418,0.155250,-0.003950,-0.518799,0.274658,3.356934
14.694350,0.123942,-0.547262,10.078841,0.287566,0.206144,0.039160,0.244141,0.000000,3.906250
14.704415,0.189805,-0.671204,10.026151,0.353429,0.082202,-0.013530,0.518799,-0.152588,3.723145
14.714479,0.093406,-0.552052,10.064471,0.257029,0.201354,0.024790,-0.640869,0.122070,4.638672
14.724544,0.065264,-0.564626,10.032737,0.228888,0.188780,-0.006944,-0.762939,0.091553,4.638672
14.734609,0.092208,-0.574805,10.061477,0.255831,0.178601,0.021796,0.671387,-0.366211,4.913330
14.744674,0.078437,-0.492177,10.092014,0.242060,0.261229,0.052333,-0.152588,0.030518,4.852295
14.754739,-0.025148,-0.598755,10.075847,0.138476,0.154651,0.036166,-0.457764,0.305176,4.730225
14.764804,0.009580,-0.576002,10.080038,0.173203,0.177404,0.040358,-0.457764,0.274658,5.310059
14.774868,-0.025148,-0.525108,10.033934,0.138476,0.228298,-0.005747,-1.800537,0.793457,4.516602
14.784933,-0.027543,-0.556842,10.065070,0.136081,0.196564,0.025389,-1.922607,1.129150,3.875732
14.794999,0.078437,-0.704136,10.087224,0.242060,0.049270,0.047543,-2.716064,1.586914,2.899170
14.805064,0.014370,-0.803529,10.045909,0.177993,-0.050123,0.006229,-2.868652,1.800537,3.509521
14.815128,-0.001796,-0.737067,10.053693,0.161827,0.016339,0.014012,-3.662109,1.953125,3.784180
14.825193,-0.003593,-0.835263,10.051298,0.160031,-0.081857,0.011617,-3.112793,1.800537,4.241943
14.835258,0.038919,-0.810714,10.055490,0.202542,-0.057308,0.015809,-2.563477,1.434326,4.455566
14.845323,0.023950,-0.679587,10.042317,0.187573,0.073819,0.002636,-2.502441,1.403809,4.119873
14.855388,0.137115,-0.940045,10.066866,0.300738,-0.186639,0.027185,-2.105713,1.068115,3.875732
14.865454,0.158670,-0.585582,10.108180,0.322293,0.167824,0.068499,-0.762939,0.518799,5.310059
14.875519,0.070653,-0.601150,10.078242,0.234276,0.152256,0.038561,-0.762939,0.549316,5.401611
14.885584,0.105980,-0.699346,10.090816,0.269603,0.054060,0.051135,-1.251221,0.579834,5.340576
14.895649,0.046703,-0.470621,10.071656,0.210326,0.282784,0.031975,-0.640869,0.396729,6.164551
14.905714,-0.003593,-0.628094,10.097402,0.160031,0.125312,0.057721,-0.671387,0.122070,6.225586
14.915779,-0.107177,-0.604742,10.037527,0.056446,0.148663,-0.002154,0.823975,-0.305176,6.439209
14.925844,-0.154479,-0.603545,10.050699,0.009144,0.149861,0.011019,0.701904,-0.122070,6.530762
14.935909,-0.192200,-0.364642,10.240505,-0.028577,0.388764,0.200824,2.593994,-0.396729,7.202148
14.945974,0.047302,-0.504152,10.145901,0.210925,0.249254,0.106221,1.373291,-0.518799,6.713867
14.956039,-0.043709,-0.522713,10.011780,0.119914,0.230693,-0.027900,0.885010,-0.549316,7.659912
14.966104,-0.016765,-0.539478,10.108180,0.146858,0.213928,0.068499,0.305176,0.335693,7.476807
14.976170,-0.064666,-0.638273,10.090816,0.098958,0.115133,0.051135,0.579834,0.183105,7.843018
14.986235,-0.003593,-0.545466,10.133328,0.160031,0.207940,0.093647,-0.885010,0.396729,7.080078
14.996300,-0.005988,-0.522114,10.103390,0.157636,0.231292,0.063709,-0.854492,0.274658,6.530762
15.006364,-0.206570,-0.717308,10.033336,-0.042947,0.036097,-0.006345,-0.762939,0.183105,7.080078
15.016430,0.101190,-0.526904,10.089020,0.264813,0.226501,0.049339,-0.823975,0.396729,9.429932
15.026496,0.021555,-0.474214,10.079440,0.185178,0.279192,0.039759,-0.793457,0.457764,9.704590
15.036562,0.064067,-0.543071,10.075847,0.227690,0.210335,0.036166,-1.068115,0.671387,6.744385
15.046628,-0.044907,-0.580792,10.109976,0.118717,0.172614,0.070295,-0.579834,0.610352,6.011963
15.056694,0.010179,-0.614921,10.047107,0.173802,0.138485,0.007426,0.030518,0.366211,5.371094
15.066759,0.225731,-0.481399,10.103989,0.389354,0.272007,0.064308,0.885010,0.579834,4.089355
15.076825,0.083826,-0.649050,10.027348,0.247449,0.104355,-0.012333,0.701904,0.854492,3.234863
15.086890,0.068857,-0.646655,10.053094,0.232480,0.106751,0.013414,1.892090,0.579834,2.685547
15.096956,0.122745,-0.631686,10.082433,0.286368,0.121719,0.042753,2.777100,0.061035,2.288818
15.107021,0.112566,-0.846639,10.060878,0.276189,-0.093234,0.021197,1.708984,-0.335693,3.234863
15.117087,0.324525,-0.801134,10.046508,0.488148,-0.047728,0.006827,1.068115,-0.274658,3.387451
15.127152,0.218546,-0.741857,10.174043,0.382169,0.011548,0.134362,0.701904,0.396729,1.922607
15.137217,0.086221,-0.807122,10.024354,0.249844,-0.053716,-0.015327,0.701904,0.213623,2.532959
15.147282,0.113763,-0.604742,9.960886,0.277387,0.148663,-0.078795,0.274658,0.305176,2.166748
15.157348,-0.081431,-0.702339,10.041119,0.082193,0.051066,0.001439,-0.244141,0.671387,0.640869
15.167413,0.043110,-0.450264,10.111174,0.206734,0.303142,0.071493,0.152588,0.244141,0.457764
15.177478,0.089813,-0.641266,10.108779,0.253436,0.112139,0.069098,0.244141,0.030518,-0.305176
15.187543,0.134720,-0.526306,10.045311,0.298343,0.227100,0.005630,-0.183105,0.274658,-0.305176
15.197608,-0.033530,-0.663420,10.034533,0.130093,0.089985,-0.005148,0.671387,-0.823975,-0.640869
15.207711,0.107776,-0.473016,10.096205,0.271399,0.280389,0.056524,0.274658,-0.183105,-0.640869
15.217777,0.306563,-0.789159,10.108180,0.470186,-0.035753,0.068499,1.068115,-0.427246,-1.831055
15.227843,0.180225,-0.427511,10.120155,0.343848,0.325895,0.080474,1.556396,-0.732422,-0.915527
15.237908,0.097597,-0.616119,10.071656,0.261220,0.137287,0.031975,1.739502,-0.762939,0.030518
15.247973,-0.051493,-0.689167,10.002799,0.112130,0.064239,-0.036882,1.434326,-1.464844,2.868652
15.258038,0.147294,-0.844244,10.072853,0.310917,-0.090839,0.033173,1.251221,-1.556396,5.706787
15.268103,0.234712,-0.697549,10.033336,0.398335,0.055856,-0.006345,0.457764,-0.976562,7.263184
15.278169,0.070054,-0.614323,10.039323,0.233678,0.139083,-0.000358,-0.030518,-0.793457,8.453369
15.288235,0.118553,-0.383802,10.154883,0.282177,0.369604,0.115202,-1.892090,-0.518799,7.202148
15.298300,0.304766,-0.342488,10.030342,0.468389,0.410918,-0.009339,-2.227783,-0.183105,6.134033
15.308365,0.317939,-0.416733,10.015373,0.481562,0.336672,-0.024308,-1.892090,0.000000,6.103516
15.318431,0.101190,-0.513133,10.118359,0.264813,0.240273,0.078678,-2.105713,0.457764,1.708984
15.328496,-0.018561,-0.580792,10.044712,0.145062,0.172614,0.005031,-3.662109,0.091553,0.885010
15.338561,0.127535,-0.628094,9.987231,0.291158,0.125312,-0.052449,-3.997803,-0.091553,0.762939
15.348626,0.215552,-0.355062,9.912986,0.379175,0.398344,-0.126695,-3.723145,-0.152588,-1.159668
15.358692,-0.083826,-0.537083,10.044113,0.079798,0.216323,0.004432,-1.617432,-0.335693,-3.082275
15.368757,0.103585,-0.777184,10.056687,0.267208,-0.023778,0.017006,-0.732422,-0.610352,-1.220703
15.378822,0.031734,-0.618514,9.913585,0.195357,0.134892,-0.126096,-0.823975,-0.671387,-1.281738
15.388888,0.223336,-0.650847,9.988429,0.386959,0.102559,-0.051252,-0.183105,-0.396729,-4.211426
15.398953,-0.085622,-0.724493,10.213561,0.078001,0.028912,0.173880,-0.427246,0.183105,-5.432129
15.409019,0.025148,-0.786764,10.014175,0.188771,-0.033358,-0.025505,-0.640869,-1.129150,-2.380371
15.419085,0.240699,-0.407153,10.155482,0.404323,0.346252,0.115801,0.427246,-0.885010,-2.624512
15.429151,0.242496,-0.580792,10.099199,0.406119,0.172614,0.059518,-1.770020,-0.976562,-5.035400
15.439217,0.203577,-0.649649,9.935140,0.367200,0.103757,-0.104541,-1.190186,-0.305176,-3.417969
15.449283,0.186213,-0.621508,10.114766,0.349836,0.131898,0.075085,-0.457764,0.122070,-2.807617
15.459348,0.226329,-0.531694,10.005793,0.389953,0.221711,-0.033888,-2.685547,1.983643,-2.960205
15.469413,0.062271,-0.314346,10.097402,0.225894,0.439059,0.057721,-1.129150,1.678467,-7.354736
15.479479,0.095801,-0.615520,10.059681,0.259424,0.137886,0.020000,0.457764,1.068115,-7.507324
15.489544,0.108973,-0.581990,10.086026,0.272597,0.171416,0.046345,-0.061035,0.946045,-6.744385
15.499610,0.247286,-0.477208,9.928553,0.410909,0.276198,-0.111127,0.854492,0.396729,-7.507324
15.509675,-0.007784,-0.619711,10.024354,0.155839,0.133694,-0.015327,1.281738,0.274658,-7.781982
15.519740,0.040117,-0.541274,10.074051,0.203740,0.212131,0.034370,0.854492,0.518799,-7.720947
15.529806,0.415536,-0.665815,10.048304,0.579159,0.087590,0.008624,0.213623,-0.305176,-3.143311
15.539872,0.086819,-0.619113,10.017169,0.250443,0.134293,-0.022512,-0.152588,-0.549316,-3.326416
15.549938,0.050894,-0.609532,10.097402,0.214517,0.143873,0.057721,1.678467,-0.518799,0.396729
15.560004,0.234113,-0.452659,9.990824,0.397736,0.300747,-0.048857,0.610352,-0.091553,-0.183105
15.570069,0.232317,-0.295186,9.884844,0.395940,0.458220,-0.154837,3.845215,1.220703,-2.868652
15.580135,0.077239,-0.585582,10.055490,0.240863,0.167824,0.015809,3.021240,1.037598,-5.187988
15.590201,0.095202,-0.383802,10.186617,0.258825,0.369604,0.146936,3.692627,1.342773,-6.439209
15.600267,0.158670,-0.404160,10.177635,0.322293,0.349246,0.137955,2.532959,1.220703,-11.566162
15.610332,0.162861,-0.578397,10.071057,0.326485,0.175009,0.031376,0.671387,1.434326,-13.092041
15.620399,0.026345,-0.637075,10.121353,0.189968,0.116331,0.081672,-1.770020,1.129150,-13.458252
15.630464,0.258662,-0.675994,10.087224,0.422285,0.077412,0.047543,-2.197266,0.976562,-11.138916
15.640532,0.487985,-0.565225,9.791439,0.651608,0.188181,-0.248242,-1.251221,0.854492,-10.223389
15.650597,0.162861,-0.743654,9.967473,0.326485,0.009752,-0.072208,-5.157471,1.159668,-9.460449
15.660663,-0.214354,-0.557441,10.168654,-0.050731,0.195965,0.128973,-4.302979,1.129150,-9.521484
15.670729,0.162263,-0.617915,10.062076,0.325886,0.135491,0.022395,-1.861572,0.152588,-9.674072
15.680794,-0.081431,-0.515528,9.974658,0.082193,0.237878,-0.065023,0.305176,0.549316,-9.002686
15.690860,0.110770,-0.724493,10.177635,0.274393,0.028912,0.137955,1.678467,0.518799,-9.643555
15.700927,-0.123344,-0.866398,10.062076,0.040280,-0.112993,0.022395,2.258301,0.640869,-8.819580
15.711032,-0.125140,-0.866398,10.077643,0.038483,-0.112993,0.037963,1.708984,1.312256,-6.469727
15.721098,-0.094603,-0.598755,10.050699,0.069020,0.154651,0.011019,0.946045,1.464844,-6.439209
15.731164,-0.126337,-0.726888,9.877659,0.037286,0.026517,-0.162022,-2.441406,1.037598,-6.988525
15.741230,-0.284409,-0.788560,10.102192,-0.120785,-0.035154,0.062512,-2.166748,0.732422,-7.354736
15.751294,0.001198,-0.588576,10.015373,0.164821,0.164830,-0.024308,0.030518,0.610352,-8.636475
15.761358,-0.411345,-0.899330,10.000404,-0.247721,-0.145924,-0.039277,1.586914,0.152588,-8.148193
15.771425,-0.425116,-1.026266,10.042916,-0.261493,-0.272860,0.003235,3.082275,-0.244141,-7.049561
15.781491,-0.401765,-0.763412,10.209968,-0.238141,-0.010007,0.170287,4.119873,-0.732422,-4.791260
15.791557,-0.392783,-0.802332,9.948911,-0.229160,-0.048926,-0.090770,3.784180,-0.823975,-4.028320
15.801623,-0.313748,-0.622106,10.060878,-0.150124,0.131299,0.021197,2.532959,-1.159668,-3.295898
15.811690,-0.353265,-0.653242,9.998009,-0.189642,0.100164,-0.041672,0.488281,-1.098633,-1.037598
15.821807,-0.241897,-0.546064,9.984238,-0.078274,0.207341,-0.055443,1.403809,-0.823975,-0.762939
15.831905,-0.389789,-0.319735,10.065070,-0.226166,0.433671,0.025389,0.976562,-0.366211,-3.448486
15.842002,-0.088616,-0.552651,10.224338,0.075008,0.200755,0.184658,-0.976562,-0.640869,-4.058838
15.852095,-0.161065,-0.410147,10.107581,0.002558,0.343259,0.067900,-4.364014,-1.495361,-6.866455
15.862191,-0.114362,-0.489781,10.122550,0.049261,0.263624,0.082869,-6.256104,-2.044678,-7.507324
15.872288,-0.315544,-0.382604,10.019564,-0.151921,0.370801,-0.020117,1.068115,-0.488281,-4.364014
15.882380,0.010778,-0.344883,10.129136,0.174401,0.408523,0.089455,0.457764,-0.793457,-5.767822
15.892477,0.275427,-0.547861,10.095606,0.439050,0.205545,0.055925,-3.082275,-1.617432,-7.629395
15.902569,-0.158071,-0.359253,10.129735,0.005552,0.394153,0.090054,5.554199,0.579834,-3.967285
15.912662,-0.205972,-0.637075,10.087224,-0.042348,0.116331,0.047543,3.173828,-0.030518,-3.540039
15.922801,-0.352068,-0.263452,10.160272,-0.188445,0.489954,0.120591,5.645752,0.732422,0.885010
15.932889,-0.177830,-0.729882,10.220746,-0.014207,0.023524,0.181065,2.166748,-0.640869,0.030518
15.942976,0.022753,-0.590372,10.283615,0.186376,0.163033,0.243934,-1.495361,-0.396729,-1.831055
15.953063,0.247286,-0.346080,10.402767,0.410909,0.407325,0.363086,-0.427246,-0.427246,-2.838135
15.963150,0.156874,-0.406555,10.139914,0.320497,0.346851,0.100233,-2.746582,-0.671387,-5.554199
15.973237,-0.109572,-0.662223,10.054891,0.054051,0.091183,0.015210,-4.730225,0.549316,0.976562
15.983325,-0.034129,-0.529299,9.982441,0.129494,0.224106,-0.057239,-3.570557,0.366211,1.922607
15.993411,0.296384,-0.411345,10.019564,0.460007,0.342061,-0.020117,-1.037598,0.122070,4.302979
16.003499,0.195194,-0.410746,10.033934,0.358817,0.342660,-0.005747,-1.434326,-0.061035,3.784180
16.013621,0.218546,-0.608335,10.038126,0.382169,0.145071,-0.001555,-2.441406,0.579834,3.173828
16.023708,0.181423,-0.498164,10.096205,0.345046,0.255242,0.056524,-3.509521,0.091553,2.746582
16.033795,0.313748,-0.828677,10.078242,0.477371,-0.075271,0.038561,-7.232666,-0.579834,2.563477
16.043883,0.140707,-0.590372,10.019564,0.304331,0.163033,-0.020117,-8.972168,0.305176,-0.122070
16.053969,0.173040,-0.298180,9.938732,0.336663,0.455226,-0.100949,-5.035400,0.427246,-3.997803
16.064085,0.074844,-0.629890,10.077643,0.238468,0.123516,0.037963,-3.295898,0.366211,-2.929688
16.074172,0.119152,-0.428110,10.130334,0.282775,0.325296,0.090653,-1.678467,0.396729,-1.678467
16.084261,0.209564,-0.217947,10.048903,0.373187,0.535459,0.009222,2.685547,0.579834,-3.509521
16.094347,0.050894,-0.419727,10.193203,0.214517,0.333679,0.153522,3.295898,0.030518,-4.730225
16.104436,-0.059277,-0.463436,10.083631,0.104347,0.289970,0.043950,1.525879,-0.579834,-4.425049
16.114523,0.082029,-0.426313,10.065070,0.245653,0.327092,0.025389,-1.525879,-1.434326,-3.662109
16.124633,0.117356,-0.357457,9.957892,0.280979,0.395949,-0.081788,-1.678467,-1.495361,-1.953125
16.134720,0.220941,-0.483195,10.099199,0.384564,0.270211,0.059518,-1.739502,-0.762939,-3.143311
16.144809,0.227527,-0.698148,10.122550,0.391150,0.055258,0.082869,-1.098633,-0.427246,-3.906250
16.154896,0.231119,-0.927471,10.183623,0.394743,-0.174066,0.143942,0.335693,-1.342773,-2.624512
16.164984,0.298779,-0.564626,9.990824,0.462402,0.188780,-0.048857,2.471924,-0.549316,-2.471924
16.175072,0.296982,-0.576002,10.060878,0.460606,0.177404,0.021197,1.983643,-0.152588,-2.075195
16.185162,0.456251,-0.490979,9.650132,0.619874,0.262427,-0.389548,1.922607,0.610352,-1.953125
16.195250,0.208965,-0.556243,10.435100,0.372589,0.197162,0.395419,3.875732,1.434326,-0.518799
16.205339,-0.128134,-1.010099,9.980645,0.035490,-0.256694,-0.059036,0.366211,0.335693,-3.204346
16.215427,-0.052690,-1.150807,10.148297,0.110933,-0.397401,0.108616,0.244141,0.183105,-2.380371
16.225535,0.150886,-0.282612,10.219548,0.314509,0.470793,0.179867,8.392334,0.061035,-2.105713
16.235623,0.218546,-0.831671,10.112371,0.382169,-0.078265,0.072690,6.713867,1.434326,-1.251221
16.245709,0.170046,-0.696352,10.236313,0.333670,0.057054,0.196633,-0.061035,2.868652,-4.394531
16.255797,-0.089214,-0.976569,10.063872,0.074409,-0.223163,0.024191,-0.213623,1.586914,-4.272461
16.265888,0.076042,-1.211281,9.937535,0.239665,-0.457875,-0.102146,0.122070,0.915527,-1.770020
16.275981,0.393382,-0.868793,10.083032,0.557005,-0.115388,0.043351,2.014160,0.396729,6.622314
16.286072,0.323926,-0.719703,10.065070,0.487550,0.033702,0.025389,1.129150,0.610352,6.774902
16.296162,0.224533,-0.538281,10.063273,0.388156,0.215125,0.023592,-1.312256,0.061035,2.990723
16.306250,-0.031734,-0.506547,10.302177,0.131889,0.246859,0.262496,-3.906250,0.457764,0.152588
16.316339,0.201182,-1.125659,10.026749,0.364805,-0.372253,-0.012932,-10.009766,0.061035,-4.669189
16.326454,0.076641,-0.801134,9.970466,0.240264,-0.047728,-0.069215,-10.131836,0.549316,-3.417969
16.336544,0.201182,-1.212479,10.030342,0.364805,-0.459073,-0.009339,-7.537842,0.152588,-3.723145
16.346632,0.168250,-0.910107,10.074051,0.331873,-0.156702,0.034370,4.302979,1.220703,0.274658
16.356721,0.173040,-0.772394,10.018367,0.336663,-0.018988,-0.021314,4.852295,1.159668,0.396729
16.366810,0.420326,-0.678389,10.014175,0.583949,0.075017,-0.025505,0.213623,0.427246,-3.326416
16.376899,0.137115,-0.613125,10.006392,0.300738,0.140281,-0.033289,2.227783,1.373291,-6.164551
16.386985,0.188608,-1.205892,10.079440,0.352231,-0.452487,0.039759,0.762939,0.732422,-8.850098
16.397075,0.073048,-0.825683,10.064471,0.236671,-0.072277,0.024790,1.556396,0.549316,-9.490967
16.407164,0.136516,-0.889750,10.042317,0.300139,-0.136344,0.002636,4.058838,0.335693,-11.169434
16.417252,0.059277,-1.070574,9.995614,0.222900,-0.317168,-0.044067,4.119873,0.213623,-12.634277
16.427426,0.125140,-1.254391,10.047107,0.288763,-0.500986,0.007426,3.906250,-0.244141,-11.322021
16.437524,0.235909,-1.263972,9.998608,0.399533,-0.510566,-0.041073,2.929688,0.366211,-8.300781
16.447621,0.287402,-0.947230,9.982441,0.451026,-0.193824,-0.057239,2.166748,0.915527,-7.843018
16.457718,0.008383,-1.102308,10.086625,0.172006,-0.348902,0.046944,2.960205,0.030518,-7.812500
16.467815,-0.014969,-1.145418,10.100396,0.148654,-0.392012,0.060715,1.525879,-0.213623,-7.507324
16.477910,-0.121547,-1.110092,10.114167,0.042076,-0.356686,0.074487,-1.892090,-0.427246,-5.187988
16.488006,-0.532892,-0.995729,10.078242,-0.369269,-0.242324,0.038561,-1.708984,-0.518799,-5.279541
16.498103,-0.349074,-1.046025,9.965676,-0.185451,-0.292619,-0.074005,-2.349854,0.091553,-2.929688
16.508199,-0.161664,-1.083148,10.046508,0.001959,-0.329742,0.006827,-0.823975,0.122070,-2.410889
16.518296,0.150287,-1.089135,9.934541,0.313911,-0.335729,-0.105140,-1.403809,0.000000,-3.112793
16.528468,-0.071252,-1.098715,10.054891,0.092371,-0.345309,0.015210,-0.274658,0.091553,-7.812500
16.538558,-0.124541,-1.255589,9.962084,0.039082,-0.502183,-0.077597,-1.586914,0.274658,-5.676270
16.548648,-0.209564,-0.848436,10.026749,-0.045941,-0.095030,-0.012932,0.610352,-0.030518,-6.530762
16.558738,-0.634081,-1.269360,10.080038,-0.470458,-0.515955,0.040358,-2.197266,0.488281,-4.425049
16.568828,0.080832,-0.899330,9.980046,0.244455,-0.145924,-0.059634,0.366211,0.579834,-3.082275
16.578918,0.532892,-1.090931,10.265652,0.696515,-0.337526,0.225972,2.899170,-0.366211,-1.922607
16.589008,0.468226,-1.037043,10.042916,0.631850,-0.283638,0.003235,3.204346,-0.793457,-1.556396
16.599098,0.320933,-0.647254,10.078242,0.484556,0.106152,0.038561,4.119873,-1.037598,0.793457
16.609188,0.221539,-0.597557,10.026749,0.385163,0.155848,-0.012932,3.814697,-1.007080,0.915527
16.619277,0.174836,-0.675396,10.135723,0.338460,0.078010,0.096042,1.373291,-0.427246,0.061035
16.629390,0.274828,-0.642464,10.049502,0.438452,0.110942,0.009821,-1.098633,-0.427246,-1.281738
16.639480,-0.064666,-0.915496,10.004595,0.098958,-0.162090,-0.035086,-3.723145,-0.396729,-1.190186
16.649568,0.144300,-0.558638,10.203981,0.307923,0.194767,0.164300,3.051758,0.518799,4.302979
16.659658,0.064666,-0.640668,10.230326,0.228289,0.112738,0.190645,0.579834,0.091553,2.258301
16.669748,0.023351,-0.553848,10.018367,0.186975,0.199558,-0.021314,-4.730225,-0.427246,-1.190186
16.679837,0.126936,-0.386796,9.968071,0.290559,0.366610,-0.071610,-2.929688,-0.183105,-3.295898
16.689926,-0.115560,-0.623903,9.981843,0.048064,0.129503,-0.057838,-0.122070,0.183105,-4.638672
16.700016,-0.131127,-0.717308,10.001602,0.032496,0.036097,-0.038079,1.342773,0.213623,-5.035400
16.710106,-0.098196,-0.913700,10.036329,0.065427,-0.160294,-0.003352,0.396729,0.183105,-3.662109
16.720196,-0.006586,-0.386796,10.167457,0.157037,0.366610,0.127776,-1.159668,-0.091553,-5.767822
16.730358,0.006586,-0.271835,9.915980,0.170210,0.481571,-0.123701,-1.922607,0.732422,-8.270264
16.740455,-0.082628,-0.951422,10.102791,0.080995,-0.198016,0.063110,-1.708984,1.495361,-12.023926
16.750552,0.055085,-1.061592,9.953701,0.218709,-0.308187,-0.085980,-0.671387,0.823975,-9.094238
16.760650,0.183818,-0.674198,10.065668,0.347441,0.079208,0.025987,-1.312256,0.183105,-7.049561
16.770747,0.016765,-0.533491,10.354867,0.180388,0.219915,0.315186,0.396729,0.152588,-9.918213
16.780844,-0.381407,-0.257465,9.990225,-0.217784,0.495941,-0.049456,0.396729,0.335693,-7.385254
16.790940,0.144300,-0.421523,10.086026,0.307923,0.331882,0.046345,1.892090,0.701904,-6.408691
16.801037,0.197589,-0.230521,10.012379,0.361212,0.522885,-0.027302,0.579834,0.762939,-8.209229
16.811142,-0.150886,-0.599952,9.874666,0.012737,0.153453,-0.165015,1.861572,0.732422,-9.552002
16.821237,0.116158,-0.455054,10.001602,0.279782,0.298352,-0.038079,1.770020,1.190186,-8.972168
16.831432,0.307161,-0.305365,10.031539,0.470784,0.448041,-0.008142,1.464844,1.098633,-9.094238
16.841522,0.240101,-0.271236,10.060878,0.403724,0.482170,0.021197,1.495361,1.159668,-9.124756
16.851611,0.233514,-0.407153,10.051298,0.397138,0.346252,0.011617,1.129150,1.251221,-6.317139
16.861702,0.322130,-0.417332,10.044712,0.485753,0.336074,0.005031,0.488281,0.640869,-5.187988
16.871793,0.391586,-0.201182,10.117161,0.555209,0.552224,0.077480,-1.708984,0.213623,-6.530762
16.881883,-0.029938,-0.437690,9.986034,0.133685,0.315716,-0.053647,-2.838135,0.579834,-6.713867
16.891973,0.061073,-0.462239,10.048903,0.224696,0.291167,0.009222,-3.997803,0.152588,-4.180908
16.902063,-0.046703,-0.610730,10.041718,0.116920,0.142676,0.002037,-4.333496,0.091553,-1.037598
16.912152,-0.122745,-0.396974,10.141710,0.040878,0.356431,0.102029,-1.037598,-0.244141,1.586914
16.922242,-0.030536,-0.818498,9.988429,0.133087,-0.065092,-0.051252,3.295898,0.549316,5.432129
16.932401,0.127535,-0.742456,10.053693,0.291158,0.010950,0.014012,3.814697,0.701904,9.246826
16.942499,0.156874,-0.439486,10.066267,0.320497,0.313920,0.026586,1.281738,0.457764,13.031006
16.952596,0.455054,-0.796943,10.105186,0.618677,-0.043537,0.065505,-8.026123,-0.579834,12.237549
16.962692,0.107177,-0.477208,10.175839,0.270800,0.276198,0.136158,-3.784180,0.030518,11.505127
16.972786,-0.004790,-0.807122,9.961485,0.158833,-0.053716,-0.078196,-3.265381,-1.098633,12.939453
16.982879,0.043110,-0.456850,10.063872,0.206734,0.296556,0.024191,2.014160,-0.579834,13.397217
16.992972,0.085622,-0.704734,9.920770,0.249245,0.048671,-0.118911,3.875732,-0.457764,14.587402
17.003069,-0.005988,-0.627495,10.016570,0.157636,0.125911,-0.023110,3.082275,-0.366211,15.930176
17.013163,0.141306,-0.618514,10.132729,0.304929,0.134892,0.093048,-2.258301,-1.068115,14.007568
17.023260,-0.143102,-0.891546,10.012978,0.020521,-0.138140,-0.026703,0.854492,-1.251221,14.007568
17.033379,0.043110,-0.783171,10.048903,0.206734,-0.029766,0.009222,1.647949,-1.007080,15.655518
17.043475,0.025148,-1.068777,9.887239,0.188771,-0.315372,-0.152441,-6.958008,-1.129150,14.251709
17.053569,-0.022154,-0.758024,9.923165,0.141469,-0.004618,-0.116516,-4.241943,-1.007080,13.916016
17.063666,-0.129331,-0.733475,10.121353,0.034292,0.019931,0.081672,1.037598,-0.427246,13.671875
17.073760,-0.108375,-0.872386,10.226135,0.055249,-0.118980,0.186454,-3.234863,-1.373291,10.406494
17.083858,-0.244292,-0.741857,9.944720,-0.080669,0.011548,-0.094961,5.218506,-0.946045,14.648438
17.093951,-0.046703,-0.625100,10.143506,0.116920,0.128306,0.103826,1.770020,-1.831055,14.495850
17.104048,0.009580,-0.189805,9.924961,0.173203,0.563600,-0.114720,1.617432,-1.281738,12.237549
17.114141,0.046703,-0.638273,9.881851,0.210326,0.115133,-0.157830,3.356934,-0.640869,8.758545
17.124238,-0.349074,-1.091530,10.283615,-0.185451,-0.338124,0.243934,2.441406,-0.183105,9.338379
17.134333,0.210163,-0.089813,10.209968,0.373786,0.663593,0.170287,-4.638672,-0.183105,9.735107
17.144431,0.053289,-0.013173,10.210567,0.216912,0.740233,0.170886,-2.685547,0.030518,5.187988
17.154525,-0.011975,-0.731080,10.014175,0.151648,0.022326,-0.025505,-0.183105,-0.762939,5.310059
17.164618,-0.120350,-0.066462,10.080038,0.043274,0.686944,0.040358,1.220703,-1.220703,4.211426
17.174712,-0.296384,-0.668809,10.073452,-0.132760,0.084597,0.033771,1.220703,0.396729,7.476807
17.184808,0.341889,-0.065264,10.022558,0.505512,0.688142,-0.017123,-1.037598,1.098633,6.164551
17.194901,0.142504,-0.495769,9.926757,0.306127,0.257637,-0.112924,1.953125,1.525879,4.791260
17.204998,0.054487,-0.503553,9.963281,0.218110,0.249853,-0.076400,-0.885010,-0.030518,6.378174
17.215094,0.080233,-0.214953,9.914782,0.243856,0.538453,-0.124899,1.983643,0.427246,5.218506
17.225191,0.089813,-0.699944,9.871672,0.253436,0.053461,-0.168009,0.976562,0.549316,1.983643
17.235317,-0.116757,-0.717907,10.098600,0.046866,0.035499,0.058919,-0.701904,0.823975,3.021240
17.245431,0.011975,-0.675994,10.113569,0.175598,0.077412,0.073888,-6.225586,-0.885010,-0.823975
17.255528,0.221539,-0.895139,10.048304,0.385163,-0.141733,0.008624,-2.349854,-0.244141,-1.251221
17.265626,-0.519719,-1.847758,10.042317,-0.356096,-1.094352,0.002636,-4.150391,-0.457764,0.335693
17.275720,0.306563,-1.128054,9.910591,0.470186,-0.374648,-0.129090,3.173828,0.152588,8.148193
17.285817,0.209564,-0.861608,9.907597,0.373187,-0.108202,-0.132084,2.990723,0.885010,7.324219
17.295913,-0.344883,-1.089734,9.860894,-0.181260,-0.336328,-0.178787,2.685547,0.701904,7.324219
17.306010,-0.321531,-0.893342,9.906400,-0.157908,-0.139937,-0.133281,0.030518,0.152588,6.530762
17.316107,-0.273032,-0.755629,10.102791,-0.109409,-0.002223,0.063110,-7.293701,-0.976562,-2.441406
17.326204,-0.040715,-1.047821,9.968071,0.122908,-0.294415,-0.071610,-2.929688,-0.061035,-3.326416
17.336397,-0.118553,-1.058000,10.042916,0.045070,-0.304594,0.003235,1.525879,0.549316,-4.577637
17.346499,0.133522,-1.082549,9.901011,0.297146,-0.329143,-0.138670,1.434326,0.366211,-2.014160
17.356590,0.065863,-1.016087,10.029144,0.229486,-0.262681,-0.010537,2.716064,0.366211,-1.525879
17.366681,0.495769,-0.769999,10.003398,0.659392,-0.016593,-0.036283,0.823975,0.366211,-0.274658
17.376771,0.047302,-0.998124,10.049502,0.210925,-0.244719,0.009821,-0.976562,0.091553,0.915527
17.386859,0.093406,-1.392105,10.046508,0.257029,-0.638699,0.006827,-2.624512,-0.305176,1.129150
17.396950,0.457449,-0.444875,9.956695,0.621072,0.308531,-0.082986,-7.049561,-0.488281,-1.770020
17.407040,-0.016166,-0.504750,10.009984,0.147457,0.248655,-0.029697,-7.446289,-0.122070,-6.561279
17.417130,0.087418,-0.766406,10.110575,0.251041,-0.013000,0.070894,-13.977051,0.122070,-9.399414
17.427221,0.238304,-0.570613,9.851314,0.401928,0.182792,-0.188367,-9.185791,0.183105,-10.284424
17.437380,0.268242,-1.308878,10.461445,0.431865,-0.555472,0.421764,-5.432129,1.159668,-11.260986
17.447474,0.222737,-0.568218,10.266850,0.386360,0.185187,0.227169,2.593994,1.190186,-10.375977
17.457572,-0.175435,-0.705333,10.082433,-0.011812,0.048073,0.042753,8.666992,0.274658,-2.075195
17.467666,0.277822,-0.002994,10.140513,0.441446,0.750412,0.100832,10.192871,0.854492,-0.701904
17.477764,0.065863,-0.429307,10.103989,0.229486,0.324099,0.064308,6.317139,0.427246,-3.387451
17.487860,0.615520,-0.191602,9.933942,0.779143,0.561804,-0.105739,4.638672,0.152588,-7.049561
17.497958,0.778980,-0.625699,10.027947,0.942603,0.127707,-0.011734,3.265381,0.427246,-8.178711
17.508055,0.514330,-0.872985,9.708810,0.677954,-0.119579,-0.330870,-0.244141,-1.220703,-10.314941
17.518152,0.250280,-0.514929,10.181827,0.413903,0.238477,0.142146,4.852295,-1.159668,-9.735107
17.528249,0.282014,-0.673599,10.035132,0.445637,0.079807,-0.004549,0.610352,-0.061035,-12.115479
17.538373,0.040715,-0.461640,10.143506,0.204339,0.291766,0.103826,0.427246,0.610352,-13.122559
17.548470,0.117356,-0.232916,10.202783,0.280979,0.520490,0.163102,-1.678467,0.946045,-13.793945
17.558582,-0.123942,-1.036445,10.082433,0.039681,-0.283039,0.042753,-0.274658,0.885010,-12.786865
17.568677,0.214953,-0.897534,10.126741,0.378576,-0.144128,0.087060,1.373291,0.640869,-10.437012
17.578774,0.341889,-0.610131,9.978250,0.505512,0.143275,-0.061431,3.448486,0.213623,-8.575439
17.588871,0.432301,-0.861010,10.266251,0.595924,-0.107604,0.226570,1.098633,0.793457,-10.467529
17.598969,-0.029938,-1.054407,10.078841,0.133685,-0.301002,0.039160,4.180908,0.274658,-0.885010
17.609066,0.380808,-0.405357,9.923763,0.544431,0.348049,-0.115917,2.227783,1.159668,-2.929688
17.619164,0.143701,-0.333506,9.922566,0.307324,0.419899,-0.117115,-1.373291,0.854492,-7.568359
17.629260,0.165256,-0.558040,10.139914,0.328880,0.195366,0.100233,1.129150,0.701904,-7.598877
17.639447,-0.018561,-0.738265,9.923165,0.145062,0.015141,-0.116516,-1.892090,1.434326,-10.498047
17.649538,0.166454,-0.439486,9.994417,0.330077,0.313920,-0.045264,-0.579834,1.617432,-10.284424
17.659627,0.047302,-0.941841,10.007589,0.210925,-0.188436,-0.032092,-6.530762,1.220703,-11.840820
17.669718,0.005988,-0.828078,10.074051,0.169611,-0.074672,0.034370,-9.704590,0.762939,-10.589600
17.679808,0.008383,-1.083746,9.948312,0.172006,-0.330341,-0.091368,-7.995605,0.213623,-10.681152
17.689898,0.197589,-0.888552,9.820778,0.361212,-0.135146,-0.218903,-2.349854,0.793457,-7.659912
17.699988,0.369432,-0.981958,9.947714,0.533055,-0.228552,-0.091967,0.579834,0.762939,-4.882812
17.710078,0.413141,-1.194516,9.886042,0.576764,-0.441110,-0.153639,3.295898,1.312256,0.976562
17.720167,0.319136,-0.511935,10.188413,0.482760,0.241470,0.148732,3.875732,1.342773,2.807617
17.730257,0.210762,-0.873583,10.284214,0.374385,-0.120178,0.244533,-3.631592,0.457764,-1.525879
17.740426,0.192799,-0.246088,9.954300,0.356422,0.507318,-0.085381,3.295898,0.885010,-3.204346
17.750535,0.363444,-0.614323,9.965676,0.527067,0.139083,-0.074005,-4.943848,0.854492,-5.004883
17.760647,-0.295186,-0.631088,10.300380,-0.131563,0.122318,0.260699,0.976562,0.244141,-6.256104
17.770745,-0.121547,-0.532892,10.162068,0.042076,0.220514,0.122387,1.617432,-0.457764,-3.875732
17.780843,0.154479,-0.748444,9.938732,0.318102,0.004962,-0.100949,2.471924,-1.068115,-1.617432
17.790937,0.557441,-0.398771,9.986034,0.721064,0.354635,-0.053647,4.180908,-0.488281,0.152588
17.801033,0.314945,0.006586,10.142908,0.478568,0.759992,0.103227,-1.434326,-0.091553,0.427246
17.811131,-0.201182,-0.599952,10.174642,-0.037558,0.153453,0.134961,-11.657715,-0.366211,-1.251221
17.821228,-0.249681,-0.525707,9.857900,-0.086058,0.227699,-0.181780,-6.011963,-0.061035,-0.244141
17.831324,-0.050894,-0.164658,10.029144,0.112729,0.588748,-0.010537,2.105713,0.061035,-1.922607
17.841513,-0.183219,-0.421523,9.939930,-0.019596,0.331882,-0.099751,3.601074,1.373291,-4.730225
17.851603,-0.228126,-0.631088,10.147099,-0.064502,0.122318,0.107418,5.889893,2.593994,-5.798340
17.861700,-0.174238,-0.625100,10.232122,-0.010614,0.128306,0.192441,5.004883,1.464844,-9.643555
17.871791,0.147294,-0.728685,10.009385,0.310917,0.024721,-0.030296,2.899170,0.579834,-11.352539
17.881880,0.255668,-0.608934,10.051298,0.419292,0.144472,0.011617,3.021240,0.610352,-11.322021
17.891971,0.067659,-0.865201,10.056088,0.231283,-0.111795,0.016407,-0.030518,1.403809,-12.084961
17.902058,-0.159868,-1.029260,9.944121,0.003756,-0.275854,-0.095560,-0.610352,1.312256,-10.009766
17.912149,-0.340692,-0.911305,10.054891,-0.177068,-0.157899,0.015210,-0.061035,0.640869,-8.605957
17.922240,-0.564626,-0.480201,10.089020,-0.401003,0.273204,0.049339,2.044678,-0.061035,-6.774902
17.932327,-0.328118,-0.295186,10.107581,-0.164494,0.458220,0.067900,2.899170,-0.183105,-7.080078
17.942485,-0.203577,-0.964594,10.094409,-0.039953,-0.211188,0.054728,1.525879,-0.396729,-9.429932
17.952579,-0.590971,-1.593287,10.093810,-0.427348,-0.839881,0.054129,1.617432,-0.427246,-4.302979
17.962692,0.219144,-1.310076,9.873468,0.382768,-0.556670,-0.166213,1.831055,-0.610352,0.732422
17.972787,0.025148,-0.885558,10.039323,0.188771,-0.132153,-0.000358,2.624512,0.457764,5.676270
17.982880,0.058678,-1.058000,9.957294,0.222301,-0.304594,-0.082387,2.929688,0.396729,7.598877
17.992975,-0.129331,-1.043630,9.968670,0.034292,-0.290224,-0.071011,2.899170,-0.061035,10.528564
18.003072,0.099992,-0.859812,10.019564,0.263615,-0.106406,-0.020117,-0.762939,-0.946045,9.155273
18.013165,0.173639,-0.910107,10.120155,0.337262,-0.156702,0.080474,-3.570557,-2.227783,3.753662
18.023262,-0.205373,-1.269360,10.078242,-0.041750,-0.515955,0.038561,-2.990723,-2.624512,2.319336
18.033355,-0.105381,-1.417253,9.855505,0.058242,-0.663847,-0.184176,-0.579834,-3.082275,2.716064
18.043593,-0.147892,-1.267564,10.023755,0.015731,-0.514158,-0.015925,6.347656,-1.342773,11.413574
18.053694,-0.043110,-0.708327,9.978849,0.120513,0.045079,-0.060832,1.678467,-1.556396,12.390137
18.063794,-0.169448,-0.782573,10.217752,-0.005824,-0.029167,0.178071,-2.655029,-0.549316,11.627197
18.073882,0.092807,-0.962798,10.260264,0.256430,-0.209392,0.220583,-12.115479,-0.701904,10.101318
18.083971,0.106578,-0.763412,9.964479,0.270202,-0.010007,-0.075202,-6.408691,-1.190186,4.089355
18.094058,0.234712,-0.894540,9.879456,0.398335,-0.141134,-0.160225,-2.868652,-0.518799,3.234863
18.104149,-0.092208,-0.659229,9.922566,0.071415,0.094177,-0.117115,0.671387,0.732422,5.676270
18.114236,-0.029339,-0.984952,9.879456,0.134284,-0.231546,-0.160225,5.859375,1.068115,7.354736
18.124327,0.014969,-0.993334,9.971664,0.178592,-0.239929,-0.068017,5.920410,1.068115,10.284424
18.134415,-0.027543,-0.714315,10.175240,0.136081,0.039091,0.135560,4.669189,1.129150,8.361816
18.144531,-0.080832,-0.856219,10.204579,0.082791,-0.102814,0.164899,2.471924,0.518799,5.767822
18.154619,-0.005988,-1.096919,10.028546,0.157636,-0.343513,-0.011135,-2.319336,-1.464844,-1.831055
18.164709,0.014969,-0.908910,10.016570,0.178592,-0.155504,-0.023110,-0.061035,-0.701904,-2.593994
18.174796,0.221539,-0.878972,9.999207,0.385163,-0.125566,-0.040474,-1.983643,0.244141,-0.854492
18.184886,0.093406,-1.131048,10.026749,0.257029,-0.377642,-0.012932,-1.983643,0.854492,2.258301
18.194972,0.089813,-1.107697,10.008787,0.253436,-0.354291,-0.030894,0.427246,1.129150,4.882812
18.205062,0.153880,-0.894540,10.020163,0.317503,-0.141134,-0.019518,0.610352,0.701904,7.385254
18.215150,0.087418,-0.812510,10.093211,0.251041,-0.059105,0.053530,0.152588,0.946045,7.232666
18.225241,0.047900,-1.183140,10.120754,0.211524,-0.429734,0.081073,-1.617432,0.823975,5.493164
18.235331,0.080233,-1.189127,10.062076,0.243856,-0.435721,0.022395,-1.037598,0.488281,7.110596
18.245489,0.014969,-1.089135,9.984238,0.178592,-0.335729,-0.055443,2.471924,0.793457,9.429932
18.255588,0.138911,-0.508343,10.005793,0.302534,0.245063,-0.033888,2.349854,0.244141,6.958008
18.265685,0.043709,-0.715512,10.102791,0.207332,0.037894,0.063110,-2.044678,-0.427246,2.807617
18.275781,0.102986,-1.199905,9.862092,0.266609,-0.446499,-0.177589,-11.199951,-2.960205,-3.112793
18.285877,-0.035925,-0.855022,10.053693,0.127698,-0.101616,0.014012,-4.058838,-1.556396,-3.417969
18.295975,0.080832,-1.036445,10.005793,0.244455,-0.283039,-0.033888,-0.427246,-1.068115,-1.708984
18.306068,-0.085023,-0.775986,10.060280,0.078600,-0.022581,0.020599,0.244141,-0.885010,-1.770020
18.316167,-0.086819,-1.001717,10.068662,0.076804,-0.248311,0.028981,1.129150,-0.793457,-0.091553
18.326261,0.208367,-1.069975,10.046508,0.371990,-0.316569,0.006827,3.295898,-0.488281,1.953125
18.336358,0.045505,-0.749641,9.956695,0.209129,0.003765,-0.082986,4.028320,0.640869,5.401611
18.346528,-0.331111,-0.634081,10.074051,-0.167488,0.119324,0.034370,2.136230,0.732422,3.662109
18.356618,0.050295,-0.790955,9.950109,0.213919,-0.037549,-0.089572,-3.753662,-0.152588,0.427246
18.366708,0.104782,-0.668210,10.052496,0.268405,0.085195,0.012815,-1.129150,0.701904,-3.814697
18.376806,-0.232916,-0.711321,10.136321,-0.069292,0.042085,0.096641,-0.976562,0.640869,-4.119873
18.386897,0.079036,-0.633483,9.987830,0.242659,0.119923,-0.051851,-1.220703,0.793457,-3.662109
18.396986,-0.009580,-0.646057,9.981244,0.154043,0.107349,-0.058437,-2.441406,1.251221,-5.432129
18.407076,-0.538281,-0.748444,10.150093,-0.374657,0.004962,0.110412,4.211426,1.434326,-6.134033
18.417166,-0.178429,-0.837658,10.180031,-0.014806,-0.084252,0.140350,12.542725,1.586914,-2.777100
18.427255,-0.153281,-0.806523,10.171049,0.010342,-0.053117,0.131368,9.735107,0.762939,-0.396729
18.437346,0.088017,-0.598755,10.054292,0.251640,0.154651,0.014611,4.333496,-0.274658,0.305176
18.447463,0.104183,-0.314945,10.085427,0.267807,0.438461,0.045746,2.136230,-0.854492,0.091553
18.457553,0.128134,-0.482596,10.051298,0.291757,0.270809,0.011617,3.051758,0.244141,1.037598
18.467643,0.151485,-0.613125,10.045909,0.315108,0.140281,0.006229,3.997803,0.579834,3.753662
18.477733,0.269440,-0.774789,10.147099,0.433063,-0.021383,0.107418,-2.593994,0.000000,5.065918
18.487824,0.213157,-0.447869,10.096205,0.376780,0.305537,0.056524,-4.455566,-0.274658,6.317139
18.497913,0.280217,-0.500559,9.981244,0.443841,0.252847,-0.058437,-4.516602,0.000000,6.774902
18.508003,0.289797,-0.179626,10.002200,0.453421,0.573779,-0.037481,-9.643555,-0.396729,6.134033
18.518091,0.096400,-0.634680,10.145901,0.260023,0.118726,0.106221,-7.812500,-0.305176,3.723145
18.528181,0.156275,-0.663420,9.974658,0.319898,0.089985,-0.065023,-2.593994,-0.183105,5.828857
18.538271,0.173040,-0.763412,10.002799,0.336663,-0.010007,-0.036882,0.793457,-0.213623,8.697510
18.548383,0.143102,-0.584984,10.087822,0.306726,0.168422,0.048141,5.462646,-0.335693,10.589600
18.558474,0.034129,-0.526306,10.098001,0.197752,0.227100,0.058320,4.211426,-0.579834,10.620117
18.568563,0.020956,-0.518522,10.048903,0.184580,0.234884,0.009222,2.105713,-1.037598,9.277344
18.578656,0.141905,0.133522,10.048304,0.305528,0.886928,0.008624,3.082275,0.244141,5.218506
18.588748,0.044907,-0.238903,10.135124,0.208530,0.514503,0.095443,4.089355,1.312256,4.425049
18.598838,-0.126936,-0.026944,10.203382,0.036687,0.726462,0.163701,1.953125,0.122070,-0.823975
18.608926,-0.025148,-0.223336,10.160272,0.138476,0.530070,0.120591,-0.366211,0.396729,-3.509521
18.619016,-0.221539,-0.353864,10.063273,-0.057916,0.399542,0.023592,0.274658,1.007080,-5.798340
18.629106,0.028141,-0.581391,10.179432,0.191765,0.172015,0.139751,0.000000,0.366211,-3.723145
18.639196,0.042512,-0.413141,10.048304,0.206135,0.340265,0.008624,-0.152588,0.671387,-0.762939
18.649311,-0.048499,-0.532293,9.979448,0.115124,0.221113,-0.060233,-1.495361,1.190186,0.244141
18.659400,-0.261057,-0.629890,10.033934,-0.097434,0.123516,-0.005747,-0.640869,1.159668,1.129150
18.669488,-0.232916,-0.575403,10.067465,-0.069292,0.178002,0.027784,-5.615234,0.061035,4.577637
18.679578,-0.020358,-0.325124,10.111772,0.143266,0.428282,0.072092,-4.577637,0.030518,2.716064
18.689668,-0.062271,-0.778980,10.039323,0.101353,-0.025574,-0.000358,2.166748,0.762939,1.831055
18.699759,-0.047302,-0.533491,10.054891,0.116322,0.219915,0.015210,4.608154,0.854492,3.997803
18.709849,0.037722,-0.517923,9.866882,0.201345,0.235483,-0.172799,3.021240,0.549316,7.476807
18.719939,-0.028740,-0.907712,10.138118,0.134883,-0.154307,0.098437,-0.793457,-0.335693,7.629395
18.730030,0.068857,-0.615520,9.946516,0.232480,0.137886,-0.093165,-1.495361,-1.190186,7.965088
18.740121,0.285606,-0.730481,10.114766,0.449229,0.022925,0.075085,-0.122070,-1.403809,7.476807
18.750293,0.244292,-0.928669,10.200388,0.407915,-0.175263,0.160707,-2.899170,-1.922607,7.171631
18.760391,0.267045,-1.064586,10.071057,0.430668,-0.311180,0.031376,-8.972168,-2.197266,4.608154
18.770489,0.053289,-1.240021,9.919572,0.216912,-0.486616,-0.120109,-7.202148,-2.044678,5.676270
18.780585,0.120350,-1.052611,10.018367,0.283973,-0.299205,-0.021314,1.007080,-0.427246,10.253906
18.790682,0.217348,-0.971779,9.900412,0.380971,-0.218373,-0.139269,-0.122070,-0.518799,12.237549
18.800778,-0.029938,-0.775388,10.042916,0.133685,-0.021982,0.003235,2.868652,0.122070,13.031006
18.810874,-0.133522,-1.093326,10.071057,0.030101,-0.339921,0.031376,-0.366211,0.061035,10.894775
18.820970,-0.227527,-0.732876,9.877061,-0.063904,0.020530,-0.162620,3.173828,0.427246,6.744385
18.831067,-0.237706,-1.146616,10.033934,-0.074082,-0.393210,-0.005747,7.781982,0.274658,6.927490
18.841163,-0.081431,-1.198109,10.241104,0.082193,-0.444703,0.201423,8.026123,0.122070,8.789062
18.851341,0.440684,-0.405956,10.070458,0.604307,0.347450,0.030777,6.805420,0.427246,3.051758
18.861432,-0.741259,-0.934656,10.005194,-0.577635,-0.181251,-0.034487,4.730225,0.396729,3.448486
18.871521,-0.242496,-1.019081,9.922566,-0.078872,-0.265675,-0.117115,2.532959,0.000000,4.364014
18.881611,-0.290396,-0.889750,10.289603,-0.126773,-0.136344,0.249922,1.708984,-0.061035,3.814697
18.891702,-0.014370,-0.743654,10.209968,0.149253,0.009752,0.170287,1.983643,0.305176,-0.030518
18.901792,-0.583187,-0.758622,10.053693,-0.419564,-0.005217,0.014012,-2.593994,1.007080,1.251221
18.911882,0.098795,-0.720302,10.032138,0.262418,0.033104,-0.007543,0.488281,0.793457,1.190186
18.921971,0.353265,-0.865800,10.117760,0.516889,-0.112394,0.078079,-1.617432,0.061035,7.720947
18.932059,0.282612,-0.750240,10.064471,0.446236,0.003166,0.024790,-2.075195,0.091553,10.467529
18.942148,0.124541,-0.424517,10.052496,0.288164,0.328889,0.012815,-1.861572,-0.457764,9.857178
18.952289,-0.299976,-1.005309,9.977651,-0.136353,-0.251904,-0.062030,0.213623,-0.335693,11.505127
18.962375,0.111368,-0.627495,10.032737,0.274992,0.125911,-0.006944,-0.091553,-0.762939,11.260986
18.972496,-0.005389,-0.484991,10.017169,0.158234,0.268414,-0.022512,-2.838135,-0.213623,7.293701
18.982582,-0.091609,-0.613125,10.100396,0.072014,0.140281,0.060715,-2.258301,-0.274658,5.706787
18.992669,0.075443,-0.856219,10.061477,0.239066,-0.102814,0.021796,-3.143311,0.518799,2.349854
19.002759,-0.026944,-1.003513,10.051298,0.136679,-0.250107,0.011617,-2.258301,0.579834,4.119873
19.012848,-0.097597,-0.776585,10.111174,0.066026,-0.023179,0.071493,-1.159668,0.640869,4.760742
19.022934,0.331710,-0.414338,10.173444,0.495333,0.339067,0.133763,-0.518799,0.305176,3.875732
19.033020,0.202379,-0.752036,10.003398,0.366002,0.001370,-0.036283,-0.579834,0.122070,2.624512
19.043108,0.347278,-0.604144,10.187216,0.510901,0.149262,0.147535,4.119873,-0.610352,-0.305176
19.053200,0.286804,-0.761017,10.072853,0.450427,-0.007612,0.033173,1.434326,0.152588,1.800537
19.063289,-0.193997,-0.793350,10.081835,-0.030373,-0.039944,0.042154,1.708984,0.305176,5.859375
19.073376,-0.118553,-0.996328,10.087822,0.045070,-0.242922,0.048141,1.251221,0.457764,7.781982
19.083467,0.149689,-1.061592,10.078841,0.313312,-0.308187,0.039160,2.899170,-0.518799,2.502441
19.093555,-0.483794,-0.595162,10.119556,-0.320171,0.158243,0.079875,3.112793,-0.701904,1.464844
19.103646,-0.237107,-1.005309,10.002200,-0.073484,-0.251904,-0.037481,2.807617,-1.098633,2.929688
19.113733,0.440684,-0.335303,10.132729,0.604307,0.418103,0.093048,3.204346,-0.885010,1.098633
19.123821,0.004191,-0.547861,10.085427,0.167815,0.205545,0.045746,2.075195,-0.732422,-2.593994
19.133908,0.405956,-0.845442,10.112970,0.569579,-0.092036,0.073289,0.946045,-0.122070,-1.831055
19.143996,0.407752,-0.756227,10.105785,0.571375,-0.002822,0.066104,-1.037598,-0.091553,-2.349854
19.154084,0.320334,-0.573607,10.003997,0.483957,0.179799,-0.035684,-0.366211,-0.854492,-1.983643
19.164181,0.495769,-0.641266,10.081835,0.659392,0.112139,0.042154,-1.617432,-0.610352,-1.129150
19.174275,0.632884,-0.710123,10.078242,0.796507,0.043282,0.038561,-4.974365,-0.213623,-2.593994
19.184371,0.244292,-0.654439,9.979448,0.407915,0.098967,-0.060233,-1.220703,0.152588,-2.410889
19.194465,0.188608,-0.762814,10.235715,0.352231,-0.009408,0.196034,1.037598,0.518799,-1.708984
19.204561,0.364642,-0.424517,10.057885,0.528265,0.328889,0.018204,4.028320,1.037598,-1.556396
19.214655,0.299377,-0.544867,9.951306,0.463001,0.208539,-0.088375,2.441406,1.556396,-1.708984
19.224748,0.101788,-0.371827,10.002799,0.265412,0.381579,-0.036882,2.716064,1.251221,-1.556396
19.234841,-0.029339,-0.690364,10.218950,0.134284,0.063041,0.179269,0.976562,1.342773,-2.380371
19.244935,0.224533,-0.608335,9.970466,0.388156,0.145071,-0.069215,0.305176,0.518799,-3.479004
19.255032,0.306563,-0.123942,9.992620,0.470186,0.629464,-0.047061,0.030518,0.823975,-5.371094
19.265129,0.065863,-0.302371,9.812395,0.229486,0.451035,-0.227286,-3.021240,1.586914,-5.920410
19.275229,0.243693,-0.316741,9.898017,0.407316,0.436664,-0.141664,-2.044678,1.129150,-2.777100
19.285327,0.293989,-0.543669,10.242900,0.457612,0.209736,0.203219,-2.807617,1.556396,-4.638672
19.295424,-0.356259,-0.556842,9.935739,-0.192636,0.196564,-0.103942,-3.265381,0.274658,-9.735107
19.305522,-0.139510,-0.908910,9.985435,0.024113,-0.155504,-0.054246,-3.601074,-0.213623,-6.347656
19.315618,0.108973,-0.367037,9.911190,0.272597,0.386369,-0.128491,0.610352,0.885010,-6.256104
19.325715,0.081431,0.002994,10.004595,0.245054,0.756400,-0.035086,1.342773,1.159668,-8.636475
19.335812,-0.240101,-0.767604,10.154284,-0.076477,-0.014198,0.114603,-0.579834,0.854492,-10.620117
19.345909,0.079036,-0.821492,9.866283,0.242659,-0.068086,-0.173398,-5.096436,0.274658,-12.451172
19.356038,-0.124541,-1.099314,9.817784,0.039082,-0.345908,-0.221897,-3.784180,0.854492,-12.786865
19.366136,0.119152,-0.468226,10.001602,0.282775,0.285179,-0.038079,0.152588,0.488281,-8.117676
19.376232,0.047900,-0.550854,10.126741,0.211524,0.202551,0.087060,0.396729,0.976562,-6.896973
19.386330,0.267045,-0.514330,10.062675,0.430668,0.239075,0.022994,3.479004,1.586914,-9.368896
19.396425,-0.142504,-0.642464,10.109976,0.021120,0.110942,0.070295,3.173828,-0.122070,-9.826660
19.406522,-0.479603,-0.768203,10.048903,-0.315979,-0.014797,0.009222,1.068115,-1.129150,-11.352539
19.416619,-0.385598,-0.793350,10.008188,-0.221975,-0.039944,-0.031493,3.112793,-0.488281,-10.314941
19.426717,-0.014370,-0.296982,10.089619,0.149253,0.456423,0.049938,4.608154,0.091553,-10.589600
19.436813,0.083826,-0.478405,9.990824,0.247449,0.275001,-0.048857,-0.610352,0.396729,-13.122559
19.446910,-0.758622,-1.204695,10.011780,-0.594999,-0.451289,-0.027900,-0.122070,0.823975,-12.512207
19.457032,-0.411345,-0.451461,9.978250,-0.247721,0.301945,-0.061431,1.190186,0.091553,-6.469727
19.467129,0.076042,-0.117955,9.962682,0.239665,0.635451,-0.076998,-3.234863,-0.549316,-10.192871
19.477226,0.321531,-0.120948,10.181827,0.485155,0.632457,0.142146,-4.608154,0.152588,-13.824463
19.487323,-0.157473,-0.799338,10.030342,0.006151,-0.045932,-0.009339,-2.685547,0.183105,-12.634277
19.497417,-0.158670,-0.515528,10.178234,0.004953,0.237878,0.138553,-1.983643,-0.671387,-10.894775
19.507513,-0.091609,-0.670605,9.899813,0.072014,0.082800,-0.139868,-0.549316,0.640869,-5.981445
19.517611,-0.202978,-0.978365,9.955497,-0.039355,-0.224960,-0.084183,1.495361,0.946045,-0.701904
19.527707,0.443079,-0.195793,9.990824,0.606702,0.557613,-0.048857,-0.396729,0.579834,0.915527
19.537803,-0.022154,-0.825084,10.147099,0.141469,-0.071678,0.107418,0.488281,0.244141,-3.601074
19.547899,-0.435894,-0.280217,9.992021,-0.272270,0.473188,-0.047659,3.326416,-0.732422,-2.655029
19.558025,0.177830,-1.362766,10.008787,0.341453,-0.609360,-0.030894,6.134033,-1.068115,-2.624512
19.568122,0.335303,-0.815504,9.857302,0.498926,-0.062098,-0.182379,6.134033,-0.305176,-1.068115
19.578218,0.396974,-1.085543,10.225536,0.560598,-0.332137,0.185855,1.037598,0.244141,0.030518
19.588314,0.135319,-1.301693,9.989626,0.298942,-0.548287,-0.050054,-0.091553,0.305176,0.183105
19.598410,-0.030536,-1.541794,10.142309,0.133087,-0.788388,0.102628,-6.134033,-0.396729,2.380371
19.608508,-0.081431,-1.069975,9.850715,0.082193,-0.316569,-0.188966,-6.683350,-0.579834,3.143311
19.618603,-0.175435,-0.951422,9.889036,-0.011812,-0.198016,-0.150645,-2.655029,0.335693,6.591797
19.628700,-0.358055,-1.110690,9.993818,-0.194432,-0.357285,-0.045863,-1.129150,-0.244141,3.753662
19.638796,-0.245490,-0.968785,10.033336,-0.081866,-0.215380,-0.006345,-0.335693,-0.488281,3.601074
19.648892,-0.104782,-1.045426,10.032737,0.058841,-0.292020,-0.006944,0.579834,0.061035,7.171631
19.659090,-0.066462,-1.262175,9.999805,0.097161,-0.508770,-0.039876,0.335693,0.000000,9.674072
19.669213,0.043709,-0.718506,9.973460,0.207332,0.034900,-0.066221,-3.234863,-0.640869,9.155273
19.679315,0.103585,-0.914897,10.063273,0.267208,-0.161492,0.023592,-2.288818,-0.518799,8.300781
19.689409,-0.020956,-0.692759,10.009385,0.142667,0.060646,-0.030296,0.488281,-0.366211,6.134033
19.699507,0.136516,-0.783171,9.993219,0.300139,-0.029766,-0.046462,0.305176,-0.427246,5.249023
19.709606,0.223336,-0.704734,10.052496,0.386959,0.048671,0.012815,0.915527,0.152588,3.143311
19.719871,0.271236,-0.573607,10.197993,0.434859,0.179799,0.158312,0.701904,0.793457,4.089355
19.729970,0.298779,-0.468226,10.053693,0.462402,0.285179,0.014012,-0.793457,1.190186,2.105713
19.740066,0.149090,-0.811313,9.986633,0.312713,-0.057907,-0.053048,-0.793457,0.823975,0.396729
19.750163,0.199984,-0.930465,9.970466,0.363607,-0.177059,-0.069215,-0.610352,0.885010,0.244141
19.760362,0.123942,-0.619113,10.029144,0.287566,0.134293,-0.010537,1.953125,0.854492,2.349854
19.770447,0.053888,-0.785566,9.996812,0.217511,-0.032161,-0.042869,3.479004,0.671387,3.326416
19.780531,0.301174,-0.953218,10.045909,0.464797,-0.199812,0.006229,2.990723,-0.610352,2.471924
19.790616,0.239502,-0.930465,10.114167,0.403125,-0.177059,0.074487,2.319336,-0.732422,2.136230
19.800700,0.338297,-1.007704,10.054292,0.501920,-0.254299,0.014611,2.105713,-0.396729,2.868652
19.810786,0.113165,-1.045426,9.992620,0.276788,-0.292020,-0.047061,1.770020,0.823975,3.753662
19.820870,0.091609,-1.259182,10.197993,0.255233,-0.505776,0.158312,-1.403809,0.457764,5.004883
19.830952,0.419128,-0.602347,9.935739,0.582752,0.151058,-0.103942,-3.356934,0.274658,2.288818
19.841036,0.070054,-0.994532,10.126741,0.233678,-0.241126,0.087060,-1.953125,0.488281,-1.342773
19.851121,-0.065264,-0.840053,9.921368,0.098359,-0.086647,-0.118312,0.854492,0.762939,-4.699707
19.861265,0.004191,-0.700543,10.047107,0.167815,0.052863,0.007426,3.662109,0.854492,-2.258301
19.871361,0.065264,-0.794548,9.970466,0.228888,-0.041142,-0.069215,3.234863,1.251221,2.624512
19.881456,0.028740,-0.879571,10.044113,0.192363,-0.126165,0.004432,2.807617,1.037598,5.340576
19.891554,0.086221,-0.759820,10.047706,0.249844,-0.006414,0.008025,1.953125,0.640869,8.239746
19.901649,-0.116757,-0.370629,10.072255,0.046866,0.382777,0.032574,-2.288818,-0.457764,6.378174
19.911742,-0.102986,-0.434696,10.012379,0.060637,0.318710,-0.027302,-4.272461,-1.037598,4.089355
19.921838,-0.145497,-0.213755,10.158475,0.018126,0.539650,0.118794,-2.014160,0.213623,0.366211
19.931933,-0.187410,-0.501158,9.919572,-0.023787,0.252248,-0.120109,-3.845215,0.152588,-3.417969
19.942030,-0.123344,-0.551453,10.103989,0.040280,0.201953,0.064308,-1.495361,0.762939,-0.427246
19.952126,0.123344,-0.756826,9.884844,0.286967,-0.003420,-0.154837,-2.258301,0.701904,1.495361
19.962248,-0.010778,-0.646655,10.077045,0.152846,0.106751,0.037364,-1.953125,0.549316,3.448486
19.972344,-0.082628,-0.758024,10.070458,0.080995,-0.004618,0.030777,1.251221,0.335693,5.401611
19.982439,0.010179,-0.628094,9.989028,0.173802,0.125312,-0.050653,1.922607,0.122070,6.072998
19.992535,0.203577,-0.658630,10.106384,0.367200,0.094775,0.066703,3.356934,-0.061035,3.692627
20.002631,0.044308,-0.576601,10.133328,0.207931,0.176805,0.093647,4.089355,-0.091553,2.380371
20.012727,-0.115560,-0.701142,9.887838,0.048064,0.052264,-0.151843,2.166748,-0.488281,1.495361
20.022823,-0.082029,-0.620909,10.062675,0.081594,0.132497,0.022994,2.136230,-0.030518,-1.007080
20.032918,-0.481998,-0.373024,10.157877,-0.318374,0.380381,0.118196,0.427246,0.701904,-4.669189
20.043015,-0.523911,-0.678988,10.011182,-0.360287,0.074418,-0.028499,-0.305176,0.671387,-3.570557
20.053111,-0.341889,-1.032253,10.035731,-0.178266,-0.278848,-0.003950,0.488281,0.732422,-0.579834
20.063233,-0.039518,-0.299976,9.959090,0.124105,0.453430,-0.080591,2.716064,0.396729,2.868652
20.073329,-0.222138,-0.207169,10.023157,-0.058515,0.546237,-0.016524,1.586914,0.762939,0.152588
20.083425,-0.220342,-0.435894,9.968670,-0.056719,0.317512,-0.071011,-0.610352,0.701904,-0.488281
20.093521,-0.091011,-0.512534,10.244097,0.072613,0.240872,0.204416,-2.868652,0.488281,-2.197266
20.103626,-0.070054,-0.219743,10.066267,0.093569,0.533663,0.026586,-6.408691,0.823975,-8.392334
20.113724,-0.081431,-0.311353,10.026749,0.082193,0.442053,-0.012932,-5.340576,0.915527,-9.765625
20.123821,-0.237706,-0.444276,10.029144,-0.074082,0.309130,-0.010537,-4.455566,0.854492,-8.300781
20.133919,-0.275427,-0.962798,10.056088,-0.111804,-0.209392,0.016407,0.732422,1.037598,-3.662109
20.144015,0.040117,-0.635878,10.115964,0.203740,0.117528,0.076283,4.180908,1.007080,0.335693
20.154109,-0.212558,-0.494572,10.120155,-0.048935,0.258834,0.080474,3.234863,1.373291,-1.342773
20.164289,-0.443677,-0.667013,10.031539,-0.280054,0.086393,-0.008142,3.509521,1.525879,-1.342773
20.174379,-0.228126,-0.974174,10.075248,-0.064502,-0.220768,0.035568,-2.868652,0.610352,-2.960205
20.184469,-0.322729,-0.905317,9.933942,-0.159106,-0.151912,-0.105739,-3.143311,0.427246,-3.479004
20.194560,-0.387993,-0.633483,10.001003,-0.224370,0.119923,-0.038678,-0.671387,0.549316,-4.333496
20.204650,-0.124541,-0.777184,10.092612,0.039082,-0.023778,0.052931,2.746582,-0.030518,-3.967285
20.214737,-0.316143,-0.645458,9.990225,-0.152519,0.107948,-0.049456,3.112793,-0.152588,-3.692627
20.224826,-0.092208,-0.393981,10.112371,0.071415,0.359425,0.072690,2.563477,0.305176,-7.354736
20.234914,-0.088017,-0.464634,10.223740,0.075606,0.288772,0.184059,-0.671387,1.037598,-10.223389
20.245005,-0.306563,-0.750839,10.012978,-0.142939,0.002567,-0.026703,-5.187988,0.122070,-14.251709
20.255095,-0.194595,-0.916095,10.007589,-0.030972,-0.162689,-0.032092,-3.845215,-0.030518,-14.343262
20.265247,-0.258662,-0.680784,9.871073,-0.095039,0.072621,-0.168608,-7.080078,0.335693,-13.092041
20.275344,-0.197589,-0.687969,10.106982,-0.033966,0.065436,0.067302,-6.988525,1.373291,-13.458252
20.285441,-0.180225,-1.205892,10.020762,-0.016602,-0.452487,-0.018919,-2.166748,2.349854,-12.542725
20.295538,0.038320,-1.303489,10.175839,0.201944,-0.550084,0.136158,6.072998,2.410889,-7.629395
20.305635,-0.032932,-1.169368,10.123149,0.130692,-0.415963,0.083468,5.279541,1.831055,-4.699707
20.315731,-0.228126,-0.901126,10.065070,-0.064502,-0.147720,0.025389,1.892090,0.335693,3.143311
20.325828,-0.043110,-0.406555,10.074650,0.120513,0.346851,0.034969,3.326416,0.488281,2.044678
20.335925,-0.078437,-0.431104,10.113569,0.085186,0.322302,0.073888,0.915527,0.030518,-0.122070
20.346022,0.064666,-0.520318,10.057286,0.228289,0.233088,0.017605,1.403809,-0.030518,-1.434326
20.356120,0.309556,-0.781974,9.993818,0.473180,-0.028568,-0.045863,1.647949,-0.427246,-0.854492
20.366241,-0.064067,-0.878972,9.908196,0.099556,-0.125566,-0.131485,4.150391,0.366211,2.655029
20.376337,0.009580,-1.050815,10.050101,0.173203,-0.297409,0.010420,2.593994,0.244141,4.699707
20.386434,-0.114961,-0.572410,10.058483,0.048662,0.180996,0.018802,-1.007080,-0.030518,7.598877
20.396530,-0.100591,-0.850232,10.053693,0.063032,-0.096826,0.014012,-1.708984,-0.335693,6.500244
20.406627,-0.020358,-1.277743,9.992620,0.143266,-0.524337,-0.047061,4.150391,0.000000,9.857178
20.416724,0.089813,-0.928669,10.050101,0.253436,-0.175263,0.010420,3.570557,-0.427246,12.908936
20.426823,-0.056283,-0.542472,10.089020,0.107340,0.210934,0.049339,4.608154,-0.183105,13.183594
20.436917,-0.105381,-0.728685,10.006990,0.058242,0.024721,-0.032691,3.387451,-0.335693,11.688232
20.447016,-0.106578,-0.820893,9.947714,0.057045,-0.067487,-0.091967,1.251221,-0.946045,9.429932
20.457113,0.198787,-0.695753,10.100396,0.362410,0.057653,0.060715,-3.662109,-1.495361,6.317139
20.467297,0.155078,-0.640668,10.048903,0.318701,0.112738,0.009222,-5.981445,-0.671387,1.983643
20.477388,0.198787,-0.901126,10.075248,0.362410,-0.147720,0.035568,-7.690430,-0.457764,3.051758
20.487478,0.082628,-1.292113,9.892628,0.246251,-0.538707,-0.147053,-6.866455,-0.732422,5.340576
20.497569,0.277224,-1.203497,9.975855,0.440847,-0.450092,-0.063826,-5.187988,-0.305176,6.713867
20.507659,0.322729,-1.097518,9.981244,0.486352,-0.344112,-0.058437,-2.593994,0.122070,7.019043
20.517750,0.162263,-0.906515,9.959689,0.325886,-0.153109,-0.079992,0.457764,0.671387,7.354736
20.527839,0.692759,-1.180745,9.982441,0.856383,-0.427339,-0.057239,0.793457,0.366211,6.042480
20.537929,0.268242,-1.468746,10.086625,0.431865,-0.715340,0.046944,1.007080,0.366211,8.178711
20.548019,0.195793,-1.479523,10.080038,0.359416,-0.726118,0.040358,4.760742,0.488281,15.380859
20.558109,0.177231,-1.139431,9.987830,0.340855,-0.386025,-0.051851,3.295898,-0.366211,17.395020
20.568268,0.053289,-1.224454,10.128538,0.216912,-0.471048,0.088857,2.075195,-0.823975,17.333984
20.578364,0.014969,-1.073568,10.068662,0.178592,-0.320162,0.028981,1.770020,-1.403809,20.843506
20.588461,0.008981,-0.896336,9.990225,0.172605,-0.142930,-0.049456,0.610352,-1.739502,20.751953
20.598558,-0.089813,-0.582589,9.972861,0.073810,0.170817,-0.066820,-0.762939,-2.166748,20.172119
20.608655,-0.165256,-0.528701,9.948911,-0.001633,0.224705,-0.090770,-0.671387,-1.678467,19.073486
20.618752,-0.076042,-0.422122,10.056687,0.087581,0.331284,0.017006,-2.227783,-1.556396,14.923096
20.628848,-0.171843,-0.451461,9.883647,-0.008219,0.301945,-0.156034,-4.760742,-1.525879,11.840820
20.638946,-0.091011,-0.315544,10.026151,0.072613,0.437862,-0.013530,-5.035400,-0.671387,2.593994
20.649042,0.474214,-0.090412,10.142908,0.637837,0.662994,0.103227,-4.577637,-0.549316,-2.227783
20.659140,0.149689,-0.411345,10.053693,0.313312,0.342061,0.014012,-2.380371,-0.488281,-5.340576
20.669261,-0.136516,-0.163460,10.192006,0.027107,0.589946,0.152325,-1.556396,0.762939,-0.274658
20.679358,-0.280217,-0.225731,9.623787,-0.116594,0.527675,-0.415894,-1.800537,1.159668,0.396729
20.689455,0.105381,-0.238903,10.027947,0.269004,0.514503,-0.011734,0.640869,2.258301,-4.547119
20.699553,0.109572,-0.623304,10.138716,0.273195,0.130102,0.099036,0.579834,2.380371,-4.241943
20.709650,0.063468,-0.667013,10.183623,0.227091,0.086393,0.143942,2.838135,0.762939,-4.608154
20.719747,0.211959,-0.725691,10.124945,0.375582,0.027715,0.085264,1.861572,-0.457764,-2.746582
20.729845,0.387993,-0.667612,9.921967,0.551616,0.085794,-0.117714,1.068115,-0.396729,-1.617432
20.739943,0.233514,-0.492775,9.910591,0.397138,0.260631,-0.129090,0.518799,0.335693,-3.723145
20.750040,0.356259,-0.747246,9.970466,0.519882,0.006160,-0.069215,0.366211,0.457764,-1.525879
20.760138,0.705333,-0.728086,10.071656,0.868956,0.025320,0.031975,2.624512,-0.488281,-1.800537
20.770260,-0.052690,-0.636476,10.075248,0.110933,0.116929,0.035568,2.655029,-0.183105,-1.495361
20.780356,-0.255070,-1.068179,10.130933,-0.091446,-0.314773,0.091252,1.800537,-0.274658,2.319336
20.790452,0.263452,-0.572410,9.989626,0.427075,0.180996,-0.050054,1.739502,-0.579834,-0.061035
20.800549,0.170046,-0.820893,10.053094,0.333670,-0.067487,0.013414,2.655029,-0.549316,-0.732422
20.810646,-0.189805,-0.768203,10.054292,-0.026182,-0.014797,0.014611,2.838135,-0.549316,0.396729
20.820742,-0.453856,-0.961600,9.978849,-0.290233,-0.208195,-0.060832,2.014160,0.244141,0.488281
20.830839,-0.064067,-0.826282,10.197993,0.099556,-0.072876,0.158312,1.190186,0.946045,-0.183105
20.840935,-0.373024,-0.947230,9.999805,-0.209401,-0.193824,-0.039876,2.746582,-0.183105,0.457764
20.851032,-0.479004,-1.195115,10.056088,-0.315381,-0.441709,0.016407,3.295898,-1.007080,5.798340
20.861128,-0.171843,-0.683778,10.013577,-0.008219,0.069628,-0.026104,2.868652,-0.579834,6.286621
20.871251,0.042512,-0.699944,10.169852,0.206135,0.053461,0.130171,5.371094,-0.701904,0.885010
20.881347,-0.113165,-0.841849,10.034533,0.050459,-0.088444,-0.005148,5.096436,-0.061035,-0.366211
20.891443,-0.279619,-1.153801,10.027947,-0.115995,-0.400395,-0.011734,3.814697,0.244141,2.197266
20.901540,0.166454,-0.386796,10.057885,0.330077,0.366610,0.018204,0.457764,0.091553,1.129150
20.911636,0.271236,-0.613724,9.936936,0.434859,0.139682,-0.102745,0.946045,-0.335693,-1.495361
20.921874,0.129331,-0.617915,10.002200,0.292954,0.135491,-0.037481,-0.183105,-0.762939,-3.021240
20.931972,-0.011975,-0.633483,9.997410,0.151648,0.119923,-0.042271,-0.976562,-0.701904,-1.983643
20.942069,0.389191,-0.602946,9.886042,0.552814,0.150460,-0.153639,-5.615234,0.671387,-5.493164
20.952165,-0.158071,-1.011896,10.180031,0.005552,-0.258490,0.140350,-6.774902,-0.030518,-6.134033
20.962262,-0.285606,-1.026865,10.095007,-0.121983,-0.273459,0.055326,-1.281738,0.610352,-3.753662
20.972434,0.153281,-0.788560,10.054891,0.316904,-0.035154,0.015210,-1.586914,1.129150,-3.723145
20.982525,-0.042512,-0.761017,10.159673,0.121112,-0.007612,0.119992,-1.312256,1.129150,-4.821777
20.992615,-0.039518,-1.138832,10.089020,0.124105,-0.385426,0.049339,-2.807617,0.640869,-5.004883
21.002704,-0.054487,-0.946631,10.042916,0.109137,-0.193226,0.003235,-3.936768,0.122070,-4.333496
21.012794,0.110171,-0.508942,10.092612,0.273794,0.244464,0.052931,-3.814697,-0.335693,-7.965088
21.022885,-0.232317,-1.269360,9.821376,-0.068694,-0.515955,-0.218305,0.122070,-0.183105,-4.791260
21.032973,-0.059875,-1.214275,10.085427,0.103748,-0.460869,0.045746,-0.671387,-0.823975,-4.577637
21.043062,0.076641,-0.695154,10.006392,0.240264,0.058251,-0.033289,0.976562,-0.122070,-5.096436
21.053153,-0.041314,-0.656235,10.035132,0.122309,0.097170,-0.004549,1.770020,0.732422,-6.896973
21.063243,0.120948,-1.066382,10.118958,0.284572,-0.312977,0.079277,2.685547,0.915527,-7.202148
21.073392,-0.009580,-1.066981,10.005793,0.154043,-0.313575,-0.033888,2.777100,0.823975,-7.568359
21.083489,-0.014370,-0.862207,10.157877,0.149253,-0.108801,0.118196,1.434326,0.854492,-5.004883
21.093585,0.054487,-0.443079,10.025552,0.218110,0.310327,-0.014129,-0.579834,-0.030518,-5.706787
21.103681,-0.380808,-0.991538,10.028546,-0.217185,-0.238132,-0.011135,-2.685547,-0.274658,-6.286621
21.113779,0.208367,-0.616119,10.139914,0.371990,0.137287,0.100233,0.610352,0.305176,-4.608154
21.123876,0.105381,-1.016087,9.971664,0.269004,-0.262681,-0.068017,-0.823975,-0.305176,-4.608154
21.133972,-0.360450,-0.733475,9.702224,-0.196827,0.019931,-0.337457,-2.960205,-1.525879,-6.195068
21.144069,-0.259860,-1.026865,9.996812,-0.096236,-0.273459,-0.042869,-1.373291,-1.037598,-3.417969
21.154165,0.099992,-0.759221,9.966874,0.263615,-0.005815,-0.072807,1.464844,1.007080,-2.563477
21.164261,0.236508,-0.810714,9.892628,0.400131,-0.057308,-0.147053,-0.152588,1.281738,-3.112793
21.174383,0.034728,-0.889750,10.177037,0.198351,-0.136344,0.137356,-0.061035,1.251221,-3.936768
21.184480,-0.026944,-0.353265,10.171648,0.136679,0.400140,0.131967,0.701904,0.885010,-5.004883
21.194577,-0.259860,-0.540676,10.177635,-0.096236,0.212730,0.137955,0.335693,0.610352,-6.011963
21.204673,-0.122146,-0.580792,10.171049,0.041477,0.172614,0.131368,1.617432,0.152588,-5.554199
21.214769,-0.070653,-0.698747,10.135124,0.092970,0.054659,0.095443,1.678467,-0.030518,-4.577637
21.224864,0.008383,-0.437690,10.015972,0.172006,0.315716,-0.023709,1.159668,0.152588,-5.218506
21.234961,-0.056882,-0.429906,9.938134,0.106742,0.323500,-0.101547,0.915527,-0.213623,-6.042480
21.245057,-0.130529,-0.555046,9.977053,0.033095,0.198360,-0.062628,0.335693,-0.518799,-6.408691
21.255153,-0.132325,-0.743055,10.011780,0.031298,0.010351,-0.027900,1.190186,-0.457764,-4.547119
21.265250,-0.105381,-0.769400,10.126143,0.058242,-0.015994,0.086462,-1.434326,-1.281738,-4.058838
21.275371,-0.046104,-0.695753,9.902208,0.117519,0.057653,-0.137473,-0.915527,-1.068115,-2.624512
21.285468,-0.208367,-0.465831,10.119556,-0.044743,0.287574,0.079875,2.319336,0.061035,-2.136230
21.295566,-0.231119,-0.595162,10.066866,-0.067496,0.158243,0.027185,0.122070,0.701904,-5.279541
21.305662,-0.328716,-0.629291,10.034533,-0.165093,0.124114,-0.005148,-0.030518,0.549316,-5.493164
21.315759,0.179626,-0.837059,10.009984,0.343250,-0.083654,-0.029697,-6.317139,-0.640869,-8.728027
21.325856,0.148491,-0.616718,10.039323,0.312114,0.136688,-0.000358,-4.943848,-0.122070,-6.011963
21.335953,0.075443,-0.508343,9.980645,0.239066,0.245063,-0.059036,-2.319336,0.305176,-6.134033
21.346049,-0.001796,-0.363444,10.254875,0.161827,0.389962,0.215194,-1.556396,0.305176,-6.805420
21.356145,-0.111967,-0.413740,10.210567,0.051656,0.339666,0.170886,-3.082275,0.610352,-8.056641
21.366243,0.074844,-0.379012,10.027348,0.238468,0.374394,-0.012333,-1.129150,1.312256,-9.094238
21.376363,0.031734,-0.451461,9.927356,0.195357,0.301945,-0.112325,-0.244141,2.105713,-7.781982
21.386458,-0.038320,-0.704734,10.132130,0.125303,0.048671,0.092449,2.685547,2.288818,-7.873535
21.396554,0.202978,-0.602347,10.122550,0.366601,0.151058,0.082869,1.983643,1.983643,-9.704590
21.406650,0.076042,-0.898132,10.054891,0.239665,-0.144727,0.015210,0.549316,2.288818,-11.596680
21.416746,-0.101190,-0.810714,10.044113,0.062434,-0.057308,0.004432,0.823975,1.831055,-12.298584
21.426844,0.064666,-0.855621,9.993818,0.228289,-0.102215,-0.045863,0.305176,1.617432,-12.756348
21.436942,-0.041314,-1.047222,10.147099,0.122309,-0.293817,0.107418,1.434326,0.885010,-11.688232
21.447057,-0.128732,-0.998124,10.129136,0.034891,-0.244719,0.089455,2.288818,0.549316,-10.589600
21.457155,0.005988,-0.862207,9.907597,0.169611,-0.108801,-0.132084,1.434326,0.366211,-11.077881
21.467252,0.025746,-1.044229,10.017768,0.189370,-0.290823,-0.021913,1.251221,-0.244141,-9.796143
21.477443,-0.094005,-0.995729,10.046508,0.069619,-0.242324,0.006827,1.464844,0.183105,-6.805420
21.487534,-0.010778,-0.843646,10.055490,0.152846,-0.090240,0.015809,0.854492,0.305176,-6.469727
21.497624,0.082029,-0.796943,10.140513,0.245653,-0.043537,0.100832,0.946045,0.274658,-6.835938
21.507715,-0.423320,-1.432820,10.004595,-0.259696,-0.679415,-0.035086,0.061035,-0.091553,-2.258301
21.517805,-0.076641,-1.221460,9.998608,0.086983,-0.468054,-0.041073,-0.610352,0.030518,1.312256
21.527896,0.126337,-0.720901,9.975256,0.289961,0.032505,-0.064425,-0.885010,-0.152588,3.082275
21.537987,-0.094603,-0.443677,10.029144,0.069020,0.309728,-0.010537,-1.037598,0.091553,2.502441
21.548078,-0.086221,-0.856219,10.200388,0.077403,-0.102814,0.160707,-6.866455,-0.671387,1.037598
21.558169,0.110171,-0.571811,9.993818,0.273794,0.181595,-0.045863,-6.164551,-0.183105,1.464844
21.568258,0.153281,-0.652643,10.059681,0.316904,0.100763,0.020000,-5.371094,0.030518,-3.326416
21.578416,-0.194595,-0.856818,9.979448,-0.030972,-0.103412,-0.060233,-4.821777,-0.152588,-2.349854
21.588513,-0.007185,-0.957409,9.992620,0.156438,-0.204003,-0.047061,-3.814697,0.030518,-1.831055
21.598610,0.158670,-0.854423,10.034533,0.322293,-0.101017,-0.005148,-2.166748,0.823975,3.448486
21.608707,0.059277,-0.655637,10.127939,0.222900,0.097769,0.088258,-3.112793,1.159668,4.119873
21.618804,-0.092208,-0.664019,10.102192,0.071415,0.089387,0.062512,-2.929688,-0.213623,2.593994
21.628900,0.118553,-1.034648,10.034533,0.282177,-0.281243,-0.005148,-2.960205,-0.427246,3.356934
21.639023,-0.082029,-0.601749,9.976454,0.081594,0.151657,-0.063227,0.610352,0.000000,4.150391
21.649120,-0.070054,-0.514929,10.102192,0.093569,0.238477,0.062512,2.624512,-0.091553,1.983643
21.659217,-0.026345,-0.666414,10.153087,0.137278,0.086992,0.113406,2.044678,-1.037598,-1.464844
21.669313,0.202978,-0.525108,9.953102,0.366601,0.228298,-0.086578,0.366211,-1.342773,-4.730225
21.679436,0.064666,-0.767005,10.036329,0.228289,-0.013599,-0.003352,2.136230,-0.976562,-4.058838
21.689533,0.191003,-1.049617,9.972263,0.354626,-0.296212,-0.067418,0.366211,-0.427246,-1.037598
21.699629,0.290995,-0.300575,9.912387,0.454618,0.452831,-0.127294,2.899170,0.213623,-0.915527
21.709726,0.050295,-0.620310,10.183024,0.213919,0.133096,0.143343,2.471924,0.091553,-2.685547
21.719823,-0.104782,-0.934656,9.973460,0.058841,-0.181251,-0.066221,2.563477,0.122070,-0.610352
21.729920,-0.068857,-0.602946,10.185419,0.094766,0.150460,0.145738,3.906250,0.427246,-2.899170
21.740017,-0.219144,-0.631686,10.051897,-0.055521,0.121719,0.012216,3.784180,0.854492,-4.943848
21.750114,-0.552052,-0.807122,10.091415,-0.388429,-0.053716,0.051734,4.882812,0.701904,-3.051758
21.760213,-0.028141,-0.373623,10.113569,0.135482,0.379783,0.073888,4.699707,1.098633,-2.258301
21.770307,0.004790,-0.522713,9.954300,0.168413,0.230693,-0.085381,3.204346,1.007080,-3.479004
21.780428,-0.202978,-1.007704,10.184222,-0.039355,-0.254299,0.144541,2.532959,0.335693,-1.892090
21.790525,0.060474,-0.799937,10.208771,0.224097,-0.046531,0.169090,3.814697,0.274658,0.701904
21.800622,0.116757,-0.589175,10.169253,0.280380,0.164231,0.129572,-5.706787,-0.671387,4.150391
21.810750,-0.234712,-0.322130,9.996213,-0.071089,0.431276,-0.043468,-6.134033,-0.244141,4.364014
21.820844,-0.248483,-0.575403,9.861493,-0.084860,0.178002,-0.178188,-5.828857,-0.396729,5.126953
21.830941,-0.051493,-0.383203,10.169852,0.112130,0.370203,0.130171,-0.335693,0.671387,6.164551
21.841037,0.124541,-0.233514,10.050699,0.288164,0.519891,0.011019,-4.302979,-0.030518,2.716064
21.851133,0.067061,-0.559237,9.954899,0.230684,0.194169,-0.084782,-0.335693,0.335693,4.882812
21.861228,0.030536,-0.626298,10.057286,0.194160,0.127108,0.017605,-0.030518,0.213623,5.676270
21.871325,-0.090412,-0.674797,9.994417,0.073211,0.078609,-0.045264,0.488281,-0.610352,7.202148
21.881457,0.017963,-0.456850,10.044113,0.181586,0.296556,0.004432,-0.671387,-0.274658,6.164551
21.891554,-0.404160,-0.576601,10.230925,-0.240536,0.176805,0.191244,0.976562,0.549316,6.408691
21.901651,-0.162263,-0.542472,10.098600,0.001361,0.210934,0.058919,0.854492,0.183105,6.530762
21.911746,-0.177231,-0.361049,10.169852,-0.013608,0.392357,0.130171,0.427246,0.122070,4.394531
21.921843,-0.430505,-0.873583,10.032138,-0.266882,-0.120178,-0.007543,-0.793457,1.007080,-0.274658
21.931939,-0.430505,-0.661624,9.982441,-0.266882,0.091782,-0.057239,-0.061035,0.671387,-0.305176
21.942035,-0.258662,-0.875380,10.005194,-0.095039,-0.121974,-0.034487,1.464844,-0.427246,2.655029
21.952132,-0.201182,-0.887953,10.095606,-0.037558,-0.134548,0.055925,2.777100,-0.610352,6.134033
21.962226,0.017963,-0.711920,10.112371,0.181586,0.041486,0.072690,2.563477,-0.579834,6.530762
21.972322,-0.132325,-0.819097,10.015373,0.031298,-0.065691,-0.024308,0.823975,-0.610352,6.042480
21.982444,-0.188009,-0.805325,10.145303,-0.024386,-0.051920,0.105622,2.014160,0.000000,5.218506
21.992541,-0.365839,-0.784369,10.108779,-0.202216,-0.030963,0.069098,3.295898,0.610352,5.950928
22.002637,-0.232916,-0.958607,10.171049,-0.069292,-0.205201,0.131368,0.244141,0.305176,7.293701
22.012733,-0.214953,-0.804727,10.193802,-0.051330,-0.051321,0.154121,-0.640869,-0.030518,6.469727
22.022830,-0.225132,-0.577798,10.160870,-0.061509,0.175607,0.121189,-0.091553,0.183105,4.394531
22.032927,-0.393981,-1.089734,10.340497,-0.230357,-0.336328,0.300816,-0.274658,-1.861572,1.190186
22.043024,-0.053888,-0.593366,9.793235,0.109735,0.160040,-0.246446,-2.227783,-0.976562,1.007080
22.053120,-0.057480,-0.783171,10.231523,0.106143,-0.029766,0.191843,-0.946045,0.061035,0.915527
22.063216,-0.258063,-0.913700,10.077045,-0.094440,-0.160294,0.037364,-2.349854,0.427246,-0.823975
22.073312,-0.286804,-0.969983,10.038126,-0.123180,-0.216577,-0.001555,-1.861572,0.305176,-0.457764
22.083435,-0.075443,-0.736469,10.040521,0.088180,0.016937,0.000840,-0.061035,0.000000,-1.556396
22.093531,0.020956,-1.114283,10.012379,0.184580,-0.360877,-0.027302,-2.075195,-0.335693,-2.136230
22.103627,-0.015568,-1.029260,10.096804,0.148056,-0.275854,0.057123,-1.129150,-0.579834,-2.319336
22.113724,-0.115560,-0.942440,9.956695,0.048064,-0.189034,-0.082986,1.525879,-0.305176,-2.288818
22.123820,0.067659,-1.210682,10.068063,0.231283,-0.457277,0.028382,0.091553,-0.366211,-0.885010
22.133916,0.020358,-1.040037,9.953701,0.183981,-0.286631,-0.085980,3.051758,0.183105,0.274658
22.144024,0.238903,-1.017285,9.995015,0.402526,-0.263879,-0.044666,-0.518799,0.244141,0.030518
22.154121,-0.289797,-1.032253,10.012978,-0.126174,-0.278848,-0.026703,-0.518799,0.183105,-0.915527
22.164217,-0.199984,-0.952020,10.040521,-0.036361,-0.198614,0.000840,-1.251221,0.183105,-1.159668
22.174314,-0.046703,-0.880768,10.044113,0.116920,-0.127363,0.004432,-1.068115,0.457764,-4.241943
22.184438,-0.113165,-0.865800,10.091415,0.050459,-0.112394,0.051734,-3.051758,0.366211,-5.035400
22.194535,0.047900,-0.731678,9.902208,0.211524,0.021727,-0.137473,-2.532959,0.518799,-5.340576
22.204631,0.226928,-1.217867,10.042916,0.390551,-0.464462,0.003235,-0.671387,0.244141,-3.784180
22.214727,-0.005389,-1.007704,10.054292,0.158234,-0.254299,0.014611,1.281738,0.152588,-1.281738
22.224823,-0.147294,-0.585582,10.108779,0.016330,0.167824,0.069098,4.058838,0.549316,-0.030518
22.234918,-0.176034,-0.987347,9.983040,-0.012411,-0.233941,-0.056641,0.885010,-0.061035,1.098633
22.245015,-0.028740,-0.550256,10.064471,0.134883,0.203150,0.024790,0.854492,0.213623,0.793457
22.255111,-0.043110,-0.719703,10.064471,0.120513,0.033702,0.024790,2.044678,0.457764,-0.030518
22.265213,0.039518,-0.879571,10.098600,0.203141,-0.126165,0.058919,-0.732422,-0.427246,-1.495361
22.275303,-0.023950,-0.792751,10.084828,0.139673,-0.039346,0.045148,-2.807617,-0.854492,-1.251221
22.285511,0.030536,-0.514330,9.894424,0.194160,0.239075,-0.145256,-0.885010,-0.610352,0.396729
22.295604,-0.016166,-0.435295,10.308763,0.147457,0.318111,0.269082,-2.746582,0.915527,0.061035
22.305695,0.099992,-0.388592,10.063273,0.263615,0.364814,0.023592,-4.425049,0.915527,-5.584717
22.315785,0.029339,-0.349673,10.051897,0.192962,0.403733,0.012216,-3.936768,0.396729,-12.786865
22.325876,-0.041913,-0.963397,10.158475,0.121710,-0.209991,0.118794,-4.913330,0.793457,-15.472412
22.335967,-0.096400,-0.813708,10.021360,0.067224,-0.060302,-0.018320,-0.732422,0.885010,-14.099121
22.346058,-0.038919,-1.020278,9.955497,0.124704,-0.266873,-0.084183,1.129150,1.098633,-11.260986
22.356148,0.041913,-0.597557,10.061477,0.205536,0.155848,0.021796,6.042480,2.014160,-5.462646
22.366238,-0.107177,-0.905317,10.254875,0.056446,-0.151912,0.215194,2.044678,0.915527,-5.371094
22.376328,-0.172441,-1.016087,10.086625,-0.008818,-0.262681,0.046944,3.814697,0.518799,-2.624512
22.386479,-0.011975,-0.273032,10.048304,0.151648,0.480374,0.008624,4.547119,-0.061035,0.793457
22.396575,0.140707,-0.261656,9.877061,0.304331,0.491750,-0.162620,3.692627,-0.152588,0.396729
22.406672,0.175435,-0.337698,10.126143,0.339058,0.415708,0.086462,3.906250,-0.274658,1.678467
22.416770,-0.272433,-0.690364,10.095606,-0.108810,0.063041,0.055925,3.540039,-0.213623,5.065918
22.426867,-0.593366,-0.085023,10.043514,-0.429743,0.668383,0.003834,0.274658,-0.701904,4.943848
22.436964,0.075443,-0.069456,10.052496,0.239066,0.683950,0.012815,-1.800537,-1.342773,0.305176
22.447061,0.105980,-0.326321,10.084828,0.269603,0.427084,0.045148,-1.129150,-1.159668,-2.624512
22.457158,-0.152682,-0.591570,9.810599,0.010941,0.161836,-0.229082,-4.272461,-0.701904,-5.126953
22.467254,-0.406555,-0.900527,10.218351,-0.242931,-0.147122,0.178670,-1.068115,0.000000,-0.274658
22.477350,0.437091,-0.555046,9.826765,0.600714,0.198360,-0.212916,-0.030518,0.854492,6.622314
22.487509,-0.067659,-0.502355,10.285411,0.095964,0.251050,0.245731,2.380371,0.671387,4.699707
22.497606,-0.268242,-0.925076,10.098600,-0.104619,-0.171671,0.058919,3.112793,-0.335693,4.943848
22.507703,0.202379,-0.361049,9.866882,0.366002,0.392357,-0.172799,3.479004,-0.579834,6.439209
22.517800,-0.021555,-0.317340,10.108779,0.142068,0.436066,0.069098,5.340576,0.274658,6.713867
22.527896,0.253872,-0.810115,9.991423,0.417495,-0.056710,-0.048258,1.403809,0.366211,7.507324
22.537993,0.146096,-0.711920,9.978250,0.309719,0.041486,-0.061431,-1.098633,0.091553,5.584717
22.548090,0.113763,-0.437091,9.833950,0.277387,0.316315,-0.205731,2.685547,-1.464844,1.861572
22.558187,0.180225,-0.698747,10.033336,0.343848,0.054659,-0.006345,-1.739502,-0.976562,0.915527
22.568282,0.146096,-0.686173,9.960287,0.309719,0.067233,-0.079393,-1.525879,0.488281,-2.685547
22.578378,0.343087,-0.844843,9.876462,0.506710,-0.091437,-0.163219,1.556396,1.403809,-4.364014
22.588499,0.366438,-1.351390,9.905202,0.530061,-0.597984,-0.134479,2.899170,1.556396,-2.868652
22.598597,-0.025746,-1.550176,10.076446,0.137877,-0.796771,0.036765,1.281738,0.549316,7.934570
22.608693,0.318538,-1.042432,10.005194,0.482161,-0.289026,-0.034487,1.953125,0.488281,9.735107
22.618790,-0.011376,-1.166973,10.072255,0.152247,-0.413567,0.032574,1.373291,0.366211,1.861572
22.628887,0.061672,-0.970582,9.957892,0.225295,-0.217176,-0.081788,1.770020,0.305176,0.030518
22.638984,0.216749,-1.287922,10.145901,0.380373,-0.534516,0.106221,-1.586914,-0.396729,-0.396729
22.649081,0.046104,-1.768722,9.980046,0.209727,-1.015316,-0.059634,-1.281738,-0.946045,3.051758
22.659178,0.042512,-0.923879,10.063872,0.206135,-0.170473,0.024191,-3.295898,-1.495361,3.479004
22.669274,0.049098,-1.091530,10.198592,0.212721,-0.338124,0.158911,-1.342773,-0.885010,2.197266
22.679371,-0.355062,-1.369951,9.987830,-0.191438,-0.616545,-0.051851,0.549316,-0.946045,5.126953
22.689492,0.173040,-0.823288,10.045311,0.336663,-0.069882,0.005630,1.251221,-0.946045,6.225586
22.699590,0.292192,-0.617316,10.095007,0.455816,0.136090,0.055326,1.556396,-0.701904,3.295898
22.709687,-0.222737,-1.208886,9.942924,-0.059114,-0.455480,-0.096757,0.305176,-1.037598,5.126953
22.719783,0.147892,-0.735271,9.999207,0.311516,0.018135,-0.040474,2.044678,-0.457764,6.225586
22.729879,0.068258,-0.639470,10.083032,0.231881,0.113936,0.043351,0.854492,-0.244141,6.378174
22.739976,0.059875,-0.610131,10.063273,0.223499,0.143275,0.023592,0.244141,-0.610352,4.577637
22.750072,0.217348,-0.634680,10.005194,0.380971,0.118726,-0.034487,-3.631592,-0.701904,4.058838
22.760170,-0.201780,-1.078358,10.009385,-0.038157,-0.324952,-0.030296,-7.568359,-1.007080,2.075195
22.770267,0.078437,-1.068777,9.965078,0.242060,-0.315372,-0.074603,-8.270264,-0.488281,3.570557
22.780364,0.112566,-0.753234,10.184222,0.276189,0.000172,0.144541,-6.774902,-0.244141,2.197266
22.790485,0.273631,-0.940045,10.006990,0.437254,-0.186639,-0.032691,-4.547119,0.000000,1.220703
22.800582,-0.003593,-0.980760,9.923763,0.160031,-0.227355,-0.115917,-0.488281,-0.061035,4.241943
22.810679,-0.207768,-0.946631,10.047107,-0.044145,-0.193226,0.007426,1.098633,-0.091553,4.821777
22.820776,-0.262853,-0.560435,9.935739,-0.099230,0.192971,-0.103942,2.838135,0.335693,3.509521
22.830871,-0.132924,-1.135239,10.094409,0.030700,-0.381833,0.054728,3.906250,0.488281,4.028320
22.840968,-0.185614,-1.040037,10.141710,-0.021991,-0.286631,0.102029,3.906250,1.159668,6.378174
22.851064,0.137714,-0.729882,10.080038,0.301337,0.023524,0.040358,-0.640869,0.305176,8.605957
22.861161,-0.046703,-0.773591,10.021959,0.116920,-0.020186,-0.017722,-0.427246,0.305176,7.751465
22.871257,-0.253872,-0.549058,10.115964,-0.090249,0.204348,0.076283,-5.187988,-1.892090,3.204346
22.881353,-0.156874,-1.247206,9.914782,0.006749,-0.493801,-0.124899,-5.676270,-2.044678,4.486084
22.891505,0.278421,-0.989742,10.120754,0.442044,-0.236336,0.081073,-2.746582,-1.495361,6.286621
22.901603,0.003593,-0.943638,9.989028,0.167216,-0.190232,-0.050653,-1.617432,-1.251221,7.354736
22.911699,0.310155,-0.721500,10.082433,0.473778,0.031906,0.042753,-1.464844,-0.976562,5.065918
22.921796,0.141306,-0.571212,10.099797,0.304929,0.182194,0.060116,2.319336,0.091553,0.122070
22.931893,0.144899,-1.077160,10.022558,0.308522,-0.323754,-0.017123,1.403809,-0.305176,-1.373291
22.941990,0.152682,-1.226849,9.924961,0.316306,-0.473443,-0.114720,1.617432,0.671387,1.403809
22.952088,-0.082029,-1.106499,10.029144,0.081594,-0.353093,-0.010537,0.976562,0.762939,4.394531
22.962185,0.255070,-0.628693,10.060280,0.418693,0.124713,0.020599,-1.403809,0.061035,1.403809
22.972282,-0.223336,-1.257385,9.944720,-0.059712,-0.503979,-0.094961,-0.762939,0.610352,2.899170
22.982378,-0.019160,-1.226849,10.027947,0.144463,-0.473443,-0.011734,0.427246,0.610352,2.746582
22.992500,0.144899,-0.941841,10.022558,0.308522,-0.188436,-0.017123,-1.251221,-0.091553,4.425049
23.002597,0.000000,-0.842448,9.966275,0.163623,-0.089042,-0.073406,-1.220703,-0.061035,2.593994
23.012694,-0.253872,-1.219065,9.999207,-0.090249,-0.465659,-0.040474,-0.549316,-0.030518,1.525879
23.022790,-0.133522,-1.292113,9.998009,0.030101,-0.538707,-0.041672,0.305176,0.183105,2.716064
23.032886,0.132325,-1.147214,9.933344,0.295948,-0.393809,-0.106337,0.793457,0.305176,2.258301
23.042983,0.095202,-0.946631,9.938134,0.258825,-0.193226,-0.101547,-0.335693,-0.122070,1.342773
23.053080,-0.115560,-1.278940,9.948312,0.048064,-0.525535,-0.091368,0.274658,0.061035,1.647949
23.063177,0.021555,-1.209485,10.011780,0.185178,-0.456079,-0.027900,1.708984,-0.213623,4.516602
23.073273,-0.126936,-0.975372,10.001602,0.036687,-0.221966,-0.038079,2.349854,-0.122070,3.723145
23.083370,-0.108375,-1.079555,10.048304,0.055249,-0.326149,0.008624,2.105713,-0.305176,5.340576
23.093490,-0.061073,-0.837658,9.994417,0.102550,-0.084252,-0.045264,1.892090,-0.213623,4.547119
23.103588,-0.099393,-0.877775,10.078242,0.064230,-0.124369,0.038561,0.213623,-0.640869,0.366211
23.113684,-0.299377,-1.089135,9.986034,-0.135754,-0.335729,-0.053647,0.091553,-0.579834,0.823975
23.123780,-0.044907,-0.973575,10.021360,0.118717,-0.220170,-0.018320,2.105713,-0.152588,2.899170
23.133877,0.089813,-0.749042,10.079440,0.253436,0.004363,0.039759,2.288818,-0.457764,2.044678
23.143976,-0.504750,-1.472338,10.030941,-0.341127,-0.718932,-0.008740,-1.281738,-1.068115,2.105713
23.154074,-0.128134,-0.807720,10.039323,0.035490,-0.054315,-0.000358,-0.457764,-1.068115,8.300781
23.164171,-0.026944,-0.719105,10.017169,0.136679,0.034301,-0.022512,-0.427246,-0.823975,8.117676
23.174268,0.044907,-0.464035,10.012379,0.208530,0.289371,-0.027302,0.823975,-0.457764,1.953125
23.184365,-0.368234,-1.008902,10.029144,-0.204611,-0.255496,-0.010537,-0.671387,-0.488281,0.610352
23.194488,-0.230521,-1.048420,10.015972,-0.066897,-0.295014,-0.023709,-0.396729,-0.518799,4.089355
23.204585,0.017364,-0.798739,10.029144,0.180987,-0.045333,-0.010537,0.579834,-0.091553,4.364014
23.214681,0.054487,-0.560435,10.074051,0.218110,0.192971,0.034370,0.366211,-0.122070,2.868652
23.224777,0.005988,-0.825084,9.993219,0.169611,-0.071678,-0.046462,1.739502,0.396729,2.258301
23.234875,0.040715,-0.856818,10.089619,0.204339,-0.103412,0.049938,3.417969,0.793457,3.479004
23.244972,0.069456,-0.690963,10.026749,0.233079,0.062443,-0.012932,-0.671387,-0.152588,2.410889
23.255068,-0.214953,-1.057401,9.969868,-0.051330,-0.303995,-0.069813,0.152588,0.091553,4.333496
23.265165,-0.086221,-0.918490,10.083032,0.077403,-0.165084,0.043351,0.030518,0.030518,7.812500
23.275262,0.064666,-0.414338,10.099797,0.228289,0.339067,0.060116,-0.396729,0.030518,6.134033
23.285358,-0.017963,-0.547262,10.070458,0.145661,0.206144,0.030777,-0.152588,0.183105,4.211426
23.295518,-0.058678,-0.856219,10.054292,0.104945,-0.102814,0.014611,-1.037598,-0.030518,2.777100
23.305615,-0.082029,-0.816702,10.060280,0.081594,-0.063296,0.020599,-0.946045,-0.183105,3.845215
23.315712,0.086221,-0.469424,10.048304,0.249844,0.283982,0.008624,-2.197266,-0.427246,3.509521
23.325809,-0.047302,-0.539478,10.094409,0.116322,0.213928,0.054728,-2.441406,-0.427246,1.861572
23.335905,-0.023950,-0.670605,10.045311,0.139673,0.082800,0.005630,-2.593994,-0.213623,-0.793457
23.346002,0.016765,-0.747845,10.040521,0.180388,0.005561,0.000840,-3.173828,-0.061035,-0.640869
23.356099,-0.029339,-0.849034,10.026749,0.134284,-0.095629,-0.012932,-3.234863,-0.152588,-0.152588
23.366195,-0.062869,-0.753832,10.055490,0.100754,-0.000427,0.015809,-2.746582,-0.183105,0.762939
23.376292,-0.092208,-0.778980,10.043514,0.071415,-0.025574,0.003834,-2.593994,-0.213623,1.434326
23.386389,0.014969,-0.586780,10.023755,0.178592,0.166626,-0.015925,-1.647949,0.000000,0.732422
23.396511,0.024549,-0.659229,10.012379,0.188172,0.094177,-0.027302,-1.892090,-0.030518,0.213623
23.406607,-0.020358,-0.701142,10.017768,0.143266,0.052264,-0.021913,-1.678467,0.122070,-0.457764
23.416704,-0.025148,-0.728086,10.027947,0.138476,0.025320,-0.011734,-1.586914,0.152588,0.396729
23.426801,0.031734,-0.585582,10.065668,0.195357,0.167824,0.025987,-0.305176,0.122070,-0.701904
23.436897,-0.049697,-0.712518,10.079440,0.113927,0.040887,0.039759,0.640869,0.152588,-0.305176
23.447023,-0.014370,-0.758622,10.094409,0.149253,-0.005217,0.054728,0.976562,0.061035,1.037598
23.457120,0.016765,-0.683778,10.058483,0.180388,0.069628,0.018802,2.075195,0.000000,3.234863
23.467217,0.138911,-0.541873,10.097402,0.302534,0.211533,0.057721,1.892090,-0.061035,3.112793
23.477314,-0.222138,-1.046025,10.057885,-0.058515,-0.292619,0.018204,3.570557,-0.152588,2.532959
23.487411,-0.261057,-1.234034,10.041718,-0.097434,-0.480628,0.002037,2.685547,-0.335693,5.706787
23.497533,-0.246687,-0.988544,10.031539,-0.083064,-0.235139,-0.008142,3.295898,-0.152588,10.528564
23.507629,-0.175435,-0.546663,10.102192,-0.011812,0.206743,0.062512,3.936768,0.213623,9.857178
23.517727,-0.124541,-0.767005,10.065668,0.039082,-0.013599,0.025987,3.723145,0.335693,7.873535
23.527823,-0.031734,-0.690364,10.071057,0.131889,0.063041,0.031376,3.082275,0.274658,6.530762
23.537921,-0.041314,-0.737666,10.071656,0.122309,0.015740,0.031975,2.563477,0.213623,5.432129
23.548018,-0.050894,-0.795745,10.066866,0.112729,-0.042339,0.027185,1.159668,-0.030518,4.516602
23.558114,-0.096998,-0.711321,10.071057,0.066625,0.042085,0.031376,1.037598,0.000000,3.845215
23.568211,-0.171244,-0.850232,10.033336,-0.007621,-0.096826,-0.006345,1.037598,-0.061035,4.058838
23.578308,-0.060474,-0.701142,10.058483,0.103149,0.052264,0.018802,0.457764,-0.213623,3.845215
23.588406,-0.029938,-0.675994,10.063273,0.133685,0.077412,0.023592,0.030518,-0.244141,2.746582
23.598526,-0.101788,-0.924478,10.065070,0.061835,-0.171072,0.025389,-1.892090,-0.610352,0.305176
23.608623,-0.045505,-1.005309,10.055490,0.118118,-0.251904,0.015809,-3.173828,-0.885010,0.427246
23.618721,-0.113763,-0.691562,10.044113,0.049860,0.061844,0.004432,1.098633,0.061035,0.518799
23.628816,-0.134720,-0.869991,10.079440,0.028903,-0.116585,0.039759,1.983643,0.213623,0.671387
23.638914,-0.107776,-1.023272,10.079440,0.055847,-0.269866,0.039759,-1.556396,-0.549316,1.129150
23.649010,-0.084424,-0.787363,10.048903,0.079199,-0.033957,0.009222,-2.593994,-0.762939,1.281738
23.659107,-0.061672,-0.626896,10.011182,0.101951,0.126509,-0.028499,0.274658,-0.152588,1.159668
23.669204,-0.048499,-0.963995,10.071656,0.115124,-0.210590,0.031975,0.152588,-0.183105,1.800537
23.679301,-0.054487,-0.839454,10.083631,0.109137,-0.086049,0.043950,-1.403809,-0.549316,1.770020
23.689397,-0.002994,-0.849633,10.055490,0.160629,-0.096227,0.015809,-1.678467,-0.549316,1.953125
23.699522,-0.045505,-0.718506,10.046508,0.118118,0.034900,0.006827,-1.495361,-0.427246,1.007080
23.709619,-0.005389,-0.741259,10.053693,0.158234,0.012147,0.014012,0.122070,0.152588,-0.579834
23.719716,-0.058678,-0.767604,10.073452,0.104945,-0.014198,0.033771,0.061035,0.122070,-1.464844
23.729812,-0.059277,-0.795745,10.055490,0.104347,-0.042339,0.015809,-0.244141,0.000000,-1.220703
23.739909,-0.068258,-0.760419,10.051298,0.095365,-0.007013,0.011617,-0.122070,0.030518,-1.098633
23.750006,-0.055684,-0.707130,10.044712,0.107939,0.046276,0.005031,-0.152588,0.030518,-1.617432
23.760104,-0.026944,-0.728086,10.068063,0.136679,0.025320,0.028382,-0.488281,0.061035,-2.899170
23.770201,-0.025746,-0.614921,10.044113,0.137877,0.138485,0.004432,-1.312256,-0.061035,-4.119873
23.780298,-0.044907,-0.772993,10.052496,0.118717,-0.019587,0.012815,-1.007080,0.152588,-5.157471
23.790395,-0.025148,-0.754431,10.043514,0.138476,-0.001025,0.003834,-0.915527,0.183105,-4.852295
23.800515,0.007784,-0.684976,10.036928,0.171407,0.068430,-0.002753,-0.244141,0.366211,-4.730225
23.810612,-0.012574,-0.787961,10.074051,0.151049,-0.034556,0.034370,-0.244141,0.366211,-4.608154
23.820709,0.001198,-0.905916,10.054292,0.164821,-0.152510,0.014611,0.061035,0.396729,-3.601074
23.830806,0.039518,-0.674198,10.031539,0.203141,0.079208,-0.008142,0.274658,0.274658,-1.159668
23.840903,0.040715,-0.768801,10.038724,0.204339,-0.015395,-0.000957,-0.244141,0.366211,-1.403809
23.851023,-0.040715,-0.705333,10.061477,0.122908,0.048073,0.021796,-0.061035,0.335693,-0.915527
23.861120,-0.055684,-0.726290,10.050101,0.107939,0.027116,0.010420,0.335693,0.335693,-1.281738
23.871217,-0.055684,-0.711920,10.050699,0.107939,0.041486,0.011019,-0.183105,-0.091553,-0.518799
23.881314,-0.034129,-0.762814,10.064471,0.129494,-0.009408,0.024790,0.488281,0.152588,-0.061035
23.891411,-0.049098,-0.716111,10.063273,0.114525,0.037295,0.023592,0.427246,0.122070,-0.823975
23.901532,-0.064666,-0.826880,10.041718,0.098958,-0.073475,0.002037,0.335693,0.061035,0.030518
23.911628,-0.044308,-0.747246,10.033934,0.119315,0.006160,-0.005747,0.061035,-0.061035,-0.061035
23.921726,-0.088616,-0.670605,10.056687,0.075008,0.082800,0.017006,0.183105,-0.030518,-0.488281
23.931823,-0.105980,-0.864602,10.045311,0.057644,-0.111196,0.005630,-0.244141,-0.061035,-0.701904
23.941919,-0.071252,-0.790955,10.047107,0.092371,-0.037549,0.007426,-0.610352,-0.274658,0.244141
23.952016,-0.085023,-0.746647,10.042317,0.078600,0.006758,0.002636,-0.610352,-0.244141,-0.366211
23.962113,-0.128134,-0.695753,10.049502,0.035490,0.057653,0.009821,-0.396729,-0.183105,-0.732422
23.972209,-0.098196,-0.684377,10.057885,0.065427,0.069029,0.018204,-0.213623,-0.122070,-1.098633
23.982306,-0.091609,-0.767005,10.060280,0.072014,-0.013599,0.020599,-0.122070,-0.091553,-1.708984
23.992400,-0.046104,-0.800535,10.053094,0.117519,-0.047129,0.013414,-0.152588,-0.061035,-1.464844
24.002521,-0.059277,-0.778381,10.051897,0.104347,-0.024976,0.012216,-0.274658,-0.061035,-1.708984
24.012618,-0.034728,-0.749641,10.060878,0.128895,0.003765,0.021197,-0.122070,-0.030518,-1.983643
24.022716,-0.065863,-0.811912,10.056088,0.097760,-0.058506,0.016407,0.091553,0.030518,-2.197266
24.032814,-0.055085,-0.851429,10.045311,0.108538,-0.098024,0.005630,0.183105,0.122070,-1.800537
24.042911,-0.041314,-0.725691,10.047107,0.122309,0.027715,0.007426,0.244141,0.122070,-1.373291
24.053008,-0.077838,-0.649649,10.050101,0.085785,0.103757,0.010420,0.000000,0.122070,-2.197266
24.063105,-0.050894,-0.801733,10.045909,0.112729,-0.048327,0.006229,0.244141,0.213623,-4.119873
24.073202,-0.026345,-0.924478,10.052496,0.137278,-0.171072,0.012815,0.213623,0.244141,-3.936768
24.083299,-0.035327,-0.890947,10.043514,0.128297,-0.137541,0.003834,0.488281,0.122070,-0.854492
24.093396,-0.064067,-0.785566,10.048304,0.099556,-0.032161,0.008624,0.335693,0.091553,-0.244141
24.103490,-0.035925,-0.730481,10.052496,0.127698,0.022925,0.012815,0.305176,0.091553,-0.885010
24.113587,-0.001198,-0.821492,10.047706,0.162426,-0.068086,0.008025,0.152588,0.061035,-1.342773
24.123683,0.035327,-0.884960,10.056088,0.198950,-0.131554,0.016407,0.122070,0.061035,-1.434326
24.133780,0.020956,-0.869392,10.053693,0.184580,-0.115986,0.014012,0.366211,0.091553,-1.251221
24.143877,0.001198,-0.764610,10.053693,0.164821,-0.011204,0.014012,0.244141,0.061035,-1.525879
24.153974,0.050894,-1.022673,10.043514,0.214517,-0.269268,0.003834,-0.061035,0.091553,-1.708984
24.164070,0.045505,-0.971180,10.051298,0.209129,-0.217775,0.011617,0.000000,0.000000,-0.274658
24.174167,-0.019759,-0.773591,10.057885,0.143864,-0.020186,0.018204,0.030518,-0.030518,0.976562
24.184261,-0.013771,-0.744851,10.054292,0.149852,0.008555,0.014611,-0.030518,-0.030518,0.732422
24.194357,0.001796,-0.775986,10.051298,0.165420,-0.022581,0.011617,-0.122070,0.030518,-0.396729
24.204484,0.012574,-0.892145,10.039922,0.176197,-0.138739,0.000241,0.000000,0.030518,-0.274658
24.214581,0.011376,-0.925675,10.045909,0.175000,-0.172269,0.006229,0.061035,0.030518,0.061035
24.224679,0.004790,-0.902324,10.053693,0.168413,-0.148918,0.014012,0.030518,-0.061035,0.549316
24.234775,-0.002994,-0.874182,10.054292,0.160629,-0.120776,0.014611,0.000000,-0.061035,0.701904
24.244871,-0.019759,-0.832269,10.048903,0.143864,-0.078864,0.009222,0.030518,-0.030518,0.915527
24.254968,-0.020956,-0.849034,10.047107,0.142667,-0.095629,0.007426,0.122070,-0.061035,0.732422
24.265062,-0.026944,-0.844843,10.049502,0.136679,-0.091437,0.009821,0.244141,-0.061035,0.305176
24.275158,-0.005389,-0.828078,10.064471,0.158234,-0.074672,0.024790,0.427246,-0.091553,0.122070
24.285256,-0.004191,-0.823887,10.047706,0.159432,-0.070481,0.008025,1.556396,0.091553,-0.030518
24.295350,-0.035925,-0.707130,10.037527,0.127698,0.046276,-0.002154,0.335693,0.030518,-0.061035
24.305471,-0.020358,-0.786165,10.058483,0.143266,-0.032759,0.018802,-0.091553,-0.030518,-0.030518
24.315569,-0.002395,-0.896935,10.066267,0.161228,-0.143529,0.026586,3.265381,0.701904,0.000000
24.325665,-0.017963,-0.819695,10.057885,0.145661,-0.066290,0.018204,5.859375,1.251221,0.000000
24.335762,-0.067061,-0.564027,9.999207,0.096563,0.189379,-0.040474,3.814697,0.823975,-0.030518
24.345859,-0.035327,-0.671803,10.061477,0.128297,0.081603,0.021796,2.593994,0.579834,-0.030518
24.355955,-0.034129,-0.700543,10.050101,0.129494,0.052863,0.010420,2.655029,0.610352,-0.030518
24.366052,-0.049098,-0.629890,10.047107,0.114525,0.123516,0.007426,1.770020,0.396729,-0.030518
24.376149,-0.031734,-0.669408,10.049502,0.131889,0.083998,0.009821,1.281738,0.274658,-0.030518
24.386246,-0.040715,-0.656235,10.043514,0.122908,0.097170,0.003834,0.946045,0.274658,-0.061035
24.396342,-0.039518,-0.670605,10.045311,0.124105,0.082800,0.005630,0.701904,0.183105,-0.061035
24.406463,-0.038919,-0.664618,10.050101,0.124704,0.088788,0.010420,0.457764,0.122070,-0.061035
24.416560,-0.045505,-0.662223,10.068063,0.118118,0.091183,0.028382,0.335693,0.091553,-0.030518
24.426656,-0.050295,-0.664618,10.063872,0.113328,0.088788,0.024191,0.244141,0.061035,0.030518
24.436753,-0.040117,-0.665815,10.056687,0.123507,0.087590,0.017006,0.183105,0.061035,0.000000
24.446850,-0.042512,-0.661025,10.051298,0.121112,0.092380,0.011617,0.122070,0.061035,-0.030518
24.456944,-0.041314,-0.662223,10.060280,0.122309,0.091183,0.020599,0.091553,0.091553,-0.030518
24.467041,-0.038320,-0.665217,10.064471,0.125303,0.088189,0.024790,0.091553,0.091553,0.000000
24.477138,-0.034728,-0.663420,10.057885,0.128895,0.089985,0.018204,0.122070,0.061035,0.000000
24.487235,-0.034129,-0.661025,10.055490,0.129494,0.092380,0.015809,0.091553,0.061035,0.000000
24.497332,-0.037722,-0.658630,10.060878,0.125902,0.094775,0.021197,0.061035,0.030518,-0.030518
24.507451,-0.033530,-0.664019,10.069860,0.130093,0.089387,0.030179,0.091553,0.030518,-0.061035
24.517565,-0.041314,-0.661624,10.072853,0.122309,0.091782,0.033173,0.091553,0.030518,-0.030518
24.527661,-0.045505,-0.664618,10.058483,0.118118,0.088788,0.018802,0.030518,0.061035,0.030518
24.537759,-0.043709,-0.665815,10.050699,0.119914,0.087590,0.011019,0.030518,0.030518,0.030518
24.547856,-0.046703,-0.670605,10.039922,0.116920,0.082800,0.000241,0.030518,-0.030518,0.000000
24.557953,-0.052092,-0.665217,10.044712,0.111532,0.088189,0.005031,0.000000,0.000000,0.000000
24.568050,-0.049697,-0.662223,10.054292,0.113927,0.091183,0.014611,-0.030518,0.000000,-0.030518
24.578146,-0.046703,-0.664019,10.057286,0.116920,0.089387,0.017605,-0.030518,0.000000,-0.030518
24.588243,-0.049098,-0.664019,10.060878,0.114525,0.089387,0.021197,-0.030518,0.030518,-0.030518
24.598339,-0.046104,-0.668210,10.055490,0.117519,0.085195,0.015809,-0.030518,0.000000,0.030518
24.608530,-0.035327,-0.662822,10.059082,0.128297,0.090584,0.019401,-0.030518,0.000000,0.030518
24.618618,-0.043709,-0.666414,10.059082,0.119914,0.086992,0.019401,-0.030518,0.030518,0.000000
24.628708,-0.044907,-0.663420,10.057286,0.118717,0.089985,0.017605,0.000000,0.030518,0.000000
24.638799,-0.044907,-0.664019,10.056687,0.118717,0.089387,0.017006,0.030518,0.030518,-0.030518
24.648889,-0.042512,-0.664618,10.048903,0.121112,0.088788,0.009222,0.030518,0.030518,-0.061035
24.658980,-0.046104,-0.662223,10.049502,0.117519,0.091183,0.009821,-0.030518,0.030518,-0.061035
24.669070,-0.040715,-0.667013,10.057286,0.122908,0.086393,0.017605,-0.061035,0.030518,-0.061035
24.679160,-0.041913,-0.670605,10.060280,0.121710,0.082800,0.020599,-0.061035,0.030518,-0.030518
24.689251,-0.041913,-0.674198,10.056088,0.121710,0.079208,0.016407,-0.030518,0.061035,-0.030518
24.699341,-0.038320,-0.677192,10.058483,0.125303,0.076214,0.018802,-0.030518,0.061035,-0.030518
24.709493,-0.041913,-0.673000,10.066267,0.121710,0.080405,0.026586,-0.030518,0.030518,-0.061035
24.719583,-0.043709,-0.668809,10.063872,0.119914,0.084597,0.024191,0.000000,0.000000,-0.061035
24.729676,-0.040117,-0.670605,10.053693,0.123507,0.082800,0.014012,0.000000,0.000000,0.000000
24.739773,-0.036524,-0.674797,10.054292,0.127099,0.078609,0.014611,-0.061035,0.000000,-0.030518
24.749870,-0.038919,-0.675994,10.052496,0.124704,0.077412,0.012815,-0.091553,0.000000,-0.061035
24.759968,-0.041314,-0.670605,10.050101,0.122309,0.082800,0.010420,-0.091553,0.030518,-0.030518
24.770064,-0.040117,-0.670007,10.047706,0.123507,0.083399,0.008025,-0.091553,0.030518,-0.030518
24.780160,-0.044907,-0.672402,10.047706,0.118717,0.081004,0.008025,-0.091553,0.030518,0.000000
24.790258,-0.047900,-0.674797,10.036329,0.115723,0.078609,-0.003352,-0.061035,0.000000,-0.030518
24.800354,-0.044907,-0.670605,10.038126,0.118717,0.082800,-0.001555,-0.061035,0.061035,-0.030518
24.810477,-0.046703,-0.666414,10.051298,0.116920,0.086992,0.011617,-0.091553,0.030518,-0.030518
24.820574,-0.046104,-0.665815,10.055490,0.117519,0.087590,0.015809,-0.061035,0.030518,-0.030518
24.830670,-0.043110,-0.641266,10.045909,0.120513,0.112139,0.006229,-0.427246,-0.091553,-0.030518
24.840764,-0.041913,-0.653840,10.044113,0.121710,0.099565,0.004432,-0.732422,-0.183105,-0.030518
24.850860,-0.035327,-0.668210,10.044113,0.128297,0.085195,0.004432,-0.793457,-0.152588,0.000000
24.860958,-0.044308,-0.665815,10.053094,0.119315,0.087590,0.013414,-0.762939,-0.122070,0.000000
24.871056,-0.040117,-0.657433,10.055490,0.123507,0.095973,0.015809,-0.976562,-0.122070,0.000000
24.881152,-0.044308,-0.669408,10.041119,0.119315,0.083998,0.001439,-1.129150,-0.152588,0.000000
24.891249,-0.043110,-0.670007,10.041119,0.120513,0.083399,0.001439,-1.342773,-0.213623,-0.061035
24.901344,-0.040117,-0.671803,10.040521,0.123507,0.081603,0.000840,-1.434326,-0.244141,-0.030518
24.911465,-0.038919,-0.683179,10.042916,0.124704,0.070226,0.003235,-1.525879,-0.274658,-0.030518
24.921562,-0.035327,-0.692161,10.046508,0.128297,0.061245,0.006827,-1.373291,-0.213623,-0.030518
24.931657,-0.038919,-0.698747,10.043514,0.124704,0.054659,0.003834,-1.190186,-0.183105,0.000000
24.941753,-0.034129,-0.692161,10.037527,0.129494,0.061245,-0.002154,-1.037598,-0.183105,0.030518
24.951849,-0.037123,-0.692759,10.036329,0.126500,0.060646,-0.003352,-1.068115,-0.244141,0.030518
24.961945,-0.038919,-0.699944,10.047706,0.124704,0.053461,0.008025,-1.007080,-0.152588,-0.030518
24.972041,-0.035925,-0.696951,10.055490,0.127698,0.056455,0.015809,-0.885010,-0.122070,-0.061035
24.982136,-0.038320,-0.689167,10.052496,0.125303,0.064239,0.012815,-0.854492,-0.122070,-0.061035
24.992232,-0.041314,-0.689766,10.051897,0.122309,0.063640,0.012216,-0.823975,-0.091553,-0.061035
25.002328,-0.045505,-0.692759,10.050699,0.118118,0.060646,0.011019,-0.762939,-0.122070,-0.030518
25.012447,-0.046104,-0.698148,10.054891,0.117519,0.055258,0.015210,-0.732422,-0.152588,-0.030518
25.022544,-0.048499,-0.699944,10.054292,0.115124,0.053461,0.014611,-0.915527,-0.183105,-0.030518
25.032636,-0.043110,-0.716710,10.049502,0.120513,0.036696,0.009821,-0.946045,-0.183105,-0.091553
25.042732,-0.037123,-0.718506,10.039323,0.126500,0.034900,-0.000358,-0.793457,-0.152588,-0.091553
25.052827,-0.031734,-0.714315,10.035731,0.131889,0.039091,-0.003950,-0.732422,-0.091553,-0.091553
25.062924,-0.037123,-0.717308,10.045311,0.126500,0.036097,0.005630,-0.640869,-0.091553,-0.091553
25.073020,-0.040715,-0.717308,10.046508,0.122908,0.036097,0.006827,-0.549316,-0.091553,-0.061035
25.083116,-0.034129,-0.708327,10.052496,0.129494,0.045079,0.012815,-0.518799,-0.061035,-0.061035
25.093211,-0.035327,-0.705932,10.048304,0.128297,0.047474,0.008624,-0.488281,-0.061035,-0.061035
25.103307,-0.037123,-0.702339,10.044712,0.126500,0.051066,0.005031,-0.457764,-0.091553,-0.061035
25.113484,-0.033530,-0.699944,10.048903,0.130093,0.053461,0.009222,-0.427246,-0.061035,-0.061035
25.123575,-0.033530,-0.698747,10.050699,0.130093,0.054659,0.011019,-0.427246,-0.061035,-0.091553
25.133665,-0.037722,-0.699944,10.038126,0.125902,0.053461,-0.001555,-0.366211,-0.030518,-0.061035
25.143754,-0.036524,-0.702938,10.038126,0.127099,0.050468,-0.001555,-0.335693,0.000000,-0.061035
25.153843,-0.034129,-0.717907,10.038724,0.129494,0.035499,-0.000957,-0.274658,0.000000,0.000000
25.163933,-0.033530,-0.716111,10.042916,0.130093,0.037295,0.003235,-0.244141,0.030518,-0.030518
25.174022,-0.038320,-0.722098,10.045909,0.125303,0.031307,0.006229,-0.244141,0.030518,-0.061035
25.184112,-0.035327,-0.708926,10.051897,0.128297,0.044480,0.012216,-0.335693,0.000000,-0.091553
25.194198,-0.034129,-0.722697,10.048304,0.129494,0.030709,0.008624,-0.274658,0.030518,-0.061035
25.204287,-0.038320,-0.715512,10.049502,0.125303,0.037894,0.009821,-0.244141,0.030518,-0.061035
25.214445,-0.036524,-0.713117,10.047706,0.127099,0.040289,0.008025,-0.213623,0.030518,-0.061035
25.224540,-0.037123,-0.707728,10.044712,0.126500,0.045678,0.005031,-0.213623,0.000000,-0.061035
25.234636,-0.031135,-0.711920,10.042317,0.132488,0.041486,0.002636,-0.183105,0.000000,-0.061035
25.244731,-0.029339,-0.724493,10.042916,0.134284,0.028912,0.003235,-0.183105,0.000000,-0.030518
25.254827,-0.037722,-0.721500,10.042916,0.125902,0.031906,0.003235,-0.152588,-0.030518,-0.030518
25.264923,-0.038919,-0.717907,10.045909,0.124704,0.035499,0.006229,-0.091553,0.000000,0.030518
25.275019,-0.034129,-0.716710,10.050101,0.129494,0.036696,0.010420,-0.122070,0.030518,0.030518
25.285116,-0.038919,-0.716111,10.046508,0.124704,0.037295,0.006827,-0.091553,0.030518,0.000000
25.295212,-0.033530,-0.719703,10.042916,0.130093,0.033702,0.003235,-0.061035,0.030518,-0.061035
25.305307,-0.034129,-0.722098,10.044113,0.129494,0.031307,0.004432,-0.091553,0.030518,-0.061035
25.315428,-0.037722,-0.728685,10.051897,0.125902,0.024721,0.012216,-0.122070,0.030518,-0.061035
25.325525,-0.043110,-0.723895,10.044712,0.120513,0.029511,0.005031,-0.122070,0.030518,-0.061035
25.335620,-0.041913,-0.714913,10.038724,0.121710,0.038492,-0.000957,-0.091553,0.030518,-0.030518
25.345716,-0.042512,-0.723296,10.032737,0.121112,0.030110,-0.006944,-0.091553,0.000000,-0.061035
25.355812,-0.044308,-0.725092,10.040521,0.119315,0.028314,0.000840,-0.122070,0.030518,-0.030518
25.365908,-0.033530,-0.720302,10.044712,0.130093,0.033104,0.005031,-0.030518,0.000000,-0.030518
25.376004,-0.037722,-0.725092,10.043514,0.125902,0.028314,0.003834,-0.061035,0.000000,-0.030518
25.386099,-0.036524,-0.723296,10.053094,0.127099,0.030110,0.013414,-0.061035,0.030518,-0.030518
25.396195,-0.037722,-0.722098,10.055490,0.125902,0.031307,0.015809,-0.061035,0.061035,-0.030518
25.406291,-0.034728,-0.722697,10.053693,0.128895,0.030709,0.014012,-0.061035,0.061035,-0.030518
25.416411,-0.032932,-0.714913,10.054891,0.130692,0.038492,0.015210,-0.061035,0.061035,-0.030518
25.426507,-0.026345,-0.713117,10.060878,0.137278,0.040289,0.021197,0.000000,0.061035,-0.030518
25.436603,-0.022154,-0.714315,10.059681,0.141469,0.039091,0.020000,0.000000,0.061035,-0.030518
25.446699,-0.025148,-0.713117,10.053693,0.138476,0.040289,0.014012,-0.061035,0.091553,-0.030518
25.456795,-0.028141,-0.710722,10.046508,0.135482,0.042684,0.006827,-0.030518,0.030518,-0.030518
25.466890,-0.031734,-0.714913,10.047107,0.131889,0.038492,0.007426,-0.030518,0.000000,-0.030518
25.476986,-0.021555,-0.713117,10.044113,0.142068,0.040289,0.004432,-0.030518,0.000000,-0.061035
25.487082,-0.021555,-0.714315,10.051298,0.142068,0.039091,0.011617,0.000000,0.030518,-0.061035
25.497178,-0.021555,-0.709525,10.048903,0.142068,0.043881,0.009222,-0.030518,0.000000,-0.091553
25.507273,-0.029339,-0.711920,10.054292,0.134284,0.041486,0.014611,0.000000,0.000000,-0.091553
25.517381,-0.028740,-0.709525,10.058483,0.134883,0.043881,0.018802,-0.030518,0.030518,-0.061035
25.527479,-0.026345,-0.708926,10.056687,0.137278,0.044480,0.017006,0.000000,0.061035,-0.030518
25.537576,-0.028141,-0.711321,10.054891,0.135482,0.042085,0.015210,-0.030518,0.061035,-0.030518
25.547672,-0.025746,-0.715512,10.054292,0.137877,0.037894,0.014611,-0.030518,0.000000,-0.030518
25.557769,-0.027543,-0.714315,10.051897,0.136081,0.039091,0.012216,-0.061035,0.000000,-0.061035
25.567866,-0.023351,-0.713117,10.050101,0.140272,0.040289,0.010420,-0.030518,0.030518,-0.091553
25.577962,-0.025148,-0.713117,10.049502,0.138476,0.040289,0.009821,0.000000,0.000000,-0.061035
25.588058,-0.024549,-0.712518,10.044712,0.139074,0.040887,0.005031,-0.030518,0.030518,-0.030518
25.598154,-0.016166,-0.726888,10.038724,0.147457,0.026517,-0.000957,-0.061035,0.061035,0.000000
25.608251,-0.019160,-0.720901,10.042317,0.144463,0.032505,0.002636,-0.061035,0.061035,0.000000
25.618372,-0.025148,-0.717308,10.045909,0.138476,0.036097,0.006229,-0.061035,0.030518,0.030518
25.628465,-0.028740,-0.711920,10.050699,0.134883,0.041486,0.011019,-0.061035,0.030518,0.000000
25.638559,-0.032932,-0.715512,10.050101,0.130692,0.037894,0.010420,-0.061035,0.000000,-0.030518
25.648656,-0.031135,-0.712518,10.050699,0.132488,0.040887,0.011019,-0.091553,-0.030518,0.000000
25.658754,-0.029938,-0.719105,10.051897,0.133685,0.034301,0.012216,-0.061035,-0.030518,0.000000
25.668850,-0.028141,-0.711920,10.054292,0.135482,0.041486,0.014611,-0.030518,0.000000,-0.030518
25.678947,-0.033530,-0.719105,10.055490,0.130093,0.034301,0.015809,-0.030518,0.030518,-0.030518
25.689044,-0.034728,-0.721500,10.050101,0.128895,0.031906,0.010420,-0.061035,0.030518,-0.030518
25.699147,-0.032333,-0.722098,10.049502,0.131290,0.031307,0.009821,-0.030518,0.030518,-0.030518
25.709273,-0.032932,-0.711920,10.058483,0.130692,0.041486,0.018802,-0.061035,0.030518,0.000000
25.719492,-0.029938,-0.709525,10.063273,0.133685,0.043881,0.023592,-0.061035,0.000000,-0.030518
25.729601,-0.032333,-0.705333,10.059082,0.131290,0.048073,0.019401,-0.091553,0.030518,-0.030518
25.739701,-0.026944,-0.707130,10.046508,0.136679,0.046276,0.006827,-0.091553,0.000000,-0.030518
25.749789,-0.026944,-0.703537,10.044712,0.136679,0.049869,0.005031,-0.091553,-0.030518,-0.061035
25.759902,-0.022753,-0.708327,10.055490,0.140871,0.045079,0.015809,-0.030518,0.000000,0.000000
25.770008,-0.022154,-0.707728,10.054891,0.141469,0.045678,0.015210,-0.030518,0.000000,0.000000
25.780114,-0.028141,-0.716111,10.056088,0.135482,0.037295,0.016407,-0.030518,0.030518,0.000000
25.790231,-0.023950,-0.715512,10.054891,0.139673,0.037894,0.015210,-0.030518,0.030518,-0.030518
25.800347,-0.025746,-0.713716,10.049502,0.137877,0.039690,0.009821,-0.030518,0.000000,0.000000
25.810457,-0.027543,-0.721500,10.058483,0.136081,0.031906,0.018802,0.000000,0.000000,-0.030518
25.820678,-0.023351,-0.722697,10.052496,0.140272,0.030709,0.012815,0.000000,0.000000,-0.061035
25.830791,-0.023351,-0.715512,10.041119,0.140272,0.037894,0.001439,-0.030518,0.030518,-0.091553
25.840906,-0.019759,-0.719105,10.035132,0.143864,0.034301,-0.004549,-0.061035,0.030518,-0.091553
25.851035,-0.030536,-0.722697,10.039323,0.133087,0.030709,-0.000358,-0.061035,0.030518,-0.091553
25.861137,-0.031734,-0.726888,10.042317,0.131889,0.026517,0.002636,-0.030518,0.061035,-0.061035
25.871211,-0.031734,-0.726888,10.043514,0.131889,0.026517,0.003834,-0.061035,0.122070,-0.030518
25.881297,-0.031135,-0.725092,10.048903,0.132488,0.028314,0.009222,-0.061035,0.091553,-0.030518
25.891376,-0.033530,-0.724493,10.051897,0.130093,0.028912,0.012216,-0.061035,0.061035,-0.030518
25.901452,-0.031135,-0.719105,10.053094,0.132488,0.034301,0.013414,-0.061035,0.061035,-0.030518
25.911528,-0.029938,-0.716710,10.059681,0.133685,0.036696,0.020000,-0.030518,0.061035,0.000000
25.921755,-0.032333,-0.719105,10.056088,0.131290,0.034301,0.016407,-0.030518,0.030518,0.000000
25.931837,-0.028141,-0.722697,10.054292,0.135482,0.030709,0.014611,-0.030518,0.030518,0.000000
25.941920,-0.028141,-0.714315,10.050699,0.135482,0.039091,0.011019,-0.061035,0.030518,0.000000
25.952000,-0.028141,-0.720302,10.050699,0.135482,0.033104,0.011019,-0.061035,0.030518,-0.030518
25.962080,-0.031135,-0.722697,10.056088,0.132488,0.030709,0.016407,-0.091553,0.030518,-0.030518
25.972162,-0.040117,-0.733475,10.053094,0.123507,0.019931,0.013414,-0.061035,0.000000,-0.030518
25.982242,-0.039518,-0.731080,10.048304,0.124105,0.022326,0.008624,-0.030518,-0.030518,-0.030518
25.992324,-0.041913,-0.735271,10.050101,0.121710,0.018135,0.010420,-0.030518,0.000000,0.000000
26.002404,-0.032932,-0.735870,10.054891,0.130692,0.017536,0.015210,-0.030518,0.030518,-0.030518
26.012483,-0.026944,-0.728685,10.059082,0.136679,0.024721,0.019401,-0.091553,0.030518,-0.030518
26.022563,-0.027543,-0.731080,10.056088,0.136081,0.022326,0.016407,-0.091553,0.030518,-0.030518
26.032659,-0.031734,-0.731678,10.053094,0.131889,0.021727,0.013414,-0.061035,0.000000,0.000000
26.042753,-0.037123,-0.737067,10.043514,0.126500,0.016339,0.003834,-0.061035,0.000000,-0.030518
26.052847,-0.031135,-0.734672,10.047107,0.132488,0.018734,0.007426,0.000000,0.000000,-0.030518
26.062942,-0.041913,-0.725092,10.053693,0.121710,0.028314,0.014012,0.030518,0.000000,-0.030518
26.073035,-0.040117,-0.727487,10.045311,0.123507,0.025919,0.005630,0.030518,0.000000,-0.030518
26.083130,-0.035327,-0.723895,10.043514,0.128297,0.029511,0.003834,0.000000,-0.030518,-0.030518
26.093227,-0.040117,-0.726888,10.044113,0.123507,0.026517,0.004432,0.000000,0.000000,-0.030518
26.103322,-0.038919,-0.731080,10.045909,0.124704,0.022326,0.006229,0.061035,0.030518,-0.030518
26.113417,-0.042512,-0.735271,10.048903,0.121112,0.018135,0.009222,0.061035,0.030518,0.000000
26.123510,-0.041314,-0.732277,10.045909,0.122309,0.021129,0.006229,0.030518,0.030518,-0.061035
26.133604,-0.040117,-0.723296,10.045909,0.123507,0.030110,0.006229,0.030518,0.030518,-0.061035
26.143701,-0.032932,-0.723895,10.042916,0.130692,0.029511,0.003235,0.000000,0.061035,-0.061035
26.153795,-0.028141,-0.722098,10.045909,0.135482,0.031307,0.006229,-0.030518,0.061035,-0.030518
26.163893,-0.031135,-0.722098,10.042317,0.132488,0.031307,0.002636,-0.061035,0.030518,-0.061035
26.173987,-0.028141,-0.717907,10.036329,0.135482,0.035499,-0.003352,-0.030518,0.030518,-0.061035
26.184083,-0.027543,-0.713716,10.038126,0.136081,0.039690,-0.001555,-0.030518,0.000000,-0.030518
26.194178,-0.028740,-0.713117,10.034533,0.134883,0.040289,-0.005148,-0.030518,0.000000,-0.030518
26.204275,-0.025746,-0.721500,10.041119,0.137877,0.031906,0.001439,-0.061035,0.000000,0.030518
26.214369,-0.029938,-0.722697,10.044113,0.133685,0.030709,0.004432,-0.091553,0.000000,0.000000
26.224500,-0.031135,-0.722697,10.035731,0.132488,0.030709,-0.003950,-0.091553,0.030518,-0.030518
26.234595,-0.032932,-0.724493,10.035132,0.130692,0.028912,-0.004549,-0.061035,0.030518,-0.030518
26.244692,-0.044907,-0.722697,10.026151,0.118717,0.030709,-0.013530,-0.091553,0.061035,-0.030518
26.254786,-0.037722,-0.717308,10.035731,0.125902,0.036097,-0.003950,-0.061035,0.030518,-0.030518
26.264884,-0.029339,-0.717308,10.038126,0.134284,0.036097,-0.001555,-0.061035,0.091553,-0.030518
26.274977,-0.021555,-0.705932,10.035731,0.142068,0.047474,-0.003950,-0.030518,0.030518,-0.061035
26.285074,-0.029339,-0.711321,10.035132,0.134284,0.042085,-0.004549,-0.061035,0.030518,0.000000
26.295171,-0.026345,-0.715512,10.039323,0.137278,0.037894,-0.000358,-0.030518,0.000000,-0.030518
26.305265,-0.032932,-0.716710,10.045311,0.130692,0.036696,0.005630,-0.030518,0.030518,-0.030518
26.315361,-0.028141,-0.714913,10.053094,0.135482,0.038492,0.013414,-0.030518,0.030518,0.030518
26.325492,-0.027543,-0.714913,10.042916,0.136081,0.038492,0.003235,0.000000,0.030518,0.000000
26.335589,-0.025148,-0.718506,10.040521,0.138476,0.034900,0.000840,0.000000,0.030518,0.030518
26.345682,-0.032932,-0.720302,10.043514,0.130692,0.033104,0.003834,0.000000,0.000000,0.030518
26.355782,-0.029938,-0.722098,10.041718,0.133685,0.031307,0.002037,0.000000,0.000000,0.030518
26.365875,-0.032932,-0.721500,10.043514,0.130692,0.031906,0.003834,0.000000,0.030518,0.030518
26.375971,-0.042512,-0.720901,10.041718,0.121112,0.032505,0.002037,0.000000,0.030518,0.000000
26.386072,-0.043709,-0.715512,10.031539,0.119914,0.037894,-0.008142,0.030518,0.030518,0.030518
26.396169,-0.047900,-0.718506,10.035132,0.115723,0.034900,-0.004549,0.030518,0.061035,0.000000
26.406265,-0.051493,-0.711321,10.045909,0.112130,0.042085,0.006229,0.000000,0.030518,0.000000
26.416363,-0.046703,-0.710722,10.047107,0.116920,0.042684,0.007426,0.000000,0.030518,0.000000
26.426494,-0.047900,-0.715512,10.048903,0.115723,0.037894,0.009222,-0.030518,0.061035,-0.030518
26.436591,-0.045505,-0.710123,10.040521,0.118118,0.043282,0.000840,0.000000,0.030518,-0.030518
26.446688,-0.037722,-0.716710,10.042916,0.125902,0.036696,0.003235,-0.061035,0.030518,-0.030518
26.456784,-0.029938,-0.718506,10.051897,0.133685,0.034900,0.012216,-0.061035,0.000000,0.000000
26.466880,-0.031734,-0.721500,10.049502,0.131889,0.031906,0.009821,-0.030518,0.030518,0.030518
26.476976,-0.032333,-0.725691,10.044712,0.131290,0.027715,0.005031,-0.030518,0.030518,0.000000
26.487077,-0.036524,-0.725092,10.043514,0.127099,0.028314,0.003834,-0.030518,0.061035,0.000000
26.497174,-0.034129,-0.724493,10.035731,0.129494,0.028912,-0.003950,0.000000,0.030518,0.030518
26.507272,-0.040117,-0.722098,10.038126,0.123507,0.031307,-0.001555,-0.030518,0.030518,0.000000
26.517369,-0.037123,-0.719703,10.045311,0.126500,0.033702,0.005630,-0.030518,0.061035,-0.030518
26.527499,-0.041314,-0.722098,10.044712,0.122309,0.031307,0.005031,-0.030518,0.061035,-0.030518
26.537597,-0.039518,-0.719703,10.037527,0.124105,0.033702,-0.002154,-0.030518,0.061035,-0.061035
26.547695,-0.036524,-0.716710,10.032737,0.127099,0.036696,-0.006944,-0.030518,0.061035,-0.030518
26.557792,-0.040715,-0.716111,10.038724,0.122908,0.037295,-0.000957,0.030518,0.061035,0.000000
26.567889,-0.040715,-0.721500,10.044113,0.122908,0.031906,0.004432,0.000000,0.091553,0.000000
26.577987,-0.043709,-0.723895,10.040521,0.119914,0.029511,0.000840,0.000000,0.061035,0.030518
26.588086,-0.043110,-0.728685,10.037527,0.120513,0.024721,-0.002154,0.000000,0.030518,0.000000
26.598184,-0.041314,-0.723895,10.036329,0.122309,0.029511,-0.003352,0.000000,0.061035,-0.030518
26.608281,-0.043709,-0.725691,10.044712,0.119914,0.027715,0.005031,-0.030518,0.030518,-0.030518
26.618378,-0.042512,-0.728685,10.041718,0.121112,0.024721,0.002037,-0.030518,0.030518,0.000000
26.628572,-0.041314,-0.722697,10.044113,0.122309,0.030709,0.004432,-0.061035,0.030518,0.000000
26.638664,-0.038320,-0.717308,10.039323,0.125303,0.036097,-0.000358,-0.061035,0.061035,0.030518
26.648753,-0.029938,-0.713117,10.039922,0.133685,0.040289,0.000241,-0.030518,0.030518,0.000000
26.658844,-0.027543,-0.713716,10.044712,0.136081,0.039690,0.005031,-0.030518,0.030518,0.000000
26.668933,-0.029339,-0.725092,10.047107,0.134284,0.028314,0.007426,-0.061035,0.030518,0.000000
26.679022,-0.031135,-0.729283,10.045909,0.132488,0.024122,0.006229,-0.091553,0.000000,-0.030518
26.689112,-0.026345,-0.730481,10.039323,0.137278,0.022925,-0.000358,-0.061035,0.000000,-0.030518
26.699202,-0.028740,-0.725691,10.047107,0.134883,0.027715,0.007426,-0.061035,0.000000,-0.030518
26.709290,-0.035925,-0.732876,10.049502,0.127698,0.020530,0.009821,-0.061035,0.000000,-0.030518
26.719379,-0.038919,-0.737067,10.046508,0.124704,0.016339,0.006827,-0.030518,0.000000,0.000000
26.729548,-0.040715,-0.738265,10.040521,0.122908,0.015141,0.000840,-0.030518,0.000000,-0.030518
26.739644,-0.045505,-0.737666,10.036329,0.118118,0.015740,-0.003352,0.000000,0.000000,-0.030518
26.749741,-0.041913,-0.739462,10.035731,0.121710,0.013944,-0.003950,-0.030518,0.030518,-0.030518
26.759836,-0.035327,-0.734073,10.033336,0.128297,0.019332,-0.006345,-0.061035,0.061035,-0.030518
26.769930,-0.033530,-0.728685,10.030941,0.130093,0.024721,-0.008740,-0.061035,0.030518,0.000000
26.780025,-0.035327,-0.717907,10.026749,0.128297,0.035499,-0.012932,-0.030518,0.061035,-0.030518
26.790119,-0.031734,-0.728685,10.030342,0.131889,0.024721,-0.009339,-0.030518,0.061035,0.000000
26.800213,-0.028740,-0.726290,10.033934,0.134883,0.027116,-0.005747,-0.091553,0.030518,-0.061035
26.810307,-0.029339,-0.720901,10.038724,0.134284,0.032505,-0.000957,-0.061035,0.030518,-0.061035
26.820404,-0.035327,-0.713716,10.034533,0.128297,0.039690,-0.005148,-0.061035,0.061035,-0.061035
26.830601,-0.042512,-0.716710,10.033336,0.121112,0.036696,-0.006345,-0.091553,0.061035,-0.030518
26.840687,-0.041314,-0.723895,10.033336,0.122309,0.029511,-0.006345,-0.061035,0.030518,-0.030518
26.850775,-0.041913,-0.723296,10.039922,0.121710,0.030110,0.000241,-0.030518,0.061035,-0.030518
26.860862,-0.041314,-0.725092,10.042317,0.122309,0.028314,0.002636,-0.061035,0.061035,0.000000
26.870948,-0.044308,-0.723296,10.042916,0.119315,0.030110,0.003235,-0.061035,0.061035,-0.030518
26.881033,-0.044907,-0.725691,10.037527,0.118717,0.027715,-0.002154,-0.061035,0.061035,-0.061035
26.891118,-0.042512,-0.725092,10.038126,0.121112,0.028314,-0.001555,-0.061035,0.030518,-0.030518
26.901205,-0.049697,-0.722697,10.046508,0.113927,0.030709,0.006827,-0.061035,0.030518,-0.030518
26.911291,-0.047900,-0.725092,10.050101,0.115723,0.028314,0.010420,-0.061035,0.061035,0.000000
26.921376,-0.049098,-0.726888,10.043514,0.114525,0.026517,0.003834,-0.061035,0.030518,-0.030518
26.931547,-0.038919,-0.727487,10.040521,0.124704,0.025919,0.000840,-0.061035,0.030518,-0.030518
26.941639,-0.042512,-0.726290,10.047107,0.121112,0.027116,0.007426,-0.061035,0.030518,-0.030518
26.951729,-0.040715,-0.725691,10.053094,0.122908,0.027715,0.013414,0.000000,0.000000,-0.030518
26.961819,-0.041913,-0.728086,10.056687,0.121710,0.025320,0.017006,-0.061035,0.000000,-0.030518
26.971908,-0.033530,-0.714913,10.046508,0.130093,0.038492,0.006827,-0.030518,0.030518,-0.030518
26.982005,-0.031734,-0.710722,10.042317,0.131889,0.042684,0.002636,-0.061035,0.030518,-0.030518
26.992097,-0.029339,-0.714913,10.041119,0.134284,0.038492,0.001439,-0.061035,0.030518,-0.091553
27.002188,-0.032333,-0.717907,10.044113,0.131290,0.035499,0.004432,-0.030518,0.030518,-0.091553
27.012275,-0.031734,-0.725691,10.048903,0.131889,0.027715,0.009222,-0.030518,0.061035,-0.030518
27.022365,-0.034728,-0.722697,10.050699,0.128895,0.030709,0.011019,-0.030518,0.061035,-0.030518
27.032484,-0.040117,-0.720302,10.047706,0.123507,0.033104,0.008025,-0.030518,0.091553,-0.030518
27.042613,-0.038320,-0.722098,10.044113,0.125303,0.031307,0.004432,-0.030518,0.061035,-0.030518
27.052702,-0.041314,-0.727487,10.045311,0.122309,0.025919,0.005630,-0.091553,0.030518,0.000000
27.062788,-0.035925,-0.727487,10.051298,0.127698,0.025919,0.011617,-0.091553,0.000000,-0.030518
27.072874,-0.036524,-0.722098,10.049502,0.127099,0.031307,0.009821,-0.091553,0.000000,0.000000
27.082961,-0.035327,-0.716111,10.044113,0.128297,0.037295,0.004432,-0.091553,0.000000,0.000000
27.093047,-0.032333,-0.715512,10.042916,0.131290,0.037894,0.003235,-0.030518,-0.030518,0.000000
27.103150,-0.035327,-0.717308,10.043514,0.128297,0.036097,0.003834,0.000000,-0.030518,-0.030518
27.113236,-0.040117,-0.714913,10.044113,0.123507,0.038492,0.004432,-0.030518,0.000000,-0.030518
27.123338,-0.037722,-0.714913,10.044113,0.125902,0.038492,0.004432,-0.030518,0.000000,-0.061035
27.133456,-0.037722,-0.709525,10.045311,0.125902,0.043881,0.005630,-0.061035,0.030518,-0.061035
27.143543,-0.031135,-0.709525,10.045909,0.132488,0.043881,0.006229,-0.030518,0.030518,-0.030518
27.153629,-0.042512,-0.714913,10.045311,0.121112,0.038492,0.005630,-0.061035,0.030518,-0.091553
27.163733,-0.042512,-0.717907,10.044113,0.121112,0.035499,0.004432,-0.061035,0.061035,-0.091553
27.173820,-0.041314,-0.726290,10.038126,0.122309,0.027116,-0.001555,-0.061035,0.061035,0.000000
27.183908,-0.041314,-0.727487,10.042317,0.122309,0.025919,0.002636,-0.091553,0.000000,0.000000
27.193995,-0.036524,-0.728086,10.037527,0.127099,0.025320,-0.002154,-0.061035,0.000000,-0.030518
27.204084,-0.032333,-0.727487,10.050101,0.131290,0.025919,0.010420,-0.061035,0.000000,0.000000
27.214172,-0.036524,-0.726888,10.048304,0.127099,0.026517,0.008624,-0.061035,0.000000,0.000000
27.224275,-0.047900,-0.727487,10.047107,0.115723,0.025919,0.007426,-0.030518,0.030518,-0.030518
27.234364,-0.046703,-0.730481,10.045311,0.116920,0.022925,0.005630,-0.061035,0.000000,0.000000
27.244453,-0.042512,-0.722697,10.048903,0.121112,0.030709,0.009222,-0.030518,-0.030518,0.000000
27.254540,-0.035327,-0.719703,10.049502,0.128297,0.033702,0.009821,-0.061035,0.000000,0.030518
27.264627,-0.036524,-0.723895,10.050101,0.127099,0.029511,0.010420,-0.061035,0.000000,-0.030518
27.274713,-0.044907,-0.722098,10.045909,0.118717,0.031307,0.006229,-0.061035,0.030518,-0.030518
27.284815,-0.046703,-0.723296,10.045311,0.116920,0.030110,0.005630,-0.030518,0.030518,0.000000
27.294903,-0.033530,-0.747246,10.026749,0.130093,0.006160,-0.012932,0.000000,0.061035,0.000000
27.304992,-0.042512,-0.722697,10.047107,0.121112,0.030709,0.007426,-0.091553,0.061035,0.000000
27.315081,-0.040715,-0.725092,10.046508,0.122908,0.028314,0.006827,0.122070,0.061035,0.000000
27.325171,-0.043709,-0.723296,10.037527,0.119914,0.030110,-0.002154,0.091553,0.061035,-0.030518
27.335285,-0.046703,-0.723895,10.041119,0.116920,0.029511,0.001439,0.122070,0.030518,0.030518
27.345391,-0.044308,-0.712518,10.041718,0.119315,0.040887,0.002037,0.183105,0.000000,0.000000
27.355479,-0.045505,-0.714913,10.044712,0.118118,0.038492,0.005031,0.183105,-0.030518,0.030518
27.365568,-0.040715,-0.722098,10.040521,0.122908,0.031307,0.000840,0.274658,-0.061035,0.061035
27.375657,-0.032333,-0.714315,10.044113,0.131290,0.039091,0.004432,0.274658,-0.061035,0.030518
27.385747,-0.026944,-0.723296,10.038126,0.136679,0.030110,-0.001555,0.335693,-0.061035,0.030518
27.395834,-0.028141,-0.721500,10.041718,0.135482,0.031906,0.002037,0.427246,-0.030518,0.061035
27.405939,-0.023950,-0.732876,10.041119,0.139673,0.020530,0.001439,0.823975,0.030518,0.030518
27.416066,-0.026345,-0.725691,10.050101,0.137278,0.027715,0.010420,1.098633,0.061035,0.030518
27.426155,-0.025746,-0.730481,10.041718,0.137877,0.022925,0.002037,1.251221,0.122070,0.427246
27.436275,-0.028141,-0.917292,10.029743,0.135482,-0.163887,-0.009938,1.190186,0.091553,2.075195
27.446364,-0.009580,-1.048420,10.037527,0.154043,-0.295014,-0.002154,1.586914,-0.030518,5.737305
27.456453,-0.035327,-0.816103,10.058483,0.128297,-0.062697,0.018802,3.692627,0.091553,11.810303
27.466543,-0.038919,-0.805325,10.056088,0.124704,-0.051920,0.016407,4.089355,0.152588,13.336182
27.476647,-0.058678,-0.807122,10.033934,0.104945,-0.053716,-0.005747,2.624512,-0.213623,16.448975
27.486736,-0.069456,-0.735271,10.033934,0.094168,0.018135,-0.005747,1.922607,-0.457764,18.554688
27.496825,-0.060474,-0.756826,10.033934,0.103149,-0.003420,-0.005747,0.427246,-0.946045,22.003174
27.506912,-0.047900,-0.838856,10.048903,0.115723,-0.085450,0.009222,0.396729,-0.976562,23.681641
27.517001,-0.171843,-0.846639,10.047107,-0.008219,-0.093234,0.007426,0.488281,-0.976562,25.726318
27.527090,-0.364043,-1.060994,10.030342,-0.200420,-0.307588,-0.009339,0.457764,-1.037598,29.632568
27.537224,-0.295785,-0.996927,10.026151,-0.132162,-0.243521,-0.013530,0.610352,-1.007080,31.646729
27.547317,-0.127535,-0.884361,10.053693,0.036088,-0.130955,0.014012,0.610352,-1.220703,35.308838
27.557408,-0.128732,-0.835263,10.060878,0.034891,-0.081857,0.021197,0.671387,-1.220703,35.766602
27.567498,-0.140109,-0.824485,10.063872,0.023515,-0.071080,0.024191,0.518799,-1.251221,36.224365
27.577589,-0.255668,-0.999921,10.045909,-0.092045,-0.246515,0.006229,0.701904,-1.251221,37.841797
27.587679,-0.365240,-0.989742,10.046508,-0.201617,-0.236336,0.006827,0.762939,-1.373291,40.863037
27.597782,-0.128134,-0.935854,10.066866,0.035490,-0.182448,0.027185,0.488281,-1.953125,49.346924
27.607873,-0.170046,-0.916694,10.063273,-0.006423,-0.163288,0.023592,0.579834,-2.075195,52.917480
27.617964,-0.228724,-0.852627,10.044712,-0.065101,-0.099221,0.005031,0.732422,-2.471924,59.265137
27.628161,-0.265248,-0.798140,10.064471,-0.101625,-0.044734,0.024790,0.762939,-2.685547,62.896729
27.638276,-0.237706,-0.758024,10.030342,-0.074082,-0.004618,-0.009339,0.335693,-3.112793,68.359375
27.648367,0.017364,-0.865201,10.036329,0.180987,-0.111795,-0.003352,0.213623,-3.112793,68.664551
27.658459,0.067061,-0.952020,10.062076,0.230684,-0.198614,0.022395,0.152588,-3.082275,67.260742
27.668550,-0.069456,-0.821492,10.060280,0.094168,-0.068086,0.020599,-0.762939,-3.112793,67.230225
27.678641,-0.138312,-0.749042,10.047107,0.025311,0.004363,0.007426,-0.549316,-3.112793,67.169189
27.688729,-0.142504,-0.784369,10.048304,0.021120,-0.030963,0.008624,-0.732422,-3.112793,67.932129
27.698819,-0.051493,-0.729283,10.030941,0.112130,0.024122,-0.008740,-1.159668,-2.990723,67.047119
27.708909,0.126337,-0.350870,10.062675,0.289961,0.402535,0.022994,-0.915527,-2.868652,61.309814
27.719031,0.059875,-0.199984,10.031539,0.223499,0.553422,-0.008142,-0.976562,-2.685547,57.739258
27.729121,-0.043709,-0.182620,10.017768,0.119914,0.570786,-0.021913,-2.258301,-1.892090,49.041748
27.739244,0.014370,-0.453257,10.095007,0.177993,0.300148,0.055326,-1.129150,-1.647949,44.067383
27.749335,0.376617,-0.350870,10.097402,0.540240,0.402535,0.057721,0.213623,-1.647949,39.886475
27.759426,0.322130,-0.458047,10.078242,0.485753,0.295358,0.038561,0.061035,-1.586914,32.287598
27.769516,0.184417,-0.616119,10.074650,0.348040,0.137287,0.034969,0.030518,-1.617432,29.937744
27.779606,-0.017963,-0.906515,10.037527,0.145661,-0.153109,-0.002154,-0.030518,-1.708984,27.862549
27.789696,-0.083826,-0.937051,10.021360,0.079798,-0.183646,-0.018320,-0.091553,-1.739502,28.167725
27.799787,-0.053289,-0.842448,10.043514,0.110334,-0.089042,0.003834,0.091553,-1.678467,29.327393
27.809878,-0.143701,-0.771795,10.041119,0.019922,-0.018389,0.001439,0.183105,-1.678467,29.693604
27.819967,-0.223934,-0.750839,10.044113,-0.060311,0.002567,0.004432,-0.030518,-1.586914,29.785156
27.830057,-0.374821,-0.801134,10.036329,-0.211197,-0.047728,-0.003352,0.000000,-1.708984,30.792236
27.840176,-0.788560,-1.020278,9.988429,-0.624937,-0.266873,-0.051252,-0.823975,-1.800537,33.599854
27.850267,-0.418530,-1.025667,10.022558,-0.254906,-0.272261,-0.017123,-0.854492,-2.227783,43.182373
27.860359,-0.231119,-0.803529,10.024354,-0.067496,-0.050123,-0.015327,-0.885010,-2.563477,47.515869
27.870450,-0.205373,-0.744851,9.973460,-0.041750,0.008555,-0.066221,-1.861572,-2.716064,53.710938
27.880540,0.028141,-0.822689,10.027348,0.191765,-0.069283,-0.012333,-1.861572,-2.838135,56.243896
27.890631,0.046703,-0.884361,10.071057,0.210326,-0.130955,0.031376,-1.770020,-3.173828,58.685303
27.900721,-0.268242,-0.996328,10.032737,-0.104619,-0.242922,-0.006944,-0.976562,-3.509521,65.887451
27.910811,-0.287402,-1.005908,10.048304,-0.123779,-0.252502,0.008624,-1.129150,-3.601074,70.678711
27.920902,-0.076042,-0.732277,10.055490,0.087581,0.021129,0.015809,0.091553,-3.997803,77.758789
27.931020,-0.231718,-0.883163,9.983639,-0.068095,-0.129758,-0.056042,-0.244141,-4.028320,80.688477
27.941139,-0.085023,-0.989742,9.963281,0.078600,-0.236336,-0.076400,-0.518799,-3.875732,86.364746
27.951229,0.056882,-0.931663,10.082433,0.220505,-0.178257,0.042753,-0.610352,-3.967285,88.836670
27.961319,0.014969,-1.084944,9.999207,0.178592,-0.331538,-0.040474,-0.579834,-4.516602,95.977783
27.971409,-0.145497,-1.286724,10.023157,0.018126,-0.533318,-0.016524,-0.762939,-4.882812,101.257324
27.981500,-0.159269,-1.416654,10.047706,0.004354,-0.663248,0.008025,-0.061035,-5.279541,107.238770
27.991590,0.123344,-2.095642,10.035132,0.286967,-1.342236,-0.004549,-0.396729,-5.920410,121.154785
28.001680,0.289199,-1.511856,9.980645,0.452822,-0.758450,-0.059036,0.274658,-6.103516,126.190186
28.011771,-0.061672,-0.276625,10.059681,0.101951,0.476781,0.020000,1.678467,-5.828857,133.422852
28.021861,-0.123344,0.045505,10.167457,0.040280,0.798911,0.127776,1.495361,-5.889893,133.453369
28.031986,0.123344,0.026944,10.123748,0.286967,0.780350,0.084067,0.946045,-5.493164,124.694824
28.042106,0.154479,-0.475411,10.069261,0.318102,0.277994,0.029580,0.610352,-5.371094,119.598389
28.052234,-0.078437,-0.762814,10.035132,0.085186,-0.009408,-0.004549,0.305176,-5.493164,116.058350
28.062322,-0.377216,-1.361569,9.993818,-0.213592,-0.608163,-0.045863,-0.335693,-6.072998,117.584229
28.072411,-0.420925,-1.578917,9.873468,-0.257301,-0.825511,-0.166213,-0.122070,-6.988525,121.185303
28.082498,-0.244292,-1.628613,9.968670,-0.080669,-0.875207,-0.071011,-1.678467,-7.843018,131.195068
28.092684,0.218546,-1.487307,10.080637,0.382169,-0.733901,0.040956,-0.946045,-7.659912,131.835938
28.102771,0.198787,-0.652044,10.200388,0.362410,0.101362,0.160707,0.274658,-6.469727,125.762939
28.112859,0.549058,-0.224533,10.105186,0.712681,0.528873,0.065505,-0.457764,-5.981445,121.246338
28.122945,0.520318,-0.324525,10.168055,0.683941,0.428881,0.128375,-0.854492,-5.310059,116.821289
28.133031,0.104183,-0.459844,9.985435,0.267807,0.293562,-0.054246,0.000000,-5.004883,108.551025
28.143121,-0.111967,-0.802930,10.122550,0.051656,-0.049525,0.082869,-0.457764,-5.065918,106.536865
28.153223,-0.819695,-0.982557,10.023157,-0.656072,-0.229151,-0.016524,-1.007080,-5.157471,105.102539
28.163364,-1.108295,-1.009501,10.025552,-0.944672,-0.256095,-0.014129,-1.129150,-5.493164,104.766846
28.173452,-0.977168,-0.928070,9.938134,-0.813545,-0.174664,-0.101547,0.000000,-5.401611,103.729248
28.183538,-0.614323,-0.812510,10.048304,-0.450699,-0.059105,0.008624,0.213623,-5.279541,102.447510
28.193625,-0.026944,-0.427511,10.103989,0.136679,0.325895,0.064308,0.091553,-4.486084,93.597412
28.203712,0.458646,-0.273032,10.196197,0.622269,0.480374,0.156516,0.579834,-4.455566,84.777832
28.213800,0.411345,-0.100591,10.165062,0.574968,0.652815,0.125381,1.525879,-4.028320,76.507568
28.223903,-0.091011,-0.501757,10.105785,0.072613,0.251649,0.066104,1.007080,-3.631592,65.704346
28.233991,-0.410746,-0.704734,10.015972,-0.247123,0.048671,-0.023709,1.251221,-3.509521,62.683105
28.244107,-0.408950,-0.961002,9.959090,-0.245326,-0.207596,-0.080591,1.617432,-3.570557,60.058594
28.254195,-0.459245,-1.002914,10.082433,-0.295622,-0.249509,0.042753,0.885010,-3.540039,59.967041
28.264285,-0.326321,-1.176553,10.109377,-0.162698,-0.423148,0.069697,1.190186,-3.631592,57.312012
28.274371,-0.118553,-0.870590,10.021959,0.045070,-0.117184,-0.017722,1.007080,-3.601074,55.023193
28.284477,-0.002395,-0.621508,9.987231,0.161228,0.131898,-0.052449,1.037598,-3.540039,52.825928
28.294561,0.323328,-0.613125,10.148297,0.486951,0.140281,0.108616,0.122070,-2.990723,47.119141
28.304651,0.270038,-0.565823,10.059681,0.433662,0.187582,0.020000,0.549316,-3.021240,43.060303
28.314738,0.065264,-0.687969,10.023755,0.228888,0.065436,-0.015925,0.671387,-2.624512,36.499023
28.324827,0.118553,-0.805325,10.041119,0.282177,-0.051920,0.001439,0.579834,-2.288818,33.538818
28.334913,0.161065,-0.864003,10.033336,0.324688,-0.110598,-0.006345,-0.030518,-2.136230,28.411865
28.345047,0.147892,-0.752036,10.043514,0.311516,0.001370,0.003834,0.000000,-1.708984,26.489258
28.355137,0.105381,-0.686173,10.076446,0.269004,0.067233,0.036765,0.030518,-1.525879,24.383545
28.365226,0.004790,-0.583786,10.053693,0.168413,0.169620,0.014012,0.030518,-0.946045,20.751953
28.375314,-0.044308,-0.584984,10.030941,0.119315,0.168422,-0.008740,-0.030518,-0.915527,19.927979
28.385401,-0.122745,-0.671204,10.063872,0.040878,0.082202,0.024191,-0.366211,-0.885010,18.280029
28.395490,-0.182021,-0.581391,10.050699,-0.018398,0.172015,0.011019,-0.518799,-0.885010,18.127441
28.405592,-0.277822,-0.539478,10.058483,-0.114199,0.213928,0.018802,-0.518799,-0.701904,19.836426
28.415683,-0.553250,-0.758622,10.060878,-0.389626,-0.005217,0.021197,-1.251221,-0.854492,19.653320
28.425772,-0.731080,-0.764011,10.083032,-0.567456,-0.010605,0.043351,-0.762939,-0.854492,18.768311
28.435862,-0.652044,-0.887355,10.110575,-0.488421,-0.133949,0.070894,-0.488281,-0.854492,17.608643
28.445978,-0.260458,-0.866398,9.998009,-0.096835,-0.112993,-0.041672,-0.396729,-0.671387,15.716553
28.456067,0.099992,-0.613724,10.080038,0.263615,0.139682,0.040358,-0.610352,-0.823975,12.603760
28.466156,-0.052092,-0.637075,10.076446,0.111532,0.116331,0.036765,-0.366211,-0.732422,11.871338
28.476261,-0.544867,-0.916095,10.035731,-0.381244,-0.162689,-0.003950,-0.396729,-0.488281,12.176514
28.486351,-0.644859,-0.910706,10.083631,-0.481236,-0.157300,0.043950,-0.671387,-0.549316,12.725830
28.496441,-0.795146,-1.060395,10.030342,-0.631523,-0.306989,-0.009339,-0.213623,-0.396729,15.319824
28.506530,-0.328118,-1.114283,10.132729,-0.164494,-0.360877,0.093048,-0.793457,-0.854492,15.533447
28.516618,-0.420925,-0.969384,10.069860,-0.257301,-0.215978,0.030179,-0.244141,-1.007080,15.686035
28.526707,-0.783770,-0.952619,10.011780,-0.620147,-0.199213,-0.027900,-0.152588,-1.220703,21.545410
28.536811,-0.573008,-0.979563,10.072255,-0.409385,-0.226157,0.032574,0.183105,-1.312256,25.024414
28.546927,0.218546,-0.796943,10.102791,0.382169,-0.043537,0.063110,0.122070,-1.617432,27.252197
28.557018,0.064666,-0.666414,10.051897,0.228289,0.086992,0.012216,0.000000,-1.586914,27.374268
28.567107,0.062869,-0.816103,10.072853,0.226493,-0.062697,0.033173,1.617432,-1.617432,30.395508
28.577197,-0.079036,-1.080154,10.174642,0.084588,-0.326748,0.134961,0.366211,-1.922607,32.440186
28.587289,-0.410746,-1.208886,10.061477,-0.247123,-0.455480,0.021796,-0.823975,-1.312256,33.752441
28.597392,-0.368833,-1.155597,9.962084,-0.205210,-0.402191,-0.077597,0.854492,-1.373291,35.430908
28.607483,-0.427511,-0.955014,10.038724,-0.263888,-0.201608,-0.000957,-0.518799,-1.892090,35.705566
28.617575,-0.369432,-0.901725,9.869875,-0.205809,-0.148319,-0.169805,-1.556396,-2.593994,37.902832
28.627663,-0.191602,-0.850831,10.127939,-0.027978,-0.097425,0.088258,-1.770020,-3.845215,39.825439
28.637752,-0.234712,-0.875380,10.251282,-0.071089,-0.121974,0.211601,-0.396729,-3.845215,40.679932
28.647871,-0.631088,-1.024470,9.996213,-0.467464,-0.271064,-0.043468,1.281738,-3.295898,40.954590
28.657976,-0.519719,-0.936453,10.163864,-0.356096,-0.183047,0.124183,0.274658,-4.028320,40.954590
28.668067,-0.127535,-0.949026,10.130334,0.036088,-0.195621,0.090653,-1.586914,-2.593994,35.522461
28.678158,-0.174238,-0.980760,10.046508,-0.010614,-0.227355,0.006827,-0.366211,-2.075195,30.975342
28.688249,-0.664618,-1.162183,10.026151,-0.500995,-0.408777,-0.013530,-0.335693,-0.976562,22.369385
28.698339,-0.659229,-1.005908,10.025552,-0.495606,-0.252502,-0.014129,0.091553,-0.274658,20.751953
28.708429,-0.652044,-0.976569,10.025552,-0.488421,-0.223163,-0.014129,-0.305176,0.274658,20.721436
28.718520,0.001198,-0.748444,10.058483,0.164821,0.004962,0.018802,-0.732422,-0.030518,20.629883
28.728609,-0.103585,-0.781375,9.954300,0.060039,-0.027969,-0.085381,-0.579834,0.305176,20.782471
28.738701,-0.114961,-1.062790,10.032737,0.048662,-0.309384,-0.006944,-0.274658,0.030518,20.446777
28.748821,-0.377814,-0.898731,9.978250,-0.214191,-0.145325,-0.061431,0.091553,-0.854492,20.782471
28.758913,-0.719105,-1.123264,10.002200,-0.555481,-0.369858,-0.037481,0.915527,-1.892090,22.247314
28.769002,-0.456850,-1.425635,10.146500,-0.293227,-0.672230,0.106819,1.281738,-2.044678,22.033691
28.779093,0.058678,-1.127455,10.141111,0.222301,-0.374050,0.101431,2.075195,-1.800537,21.392822
28.789182,0.051493,-1.058000,10.035132,0.215116,-0.304594,-0.004549,1.312256,-1.159668,19.775391
28.799274,-0.125739,-0.908910,10.018367,0.037885,-0.155504,-0.021314,0.793457,-0.854492,17.425537
28.809364,-0.205972,-0.746049,10.008787,-0.042348,0.007357,-0.030894,1.190186,-0.793457,17.547607
28.819454,-0.232317,-0.987946,9.961485,-0.068694,-0.234540,-0.078196,-0.274658,-0.823975,18.493652
28.829544,-0.287402,-0.657433,10.068063,-0.123779,0.095973,0.028382,1.251221,-0.549316,18.005371
28.839634,-0.204774,-0.752036,10.114766,-0.041151,0.001370,0.075085,0.396729,-0.549316,18.798828
28.849750,-0.165256,-0.863405,10.065668,-0.001633,-0.109999,0.025987,0.274658,0.274658,16.845703
28.859842,-0.252675,-0.810115,10.069860,-0.089051,-0.056710,0.030179,0.854492,0.488281,16.937256
28.869932,-0.283810,-0.861010,10.127939,-0.120187,-0.107604,0.088258,0.762939,0.579834,19.104004
28.880022,-0.137714,-0.832269,9.929751,0.025910,-0.078864,-0.109930,0.335693,0.457764,19.439697
28.890112,-0.102986,-0.601749,10.056088,0.060637,0.151657,0.016407,0.122070,0.549316,19.378662
28.900201,0.017364,-0.603545,10.049502,0.180987,0.149861,0.009821,-0.732422,-0.152588,18.768311
28.910291,-0.179028,-0.587379,10.102791,-0.015404,0.166027,0.063110,-1.525879,-0.518799,18.737793
28.920382,-0.452060,-0.692759,10.052496,-0.288437,0.060646,0.012815,-2.197266,-1.098633,18.188477
28.930472,-0.206570,-0.756826,9.957892,-0.042947,-0.003420,-0.081788,-2.136230,-1.403809,17.395020
28.940562,-0.116757,-0.802332,10.026749,0.046866,-0.048926,-0.012932,-1.922607,-1.403809,15.686035
28.950678,0.299976,-0.651445,10.044113,0.463599,0.101960,0.004432,-1.220703,-1.037598,13.763428
28.960769,0.068258,-0.522114,10.142908,0.231881,0.231292,0.103227,-0.915527,-0.854492,12.451172
28.970859,-0.401166,-0.934656,10.123748,-0.237543,-0.181251,0.084067,-0.976562,-1.037598,15.594482
28.980951,-0.194595,-0.966390,10.106384,-0.030972,-0.212985,0.066703,-0.183105,-1.129150,16.998291
28.991041,-0.325723,-0.769400,9.960886,-0.162099,-0.015994,-0.078795,0.274658,-1.892090,19.989014
29.001131,-0.389789,-0.895737,9.870474,-0.226166,-0.142332,-0.169207,1.159668,-1.525879,18.432617
29.011221,-0.076641,-0.921484,10.132729,0.086983,-0.168078,0.093048,1.647949,-1.190186,15.502930
29.021311,0.452659,-0.228724,10.132729,0.616282,0.524681,0.093048,3.631592,-0.488281,13.885498
29.031400,0.257465,-0.377814,10.048304,0.421088,0.375591,0.008624,2.685547,0.457764,7.019043
29.041492,-0.214953,-0.567021,10.044712,-0.051330,0.186385,0.005031,2.593994,0.885010,4.150391
29.051611,-0.297581,-0.656235,9.998009,-0.133958,0.097170,-0.041672,1.373291,1.159668,2.868652
29.061701,-0.483794,-0.702339,10.155482,-0.320171,0.051066,0.115801,-1.220703,1.312256,1.434326
29.071791,-0.498763,-0.535886,10.317744,-0.335140,0.217520,0.278063,-1.342773,1.312256,1.831055
29.081882,-0.562830,-0.470023,10.048903,-0.399206,0.283383,0.009222,-3.875732,1.129150,4.333496
29.091986,-0.465831,-0.695753,10.062076,-0.302208,0.057653,0.022395,-2.746582,-0.213623,6.439209
29.102077,-0.237107,-0.969983,9.940529,-0.073484,-0.216577,-0.099152,-1.190186,-1.098633,5.187988
29.112169,-0.456850,-1.133443,10.377021,-0.293227,-0.380037,0.337340,-1.892090,-1.159668,5.706787
29.122289,-0.577200,-1.277743,9.935140,-0.413576,-0.524337,-0.104541,2.410889,-1.098633,8.209229
29.132382,-0.241897,-0.866997,9.953102,-0.078274,-0.113591,-0.086578,2.288818,-0.640869,13.366699
29.142470,-0.571212,-0.981359,9.927955,-0.407589,-0.227953,-0.111726,0.762939,-0.457764,15.197754
29.152592,-0.746647,-0.819097,10.038724,-0.583024,-0.065691,-0.000957,-0.213623,0.152588,19.500732
29.162717,-0.371228,-0.928669,9.942924,-0.207605,-0.175263,-0.096757,-0.885010,0.091553,21.545410
29.172805,-0.297581,-0.860411,10.172247,-0.133958,-0.107005,0.132566,-1.068115,-0.244141,24.322510
29.182893,-0.375419,-0.837658,10.132130,-0.211796,-0.084252,0.092449,0.091553,-0.518799,24.444580
29.192980,-0.444276,-0.732876,10.191407,-0.280653,0.020530,0.151726,-2.593994,-0.976562,25.329590
29.203067,-0.198787,-1.010698,10.344089,-0.035163,-0.257292,0.304408,-0.946045,-1.770020,26.000977
29.213153,-0.428708,-1.155597,10.026749,-0.265085,-0.402191,-0.012932,-2.655029,-1.892090,25.482178
29.223254,-0.326321,-0.988544,10.182426,-0.162698,-0.235139,0.142745,-0.854492,-1.831055,24.627686
29.233341,-0.297581,-0.872985,9.953701,-0.133958,-0.119579,-0.085980,-0.640869,-2.166748,24.017334
29.243429,-0.270038,-0.854423,9.959689,-0.106415,-0.101017,-0.079992,1.434326,-2.136230,21.789551
29.253516,0.213755,-0.614323,10.086026,0.377379,0.139083,0.046345,1.220703,-1.678467,20.782471
29.263604,0.099393,-0.615520,10.078242,0.263017,0.137886,0.038561,1.342773,-1.342773,18.096924
29.273690,-0.465831,-0.662822,10.131531,-0.302208,0.090584,0.091850,0.915527,-0.732422,14.160156
29.283792,-0.754431,-0.636476,10.006392,-0.590808,0.116929,-0.033289,0.976562,-0.366211,14.038086
29.293880,-0.714913,-0.712518,10.001602,-0.551290,0.040887,-0.038079,0.823975,0.152588,18.646240
29.303968,-0.341290,-0.771196,10.262060,-0.177667,-0.017791,0.222379,-0.366211,0.061035,19.989014
29.314054,-0.501757,-0.975372,9.962682,-0.338133,-0.221966,-0.076998,-1.190186,0.305176,17.120361
29.324141,-0.536484,-1.183738,10.108779,-0.372861,-0.430333,0.069098,-2.532959,-0.732422,15.441895
29.334228,-0.278421,-1.150807,10.020762,-0.114798,-0.397401,-0.018919,-1.892090,-0.061035,15.289307
29.344328,-0.781974,-1.274749,10.066267,-0.618351,-0.521343,0.026586,-1.464844,-0.335693,16.174316
29.354417,-0.522114,-1.286125,10.023157,-0.358491,-0.532720,-0.016524,-1.312256,-0.610352,18.218994
29.364506,-0.153880,-1.115480,10.133926,0.009743,-0.362075,0.094246,0.000000,-1.251221,21.362305
29.374592,-0.223934,-0.786764,10.020163,-0.060311,-0.033358,-0.019518,0.793457,-1.586914,21.392822
29.384681,-0.655637,-0.856219,9.978250,-0.492013,-0.102814,-0.061431,2.532959,-1.373291,21.484375
29.394767,-0.613125,-0.787363,9.908196,-0.449502,-0.033957,-0.131485,2.777100,-1.098633,20.660400
29.404871,-0.430505,-0.664618,9.988429,-0.266882,0.088788,-0.051252,1.159668,-1.495361,20.935059
29.414954,-0.271835,-0.585582,10.070458,-0.108211,0.167824,0.030777,0.518799,-1.464844,20.874023
29.425044,-0.282014,-0.525707,10.041119,-0.118390,0.227699,0.001439,0.000000,-1.464844,20.568848
29.435133,-0.346679,-0.522114,9.870474,-0.183056,0.231292,-0.169207,0.640869,-1.037598,21.697998
29.445220,-0.335901,-0.528102,10.078841,-0.172278,0.225304,0.039160,0.732422,-1.586914,21.545410
29.455337,-0.219144,-0.760419,10.035132,-0.055521,-0.007013,-0.004549,0.976562,-1.129150,20.324707
29.465436,-0.232916,-0.895139,9.977053,-0.069292,-0.141733,-0.062628,0.823975,-0.854492,19.165039
29.475525,-0.347877,-1.041833,10.226135,-0.184253,-0.288428,0.186454,0.701904,-1.770020,16.052246
29.485614,-0.204175,-0.755629,9.989626,-0.040552,-0.002223,-0.050054,0.823975,-1.342773,16.143799
29.495702,-0.050295,-0.668210,9.983639,0.113328,0.085195,-0.056042,-0.427246,-1.190186,16.906738
29.505791,-0.024549,-1.008902,9.992021,0.139074,-0.255496,-0.047659,-1.159668,-0.518799,16.967773
29.515879,-0.053289,-1.055605,10.070458,0.110334,-0.302199,0.030777,-0.915527,-0.579834,15.075684
29.525975,-0.420326,-0.759221,9.951905,-0.256703,-0.005815,-0.087776,0.610352,-0.305176,14.495850
29.536064,-0.349673,-0.830473,10.123748,-0.186050,-0.077067,0.084067,0.854492,-0.030518,14.038086
29.546150,-0.216749,-0.665217,9.989626,-0.053126,0.088189,-0.050054,0.244141,-0.244141,13.488770
29.556268,-0.052092,-0.814307,10.098600,0.111532,-0.060901,0.058919,-0.610352,-0.030518,12.145996
29.566356,0.167651,-0.813708,9.980645,0.331275,-0.060302,-0.059036,0.091553,0.396729,10.894775
29.576444,0.334704,-0.578996,10.017768,0.498327,0.174410,-0.021913,0.152588,0.518799,9.826660
29.586532,0.026345,-0.610730,10.071656,0.189968,0.142676,0.031975,0.000000,1.312256,9.704590
29.596621,-0.078437,-0.691562,9.987231,0.085186,0.061844,-0.052449,-0.427246,0.518799,7.476807
29.606725,-0.016166,-0.671803,9.851314,0.147457,0.081603,-0.188367,0.183105,0.427246,8.300781
29.616826,-0.093406,-0.637075,10.057286,0.070217,0.116331,0.017605,-0.762939,-0.518799,8.361816
29.626914,0.061672,-1.141826,10.123149,0.225295,-0.388420,0.083468,-0.183105,-0.854492,6.683350
29.637016,0.114362,-1.211281,10.125544,0.277985,-0.457875,0.085863,0.457764,-0.640869,1.647949
29.647105,-0.295186,-0.867596,10.119556,-0.131563,-0.114190,0.079875,1.098633,-0.366211,1.617432
29.657223,-0.621508,-0.631088,10.092014,-0.457884,0.122318,0.052333,1.312256,0.122070,1.190186
29.667580,-0.516127,-0.581391,10.008787,-0.352503,0.172015,-0.030894,1.312256,0.488281,5.432129
29.677723,-0.371827,-0.998723,10.035132,-0.208204,-0.245317,-0.004549,0.488281,0.396729,7.232666
29.687850,-0.525108,-0.976569,10.060878,-0.361485,-0.223163,0.021197,-0.213623,0.152588,7.110596
29.697979,-0.694556,-0.823887,9.966874,-0.530932,-0.070481,-0.072807,-0.518799,-0.030518,6.866455
29.708095,-0.616718,-0.802930,10.262060,-0.453094,-0.049525,0.222379,0.640869,-0.732422,11.383057
29.718183,-0.738265,-0.620310,10.223141,-0.574642,0.133096,0.183460,-0.976562,-1.129150,13.092041
29.728271,-0.285007,-0.483195,10.096205,-0.121384,0.270211,0.056524,-0.213623,-1.495361,14.556885
29.738355,-0.738864,-0.555046,9.976454,-0.575240,0.198360,-0.063227,-0.946045,-1.007080,18.188477
29.748446,-0.887953,-0.524509,10.087822,-0.724330,0.228897,0.048141,-0.946045,-0.335693,17.730713
29.758635,0.026944,-1.453777,10.138118,0.190567,-0.700371,0.098437,-0.915527,0.518799,16.296387
29.768713,0.132924,-0.855022,10.236912,0.296547,-0.101616,0.197231,-0.701904,-0.488281,16.357422
29.778792,-0.499362,-0.670605,9.914782,-0.335738,0.082800,-0.124899,-0.396729,-0.946045,18.066406
29.788870,0.075443,-0.956810,10.139914,0.239066,-0.203405,0.100233,0.122070,-2.044678,20.751953
29.798949,-0.033530,-0.929866,10.124346,0.130093,-0.176461,0.084665,-0.305176,-1.525879,19.958496
29.809025,-0.108973,-1.025667,10.014774,0.054650,-0.272261,-0.024907,-0.793457,-1.831055,19.134521
29.819104,-0.530497,-0.878373,10.134525,-0.366874,-0.124968,0.094844,-1.556396,-1.342773,18.615723
29.829182,-0.043709,-0.755030,9.879456,0.119914,-0.001624,-0.160225,0.946045,-2.471924,21.148682
29.839260,0.020956,-0.741259,10.003398,0.184580,0.012147,-0.036283,0.305176,-2.899170,23.468018
29.849339,0.092807,-0.673000,9.921967,0.256430,0.080405,-0.117714,0.457764,-2.380371,21.057129
29.859469,-0.298180,-0.562231,9.904603,-0.134557,0.191175,-0.135078,0.518799,-1.556396,19.042969
29.869566,-0.389191,-0.607137,9.939930,-0.225567,0.146268,-0.099751,-0.244141,-0.732422,19.165039
29.879663,-0.330513,-0.758024,9.837543,-0.166889,-0.004618,-0.202138,-0.823975,-1.220703,20.568848
29.889760,0.189805,-1.117875,10.051298,0.353429,-0.364470,0.011617,-0.946045,-1.098633,21.606445
29.899857,-0.056283,-1.144221,10.469828,0.107340,-0.390815,0.430147,2.014160,0.671387,19.653320
29.909954,-0.123942,-0.975372,10.206376,0.039681,-0.221966,0.166695,2.899170,0.732422,17.669678
29.920050,-0.165256,-0.888552,9.978250,-0.001633,-0.135146,-0.061431,1.953125,0.122070,17.028809
29.930146,-0.213755,-0.968187,9.963281,-0.050132,-0.214781,-0.076400,1.983643,0.030518,16.174316
29.940243,-0.183818,-0.839454,9.912387,-0.020195,-0.086049,-0.127294,-0.793457,-1.037598,14.801025
29.950340,-0.143701,-0.644260,10.145303,0.019922,0.109146,0.105622,-3.295898,-1.129150,14.312744
29.960461,-0.217348,-0.456850,9.992021,-0.053725,0.296556,-0.047659,-3.021240,-0.946045,13.824463
29.970558,-0.302371,-0.747845,10.040521,-0.138748,0.005561,0.000840,-2.624512,-0.823975,12.329102
29.980657,-0.274828,-0.781375,10.168055,-0.111205,-0.027969,0.128375,-3.479004,0.000000,12.115479
29.990754,-0.368234,-0.913101,10.082433,-0.204611,-0.159695,0.042753,-4.150391,0.579834,9.674072
30.000850,-0.122146,-1.076561,9.962682,0.041477,-0.323155,-0.076998,-3.570557,0.213623,6.561279
30.010944,-0.465831,-0.959804,10.371033,-0.302208,-0.206398,0.331352,-1.007080,-0.457764,4.699707
30.021041,-0.345482,-0.846639,9.842333,-0.181858,-0.093234,-0.197348,-1.037598,0.122070,3.692627
30.031137,-0.605940,-0.703537,9.891431,-0.442317,0.049869,-0.148250,-1.586914,0.854492,2.716064
30.041234,-0.376617,-0.877775,9.923165,-0.212994,-0.124369,-0.116516,-0.244141,0.701904,2.532959
30.051331,-0.541873,-0.857417,9.741742,-0.378250,-0.104011,-0.297939,1.068115,1.281738,2.838135
30.061461,-0.388592,-0.843047,9.966874,-0.224969,-0.089641,-0.072807,2.105713,0.274658,3.204346
30.071558,-0.269440,-0.767604,9.972263,-0.105816,-0.014198,-0.067418,1.617432,-0.091553,2.746582
30.081656,-0.404160,-0.956212,10.021360,-0.240536,-0.202806,-0.018320,0.885010,-0.152588,0.396729
30.091753,-0.344883,-0.958008,10.122550,-0.181260,-0.204602,0.082869,-0.183105,-0.122070,0.000000
30.101851,-0.407752,-0.942440,10.091415,-0.244129,-0.189034,0.051734,-0.030518,0.488281,-0.762939
30.111945,-0.449665,-0.588576,10.143506,-0.286042,0.164830,0.103826,-0.518799,0.335693,-0.244141
30.122041,-0.367037,-0.846041,9.939331,-0.203413,-0.092635,-0.100350,-0.854492,0.000000,1.678467
30.132139,-0.470023,-0.803529,10.192604,-0.306399,-0.050123,0.152923,-0.427246,-0.976562,0.671387
30.142233,-0.321531,-0.495170,9.935140,-0.157908,0.258235,-0.104541,3.143311,-1.312256,-0.488281
30.152327,-0.246088,-0.537682,10.145303,-0.082465,0.215724,0.105622,2.227783,-2.655029,-2.166748
30.162423,-0.478405,-0.523911,9.929152,-0.314782,0.229495,-0.110529,0.885010,-0.732422,-4.119873
30.172517,-0.630489,-0.617316,10.023157,-0.466866,0.136090,-0.016524,-0.335693,0.427246,-7.904053
30.182609,-0.558040,-0.269440,9.969269,-0.394416,0.483966,-0.070412,-0.885010,0.213623,-8.209229
30.192703,-0.605940,-0.557441,10.138716,-0.442317,0.195965,0.099036,-1.464844,-0.366211,-6.378174
30.202796,-0.003593,-0.683179,10.203382,0.160031,0.070226,0.163701,-1.464844,-0.885010,-6.134033
30.212890,-0.559237,-0.495769,10.414144,-0.395614,0.257637,0.374463,-1.251221,-1.983643,-5.950928
30.222984,-0.243693,-0.504750,10.137519,-0.080070,0.248655,0.097838,-0.579834,1.495361,-9.460449
30.233078,-0.406555,-0.829874,10.026749,-0.242931,-0.076468,-0.012932,-1.464844,2.227783,-10.620117
30.243174,-0.465233,-0.836461,10.017169,-0.301609,-0.083055,-0.022512,0.366211,2.593994,-16.235352
30.253268,-0.370629,-0.605341,10.084828,-0.207006,0.148065,0.045148,1.007080,2.471924,-15.258789
30.263362,-0.219144,-0.896336,10.296189,-0.055521,-0.142930,0.256508,2.593994,1.770020,-16.937256
30.273456,-0.348475,-0.578996,10.139914,-0.184852,0.174410,0.100233,1.220703,1.129150,-16.143799
30.283553,-0.520917,-0.810714,10.118359,-0.357294,-0.057308,0.078678,1.007080,0.396729,-16.937256
30.293647,-0.428708,-0.960403,9.941726,-0.265085,-0.206997,-0.097955,-0.183105,0.427246,-11.962891
30.303742,-0.316741,-0.747845,9.897418,-0.153118,0.005561,-0.142263,4.089355,1.342773,-15.686035
30.313836,-0.699346,0.100591,9.405242,-0.535722,0.853997,-0.634439,4.669189,2.136230,-15.991211
30.323932,-0.832868,-0.550256,9.637559,-0.669245,0.203150,-0.402122,2.075195,1.678467,-12.420654
30.334026,-0.667013,-0.544867,9.632170,-0.503390,0.208539,-0.407511,3.814697,3.692627,-14.770508
30.344122,0.021555,-0.234113,9.969868,0.185178,0.519293,-0.069813,0.549316,2.777100,-11.901855
30.354215,-1.041833,0.113165,10.239906,-0.878210,0.866570,0.200225,0.000000,2.624512,-9.490967
30.364339,-0.459844,-1.350791,10.036329,-0.296221,-0.597385,-0.003352,-0.946045,0.793457,-4.150391
30.374432,-0.150886,-1.459166,9.875863,0.012737,-0.705760,-0.163818,-0.396729,0.518799,-10.467529
30.384528,-0.511337,-0.840652,10.085427,-0.347713,-0.087246,0.045746,1.159668,0.854492,-16.357422
30.394621,-0.665815,-0.261656,10.159074,-0.502192,0.491750,0.119393,1.586914,0.854492,-13.336182
30.404718,-0.986748,-0.543071,10.348281,-0.823125,0.210335,0.308600,-2.960205,-0.762939,-9.521484
30.414810,-0.884361,-0.984353,10.274634,-0.720738,-0.230947,0.234953,-3.631592,0.000000,-7.965088
30.424906,-0.615520,-0.681982,10.039323,-0.451897,0.071424,-0.000358,-3.173828,-1.159668,-3.509521
30.435038,-0.797542,-0.676593,10.001602,-0.633918,0.076813,-0.038079,-1.831055,-1.708984,5.065918
30.445137,-0.798140,-0.765209,9.948312,-0.634517,-0.011803,-0.091368,-0.885010,-1.983643,4.089355
30.455255,-0.208367,-0.816103,9.990225,-0.044743,-0.062697,-0.049456,-0.274658,-1.800537,4.333496
30.465447,-0.025148,-0.607736,9.771081,0.138476,0.145670,-0.268600,0.244141,-1.373291,2.685547
30.475539,-0.266446,-0.732277,9.686656,-0.102823,0.021129,-0.353024,1.190186,1.922607,0.000000
30.485626,-0.443677,-0.447270,9.844728,-0.280054,0.306136,-0.194953,1.068115,2.044678,0.122070
30.495716,-0.559237,-0.125739,9.956695,-0.395614,0.627667,-0.082986,0.976562,1.556396,1.281738
30.505805,-0.274230,-0.226928,10.165062,-0.110606,0.526478,0.125381,1.281738,-0.213623,2.838135
30.515895,0.202379,-0.443079,10.162667,0.366002,0.310327,0.122986,0.396729,-2.349854,2.349854
30.525984,0.170645,-0.461640,10.038126,0.334268,0.291766,-0.001555,1.007080,-1.220703,-5.462646
30.536172,0.280816,-0.483794,9.863888,0.444439,0.269612,-0.175793,0.640869,0.122070,-9.124756
30.546262,-0.279020,-0.709525,9.747131,-0.115397,0.043881,-0.292550,-2.197266,1.068115,-15.136719
30.556352,-0.107776,-0.644859,9.851913,0.055847,0.108547,-0.187768,-1.586914,2.166748,-14.831543
30.566514,0.095202,-0.802332,9.924362,0.258825,-0.048926,-0.115319,-0.244141,3.326416,-11.199951
30.576611,-0.173639,-0.562830,9.949510,-0.010016,0.190576,-0.090171,-1.342773,2.685547,-9.948730
30.586708,0.080233,-0.970582,9.887838,0.243856,-0.217176,-0.151843,-1.800537,1.953125,-9.674072
30.596804,0.286205,-1.013692,9.965676,0.449828,-0.260286,-0.074005,-0.823975,1.281738,-9.796143
30.606900,0.090412,-1.029260,10.183024,0.254035,-0.275854,0.143343,-0.183105,0.732422,-8.819580
30.616998,0.044308,-0.629291,10.366243,0.207931,0.124114,0.326562,1.098633,1.220703,-5.889893
30.627094,0.448467,-0.935255,9.881851,0.612091,-0.181849,-0.157830,2.410889,1.556396,-5.371094
30.637189,0.137714,-0.786165,9.825568,0.301337,-0.032759,-0.214113,2.075195,0.640869,-2.075195
30.647285,0.428110,-0.658630,10.087822,0.591733,0.094775,0.048141,1.068115,0.518799,-3.631592
30.657385,0.223336,-0.576601,9.943522,0.386959,0.176805,-0.096159,0.122070,-0.518799,-5.554199
30.667559,0.508343,-0.572410,10.057885,0.671966,0.180996,0.018204,-0.457764,-1.342773,-7.873535
30.677649,0.353265,-0.569416,10.053094,0.516889,0.183990,0.013414,0.488281,-1.037598,-9.124756
30.687740,0.266446,-0.825084,9.879456,0.430069,-0.071678,-0.160225,-1.007080,-0.671387,-9.033203
30.697830,0.541274,-0.932261,10.021959,0.704898,-0.178856,-0.017722,-1.922607,-0.640869,-8.697510
30.707921,0.329315,-0.767604,10.024953,0.492938,-0.014198,-0.014728,-2.197266,1.251221,-4.699707
30.718011,0.322729,-1.035247,10.052496,0.486352,-0.281841,0.012815,-1.159668,1.220703,-4.608154
30.728102,0.700543,-0.671803,9.844129,0.864166,0.081603,-0.195552,0.701904,1.098633,-4.119873
30.738192,0.523312,-0.893342,9.967473,0.686935,-0.139937,-0.072208,0.854492,-0.091553,-7.293701
30.748281,0.136516,-0.789159,10.067465,0.300139,-0.035753,0.027784,1.159668,0.305176,-9.155273
30.758372,-0.220941,-1.046624,9.956695,-0.057317,-0.293218,-0.082986,0.396729,0.488281,-5.249023
30.768531,-0.120948,-1.065784,10.106384,0.042675,-0.312378,0.066703,0.701904,-0.305176,-2.166748
30.778628,0.578996,-0.708327,10.014175,0.742619,0.045079,-0.025505,-0.091553,-1.007080,-3.051758
30.788724,0.336500,-0.678988,10.081835,0.500123,0.074418,0.042154,-0.701904,-1.220703,-6.561279
30.798821,0.270038,-0.910107,9.936936,0.433662,-0.156702,-0.102745,-1.159668,-1.098633,-10.833740
30.808918,-0.316143,-0.893941,10.083032,-0.152519,-0.140535,0.043351,-1.159668,-1.098633,-10.040283
30.819016,-0.825084,-0.877775,10.210567,-0.661461,-0.124369,0.170886,-0.518799,-0.396729,-6.896973
30.829116,0.183818,-1.373544,10.272838,0.347441,-0.620138,0.233157,-0.732422,-0.579834,2.410889
30.839214,0.321531,-0.871787,10.257270,0.485155,-0.118381,0.217589,0.610352,-0.274658,2.990723
30.849311,-0.164658,-0.768801,9.932146,-0.001034,-0.015395,-0.107535,-0.396729,0.427246,2.777100
30.859400,-0.533491,-0.831671,9.785451,-0.369867,-0.078265,-0.254230,1.129150,0.915527,2.349854
30.869569,-0.502355,-0.765807,9.829160,-0.338732,-0.012402,-0.210521,-0.213623,1.251221,5.340576
30.879660,-0.401166,-0.993334,10.026749,-0.237543,-0.239929,-0.012932,0.579834,0.488281,6.988525
30.889751,-0.134720,-1.048420,9.875264,0.028903,-0.295014,-0.164417,1.068115,0.213623,7.171631
30.899841,-0.173639,-0.700543,9.911788,-0.010016,0.052863,-0.127893,0.213623,-0.610352,6.683350
30.909930,-0.474813,-0.923879,9.989626,-0.311189,-0.170473,-0.050054,-0.915527,-0.701904,2.716064
30.920020,-0.444276,-0.774789,10.130334,-0.280653,-0.021383,0.090653,-1.831055,-0.091553,3.631592
30.930109,-0.320933,-0.688568,9.944121,-0.157309,0.064838,-0.095560,-1.220703,0.122070,6.591797
30.940199,0.160466,-0.608934,10.206376,0.324090,0.144472,0.166695,-2.563477,0.274658,7.537842
30.950289,-0.184417,-0.738864,10.216555,-0.020793,0.014542,0.176874,-1.495361,-0.152588,4.669189
30.960379,-0.248483,-0.719105,10.114766,-0.084860,0.034301,0.075085,0.213623,-0.152588,3.570557
30.970528,-0.250280,-0.652044,10.134525,-0.086656,0.101362,0.094844,1.159668,-0.915527,4.669189
30.980625,-0.357457,-0.721500,10.038724,-0.193833,0.031906,-0.000957,0.701904,-0.427246,2.990723
30.990721,-0.465831,-0.623903,10.001602,-0.302208,0.129503,-0.038079,-1.586914,-1.220703,-1.586914
31.000816,-0.394579,-0.880768,9.830956,-0.230956,-0.127363,-0.208724,-0.976562,-2.044678,-1.068115
31.010913,-0.011975,-0.655038,10.010583,0.151648,0.098368,-0.029098,-0.152588,-1.068115,-1.098633
31.021009,-0.164658,-0.152682,10.398576,-0.001034,0.600723,0.358895,6.011963,0.732422,-4.516602
31.031106,-0.511337,-0.890349,10.291399,-0.347713,-0.136943,0.251718,0.091553,1.098633,-5.218506
31.041201,-0.438887,-0.519120,9.734557,-0.275264,0.234285,-0.305124,-1.342773,1.800537,-3.814697
31.051298,-0.328118,-1.488505,10.397977,-0.164494,-0.735099,0.358296,-2.380371,1.770020,-2.319336
31.061395,-0.457449,-0.804128,9.938134,-0.293825,-0.050722,-0.101547,-1.770020,0.366211,-6.134033
31.071517,-0.159868,-0.727487,9.686058,0.003756,0.025919,-0.353623,-0.244141,1.586914,-6.011963
31.081614,-0.171843,-1.052611,9.811796,-0.008219,-0.299205,-0.227885,-1.159668,0.457764,-5.310059
31.091709,-0.450862,-1.122067,9.904603,-0.287239,-0.368661,-0.135078,-0.396729,0.000000,-6.134033
31.101805,-0.512534,-1.162183,10.051298,-0.348911,-0.408777,0.011617,-0.732422,-1.190186,-2.227783
31.111901,-0.480201,-0.874182,9.838740,-0.316578,-0.120776,-0.200941,0.579834,-1.403809,-0.030518
31.121998,-0.267643,-0.697549,9.805210,-0.104020,0.055856,-0.234471,0.762939,-1.770020,1.586914
31.132094,-0.335303,-0.565225,9.933344,-0.171679,0.188181,-0.106337,-0.091553,-0.854492,1.251221
31.142186,-0.169448,-0.671803,10.395582,-0.005824,0.081603,0.355901,-0.823975,-0.244141,1.647949
31.152281,0.053289,-0.357457,10.140513,0.216912,0.395949,0.100832,0.061035,-0.640869,0.274658
31.162379,-0.063468,-0.404160,10.230326,0.100155,0.349246,0.190645,0.030518,-0.610352,0.885010
31.172505,-0.053289,-0.494572,10.124945,0.110334,0.258834,0.085264,0.122070,0.061035,-0.976562
31.182603,-0.205972,-0.312550,10.065070,-0.042348,0.440856,0.025389,0.183105,-0.366211,-0.823975
31.192698,-0.371827,-0.561632,9.903406,-0.208204,0.191774,-0.136275,0.518799,0.976562,-1.983643
31.202792,-0.519719,-0.620909,9.948312,-0.356096,0.132497,-0.091368,-0.366211,1.647949,-1.037598
31.212885,-0.477208,-0.403561,9.887239,-0.313584,0.349845,-0.152441,-0.915527,1.739502,-0.579834
31.222979,-0.028141,-0.419727,10.074051,0.135482,0.333679,0.034370,-2.532959,0.915527,-1.403809
31.233074,-0.328118,-0.493374,9.975855,-0.164494,0.260032,-0.063826,-1.129150,1.251221,-0.976562
31.243169,-0.610730,-0.701741,9.928553,-0.447107,0.051665,-0.111127,-2.319336,1.556396,-0.823975
31.253263,-0.316741,-0.838257,9.986034,-0.153118,-0.084851,-0.053647,-0.976562,0.976562,0.854492
31.263359,-0.399370,-0.508343,9.839339,-0.235746,0.245063,-0.200342,1.770020,-0.854492,5.065918
31.273452,-0.362247,-1.058000,9.949510,-0.198623,-0.304594,-0.090171,0.396729,0.640869,5.523682
31.283549,-0.034728,-1.228645,10.344688,0.128895,-0.475239,0.305007,0.915527,0.671387,3.509521
31.293641,-0.340093,-0.684976,10.185419,-0.176470,0.068430,0.145738,2.258301,-0.701904,0.488281
31.303737,-0.528102,-0.682581,10.164463,-0.364479,0.070825,0.124782,2.807617,0.396729,3.021240
31.313831,-0.315544,-1.056802,9.898017,-0.151921,-0.303397,-0.141664,0.946045,0.305176,3.631592
31.323926,-0.164059,-1.080753,10.075847,-0.000436,-0.327347,0.036166,3.753662,0.579834,5.249023
31.334018,-0.416733,-1.157393,10.051298,-0.253110,-0.403987,0.011617,2.319336,0.366211,6.591797
31.344115,-0.343087,-0.932261,10.142309,-0.179463,-0.178856,0.102628,-0.823975,-0.274658,7.843018
31.354208,-0.532293,-1.030457,10.299183,-0.368670,-0.277051,0.259502,-1.525879,-0.946045,8.819580
31.364301,-0.079634,-1.476530,10.250684,0.083989,-0.723124,0.211003,-1.190186,-1.373291,10.650635
31.374394,0.105980,-1.058000,10.226135,0.269603,-0.304594,0.186454,-2.288818,-1.190186,9.521484
31.384631,-0.162263,-0.727487,9.906400,0.001361,0.025919,-0.133281,-1.312256,-0.091553,5.065918
31.394726,-0.786764,-1.186732,10.109377,-0.623141,-0.433326,0.069697,-4.455566,0.030518,4.577637
31.404820,-0.909509,-1.054407,10.216555,-0.745885,-0.301002,0.176874,-0.823975,-1.068115,8.605957
31.414914,0.142504,-0.808319,10.070458,0.306127,-0.054913,0.030777,0.091553,-1.312256,8.575439
31.425011,0.116158,-1.297502,10.030342,0.279782,-0.544096,-0.009339,1.342773,-0.885010,5.432129
31.435108,-0.556243,-0.958607,10.190808,-0.392620,-0.205201,0.151127,-1.770020,1.525879,2.105713
31.445204,-0.665815,-1.090333,9.986034,-0.502192,-0.336927,-0.053647,-1.220703,1.892090,0.335693
31.455301,-0.193997,-0.597557,9.862690,-0.030373,0.155848,-0.176990,0.549316,0.518799,4.241943
31.465395,-0.228126,-0.635878,9.998009,-0.064502,0.117528,-0.041672,-0.213623,0.305176,6.958008
31.475520,-0.450862,-1.199905,10.049502,-0.287239,-0.446499,0.009821,-1.281738,-1.373291,4.913330
31.485617,-0.516127,-0.929268,10.030342,-0.352503,-0.175862,-0.009339,-0.366211,-1.464844,6.378174
31.495714,-0.271835,-0.960403,9.995614,-0.108211,-0.206997,-0.044067,-2.105713,-1.434326,11.535645
31.505811,0.259261,-0.956810,9.843530,0.422884,-0.203405,-0.196151,-0.946045,-1.922607,11.077881
31.515908,0.059875,-1.078956,10.203382,0.223499,-0.325551,0.163701,-1.129150,-0.610352,9.948730
31.526005,-0.162263,-0.687969,10.138118,0.001361,0.065436,0.098437,1.434326,-0.457764,10.589600
31.536101,-0.232916,-0.481998,9.833351,-0.069292,0.271408,-0.206329,3.021240,0.457764,12.603760
31.546199,-0.146695,-0.875978,10.122550,0.016928,-0.122573,0.082869,0.946045,1.525879,16.815186
31.556295,0.141306,-0.920885,9.864487,0.304929,-0.167479,-0.175194,-0.335693,1.647949,14.434814
31.566392,0.323926,-0.750839,9.729168,0.487550,0.002567,-0.310513,-0.335693,-0.885010,10.375977
31.576514,-0.193398,-0.225731,10.005793,-0.029775,0.527675,-0.033888,-0.946045,-0.549316,9.948730
31.586611,0.381407,-0.862806,9.902807,0.545030,-0.109400,-0.136874,0.000000,-0.152588,8.239746
31.596707,0.082029,-0.568218,10.048903,0.245653,0.185187,0.009222,-0.335693,-1.403809,7.781982
31.606800,-0.064067,-0.632285,10.100995,0.099556,0.121121,0.061314,-1.434326,0.030518,10.498047
31.616897,0.126936,-0.703537,10.126741,0.290559,0.049869,0.087060,-1.281738,0.213623,11.840820
31.627032,0.113165,-1.216071,10.357861,0.276788,-0.462665,0.318180,0.213623,-0.366211,9.735107
31.637129,0.317340,-1.005309,9.900412,0.480963,-0.251904,-0.139269,2.044678,-1.983643,7.659912
31.647226,0.241897,-0.856219,9.986034,0.405520,-0.102814,-0.053647,1.953125,-1.922607,8.850098
31.657323,-0.150886,-0.795146,10.030941,0.012737,-0.041741,-0.008740,1.892090,-1.708984,8.483887
31.667420,0.164658,-0.648452,9.833351,0.328281,0.104954,-0.206329,1.983643,-1.861572,5.859375
31.677540,-0.359852,-0.736469,9.911190,-0.196228,0.016937,-0.128491,-0.030518,-2.349854,6.683350
31.687641,0.001796,-0.997526,10.087822,0.165420,-0.244120,0.048141,-0.732422,-1.007080,5.279541
31.697739,0.207768,-0.794548,10.092014,0.371391,-0.041142,0.052333,-1.281738,0.579834,5.828857
31.707836,0.328118,-1.343007,9.856703,0.491741,-0.589601,-0.182978,-0.762939,1.922607,3.051758
31.717933,-0.634680,-0.453856,9.665101,-0.471057,0.299550,-0.374580,2.319336,3.204346,3.570557
31.728029,-0.893941,-1.405278,10.274634,-0.730318,-0.651872,0.234953,-2.471924,0.183105,-2.105713
31.738126,-0.466430,-0.939446,10.250684,-0.302807,-0.186041,0.211003,-1.556396,-0.366211,-0.274658
31.748223,-0.286205,-1.182541,9.958491,-0.122582,-0.429135,-0.081190,-0.518799,-0.732422,3.204346
31.758319,-0.009580,-0.493973,10.127340,0.154043,0.259433,0.087659,1.037598,-1.831055,5.767822
31.768416,0.101788,-1.084345,10.090217,0.265412,-0.330939,0.050536,0.061035,-1.525879,5.462646
31.778545,0.259860,-1.187930,10.074650,0.423483,-0.434524,0.034969,0.122070,-0.244141,-0.030518
31.788641,0.062869,-0.990939,9.975855,0.226493,-0.237534,-0.063826,0.061035,0.671387,-0.061035
31.798737,-0.259261,-0.892145,9.974658,-0.095638,-0.138739,-0.065023,0.518799,1.007080,0.854492
31.808833,0.080233,-1.299897,9.937535,0.243856,-0.546491,-0.102146,0.305176,0.366211,2.166748
31.818944,0.126936,-0.595761,10.025552,0.290559,0.157645,-0.014129,-0.335693,-0.457764,1.922607
31.829036,-0.225731,-1.178948,9.865085,-0.062107,-0.425543,-0.174595,-1.678467,-1.281738,3.479004
31.839133,0.011376,-1.493295,10.062675,0.175000,-0.739889,0.022994,0.091553,-0.946045,2.014160
31.849231,0.191003,-1.072969,9.897418,0.354626,-0.319563,-0.142263,2.441406,0.244141,-0.061035
31.859328,-0.226329,-0.753832,9.933344,-0.062706,-0.000427,-0.106337,0.854492,0.000000,0.274658
31.869425,-0.264051,-0.447869,9.966874,-0.100428,0.305537,-0.072807,-2.960205,-0.274658,5.218506
31.881423,-0.309556,-0.990939,10.189611,-0.145933,-0.237534,0.149930,-3.295898,-0.244141,6.927490
31.891514,0.366438,-1.184936,10.227332,0.530061,-0.431530,0.187651,-1.617432,1.220703,10.223389
31.901619,0.186812,-0.440085,9.832753,0.350435,0.313321,-0.206928,-1.129150,1.983643,7.598877
31.911709,-0.195793,-0.547262,10.115365,-0.032170,0.206144,0.075684,-0.915527,1.770020,7.324219
31.921801,0.367635,-0.939446,10.103989,0.531259,-0.186041,0.064308,-1.983643,0.976562,7.659912
31.931891,-0.403561,-0.737067,10.254276,-0.239938,0.016339,0.214595,-2.990723,0.183105,3.631592
31.941982,-0.136516,-0.594564,10.006392,0.027107,0.158842,-0.033289,-1.129150,-1.007080,-1.342773
31.952106,-0.089813,-0.432900,10.056687,0.073810,0.320506,0.017006,-1.281738,-0.885010,1.037598
31.962195,-0.338297,-0.729283,10.082433,-0.174673,0.024122,0.042753,-0.976562,0.335693,0.152588
31.972278,0.046104,-1.152603,10.093810,0.209727,-0.399197,0.054129,-1.525879,1.861572,-2.563477
31.982365,-0.265248,-0.340692,9.993219,-0.101625,0.412714,-0.046462,2.410889,2.227783,1.892090
31.992450,-0.386197,-0.900527,10.289004,-0.222574,-0.147122,0.249323,1.800537,1.892090,-0.671387
32.002535,-0.665815,-0.772993,10.022558,-0.502192,-0.019587,-0.017123,-0.762939,0.823975,-1.556396
32.012622,-0.329315,-0.833467,10.427316,-0.165692,-0.080061,0.387635,-0.030518,-0.152588,-2.075195
32.022708,-0.534688,-0.811313,10.096205,-0.371065,-0.057907,0.056524,1.892090,-0.732422,-3.112793
32.032794,-0.373623,-0.858615,9.985435,-0.210000,-0.105209,-0.054246,1.251221,-0.579834,-3.387451
32.042879,-0.700543,-0.675396,9.914782,-0.536920,0.078010,-0.124899,-0.946045,-0.946045,-1.464844
32.052966,0.158071,-1.031056,10.176438,0.321695,-0.277650,0.136757,-1.464844,0.976562,1.892090
32.063056,0.241298,-0.882565,10.186018,0.404921,-0.129159,0.146337,-0.274658,1.098633,-1.251221
32.073143,-0.220941,-0.949625,10.086625,-0.057317,-0.196219,0.046944,0.091553,0.152588,-6.805420
32.083297,-0.528102,-0.978964,10.063872,-0.364479,-0.225558,0.024191,-0.457764,-0.335693,-6.347656
32.093387,-0.461041,-0.925076,10.083631,-0.297418,-0.171671,0.043950,0.640869,-0.091553,-4.943848
32.103481,0.089813,-0.983156,10.282418,0.253436,-0.229750,0.242737,0.335693,-0.488281,-0.396729
32.113574,-0.215552,-0.849633,10.020762,-0.051929,-0.096227,-0.018919,-0.396729,0.000000,-1.983643
32.123669,0.086221,-0.747845,9.953102,0.249844,0.005561,-0.086578,1.800537,-0.152588,-5.035400
32.133761,-0.490380,-0.992137,9.854907,-0.326757,-0.238731,-0.184774,1.068115,-0.396729,-2.532959
32.143856,-0.390987,-0.996927,9.824969,-0.227364,-0.243521,-0.214712,0.213623,-0.061035,-1.739502
32.153948,-0.544867,-0.924478,9.984238,-0.381244,-0.171072,-0.055443,-1.068115,-0.030518,-0.976562
32.164043,-0.297581,-0.889151,9.792037,-0.133958,-0.135745,-0.247644,-1.159668,0.549316,-1.800537
32.174135,-0.252675,-1.144221,10.006392,-0.089051,-0.390815,-0.033289,-0.579834,1.251221,-3.784180
32.184302,-0.326321,-1.337618,10.615924,-0.162698,-0.584213,0.576243,-2.288818,1.312256,-6.286621
32.194388,-0.462838,-0.791554,9.971664,-0.299214,-0.038148,-0.068017,-0.854492,0.305176,-6.622314
32.204477,-0.369432,-0.933459,9.938732,-0.205809,-0.180053,-0.100949,-0.366211,-0.762939,-2.349854
32.214563,-0.577200,-0.931663,10.087224,-0.413576,-0.178257,0.047543,0.579834,0.274658,-0.946045
32.224653,0.002994,-0.749641,9.971664,0.166617,0.003765,-0.068017,2.136230,-0.183105,-2.044678
32.234739,-0.202978,-0.829874,9.954899,-0.039355,-0.076468,-0.084782,1.556396,0.732422,-2.197266
32.244828,-0.548459,-0.455652,10.050101,-0.384836,0.297753,0.010420,3.082275,0.244141,-4.180908
32.254915,-0.424517,-0.589175,10.129136,-0.260894,0.164231,0.089455,2.349854,0.030518,-2.563477
32.265003,-0.129331,-0.795146,10.074650,0.034292,-0.041741,0.034969,1.403809,0.579834,-4.638672
32.275091,-0.570015,-0.537682,9.935739,-0.406391,0.215724,-0.103942,0.000000,1.525879,-6.072998
32.285202,-0.416135,-0.695154,10.048903,-0.252511,0.058251,0.009222,-0.823975,-0.091553,-3.265381
32.295288,0.163460,-0.633483,9.844129,0.327083,0.119923,-0.195552,0.305176,-0.671387,-3.326416
32.305375,-0.108973,-0.526306,9.902807,0.054650,0.227100,-0.136874,-3.692627,-0.061035,-5.218506
32.315463,0.104782,-1.040636,10.088421,0.268405,-0.287230,0.048740,-2.899170,-0.701904,-6.286621
32.325552,0.095801,-1.295706,10.175240,0.259424,-0.542300,0.135560,-1.403809,-0.396729,-5.523682
32.335639,-0.009580,-1.440604,10.008188,0.154043,-0.687198,-0.031493,4.302979,1.281738,-6.835938
32.345729,-0.098196,-0.747246,9.675280,0.065427,0.006160,-0.364401,4.516602,2.716064,-7.354736
32.355817,-0.717907,-0.534688,10.072853,-0.554284,0.218718,0.033173,-1.098633,1.892090,-9.002686
32.365906,-0.090412,-1.972299,10.200987,0.073211,-1.218893,0.161306,-3.387451,0.762939,-10.223389
32.375994,-0.132924,-0.834066,9.956096,0.030700,-0.080660,-0.083585,-3.784180,0.427246,-3.814697
32.386144,-0.848436,-0.838257,10.055490,-0.684812,-0.084851,0.015809,-4.760742,0.274658,-0.244141
32.396239,-0.252076,-1.353785,10.105785,-0.088453,-0.600379,0.066104,-4.028320,-0.366211,-1.403809
32.406335,-0.421523,-0.622106,10.186617,-0.257900,0.131299,0.146936,0.976562,-0.549316,-7.659912
32.416430,-0.889750,-0.774190,10.169253,-0.726127,-0.020784,0.129572,0.274658,-1.007080,-7.781982
32.426526,0.276625,-0.387394,10.057286,0.440248,0.366011,0.017605,1.495361,0.244141,-3.479004
32.436624,-0.319735,-0.372426,10.156080,-0.156112,0.380980,0.116399,1.464844,-0.183105,-1.892090
32.446719,-0.772993,-0.971779,10.194401,-0.609369,-0.218373,0.154720,0.000000,0.823975,-7.659912
32.456817,0.610131,-0.764011,10.294393,0.773754,-0.010605,0.254712,3.173828,0.793457,-9.033203
32.466914,-0.164658,-0.053289,11.178754,-0.001034,0.700117,1.139073,1.190186,0.183105,-6.011963
32.477011,-0.189805,-0.852627,9.939331,-0.026182,-0.099221,-0.100350,-2.014160,-0.244141,-8.728027
32.487215,0.402363,-0.872386,9.945319,0.565987,-0.118980,-0.094362,-2.624512,-0.213623,-6.652832
32.497306,-0.083826,-0.693957,10.081835,0.079798,0.059449,0.042154,-1.647949,1.007080,-9.399414
32.507394,0.065264,-0.627495,10.411749,0.228888,0.125911,0.372068,-2.075195,1.007080,-8.117676
32.517484,0.022753,-0.328118,10.199191,0.186376,0.425288,0.159510,-1.190186,0.823975,-3.875732
32.527573,0.152682,-0.754431,9.936936,0.316306,-0.001025,-0.102745,-1.556396,0.732422,-2.197266
32.537664,0.247885,-0.884361,10.121353,0.411508,-0.130955,0.081672,-0.885010,1.007080,-3.173828
32.547754,0.318538,-0.818498,10.068662,0.482161,-0.065092,0.028981,-1.251221,0.976562,-4.852295
32.557845,0.374821,-0.971180,9.913585,0.538444,-0.217775,-0.126096,-0.457764,1.220703,-6.744385
32.567936,0.275427,-0.481399,9.657318,0.439050,0.272007,-0.382363,0.366211,1.342773,-6.011963
32.578026,0.364043,-0.903521,9.999805,0.527666,-0.150115,-0.039876,0.091553,1.373291,-6.744385
32.588140,0.538281,-1.160986,10.342892,0.701904,-0.407580,0.303211,0.335693,0.915527,-8.666992
32.598231,-0.020956,-1.229244,10.123748,0.142667,-0.475838,0.084067,-0.579834,0.640869,-13.824463
32.608320,0.043709,-0.299377,10.139914,0.207332,0.454028,0.100233,-1.678467,-0.366211,-5.889893
32.618410,-0.157473,-1.037043,9.775871,0.006151,-0.283638,-0.263810,-0.488281,0.579834,-9.094238
32.628500,-0.329914,-0.932261,9.914782,-0.166291,-0.178856,-0.124899,-0.610352,1.098633,-6.042480
32.638589,0.165256,-0.780178,10.362052,0.328880,-0.026772,0.322371,-2.258301,-0.183105,0.946045
32.648681,0.414338,-0.890947,10.397977,0.577962,-0.137541,0.358296,-4.364014,-1.159668,1.708984
32.658771,0.573008,-0.672402,10.250085,0.736632,0.081004,0.210404,-0.885010,-1.831055,2.838135
32.668861,0.562231,-0.813708,10.342892,0.725854,-0.060302,0.303211,-2.410889,-2.593994,7.141113
32.678951,0.471220,-1.381926,10.117161,0.634843,-0.628520,0.077480,-1.525879,-1.953125,1.373291
32.689063,0.571212,-1.082549,10.071057,0.734835,-0.329143,0.031376,-1.770020,-2.166748,1.739502
32.699153,0.455652,-0.922083,10.159673,0.619276,-0.168677,0.119992,-0.305176,-1.831055,2.563477
32.709244,0.389191,-0.449066,10.009385,0.552814,0.304340,-0.030296,2.685547,-0.976562,4.455566
32.719334,0.310754,-0.779579,10.042317,0.474377,-0.026173,0.002636,-0.305176,-1.983643,4.180908
32.729424,0.244891,-0.786764,9.984836,0.408514,-0.033358,-0.054844,0.091553,-1.129150,3.814697
32.739514,0.349074,-0.584385,9.838141,0.512697,0.169021,-0.201539,0.610352,0.000000,4.516602
32.749604,0.384401,-0.602946,9.988429,0.548024,0.150460,-0.051252,-0.427246,-0.274658,2.838135
32.759696,0.338297,-0.761616,10.005793,0.501920,-0.008210,-0.033888,-0.366211,0.000000,2.044678
32.769786,0.210163,-0.625699,9.824969,0.373786,0.127707,-0.214712,0.152588,-0.061035,1.281738
32.779875,0.132325,-0.655637,9.998608,0.295948,0.097769,-0.041073,-0.488281,-0.183105,1.007080
32.790036,0.082029,-0.602347,9.951905,0.245653,0.151058,-0.087776,0.000000,0.213623,1.007080
32.800133,0.122146,-0.687371,10.014774,0.285769,0.066035,-0.024907,-1.342773,0.366211,1.159668
32.810227,0.244292,-1.138832,10.184821,0.407915,-0.385426,0.145140,-1.647949,0.274658,-0.030518
32.820323,0.149689,-0.659229,9.950707,0.313312,0.094177,-0.088973,0.000000,0.549316,-3.906250
32.830420,0.052092,-0.387394,10.003997,0.215715,0.366011,-0.035684,1.434326,0.823975,-3.448486
32.840516,0.023351,-0.545466,9.775871,0.186975,0.207940,-0.263810,1.220703,0.976562,-2.868652
32.850613,-0.120948,-0.943039,9.914183,0.042675,-0.189633,-0.125498,0.854492,1.220703,-6.988525
32.860709,0.072449,-0.955014,10.065668,0.236073,-0.201608,0.025987,1.495361,1.251221,-7.934570
32.870805,-0.147892,-0.690963,10.112371,0.015731,0.062443,0.072690,0.579834,0.366211,-7.293701
32.880901,-0.119152,-0.766406,10.111174,0.044471,-0.013000,0.071493,-0.152588,0.457764,-8.300781
32.891086,0.153281,-1.123264,10.194999,0.316904,-0.369858,0.155319,0.610352,0.122070,-6.500244
32.901180,-0.071851,-0.858615,9.957294,0.091773,-0.105209,-0.082387,0.488281,-0.305176,-8.605957
32.911272,-0.420925,-0.669408,9.956096,-0.257301,0.083998,-0.083585,-0.274658,-0.061035,-4.638672
32.921362,-0.240699,-0.879571,10.080038,-0.077076,-0.126165,0.040358,-0.122070,0.061035,-3.509521
32.931453,-0.455652,-0.798739,10.130933,-0.292029,-0.045333,0.091252,-1.037598,0.244141,-2.868652
32.941543,-0.001796,-1.160387,9.993219,0.161827,-0.406981,-0.046462,0.244141,0.701904,-5.096436
32.951633,0.011975,-0.981958,10.037527,0.175598,-0.228552,-0.002154,0.610352,0.793457,-6.652832
32.961724,-0.319136,-1.007106,10.021360,-0.155513,-0.253700,-0.018320,0.701904,1.068115,-5.249023
32.971814,-0.408950,-0.972378,10.083032,-0.245326,-0.218972,0.043351,-0.640869,0.579834,-3.997803
32.981905,-0.338297,-1.172362,10.069261,-0.174673,-0.418956,0.029580,-0.732422,0.732422,0.579834
32.992063,0.094603,-1.409469,10.149494,0.258227,-0.656063,0.109813,-1.373291,0.488281,2.349854
33.002161,-0.211959,-1.180745,10.015972,-0.048336,-0.427339,-0.023709,-1.739502,0.488281,0.518799
33.012258,-0.053888,-0.935255,10.073452,0.109735,-0.181849,0.033771,0.457764,0.579834,5.676270
33.022356,-0.353864,-0.892744,9.927356,-0.190241,-0.139338,-0.112325,0.183105,0.640869,5.554199
33.032451,0.065264,-0.815504,9.938134,0.228888,-0.062098,-0.101547,0.518799,0.701904,7.171631
33.042544,0.207169,-0.493973,9.959689,0.370792,0.259433,-0.079992,0.183105,0.030518,7.415771
33.052637,-0.425715,-0.648452,10.171648,-0.262091,0.104954,0.131967,-1.434326,-0.488281,6.103516
33.062730,-0.391586,-0.632884,10.144704,-0.227962,0.120522,0.105023,-1.190186,-0.732422,9.521484
33.072824,-0.074844,-0.851429,10.127939,0.088779,-0.098024,0.088258,-1.251221,-1.434326,14.739990
33.082917,0.132924,-1.141227,10.091415,0.296547,-0.387821,0.051734,-0.579834,-1.373291,12.084961
33.093010,0.043709,-0.649050,10.033336,0.207332,0.104355,-0.006345,-0.274658,-1.800537,10.803223
33.103106,-0.068857,-0.949026,10.160272,0.094766,-0.195621,0.120591,0.122070,-2.319336,10.223389
33.113200,-0.080832,-0.898731,10.042317,0.082791,-0.145325,0.002636,0.640869,-2.044678,9.399414
33.123297,-0.004191,-0.926873,10.096804,0.159432,-0.173467,0.057123,0.183105,-1.373291,10.467529
33.133390,-0.071851,-0.688568,10.000404,0.091773,0.064838,-0.039277,0.183105,-0.885010,8.605957
33.143487,-0.011975,-0.862806,10.012379,0.151648,-0.109400,-0.027302,-0.305176,-0.518799,7.263184
33.153580,-0.344284,-0.631088,10.117161,-0.180661,0.122318,0.077480,-0.793457,-0.366211,7.598877
33.163677,-0.383802,-1.107098,10.045909,-0.220179,-0.353692,0.006229,-0.488281,-0.152588,7.720947
33.173770,-0.417332,-0.829276,10.059082,-0.253709,-0.075870,0.019401,1.190186,-0.091553,7.873535
33.183867,-0.408950,-0.934058,10.237511,-0.245326,-0.180652,0.197830,1.800537,-0.732422,7.934570
33.193987,-0.384401,-0.902922,10.141111,-0.220777,-0.149517,0.101431,0.457764,-0.640869,7.080078
33.204081,-0.195793,-0.601749,10.047107,-0.032170,0.151657,0.007426,0.396729,-0.366211,7.843018
33.214174,-0.670007,-0.588576,10.013577,-0.506383,0.164830,-0.026104,-0.152588,0.579834,10.681152
33.224267,-0.127535,-0.923879,9.826765,0.036088,-0.170473,-0.212916,0.305176,0.610352,10.650635
33.234360,-0.251477,-0.786165,9.969269,-0.087854,-0.032759,-0.070412,-0.152588,0.152588,10.650635
33.244457,-0.286804,-0.634680,10.012978,-0.123180,0.118726,-0.026703,-0.488281,-0.640869,9.887695
33.254550,-0.134720,-0.690963,9.989626,0.028903,0.062443,-0.050054,-0.885010,-0.915527,11.260986
33.264647,-0.170645,-0.928669,10.074650,-0.007022,-0.175263,0.034969,-1.068115,-0.488281,10.253906
33.274740,0.040117,-1.007106,10.037527,0.203740,-0.253700,-0.002154,-0.061035,0.152588,8.361816
33.284836,0.081431,-1.013093,10.123149,0.245054,-0.259687,0.083468,-0.793457,-0.518799,7.263184
33.294955,-0.164658,-0.947230,10.170450,-0.001034,-0.193824,0.130770,-0.030518,-0.427246,5.981445
33.305052,0.243693,-1.046624,10.447674,0.407316,-0.293218,0.407993,-0.579834,-0.183105,4.699707
33.315149,0.089813,-1.048420,10.151889,0.253436,-0.295014,0.112208,-0.427246,-0.305176,2.319336
33.325245,0.028141,-1.076561,10.136321,0.191765,-0.323155,0.096641,-0.457764,0.122070,1.434326
33.335341,-0.050894,-1.211281,10.029743,0.112729,-0.457875,-0.009938,-2.014160,-0.274658,-3.479004
33.345438,0.008383,-1.253793,10.136920,0.172006,-0.500387,0.097239,-2.014160,-0.732422,-5.371094
33.355535,0.081431,-1.190923,10.069261,0.245054,-0.437518,0.029580,-0.793457,-0.701904,-5.126953
33.365632,-0.219144,-0.832269,10.100995,-0.055521,-0.078864,0.061314,0.457764,-0.274658,-6.652832
33.375728,-0.016765,-0.958008,9.993219,0.146858,-0.204602,-0.046462,0.000000,0.213623,-7.141113
33.385824,-0.352667,-1.041235,10.084828,-0.189043,-0.287829,0.045148,-0.091553,0.671387,-8.209229
33.395950,-0.447270,-0.848436,10.031539,-0.283647,-0.095030,-0.008142,-0.030518,1.068115,-8.117676
33.406048,-0.471220,-0.942440,10.099797,-0.307597,-0.189034,0.060116,-0.793457,1.251221,-7.629395
33.416145,-0.426912,-1.135239,10.223740,-0.263289,-0.381833,0.184059,-1.129150,1.525879,-6.896973
33.426242,-0.338895,-1.198109,10.029743,-0.175272,-0.444703,-0.009938,-0.885010,2.288818,-8.697510
33.436338,-0.448467,-0.899330,9.596843,-0.284844,-0.145924,-0.442838,0.762939,2.441406,-8.270264
33.446432,-1.065784,-1.012495,9.900412,-0.902160,-0.259089,-0.139269,-1.922607,3.021240,-9.796143
33.456527,-0.918490,-1.080753,10.055490,-0.754867,-0.327347,0.015809,-0.213623,2.288818,-8.148193
33.466621,-0.645458,-0.930465,9.996213,-0.481835,-0.177059,-0.043468,2.899170,1.495361,-3.692627
33.476717,-0.606539,-0.478405,10.196796,-0.442915,0.275001,0.157115,5.004883,0.854492,2.502441
33.486813,-0.920286,-1.090931,10.229727,-0.756663,-0.337526,0.190046,2.716064,-0.152588,1.495361
33.496934,-0.598156,-1.136437,10.115964,-0.434533,-0.383031,0.076283,2.258301,0.488281,1.159668
33.507030,-0.780178,-1.086141,10.096205,-0.616554,-0.332736,0.056524,-0.701904,0.000000,1.739502
33.517128,-0.726290,-0.863405,9.978250,-0.562666,-0.109999,-0.061431,-1.647949,-1.495361,3.845215
33.527224,-0.528701,-0.792153,10.050699,-0.365077,-0.038747,0.011019,-1.312256,-2.441406,4.974365
33.537320,-0.384401,-0.912502,10.044113,-0.220777,-0.159097,0.004432,-0.732422,-2.685547,9.399414
33.547417,-0.168250,-0.959205,10.181827,-0.004627,-0.205800,0.142146,-0.915527,-2.258301,11.077881
33.557514,-0.137115,-1.122665,10.092014,0.026508,-0.369260,0.052333,-0.061035,-1.159668,12.542725
33.567610,-0.284409,-0.838856,10.244097,-0.120785,-0.085450,0.204416,-0.885010,0.305176,15.716553
33.577707,-0.199984,-0.960403,10.088421,-0.036361,-0.206997,0.048740,-0.396729,0.488281,18.341064
33.587803,0.069456,-0.856219,9.989028,0.233079,-0.102814,-0.050653,-0.183105,0.366211,21.362305
33.597925,0.036524,-0.762215,9.974658,0.200147,-0.008809,-0.065023,-0.793457,-0.518799,21.759033
33.608022,-0.056283,-0.744851,10.089020,0.107340,0.008555,0.049339,-1.312256,-1.739502,22.827148
33.618119,0.004191,-1.066981,10.001003,0.167815,-0.313575,-0.038678,-0.457764,-1.892090,22.064209
33.628216,0.427511,-1.047222,10.172845,0.591134,-0.293817,0.133165,-0.061035,-1.525879,20.263672
33.638312,-0.078437,-0.699346,9.951306,0.085186,0.054060,-0.088375,-1.190186,0.152588,13.549805
33.648409,-0.161664,-0.979563,10.182426,0.001959,-0.226157,0.142745,-2.044678,0.518799,12.176514
33.658505,0.052092,-1.042432,10.045311,0.215715,-0.289026,0.005630,1.281738,1.220703,9.246826
33.668602,-0.249681,-0.939446,10.099199,-0.086058,-0.186041,0.059518,0.732422,1.159668,6.866455
33.678698,-0.334704,-0.908910,10.003997,-0.171081,-0.155504,-0.035684,-0.244141,0.518799,2.960205
33.688801,0.153880,-0.980760,10.095606,0.317503,-0.227355,0.055925,-0.335693,-0.030518,2.349854
33.698927,-0.085622,-0.990341,10.130933,0.078001,-0.236935,0.091252,-0.213623,-0.244141,0.915527
33.709024,-0.416135,-0.734672,9.990824,-0.252511,0.018734,-0.048857,1.556396,-0.488281,-2.075195
33.719121,-0.543071,-0.787961,10.040521,-0.379447,-0.034556,0.000840,2.166748,-0.640869,-1.342773
33.729215,-0.254471,-0.741857,9.920770,-0.090848,0.011548,-0.118911,1.953125,0.152588,-0.183105
33.739311,-0.343087,-0.756227,9.959090,-0.179463,-0.002822,-0.080591,1.068115,-0.152588,-0.701904
33.749408,-0.276625,-0.611927,9.995614,-0.113002,0.141478,-0.044067,-0.946045,-0.091553,0.122070
33.759506,-0.202379,-0.777184,10.118359,-0.038756,-0.023778,0.078678,-0.732422,0.000000,-0.732422
33.769604,-0.099393,-0.495170,10.107581,0.064230,0.258235,0.067900,-0.457764,0.000000,-1.007080
33.779701,-0.390987,-0.771795,10.038126,-0.227364,-0.018389,-0.001555,-2.563477,-0.427246,-5.371094
33.789799,-0.305365,-0.853226,9.911788,-0.141742,-0.099820,-0.127893,-2.349854,-0.701904,-5.615234
33.799922,-0.093406,-0.869392,10.012379,0.070217,-0.115986,-0.027302,-1.892090,-0.335693,-8.361816
33.810018,-0.106578,-0.822090,10.087822,0.057045,-0.068685,0.048141,-1.617432,-0.030518,-8.361816
33.820115,-0.470621,-0.858615,10.013577,-0.306998,-0.105209,-0.026104,-1.586914,0.305176,-10.559082
33.830212,-0.353864,-1.223855,9.939331,-0.190241,-0.470449,-0.100350,-1.312256,0.610352,-10.711670
33.840309,-0.275427,-0.998124,10.242900,-0.111804,-0.244719,0.203219,-1.220703,0.335693,-9.552002
33.850406,-0.435894,-0.859213,10.205178,-0.272270,-0.105807,0.165497,0.213623,0.274658,-9.155273
33.860502,-0.052092,-0.996927,9.821975,0.111532,-0.243521,-0.217706,2.380371,0.396729,-9.307861
33.870599,-0.208965,-0.925675,9.886641,-0.045342,-0.172269,-0.153040,2.044678,0.671387,-10.253906
33.880696,-0.222737,-0.911305,9.980645,-0.059114,-0.157899,-0.059036,2.624512,0.427246,-10.711670
33.890794,-0.669408,-0.743654,9.827364,-0.505785,0.009752,-0.212317,4.730225,-0.457764,-12.512207
33.900915,-0.449066,-0.993933,9.949510,-0.285443,-0.240527,-0.090171,-0.305176,0.457764,-10.223389
33.911012,-0.407153,-0.889750,10.103989,-0.243530,-0.136344,0.064308,-1.525879,1.190186,-10.467529
33.921108,-0.471819,-1.077160,10.085427,-0.308196,-0.323754,0.045746,-1.586914,1.739502,-11.108398
33.931205,-0.396376,-1.014890,10.091415,-0.232752,-0.261484,0.051734,-1.220703,1.861572,-11.444092
33.941302,-0.402962,-0.791554,10.232122,-0.239339,-0.038148,0.192441,-0.152588,0.030518,-10.223389
33.951398,-0.428110,-0.620310,10.039323,-0.264486,0.133096,-0.000358,1.159668,-0.701904,-7.141113
33.961495,-0.353864,-0.647853,9.873468,-0.190241,0.105553,-0.166213,2.532959,-0.762939,-5.767822
33.971591,-0.609532,-0.861608,10.074051,-0.445909,-0.108202,0.034370,1.892090,-0.885010,-5.767822
33.981688,-0.417332,-0.634680,10.122550,-0.253709,0.118726,0.082869,1.220703,-1.525879,-0.854492
33.991784,0.079036,-0.559237,10.103390,0.242659,0.194169,0.063709,0.396729,-0.976562,-1.464844
34.001907,0.050894,-0.510139,10.218351,0.214517,0.243267,0.178670,2.105713,-0.091553,-3.234863
34.012003,-0.476609,-0.759221,10.006392,-0.312986,-0.005815,-0.033289,-1.586914,0.823975,-8.209229
34.022099,0.282014,-0.658630,10.020163,0.445637,0.094775,-0.019518,1.586914,1.770020,-11.718750
34.032193,0.132924,-1.019081,10.008787,0.296547,-0.265675,-0.030894,-2.136230,0.640869,-12.786865
34.042290,-0.000599,-0.777783,10.224338,0.163024,-0.024377,0.184658,-1.434326,1.007080,-17.486572
34.052382,0.209564,-0.696352,10.165660,0.373187,0.057054,0.125980,-1.159668,-0.061035,-11.962891
34.062481,0.163460,-0.768801,10.042317,0.327083,-0.015395,0.002636,-2.105713,0.366211,-13.549805
34.072576,0.492775,-1.042432,10.126741,0.656399,-0.289026,0.087060,-1.251221,0.610352,-15.869141
34.082670,0.024549,-0.838856,10.102791,0.188172,-0.085450,0.063110,-0.061035,1.312256,-17.181396
34.092763,0.169448,-1.209485,10.124945,0.333071,-0.456079,0.085264,2.532959,1.281738,-19.897461
34.102857,-0.130529,-1.023871,10.014175,0.033095,-0.270465,-0.025505,1.312256,1.037598,-22.827148
34.112950,-0.484393,-0.276026,9.843530,-0.320769,0.477380,-0.196151,4.150391,0.701904,-21.179199
34.123047,0.540077,-1.212479,10.508747,0.703700,-0.459073,0.469066,1.251221,1.098633,-12.237549
34.133144,0.089813,-0.042512,9.888437,0.253436,0.710894,-0.151244,6.408691,-0.122070,-13.641357
34.143241,0.193997,-1.384321,10.205178,0.357620,-0.630916,0.165497,1.129150,0.488281,-19.836426
34.153334,0.019759,-0.856818,10.101594,0.183382,-0.103412,0.061913,2.960205,-0.122070,-20.019531
34.163427,-0.112566,-0.713117,10.246492,0.051057,0.040289,0.206811,4.425049,-0.976562,-15.747070
34.173522,0.116158,-0.901126,9.848919,0.279782,-0.147720,-0.190762,1.342773,0.061035,-7.843018
34.183618,0.098795,-1.141227,9.930350,0.262418,-0.387821,-0.109331,1.770020,-0.396729,-9.735107
34.193713,0.092807,-1.217867,9.980046,0.256430,-0.464462,-0.059634,-1.983643,-0.152588,-10.833740
34.203836,-0.310155,-0.598755,9.915980,-0.146532,0.154651,-0.123701,-2.960205,-0.427246,-10.681152
34.213930,-0.472418,-0.596959,10.090816,-0.308794,0.156447,0.051135,-2.136230,-0.671387,-5.279541
34.224027,0.634680,-0.628693,9.898616,0.798303,0.124713,-0.141065,0.823975,-1.068115,-1.525879
34.234120,0.015568,-0.499362,9.992620,0.179191,0.254044,-0.047061,-0.885010,-1.739502,-0.122070
34.244220,0.180824,-0.780776,9.978250,0.344447,-0.027371,-0.061431,-1.251221,-1.464844,-5.279541
34.254315,0.326321,-0.745450,10.138716,0.489945,0.007956,0.099036,-0.549316,-0.976562,-4.333496
34.264413,-0.082628,-0.700543,9.871672,0.080995,0.052863,-0.168009,-1.556396,-0.762939,-4.943848
34.274507,-0.205972,-0.721500,9.992021,-0.042348,0.031906,-0.047659,-2.136230,-0.610352,-6.530762
34.284603,0.074246,-0.767604,9.999207,0.237869,-0.014198,-0.040474,-0.793457,-0.610352,-2.838135
34.294696,0.026345,-0.914897,9.917177,0.189968,-0.161492,-0.122504,0.427246,-0.640869,-2.258301
34.304822,0.040715,-1.003513,10.071057,0.204339,-0.250107,0.031376,0.305176,-1.037598,-0.610352
34.314916,-0.141306,-1.025667,10.027947,0.022317,-0.272261,-0.011734,0.152588,-1.037598,-0.640869
34.325012,0.183818,-1.012495,9.969868,0.347441,-0.259089,-0.069813,-0.518799,-1.129150,-1.190186
34.335109,-0.033530,-0.787961,10.194999,0.130093,-0.034556,0.155319,0.244141,-1.068115,0.366211
34.345203,-0.025746,-0.950823,10.008188,0.137877,-0.197417,-0.031493,1.220703,-1.586914,1.770020
34.355301,0.132924,-1.154998,10.102192,0.296547,-0.401592,0.062512,1.190186,-1.800537,4.241943
34.365394,0.122745,-0.673000,9.870474,0.286368,0.080405,-0.169207,2.624512,-1.678467,5.767822
34.375492,-0.030536,-0.736469,10.019564,0.133087,0.016937,-0.020117,1.037598,-1.525879,5.584717
34.385587,0.246088,-0.709525,9.938732,0.409712,0.043881,-0.100949,0.823975,-1.678467,5.371094
34.395683,0.143701,-0.620909,9.941127,0.307324,0.132497,-0.098554,-0.122070,-2.319336,3.936768
34.405802,0.453257,-0.692161,10.070458,0.616881,0.061245,0.030777,-1.922607,-3.479004,2.471924
34.415900,0.625699,-1.007106,10.280023,0.789322,-0.253700,0.240342,-1.525879,-3.387451,2.380371
34.425997,0.208367,-0.786165,10.092612,0.371990,-0.032759,0.052931,-0.091553,-3.265381,4.150391
34.436095,0.191003,-0.886157,10.105186,0.354626,-0.132751,0.065505,-1.281738,-3.356934,4.302979
34.446192,0.532293,-0.899330,10.029144,0.695916,-0.145924,-0.010537,0.183105,-3.051758,6.622314
34.456290,0.408351,-0.864003,10.029144,0.571974,-0.110598,-0.010537,0.244141,-2.441406,6.591797
34.466386,0.589774,-0.726888,10.015972,0.753397,0.026517,-0.023709,-0.335693,-2.716064,5.950928
34.476482,0.492177,-0.926873,10.132130,0.655800,-0.173467,0.092449,-0.640869,-2.593994,4.608154
34.486579,0.264051,-0.907114,9.985435,0.427674,-0.153708,-0.054246,-1.037598,-2.166748,4.791260
34.496676,0.468226,-0.944236,10.014774,0.631850,-0.190831,-0.024907,0.061035,-1.617432,6.011963
34.506799,0.349673,-0.826880,9.994417,0.513296,-0.073475,-0.045264,-0.091553,-1.495361,7.598877
34.516896,0.298180,-0.840652,9.974059,0.461803,-0.087246,-0.065622,-0.152588,-1.403809,9.185791
34.527023,0.528102,-0.911904,10.077045,0.691725,-0.158498,0.037364,0.061035,-1.373291,9.429932
34.537117,0.518522,-0.777184,9.998009,0.682145,-0.023778,-0.041672,-0.427246,-0.976562,8.026123
34.547215,0.611927,-0.734073,9.902208,0.775551,0.019332,-0.137473,-0.335693,-0.549316,6.103516
34.557312,0.955613,-0.889750,10.114167,1.119236,-0.136344,0.074487,-1.220703,-0.396729,4.425049
34.567410,0.593366,-0.764610,10.110575,0.756989,-0.011204,0.070894,-0.091553,0.335693,-0.610352
34.577507,0.265847,-0.557441,9.948911,0.429470,0.195965,-0.090770,0.152588,0.793457,-0.640869
34.587603,0.504750,-0.879571,10.091415,0.668374,-0.126165,0.051734,0.030518,0.793457,-1.983643
34.597700,0.145497,-0.585582,9.882449,0.309121,0.167824,-0.157232,1.586914,1.098633,-2.471924
34.607821,0.485590,-0.865800,10.022558,0.649213,-0.112394,-0.017123,0.915527,1.037598,-2.502441
34.617918,0.468226,-0.768203,10.096205,0.631850,-0.014797,0.056524,0.732422,1.007080,-3.784180
34.628015,0.389191,-0.761616,10.068662,0.552814,-0.008210,0.028981,0.549316,0.946045,-5.584717
34.638112,0.164059,-0.764610,10.014175,0.327682,-0.011204,-0.025505,0.122070,0.854492,-7.324219
34.648209,0.135917,-0.765807,10.014774,0.299541,-0.012402,-0.024907,-0.244141,0.579834,-7.019043
34.658306,0.159269,-0.839454,10.006392,0.322892,-0.086049,-0.033289,-0.762939,0.244141,-6.927490
34.668403,0.212558,-0.820893,10.032737,0.376181,-0.067487,-0.006944,-0.946045,0.213623,-7.171631
34.678581,0.181423,-0.752036,10.004595,0.345046,0.001370,-0.035086,-0.976562,0.061035,-7.110596
34.688712,0.092807,-0.817899,10.036928,0.256430,-0.064493,-0.002753,-0.915527,-0.030518,-7.293701
34.698836,0.011975,-0.838257,10.018965,0.175598,-0.084851,-0.020715,-0.549316,0.000000,-6.103516
34.709036,0.067061,-0.831072,10.021360,0.230684,-0.077666,-0.018320,-0.213623,-0.061035,-5.279541
34.719124,0.004191,-0.882565,10.002200,0.167815,-0.129159,-0.037481,-0.518799,-0.335693,-4.669189
34.729207,0.121547,-0.875380,10.017169,0.285170,-0.121974,-0.022512,-0.579834,-0.671387,-3.173828
34.739292,0.057480,-0.908311,10.018367,0.221104,-0.154905,-0.021314,-0.640869,-0.732422,-2.716064
34.749377,0.112566,-0.904120,10.047706,0.276189,-0.150714,0.008025,-0.793457,-1.007080,-1.983643
34.759462,0.128732,-0.856818,10.042916,0.292356,-0.103412,0.003235,-0.671387,-1.098633,-1.983643
34.769547,0.104782,-0.771795,10.045311,0.268405,-0.018389,0.005630,-0.518799,-1.159668,-1.983643
34.779632,0.009580,-0.781974,10.045311,0.173203,-0.028568,0.005630,-0.213623,-0.976562,-0.183105
34.789717,0.085023,-0.858016,10.053693,0.248646,-0.104610,0.014012,0.091553,-0.671387,0.183105
34.799802,0.050894,-0.887953,10.032138,0.214517,-0.134548,-0.007543,-0.030518,-0.579834,-0.213623
34.809939,0.074844,-0.845442,10.025552,0.238468,-0.092036,-0.014129,0.244141,-0.488281,-0.244141
34.820074,-0.014969,-0.869392,10.041119,0.148654,-0.115986,0.001439,0.061035,-0.427246,0.244141
34.830171,-0.058678,-0.943039,10.034533,0.104945,-0.189633,-0.005148,0.000000,-0.366211,0.549316
34.840268,-0.032932,-0.946631,10.026749,0.130692,-0.193226,-0.012932,-0.091553,-0.274658,1.342773
34.850364,-0.041913,-0.945434,10.032737,0.121710,-0.192028,-0.006944,-0.152588,-0.183105,1.403809
34.860459,-0.043709,-0.911904,10.013577,0.119914,-0.158498,-0.026104,-0.030518,-0.183105,1.403809
34.870555,-0.135319,-0.894540,10.036329,0.028305,-0.141134,-0.003352,0.061035,-0.122070,1.800537
34.880650,-0.117955,-0.919089,10.033934,0.045669,-0.165683,-0.005747,-0.061035,-0.213623,1.953125
34.890760,0.041314,-0.895737,10.031539,0.204937,-0.142332,-0.008142,0.274658,-0.305176,2.593994
34.900860,0.097597,-0.868793,10.048903,0.261220,-0.115388,0.009222,0.122070,-0.366211,2.899170
34.910985,0.102387,-0.823887,10.040521,0.266010,-0.070481,0.000840,0.183105,-0.427246,2.929688
34.921083,0.129930,-0.857417,10.044113,0.293553,-0.104011,0.004432,0.244141,-0.427246,3.112793
34.931180,0.130529,-0.863405,10.039323,0.294152,-0.109999,-0.000358,0.244141,-0.366211,3.570557
34.941278,0.185614,-0.822090,10.048304,0.349237,-0.068685,0.008624,0.244141,-0.366211,4.669189
34.951375,0.207768,-0.798739,10.040521,0.371391,-0.045333,0.000840,0.274658,-0.396729,5.096436
34.961472,0.161664,-0.828677,10.017169,0.325287,-0.075271,-0.022512,0.122070,-0.366211,4.913330
34.971569,0.217348,-0.901126,10.035731,0.380971,-0.147720,-0.003950,0.030518,-0.305176,3.814697
34.981665,0.315544,-0.971779,10.023157,0.479167,-0.218373,-0.016524,-0.091553,-0.061035,0.366211
34.991762,0.116158,-0.814307,10.032737,0.279782,-0.060901,-0.006944,-0.091553,0.000000,0.274658
35.001859,0.076042,-0.825683,10.045311,0.239665,-0.072277,0.005630,-0.061035,0.000000,0.152588
35.011982,0.013771,-0.832868,10.045311,0.177395,-0.079462,0.005630,-0.091553,0.030518,0.091553
35.022079,-0.002994,-0.834066,10.049502,0.160629,-0.080660,0.009821,-0.091553,0.030518,0.061035
35.032176,-0.034129,-0.836461,10.048304,0.129494,-0.083055,0.008624,-0.030518,0.061035,0.000000
35.042272,-0.048499,-0.839454,10.045909,0.115124,-0.086049,0.006229,-0.030518,0.030518,-0.061035
35.052369,-0.059875,-0.848436,10.042916,0.103748,-0.095030,0.003235,-0.061035,0.061035,-0.030518
35.062466,-0.073048,-0.847238,10.036928,0.090575,-0.093832,-0.002753,-0.061035,0.061035,0.000000
35.072562,-0.074844,-0.847837,10.034533,0.088779,-0.094431,-0.005148,-0.091553,0.030518,-0.061035
35.082655,-0.076641,-0.848436,10.041119,0.086983,-0.095030,0.001439,-0.061035,0.030518,-0.030518
35.092751,-0.076042,-0.846041,10.043514,0.087581,-0.092635,0.003834,-0.061035,0.000000,0.000000
35.102851,-0.071851,-0.845442,10.041718,0.091773,-0.092036,0.002037,-0.030518,0.000000,0.000000
35.113026,-0.073647,-0.849633,10.041718,0.089976,-0.096227,0.002037,-0.030518,0.030518,0.000000
35.123115,-0.074844,-0.847238,10.040521,0.088779,-0.093832,0.000840,0.000000,0.030518,0.000000
35.133206,-0.073048,-0.844843,10.040521,0.090575,-0.091437,0.000840,0.000000,0.061035,-0.030518
35.143296,-0.076641,-0.846639,10.038724,0.086983,-0.093234,-0.000957,0.000000,0.061035,-0.061035
35.153386,-0.068857,-0.852028,10.026749,0.094766,-0.098622,-0.012932,0.000000,0.061035,-0.030518
35.163475,-0.073647,-0.847837,10.025552,0.089976,-0.094431,-0.014129,0.030518,0.061035,-0.030518
35.173564,-0.071252,-0.843646,10.043514,0.092371,-0.090240,0.003834,0.030518,0.030518,-0.030518
35.183655,-0.065264,-0.844244,10.042916,0.098359,-0.090839,0.003235,0.030518,0.030518,-0.030518
35.193744,-0.062869,-0.843047,10.040521,0.100754,-0.089641,0.000840,0.030518,0.061035,-0.030518
35.203834,-0.069456,-0.844843,10.042916,0.094168,-0.091437,0.003235,0.030518,0.091553,-0.061035
35.213988,-0.071252,-0.850831,10.036329,0.092371,-0.097425,-0.003352,0.030518,0.091553,-0.061035
35.224085,-0.070054,-0.843646,10.045311,0.093569,-0.090240,0.005630,0.000000,0.061035,-0.061035
35.234181,-0.068857,-0.837658,10.048903,0.094766,-0.084252,0.009222,-0.030518,0.061035,-0.061035
35.244278,-0.067061,-0.847238,10.044712,0.096563,-0.093832,0.005031,-0.030518,0.030518,-0.030518
35.254374,-0.071851,-0.844843,10.040521,0.091773,-0.091437,0.000840,0.000000,0.030518,0.000000
35.264470,-0.073647,-0.845442,10.046508,0.089976,-0.092036,0.006827,-0.030518,0.030518,0.000000
35.274564,-0.073647,-0.847238,10.051897,0.089976,-0.093832,0.012216,-0.030518,0.061035,0.000000
35.284660,-0.072449,-0.849633,10.045909,0.091174,-0.096227,0.006229,-0.030518,0.091553,0.000000
35.294756,-0.072449,-0.851429,10.046508,0.091174,-0.098024,0.006827,0.000000,0.091553,0.000000
35.304852,-0.076641,-0.853824,10.041718,0.086983,-0.100419,0.002037,-0.030518,0.061035,0.000000
35.314973,-0.065264,-0.853226,10.039922,0.098359,-0.099820,0.000241,-0.030518,0.030518,0.000000
35.325070,-0.065264,-0.853226,10.041119,0.098359,-0.099820,0.001439,-0.030518,0.061035,-0.030518
35.335166,-0.062271,-0.849034,10.037527,0.101353,-0.095629,-0.002154,-0.061035,0.061035,0.000000
35.345261,-0.065264,-0.846639,10.033934,0.098359,-0.093234,-0.005747,-0.061035,0.030518,0.000000
35.355357,-0.064666,-0.851429,10.036928,0.098958,-0.098024,-0.002753,-0.030518,0.000000,0.030518
35.365453,-0.070653,-0.850831,10.040521,0.092970,-0.097425,0.000840,0.000000,0.000000,0.000000
35.375549,-0.071851,-0.846041,10.043514,0.091773,-0.092635,0.003834,-0.030518,0.061035,0.000000
35.385645,-0.071252,-0.846639,10.045909,0.092371,-0.093234,0.006229,-0.030518,0.061035,0.000000
35.395741,-0.077838,-0.847238,10.047107,0.085785,-0.093832,0.007426,-0.061035,0.061035,0.030518
35.405837,-0.071851,-0.844843,10.046508,0.091773,-0.091437,0.006827,-0.061035,0.030518,0.000000
35.415957,-0.070054,-0.850831,10.036928,0.093569,-0.097425,-0.002753,-0.061035,0.061035,0.000000
35.426053,-0.070054,-0.851429,10.047107,0.093569,-0.098024,0.007426,-0.061035,0.061035,0.030518
35.436149,-0.076042,-0.847837,10.042317,0.087581,-0.094431,0.002636,-0.061035,0.061035,0.000000
35.446245,-0.074246,-0.845442,10.038724,0.089378,-0.092036,-0.000957,-0.061035,0.091553,-0.030518
35.456341,-0.074844,-0.847837,10.033934,0.088779,-0.094431,-0.005747,-0.061035,0.091553,-0.061035
35.466437,-0.074246,-0.852028,10.035731,0.089378,-0.098622,-0.003950,-0.061035,0.061035,-0.061035
35.476533,-0.077239,-0.848436,10.044113,0.086384,-0.095030,0.004432,-0.030518,0.061035,-0.061035
35.486629,-0.081431,-0.850232,10.039323,0.082193,-0.096826,-0.000358,0.000000,0.061035,-0.091553
35.496727,-0.073647,-0.846041,10.037527,0.089976,-0.092635,-0.002154,-0.030518,0.030518,-0.061035
35.506823,-0.068258,-0.843646,10.038126,0.095365,-0.090240,-0.001555,0.000000,0.030518,-0.061035
35.516948,-0.073048,-0.847837,10.039922,0.090575,-0.094431,0.000241,-0.030518,0.030518,-0.061035
35.527045,-0.072449,-0.838856,10.039922,0.091174,-0.085450,0.000241,0.000000,0.030518,-0.122070
35.537141,-0.068857,-0.838257,10.039323,0.094766,-0.084851,-0.000358,0.000000,0.030518,-0.091553
35.547237,-0.070653,-0.841849,10.029743,0.092970,-0.088444,-0.009938,0.000000,0.030518,-0.091553
35.557333,-0.076641,-0.841849,10.028546,0.086983,-0.088444,-0.011135,-0.030518,0.030518,-0.061035
35.567429,-0.077239,-0.841251,10.031539,0.086384,-0.087845,-0.008142,0.000000,0.030518,-0.030518
35.577525,-0.071252,-0.840652,10.034533,0.092371,-0.087246,-0.005148,-0.030518,0.030518,-0.061035
35.587621,-0.073647,-0.837059,10.039323,0.089976,-0.083654,-0.000358,0.000000,0.030518,-0.061035
35.597716,-0.076042,-0.835862,10.030342,0.087581,-0.082456,-0.009339,0.030518,0.030518,-0.030518
35.607812,-0.067659,-0.838257,10.032138,0.095964,-0.084851,-0.007543,-0.030518,0.000000,0.000000
35.617932,-0.066462,-0.836461,10.035132,0.097161,-0.083055,-0.004549,-0.030518,0.000000,0.030518
35.628028,-0.071851,-0.840053,10.038724,0.091773,-0.086647,-0.000957,-0.030518,0.030518,0.000000
35.638124,-0.062271,-0.846041,10.044113,0.101353,-0.092635,0.004432,-0.030518,0.000000,-0.030518
35.648219,-0.061672,-0.841849,10.043514,0.101951,-0.088444,0.003834,-0.030518,0.000000,-0.030518
35.658319,-0.061672,-0.851429,10.042916,0.101951,-0.098024,0.003235,-0.061035,0.030518,-0.030518
35.668417,-0.065863,-0.853824,10.039323,0.097760,-0.100419,-0.000358,-0.061035,0.030518,-0.030518
35.678514,-0.073048,-0.855022,10.039922,0.090575,-0.101616,0.000241,-0.061035,0.061035,0.000000
35.688610,-0.074246,-0.853824,10.032138,0.089378,-0.100419,-0.007543,-0.030518,0.061035,0.000000
35.698705,-0.067061,-0.854423,10.033336,0.096563,-0.101017,-0.006345,-0.030518,0.061035,0.000000
35.708802,-0.073647,-0.857417,10.034533,0.089976,-0.104011,-0.005148,-0.030518,0.030518,0.000000
35.718923,-0.074246,-0.850831,10.039922,0.089378,-0.097425,0.000241,0.030518,0.030518,0.030518
35.729020,-0.068258,-0.854423,10.047706,0.095365,-0.101017,0.008025,0.030518,0.030518,0.000000
35.739116,-0.070653,-0.849034,10.040521,0.092970,-0.095629,0.000840,0.061035,0.061035,-0.030518
35.749213,-0.070054,-0.842448,10.036329,0.093569,-0.089042,-0.003352,0.000000,0.061035,-0.061035
35.759310,-0.073647,-0.844843,10.030941,0.089976,-0.091437,-0.008740,0.030518,0.061035,-0.061035
35.769406,-0.075443,-0.846041,10.033934,0.088180,-0.092635,-0.005747,0.000000,0.030518,-0.061035
35.779504,-0.086221,-0.844244,10.033934,0.077403,-0.090839,-0.005747,0.000000,0.030518,-0.061035
35.789601,-0.085023,-0.841251,10.042916,0.078600,-0.087845,0.003235,0.000000,0.000000,-0.091553
35.799698,-0.080832,-0.847238,10.037527,0.082791,-0.093832,-0.002154,0.000000,0.000000,-0.091553
35.809794,-0.077838,-0.846041,10.029743,0.085785,-0.092635,-0.009938,0.000000,0.030518,-0.091553
35.819915,-0.084424,-0.851429,10.036329,0.079199,-0.098024,-0.003352,0.000000,0.030518,-0.091553
35.830011,-0.082628,-0.846639,10.037527,0.080995,-0.093234,-0.002154,-0.030518,0.000000,-0.030518
35.840108,-0.083826,-0.847238,10.028546,0.079798,-0.093832,-0.011135,0.000000,0.030518,-0.030518
35.850204,-0.088017,-0.844244,10.028546,0.075606,-0.090839,-0.011135,0.030518,0.061035,-0.030518
35.860301,-0.088616,-0.847837,10.029743,0.075008,-0.094431,-0.009938,0.030518,0.030518,-0.030518
35.870398,-0.073647,-0.841849,10.044113,0.089976,-0.088444,0.004432,0.000000,0.000000,-0.030518
35.880490,-0.077838,-0.846041,10.044712,0.085785,-0.092635,0.005031,0.030518,0.030518,-0.061035
35.890587,-0.079036,-0.846639,10.042916,0.084588,-0.093234,0.003235,0.000000,0.061035,-0.061035
35.900683,-0.081431,-0.846041,10.035731,0.082193,-0.092635,-0.003950,0.000000,0.030518,-0.030518
35.910779,-0.082029,-0.844843,10.030941,0.081594,-0.091437,-0.008740,0.030518,0.030518,-0.061035
35.920900,-0.077838,-0.848436,10.034533,0.085785,-0.095030,-0.005148,0.030518,0.030518,-0.061035
35.931026,-0.076641,-0.846041,10.032138,0.086983,-0.092635,-0.007543,0.000000,0.030518,-0.061035
35.941122,-0.069456,-0.850232,10.031539,0.094168,-0.096826,-0.008142,0.000000,0.030518,-0.061035
35.951221,-0.070054,-0.846639,10.025552,0.093569,-0.093234,-0.014129,0.030518,0.061035,-0.030518
35.961317,-0.073647,-0.847837,10.026151,0.089976,-0.094431,-0.013530,0.000000,0.061035,-0.061035
35.971414,-0.073048,-0.855621,10.034533,0.090575,-0.102215,-0.005148,0.000000,0.000000,-0.030518
35.981510,-0.072449,-0.853226,10.039922,0.091174,-0.099820,0.000241,0.000000,0.000000,0.030518
35.991606,-0.073647,-0.858016,10.035731,0.089976,-0.104610,-0.003950,0.000000,0.000000,0.030518
36.001703,-0.079036,-0.858016,10.029743,0.084588,-0.104610,-0.009938,0.030518,0.030518,0.030518
36.011800,-0.084424,-0.858016,10.033336,0.079199,-0.104610,-0.006345,0.030518,0.030518,0.000000
36.021922,-0.075443,-0.853824,10.038724,0.088180,-0.100419,-0.000957,0.030518,0.030518,0.000000
36.032018,-0.066462,-0.853824,10.032138,0.097161,-0.100419,-0.007543,-0.030518,0.030518,0.000000
36.042115,-0.067061,-0.854423,10.027348,0.096563,-0.101017,-0.012333,0.000000,0.000000,0.000000
36.052211,-0.060474,-0.859213,10.032138,0.103149,-0.105807,-0.007543,0.000000,0.030518,-0.030518
36.062308,-0.064067,-0.852028,10.038724,0.099556,-0.098622,-0.000957,0.000000,0.061035,-0.030518
36.072404,-0.066462,-0.853824,10.038126,0.097161,-0.100419,-0.001555,0.030518,0.030518,-0.061035
36.082501,-0.064666,-0.855022,10.038724,0.098958,-0.101616,-0.000957,0.000000,0.030518,-0.061035
36.092613,-0.068258,-0.853824,10.036329,0.095365,-0.100419,-0.003352,0.000000,0.030518,-0.091553
36.102713,-0.068857,-0.852627,10.028546,0.094766,-0.099221,-0.011135,0.000000,0.061035,-0.061035
36.112810,-0.074844,-0.855621,10.028546,0.088779,-0.102215,-0.011135,-0.030518,0.061035,-0.061035
36.122932,-0.072449,-0.850831,10.036928,0.091174,-0.097425,-0.002753,-0.030518,0.000000,-0.030518
36.133029,-0.073647,-0.852627,10.035132,0.089976,-0.099221,-0.004549,-0.030518,0.000000,-0.030518
36.143125,-0.068857,-0.846639,10.033934,0.094766,-0.093234,-0.005747,-0.030518,0.061035,-0.030518
36.153222,-0.070054,-0.852627,10.036928,0.093569,-0.099221,-0.002753,0.000000,0.030518,0.000000
36.163318,-0.071851,-0.853226,10.033934,0.091773,-0.099820,-0.005747,0.000000,0.030518,0.000000
36.173415,-0.075443,-0.852028,10.043514,0.088180,-0.098622,0.003834,0.000000,0.061035,-0.061035
36.183511,-0.076641,-0.856219,10.043514,0.086983,-0.102814,0.003834,-0.030518,0.061035,-0.030518
36.193608,-0.074844,-0.861608,10.041119,0.088779,-0.108202,0.001439,-0.030518,0.061035,-0.030518
36.203703,-0.067659,-0.858016,10.037527,0.095964,-0.104610,-0.002154,-0.030518,0.061035,-0.030518
36.213799,-0.067659,-0.851429,10.034533,0.095964,-0.098024,-0.005148,-0.030518,0.030518,-0.030518
36.223919,-0.066462,-0.856818,10.038126,0.097161,-0.103412,-0.001555,-0.030518,0.030518,-0.030518
36.234016,-0.061073,-0.856818,10.039323,0.102550,-0.103412,-0.000358,0.000000,0.030518,-0.030518
36.244110,-0.065264,-0.853824,10.033336,0.098359,-0.100419,-0.006345,0.000000,0.061035,-0.061035
36.254207,-0.068258,-0.849633,10.029743,0.095365,-0.096227,-0.009938,0.000000,0.061035,-0.061035
36.264303,-0.076042,-0.850831,10.032737,0.087581,-0.097425,-0.006944,-0.030518,0.061035,-0.030518
36.274400,-0.071252,-0.859812,10.042916,0.092371,-0.106406,0.003235,-0.030518,0.061035,-0.030518
36.284495,-0.080233,-0.854423,10.036329,0.083390,-0.101017,-0.003352,0.000000,0.030518,-0.030518
36.294591,-0.080233,-0.851429,10.027348,0.083390,-0.098024,-0.012333,0.000000,0.030518,0.000000
36.304688,-0.082628,-0.849034,10.029144,0.080995,-0.095629,-0.010537,0.000000,0.030518,0.000000
36.314784,-0.083826,-0.856818,10.032737,0.079798,-0.103412,-0.006944,0.000000,0.030518,0.000000
36.324905,-0.079036,-0.856818,10.037527,0.084588,-0.103412,-0.002154,0.000000,0.030518,0.000000
36.335025,-0.083227,-0.856219,10.035731,0.080396,-0.102814,-0.003950,-0.030518,0.030518,-0.030518
36.345122,-0.082029,-0.862806,10.036329,0.081594,-0.109400,-0.003352,-0.030518,0.000000,-0.030518
36.355218,-0.085622,-0.866398,10.030941,0.078001,-0.112993,-0.008740,-0.030518,0.061035,0.030518
36.365315,-0.087418,-0.864003,10.039922,0.076205,-0.110598,0.000241,-0.030518,0.030518,0.030518
36.375411,-0.089813,-0.861608,10.043514,0.073810,-0.108202,0.003834,0.000000,0.030518,-0.061035
36.385504,-0.086819,-0.864602,10.045909,0.076804,-0.111196,0.006229,0.000000,0.061035,-0.030518
36.395601,-0.085023,-0.864602,10.038724,0.078600,-0.111196,-0.000957,0.030518,0.061035,-0.091553
36.405697,-0.082029,-0.853824,10.038126,0.081594,-0.100419,-0.001555,0.061035,0.061035,-0.061035
36.415792,-0.080832,-0.850831,10.041718,0.082791,-0.097425,0.002037,0.091553,0.061035,-0.030518
36.425914,-0.081431,-0.856219,10.048304,0.082193,-0.102814,0.008624,0.030518,0.030518,0.000000
36.436010,-0.073647,-0.858016,10.050699,0.089976,-0.104610,0.011019,0.030518,0.030518,0.000000
36.446106,-0.076641,-0.856219,10.048304,0.086983,-0.102814,0.008624,0.061035,0.061035,0.000000
36.456203,-0.070653,-0.853824,10.045311,0.092970,-0.100419,0.005630,0.061035,0.061035,0.000000
36.466300,-0.074246,-0.852028,10.050101,0.089378,-0.098622,0.010420,0.061035,0.061035,0.000000
36.476396,-0.077838,-0.855022,10.049502,0.085785,-0.101616,0.009821,0.061035,0.030518,0.000000
36.486492,-0.074844,-0.852028,10.051298,0.088779,-0.098622,0.011617,0.030518,0.000000,-0.030518
36.496588,-0.073048,-0.852627,10.048304,0.090575,-0.099221,0.008624,0.000000,0.000000,-0.030518
36.506685,-0.079036,-0.852028,10.045311,0.084588,-0.098622,0.005630,-0.030518,-0.030518,-0.030518
36.516781,-0.074246,-0.853226,10.046508,0.089378,-0.099820,0.006827,0.000000,0.030518,-0.061035
36.526902,-0.074844,-0.847837,10.047706,0.088779,-0.094431,0.008025,0.000000,0.061035,-0.061035
36.536998,-0.074246,-0.851429,10.048304,0.089378,-0.098024,0.008624,0.000000,0.061035,-0.061035
36.547094,-0.063468,-0.855621,10.041119,0.100155,-0.102215,0.001439,0.030518,0.061035,-0.030518
36.557191,-0.064067,-0.855621,10.042317,0.099556,-0.102215,0.002636,0.030518,0.061035,-0.030518
36.567288,-0.073048,-0.854423,10.043514,0.090575,-0.101017,0.003834,0.000000,0.061035,-0.061035
36.577384,-0.072449,-0.851429,10.044712,0.091174,-0.098024,0.005031,0.030518,0.061035,-0.091553
36.587480,-0.076641,-0.858016,10.034533,0.086983,-0.104610,-0.005148,0.030518,0.030518,-0.030518
36.597576,-0.078437,-0.853226,10.036329,0.085186,-0.099820,-0.003352,0.030518,0.061035,-0.061035
36.607672,-0.076042,-0.849633,10.032737,0.087581,-0.096227,-0.006944,0.000000,0.061035,-0.061035
36.617768,-0.068857,-0.847837,10.039323,0.094766,-0.094431,-0.000358,0.000000,0.030518,-0.061035
36.627889,-0.068857,-0.852028,10.045909,0.094766,-0.098622,0.006229,0.000000,0.030518,-0.061035
36.637985,-0.068857,-0.849034,10.042916,0.094766,-0.095629,0.003235,-0.030518,0.000000,-0.030518
36.648082,-0.067061,-0.845442,10.038724,0.096563,-0.092036,-0.000957,0.000000,0.000000,-0.061035
36.658178,-0.070653,-0.837658,10.045909,0.092970,-0.084252,0.006229,-0.030518,0.000000,-0.030518
36.668274,-0.071851,-0.840053,10.050101,0.091773,-0.086647,0.010420,-0.030518,0.000000,-0.030518
36.678370,-0.064666,-0.846639,10.047107,0.098958,-0.093234,0.007426,0.000000,0.030518,-0.030518
36.688466,-0.083826,-0.848436,10.043514,0.079798,-0.095030,0.003834,0.000000,0.030518,-0.030518
36.698565,-0.076641,-0.844244,10.043514,0.086983,-0.090839,0.003834,0.000000,0.000000,0.000000
36.708663,-0.076641,-0.847238,10.048304,0.086983,-0.093832,0.008624,-0.030518,0.000000,-0.030518
36.718760,-0.077838,-0.853824,10.050101,0.085785,-0.100419,0.010420,0.000000,0.030518,-0.030518
36.728883,-0.076042,-0.857417,10.047107,0.087581,-0.104011,0.007426,0.000000,0.030518,-0.061035
36.738980,-0.076042,-0.852028,10.050699,0.087581,-0.098622,0.011019,0.030518,0.061035,-0.030518
36.749077,-0.082628,-0.850831,10.046508,0.080995,-0.097425,0.006827,0.000000,0.061035,-0.061035
36.759176,-0.078437,-0.850831,10.053693,0.085186,-0.097425,0.014012,-0.030518,0.061035,-0.061035
36.769274,-0.076641,-0.850232,10.054292,0.086983,-0.096826,0.014611,0.000000,0.061035,-0.030518
36.779370,-0.072449,-0.859213,10.048304,0.091174,-0.105807,0.008624,0.000000,0.030518,0.000000
36.789467,-0.074844,-0.859812,10.041119,0.088779,-0.106406,0.001439,0.000000,0.061035,0.000000
36.799565,-0.080233,-0.855621,10.035132,0.083390,-0.102215,-0.004549,-0.030518,0.030518,-0.061035
36.809667,-0.085622,-0.857417,10.037527,0.078001,-0.104011,-0.002154,-0.030518,0.030518,-0.061035
36.819765,-0.083227,-0.857417,10.048304,0.080396,-0.104011,0.008624,-0.030518,0.030518,-0.030518
36.829895,-0.085023,-0.856219,10.052496,0.078600,-0.102814,0.012815,-0.030518,0.061035,-0.030518
36.839993,-0.090412,-0.852627,10.045311,0.073211,-0.099221,0.005630,-0.030518,0.061035,0.000000
36.850091,-0.079634,-0.841849,10.039323,0.083989,-0.088444,-0.000358,0.000000,0.061035,0.000000
36.860188,-0.080233,-0.847238,10.042317,0.083390,-0.093832,0.002636,0.030518,0.091553,0.000000
36.870285,-0.076042,-0.847837,10.045909,0.087581,-0.094431,0.006229,0.030518,0.061035,0.030518
36.880381,-0.072449,-0.852028,10.036928,0.091174,-0.098622,-0.002753,0.061035,0.061035,0.030518
36.890477,-0.075443,-0.857417,10.027348,0.088180,-0.104011,-0.012333,0.091553,0.091553,-0.061035
36.900575,-0.074844,-0.850232,10.027947,0.088779,-0.096826,-0.011734,0.091553,0.091553,-0.030518
36.910672,-0.083227,-0.852028,10.026151,0.080396,-0.098622,-0.013530,0.091553,0.091553,-0.091553
36.920768,-0.086819,-0.853824,10.040521,0.076804,-0.100419,0.000840,0.030518,0.091553,-0.122070
36.930892,-0.077838,-0.856219,10.034533,0.085785,-0.102814,-0.005148,0.030518,0.061035,-0.183105
36.940989,-0.077239,-0.838856,10.038126,0.086384,-0.085450,-0.001555,0.061035,0.061035,-0.152588
36.951086,-0.076641,-0.840053,10.032138,0.086983,-0.086647,-0.007543,0.030518,0.061035,-0.152588
36.961183,-0.069456,-0.840053,10.038126,0.094168,-0.086647,-0.001555,0.030518,0.122070,-0.091553
36.971280,-0.068857,-0.836461,10.045909,0.094766,-0.083055,0.006229,0.000000,0.091553,-0.061035
36.981377,-0.067659,-0.837059,10.046508,0.095964,-0.083654,0.006827,0.030518,0.091553,0.000000
36.991473,-0.061672,-0.842448,10.044712,0.101951,-0.089042,0.005031,0.030518,0.091553,0.000000
37.001567,-0.067659,-0.840053,10.036329,0.095964,-0.086647,-0.003352,0.000000,0.091553,0.030518
37.011663,-0.068857,-0.831671,10.035731,0.094766,-0.078265,-0.003950,0.000000,0.061035,0.091553
37.021760,-0.075443,-0.813708,10.037527,0.088180,-0.060302,-0.002154,0.000000,0.030518,0.274658
37.031881,-0.109572,-0.667013,10.053094,0.054051,0.086393,0.013414,-0.030518,-0.122070,1.983643
37.041979,-0.204175,-0.511935,10.074650,-0.040552,0.241470,0.034969,0.183105,-0.274658,5.004883
37.052075,-0.114961,-0.642464,10.054292,0.048662,0.110942,0.014611,0.366211,-0.610352,12.084961
37.062171,-0.051493,-0.722697,10.066267,0.112130,0.030709,0.026586,0.305176,-0.671387,13.763428
37.072268,-0.004191,-0.709525,10.069261,0.159432,0.043881,0.029580,0.427246,-0.946045,17.608643
37.082365,-0.028740,-0.599952,10.071656,0.134883,0.153453,0.031975,0.518799,-1.007080,20.324707
37.092462,-0.024549,-0.582589,10.027947,0.139074,0.170817,-0.011734,0.946045,-1.068115,22.308350
37.102559,0.013771,-0.781375,10.016570,0.177395,-0.027969,-0.023110,-0.030518,-1.373291,24.932861
37.112656,0.062869,-0.826880,10.026151,0.226493,-0.073475,-0.013530,0.366211,-1.159668,25.726318
37.122753,-0.145497,-0.755030,10.048304,0.018126,-0.001624,0.008624,0.701904,-1.007080,26.428223
37.132874,-0.115560,-0.997526,10.056088,0.048064,-0.244120,0.016407,-0.244141,-1.281738,25.787354
37.142972,-0.099992,-1.205294,10.018367,0.063631,-0.451888,-0.021314,-1.556396,-1.617432,21.453857
37.153069,-0.148491,-0.958607,10.039323,0.015132,-0.205201,-0.000358,-1.312256,-1.678467,21.423340
37.163166,-0.313748,-0.786165,10.045311,-0.150124,-0.032759,0.005630,-1.068115,-1.831055,24.719238
37.173262,-0.202978,-1.096320,10.042317,-0.039355,-0.342914,0.002636,-1.007080,-2.014160,32.104492
37.183358,-0.136516,-1.199306,10.038724,0.027107,-0.445900,-0.000957,-0.610352,-1.770020,33.569336
37.193454,-0.228724,-1.146616,10.017768,-0.065101,-0.393210,-0.021913,-0.457764,-1.922607,37.597656
37.203551,-0.214354,-1.060395,9.989028,-0.050731,-0.306989,-0.050653,-0.274658,-2.044678,41.442871
37.213648,-0.238304,-1.098116,9.961485,-0.074681,-0.344711,-0.078196,0.091553,-1.922607,49.194336
37.223744,0.073048,-1.263373,10.137519,0.236671,-0.509967,0.097838,-0.030518,-2.258301,49.468994
37.233865,0.179028,-1.166973,10.033934,0.342651,-0.413567,-0.005747,0.122070,-1.922607,45.654297
37.243962,-0.113763,-0.989143,10.039323,0.049860,-0.235737,-0.000358,0.061035,-2.014160,44.158936
37.254055,-0.236508,-0.874182,10.068063,-0.072885,-0.120776,0.028382,-0.152588,-2.014160,43.243408
37.264151,-0.444276,-0.865201,9.984836,-0.280653,-0.111795,-0.054844,0.366211,-1.953125,48.339844
37.274246,-0.349673,-0.773591,10.060280,-0.186050,-0.020186,0.020599,-0.427246,-2.471924,52.825928
37.284343,-0.394579,-0.749641,10.056088,-0.230956,0.003765,0.016407,-0.488281,-3.112793,58.349609
37.294456,-0.311951,-0.690364,10.026151,-0.148328,0.063041,-0.013530,0.061035,-3.051758,59.478760
37.304555,-0.164658,-0.965792,10.045311,-0.001034,-0.212386,0.005630,-0.579834,-2.746582,56.793213
37.314653,-0.217947,-0.846041,10.062076,-0.054324,-0.092635,0.022395,-0.518799,-2.655029,56.793213
37.324750,-0.266446,-0.613125,10.096804,-0.102823,0.140281,0.057123,-0.366211,-2.258301,57.189941
37.334872,-0.290396,-0.762814,10.057286,-0.126773,-0.009408,0.017605,-0.549316,-2.655029,59.356689
37.344968,-0.302970,-0.683778,10.022558,-0.139347,0.069628,-0.017123,-0.488281,-2.899170,60.821533
37.355065,-0.179028,-0.829276,10.046508,-0.015404,-0.075870,0.006827,-0.244141,-2.899170,61.248779
37.365161,-0.258662,-0.791554,10.052496,-0.095039,-0.038148,0.012815,0.640869,-2.593994,61.889648
37.375258,-0.266446,-0.938249,10.032138,-0.102823,-0.184843,-0.007543,-0.366211,-2.868652,58.898926
37.385355,-0.483195,-0.502355,10.084230,-0.319572,0.251050,0.044549,-0.762939,-2.929688,60.546875
37.395488,-0.384999,-0.589175,10.009984,-0.221376,0.164231,-0.029697,-0.946045,-3.021240,62.713623
37.405585,-0.041314,-0.819695,10.065070,0.122309,-0.066290,0.025389,-1.617432,-3.295898,61.553955
37.415679,-0.009580,-0.601749,10.039323,0.154043,0.151657,-0.000358,-1.037598,-3.143311,58.593750
37.425775,-0.001198,-0.787363,10.038724,0.162426,-0.033957,-0.000957,-0.915527,-2.777100,52.062988
37.435895,-0.195793,-0.447869,10.066866,-0.032170,0.305537,0.027185,-1.220703,-2.655029,48.889160
37.445992,-0.295785,-0.483794,10.029743,-0.132162,0.269612,-0.009938,-1.251221,-2.655029,48.675537
37.456089,-0.249082,-0.601150,10.103989,-0.085459,0.152256,0.064308,-1.342773,-2.685547,49.835205
37.466186,-0.200583,-0.589175,10.124945,-0.036960,0.164231,0.085264,-0.854492,-2.655029,52.215576
37.476282,-0.178429,-0.763412,10.102192,-0.014806,-0.010007,0.062512,-0.457764,-2.624512,52.337646
37.486379,-0.212558,-0.802332,10.003398,-0.048935,-0.048926,-0.036283,0.854492,-2.319336,53.100586
37.496475,-0.205373,-0.896935,9.989626,-0.041750,-0.143529,-0.050054,0.915527,-2.624512,49.896240
37.506572,-0.292791,-0.778980,10.079440,-0.129168,-0.025574,0.039759,0.457764,-2.624512,48.400879
37.516668,-0.331111,-0.675396,10.069261,-0.167488,0.078010,0.029580,2.075195,-2.685547,51.940918
37.526764,-0.298180,-0.695753,10.020762,-0.134557,0.057653,-0.018919,2.014160,-2.838135,53.802490
37.536885,-0.111967,-0.968187,10.127340,0.051656,-0.214781,0.087659,2.593994,-2.655029,53.375244
37.546981,-0.223934,-0.828677,10.066267,-0.060311,-0.075271,0.026586,3.662109,-2.349854,53.375244
37.557077,-0.243693,-0.763412,9.953701,-0.080070,-0.010007,-0.085980,4.211426,-2.014160,53.955078
37.567174,-0.086819,-1.168171,10.018367,0.076804,-0.414765,-0.021314,1.800537,-2.349854,48.706055
37.577270,-0.314945,-0.892744,10.051298,-0.151322,-0.139338,0.011617,1.098633,-2.380371,46.539307
37.587366,-0.298779,-0.821492,10.044113,-0.135155,-0.068086,0.004432,-0.030518,-2.532959,45.898438
37.597463,-0.310155,-0.658630,10.019564,-0.146532,0.094775,-0.020117,-0.030518,-2.563477,47.363281
37.607556,-0.079036,-0.798739,10.078841,0.084588,-0.045333,0.039160,-0.427246,-2.655029,49.224854
37.617653,0.052092,-0.762814,10.071656,0.215715,-0.009408,0.031975,-0.640869,-2.532959,48.400879
37.627750,0.057480,-0.847238,10.028546,0.221104,-0.093832,-0.011135,-0.885010,-2.685547,48.156738
37.637872,0.151485,-0.935255,10.090217,0.315108,-0.181849,0.050536,-1.586914,-2.441406,46.936035
37.647969,0.074844,-0.905317,10.006392,0.238468,-0.151912,-0.033289,-2.227783,-2.349854,44.891357
37.658067,-0.020358,-1.044827,10.014774,0.143266,-0.291421,-0.024907,-1.953125,-1.892090,40.344238
37.668164,-0.274828,-0.722697,10.007589,-0.111205,0.030709,-0.032092,-1.525879,-1.831055,40.679932
37.678260,-0.025746,-1.174757,10.047107,0.137877,-0.421351,0.007426,-1.251221,-1.861572,40.344238
37.688359,-0.092807,-1.050216,10.038724,0.070816,-0.296810,-0.000957,-1.861572,-1.861572,41.625977
37.698456,0.107776,-1.469344,10.035731,0.271399,-0.715939,-0.003950,-1.312256,-1.586914,36.529541
37.708552,-0.302970,-0.881367,10.028546,-0.139347,-0.127961,-0.011135,-1.556396,-1.556396,34.851074
37.718648,-0.461640,-0.664019,9.998009,-0.298017,0.089387,-0.041672,-0.457764,-1.342773,37.353516
37.728744,-0.114961,-0.995729,10.005793,0.048662,-0.242324,-0.033888,-1.159668,-1.708984,39.825439
37.738869,-0.095801,-1.052012,10.036928,0.067822,-0.298607,-0.002753,-1.159668,-1.800537,39.215088
37.748965,-0.192200,-0.753234,10.047706,-0.028577,0.000172,0.008025,-1.007080,-1.708984,40.771484
37.759062,-0.177830,-0.710722,10.045909,-0.014207,0.042684,0.006229,-1.403809,-1.831055,42.449951
37.769157,-0.157473,-0.734672,10.023755,0.006151,0.018734,-0.015925,-1.068115,-1.770020,46.356201
37.779253,-0.017364,-0.956810,10.088421,0.146259,-0.203405,0.048740,-1.190186,-1.708984,47.271729
37.789349,-0.040715,-1.054407,10.039922,0.122908,-0.301002,0.000241,-1.403809,-1.647949,47.332764
37.799444,-0.079036,-0.913101,10.180031,0.084588,-0.159695,0.140350,0.854492,-1.068115,46.417236
37.809541,-0.402962,-0.675994,10.020163,-0.239339,0.077412,-0.019518,0.518799,-1.159668,48.370361
37.819636,-0.241298,-0.657433,9.958491,-0.077675,0.095973,-0.081190,1.525879,-1.007080,51.330566
37.829732,-0.196990,-1.065185,10.045909,-0.033367,-0.311779,0.006229,-0.061035,-1.464844,52.764893
37.839853,-0.041314,-1.329236,10.033336,0.122309,-0.575830,-0.006345,-1.861572,-1.770020,45.867920
37.849949,-0.256866,-0.781974,10.037527,-0.093243,-0.028568,-0.002154,-3.173828,-1.831055,45.806885
37.860045,-0.252675,-1.012495,10.106982,-0.089051,-0.259089,0.067302,-5.401611,-2.319336,47.119141
37.870141,-0.134720,-0.983754,10.048304,0.028903,-0.230348,0.008624,-5.065918,-2.502441,48.370361
37.880237,-0.126936,-0.995131,10.062076,0.036687,-0.241725,0.022395,-5.065918,-2.777100,48.004150
37.890333,-0.070653,-1.075364,10.055490,0.092970,-0.321958,0.015809,-5.371094,-2.838135,48.583984
37.900433,-0.044907,-1.205892,10.023157,0.118717,-0.452487,-0.016524,-5.218506,-2.868652,48.461914
37.910530,-0.018561,-1.206491,9.997410,0.145062,-0.453085,-0.042271,-4.943848,-2.868652,48.675537
37.920627,-0.179626,-1.013692,10.043514,-0.016003,-0.260286,0.003834,-5.065918,-3.051758,51.696777
37.930721,-0.198188,-1.054407,10.054891,-0.034565,-0.301002,0.015210,-5.157471,-3.326416,56.335449
37.940842,-0.245490,-1.136437,10.010583,-0.081866,-0.383031,-0.029098,-4.913330,-3.356934,57.006836
37.950940,-0.221539,-1.323248,10.058483,-0.057916,-0.569843,0.018802,-5.004883,-3.204346,57.128906
37.961037,-0.325124,-1.279539,10.032138,-0.161501,-0.526133,-0.007543,-3.723145,-2.990723,55.816650
37.971134,-0.237706,-1.360970,10.032138,-0.074082,-0.607564,-0.007543,-3.356934,-2.868652,53.955078
37.981231,-0.314346,-1.341211,10.026749,-0.150723,-0.587805,-0.012932,-2.197266,-2.563477,53.192139
37.991328,-0.305964,-1.189726,9.990824,-0.142341,-0.436320,-0.048857,-1.953125,-2.502441,53.466797
38.001424,-0.396974,-1.281335,9.948312,-0.233351,-0.527930,-0.091368,-1.312256,-2.075195,48.583984
38.011520,-0.228126,-1.283730,10.038126,-0.064502,-0.530325,-0.001555,-1.464844,-1.892090,43.090820
38.021617,-0.341290,-1.125060,10.049502,-0.177667,-0.371655,0.009821,-1.220703,-1.739502,39.184570
38.031713,-0.474214,-0.969983,10.033934,-0.310591,-0.216577,-0.005747,-1.251221,-1.861572,38.635254
38.041834,-0.426912,-1.002316,10.107581,-0.263289,-0.248910,0.067900,-1.525879,-2.014160,40.069580
38.051931,-0.456850,-0.961600,10.053693,-0.293227,-0.208195,0.014012,-0.549316,-2.502441,44.525146
38.062027,-0.413740,-1.027463,10.060878,-0.250116,-0.274058,0.021197,-0.640869,-2.777100,47.149658
38.072125,-0.352068,-1.077759,9.990225,-0.188445,-0.324353,-0.049456,-0.793457,-2.868652,50.201416
38.082222,-0.335303,-0.906515,10.018965,-0.171679,-0.153109,-0.020715,-0.946045,-2.929688,52.032471
38.092319,-0.280816,-0.977168,10.035731,-0.117193,-0.223762,-0.003950,-1.068115,-2.807617,53.405762
38.102416,-0.188608,-1.062790,10.012379,-0.024985,-0.309384,-0.027302,-0.579834,-2.441406,49.285889
38.112513,-0.065264,-1.211880,10.019564,0.098359,-0.458474,-0.020117,-0.762939,-2.044678,44.677734
38.122610,-0.160466,-1.256188,10.041718,0.003157,-0.502782,0.002037,-0.488281,-1.647949,37.200928
38.132706,-0.236508,-1.225651,10.032737,-0.072885,-0.472245,-0.006944,-0.213623,-1.617432,34.942627
38.142827,-0.416733,-1.068179,10.020163,-0.253110,-0.314773,-0.019518,-0.427246,-1.739502,36.651611
38.152920,-0.495769,-0.660427,10.081236,-0.332146,0.092979,0.041555,-0.335693,-1.770020,39.550781
38.163018,-0.362247,-0.621508,10.059681,-0.198623,0.131898,0.020000,-0.885010,-2.044678,41.198730
38.173114,-0.089214,-0.973575,10.029144,0.074409,-0.220170,-0.010537,-1.556396,-1.678467,37.933350
38.183211,-0.178429,-0.951422,10.056687,-0.014806,-0.198016,0.017006,-1.953125,-1.373291,34.820557
38.193307,-0.440085,-0.718506,10.045311,-0.276462,0.034900,0.005630,-2.044678,-1.342773,39.062500
38.203404,-0.301174,-0.741857,9.990824,-0.137550,0.011548,-0.048857,-2.136230,-1.434326,44.006348
38.213500,-0.210762,-1.438808,10.024953,-0.047138,-0.685402,-0.014728,-2.136230,-0.915527,47.576904
38.223595,-0.310754,-1.345402,10.005194,-0.147131,-0.591996,-0.034487,-2.136230,-0.762939,43.365479
38.233692,-0.428708,-1.235231,10.045909,-0.265085,-0.481826,0.006229,-2.197266,-1.068115,44.433594
38.243812,-0.325124,-0.786165,10.035132,-0.161501,-0.032759,-0.004549,-2.166748,-1.495361,47.302246
38.253909,0.017364,-0.500559,9.800420,0.180987,0.252847,-0.239261,-1.586914,-1.495361,50.781250
38.264006,-0.386796,-1.128653,10.043514,-0.223172,-0.375247,0.003834,-1.007080,-1.647949,54.595947
38.274102,-0.216151,-1.095721,10.068063,-0.052527,-0.342316,0.028382,-1.373291,-1.708984,48.706055
38.284198,-0.475411,-1.125060,10.054292,-0.311788,-0.371655,0.014611,-1.037598,-2.044678,47.424316
38.294295,-0.431702,-1.162183,10.015373,-0.268079,-0.408777,-0.024308,-1.159668,-2.258301,47.332764
38.304391,-0.398172,-1.100511,9.957294,-0.234549,-0.347106,-0.082387,-0.701904,-2.288818,52.764893
38.314488,-0.416135,-1.561553,10.015972,-0.252511,-0.808147,-0.023709,-0.640869,-2.502441,51.666260
38.324584,-0.453856,-1.505869,10.005194,-0.290233,-0.752463,-0.034487,-0.915527,-2.563477,50.689697
38.334680,-0.234113,-1.098715,10.024953,-0.070490,-0.345309,-0.014728,-0.793457,-2.502441,53.466797
38.344798,-0.293390,-1.145418,10.053693,-0.129767,-0.392012,0.014012,-0.610352,-2.532959,55.297852
38.354895,-0.346080,-0.917292,10.014175,-0.182457,-0.163887,-0.025505,-1.190186,-2.746582,53.649902
38.364991,-0.202379,-0.715512,10.072853,-0.038756,0.037894,0.033173,-1.220703,-3.112793,57.464600
38.375085,-0.251477,-0.826282,9.995614,-0.087854,-0.072876,-0.044067,-0.549316,-3.479004,64.544678
38.385182,-0.185614,-1.154399,10.017768,-0.021991,-0.400994,-0.021913,-0.030518,-3.173828,65.826416
38.395278,-0.522713,-1.545985,9.989626,-0.359090,-0.792579,-0.050054,-0.030518,-2.929688,63.812256
38.405375,-0.459245,-1.520837,10.001003,-0.295622,-0.767432,-0.038678,-0.793457,-2.410889,58.685303
38.415471,-0.408950,-1.498085,10.073452,-0.245326,-0.744679,0.033771,-0.915527,-2.624512,59.326172
38.425568,-0.565823,-1.537004,10.009385,-0.402200,-0.783598,-0.030296,-1.190186,-2.899170,65.704346
38.435664,-0.555046,-1.557361,10.088421,-0.391423,-0.803956,0.048740,-0.885010,-3.204346,71.228027
38.445785,-0.484991,-1.295107,10.053094,-0.321368,-0.541701,0.013414,0.366211,-4.425049,79.498291
38.455881,0.019759,-1.107697,10.039323,0.183382,-0.354291,-0.000358,0.579834,-4.699707,79.772949
38.465977,0.192799,-0.918490,10.024953,0.356422,-0.165084,-0.014728,0.488281,-3.936768,73.760986
38.476073,0.249082,-0.586181,10.056687,0.412705,0.167225,0.017006,-0.518799,-3.356934,67.810059
38.486170,0.282014,-0.616718,10.077643,0.445637,0.136688,0.037963,-0.549316,-2.990723,60.485840
38.496270,0.265248,-0.956212,9.988429,0.428872,-0.202806,-0.051252,0.427246,-2.868652,51.818848
38.506368,-0.290396,-1.090931,10.025552,-0.126773,-0.337526,-0.014129,1.678467,-2.471924,52.093506
38.516464,-0.873583,-1.079555,10.047706,-0.709960,-0.326149,0.008025,0.152588,-2.624512,49.102783
38.526561,-0.602946,-1.292113,10.018367,-0.439323,-0.538707,-0.021314,-0.457764,-2.563477,50.231934
38.536658,-0.252675,-1.529220,9.950707,-0.089051,-0.775814,-0.088973,0.427246,-3.356934,58.319092
38.546781,-0.625699,-1.169967,10.018367,-0.462076,-0.416561,-0.021314,0.762939,-3.723145,59.600830
38.556877,-0.520318,-1.254391,10.048304,-0.356695,-0.500986,0.008624,-0.091553,-3.845215,60.913086
38.566973,-0.203577,-1.140029,10.027348,-0.039953,-0.386624,-0.012333,1.007080,-4.211426,64.666748
38.577069,0.004191,-1.054407,9.992620,0.167815,-0.301002,-0.047061,0.488281,-3.723145,64.544678
38.587166,-0.681982,-0.729283,10.056687,-0.518359,0.024122,0.017006,-2.197266,-1.586914,57.708740
38.597262,-0.607137,-0.749042,10.060878,-0.443514,0.004363,0.021197,-2.716064,-1.312256,53.436279
38.607358,-0.372426,-1.092129,10.038126,-0.208802,-0.338723,-0.001555,-3.021240,-1.953125,49.530029
38.617454,-0.010179,-1.554368,9.985435,0.153444,-0.800962,-0.054246,-2.471924,-2.502441,48.736572
38.627551,-0.077239,-1.337020,9.974059,0.086384,-0.583614,-0.065622,-1.892090,-2.777100,48.187256
38.637646,-0.147294,-1.128054,9.989626,0.016330,-0.374648,-0.050054,-0.610352,-3.051758,47.882080
38.647767,-0.230521,-1.254391,10.042317,-0.066897,-0.500986,0.002636,0.122070,-3.387451,48.675537
38.657864,0.184417,-1.806443,9.891431,0.348040,-1.053038,-0.148250,0.122070,-2.838135,42.449951
38.667961,-0.237706,-1.272354,9.980645,-0.074082,-0.518948,-0.059036,0.732422,-2.929688,38.940430
38.678057,-0.571811,-0.858016,9.988429,-0.408188,-0.104610,-0.051252,-0.335693,-3.082275,38.665771
38.688153,-0.088616,-0.798739,10.033934,0.075008,-0.045333,-0.005747,-1.098633,-3.021240,38.696289
38.698249,-0.059277,-1.046624,10.068662,0.104347,-0.293218,0.028981,-0.396729,-3.265381,37.353516
38.708346,-0.178429,-1.244213,9.963281,-0.014806,-0.490807,-0.076400,-0.091553,-3.387451,35.675049
38.718442,-0.447270,-1.089135,10.110575,-0.283647,-0.335729,0.070894,0.640869,-3.356934,34.271240
38.728538,-0.273032,-1.682501,9.923763,-0.109409,-0.929095,-0.115917,0.701904,-3.448486,31.555176
38.738634,-0.307161,-1.565744,10.038724,-0.143538,-0.812338,-0.000957,1.770020,-3.997803,29.602051
38.748755,-0.410147,-1.217867,10.008787,-0.246524,-0.464462,-0.030894,3.356934,-4.150391,28.717041
38.758852,-0.596360,-0.970582,10.069860,-0.432737,-0.217176,0.030179,4.394531,-4.364014,31.280518
38.768949,-0.426313,-1.186133,10.060878,-0.262690,-0.432728,0.021197,4.089355,-4.455566,32.409668
38.779045,-0.450862,-1.395698,9.996213,-0.287239,-0.642292,-0.043468,5.462646,-4.486084,31.646729
38.789142,-0.546663,-1.272953,9.974658,-0.383040,-0.519547,-0.065023,5.126953,-4.241943,30.731201
38.799239,-0.480800,-0.895139,9.969269,-0.317177,-0.141733,-0.070412,5.493164,-4.333496,30.792236
38.809335,-0.452060,-0.920286,10.035132,-0.288437,-0.166880,-0.004549,4.577637,-3.753662,28.594971
38.819431,-0.281415,-0.871787,9.998608,-0.117792,-0.118381,-0.041073,4.302979,-3.417969,22.491455
38.829527,-0.354463,-0.949026,10.060878,-0.190840,-0.195621,0.021197,4.211426,-2.990723,21.026611
38.839624,-0.237107,-0.909509,10.087224,-0.073484,-0.156103,0.047543,6.011963,-3.021240,20.050049
38.849744,-0.328118,-0.985551,9.951905,-0.164494,-0.232145,-0.087776,5.767822,-2.899170,19.866943
38.859841,-0.237107,-1.067580,10.023157,-0.073484,-0.314174,-0.016524,6.256104,-2.868652,19.653320
38.869937,-0.292192,-1.076561,10.017768,-0.128569,-0.323155,-0.021913,6.256104,-2.960205,20.477295
38.880034,-0.516725,-0.962798,10.042916,-0.353102,-0.209392,0.003235,5.828857,-2.929688,21.484375
38.890131,-0.422122,-1.175955,9.965676,-0.258499,-0.422549,-0.074005,5.340576,-3.173828,23.956299
38.900227,-0.557441,-1.268762,9.948312,-0.393818,-0.515356,-0.091368,4.302979,-2.929688,22.918701
38.910324,-0.847837,-0.963995,9.987830,-0.684214,-0.210590,-0.051851,3.570557,-3.112793,27.374268
38.920420,-0.804128,-0.666414,10.077643,-0.640505,0.086992,0.037963,4.364014,-3.723145,31.372070
38.930517,-0.574805,-0.856219,9.902807,-0.411181,-0.102814,-0.136874,3.417969,-3.692627,31.524658
38.940613,-0.528102,-0.464634,10.072255,-0.364479,0.288772,0.032574,3.173828,-3.356934,31.158447
38.950734,-0.426912,-0.243094,10.100396,-0.263289,0.510311,0.060715,2.960205,-3.295898,30.975342
38.960831,-0.353265,-0.149689,10.048903,-0.189642,0.603717,0.009222,2.105713,-2.410889,28.839111
38.970927,-0.259261,-0.352068,10.085427,-0.095638,0.401338,0.045746,1.525879,-2.075195,28.015137
38.981024,-0.124541,-0.601150,10.031539,0.039082,0.152256,-0.008142,1.159668,-1.525879,22.918701
38.991121,-0.217947,-0.838856,9.979448,-0.054324,-0.085450,-0.060233,1.037598,-1.617432,20.996094
39.001218,-0.348475,-0.999322,10.041718,-0.184852,-0.245916,0.002037,-0.274658,-0.518799,16.387939
39.011314,-0.440684,-1.151406,10.019564,-0.277060,-0.398000,-0.020117,0.122070,-0.549316,17.150879
39.021411,-0.610131,-1.159189,10.024354,-0.446508,-0.405784,-0.015327,-0.732422,-0.152588,18.005371
39.031508,-0.665217,-0.877176,10.040521,-0.501593,-0.123770,0.000840,-1.556396,-0.122070,20.904541
39.041604,-0.299976,-1.217269,9.941726,-0.136353,-0.463863,-0.097955,-0.518799,-1.007080,23.956299
39.051723,-0.334105,-0.870590,9.999805,-0.170482,-0.117184,-0.039876,1.129150,-1.922607,27.526855
39.061820,-0.441282,-0.751437,10.009385,-0.277659,0.001968,-0.030296,1.159668,-2.410889,29.235840
39.071916,-0.299377,-0.993334,10.048304,-0.135754,-0.239929,0.008624,1.464844,-2.441406,26.458740
39.082011,-0.259860,-1.207090,10.100995,-0.096236,-0.453684,0.061314,1.586914,-2.136230,24.597168
39.092246,-0.163460,-1.222657,9.857302,0.000163,-0.469252,-0.182379,1.525879,-2.441406,24.475098
39.102346,-0.326920,-1.192121,10.072255,-0.163297,-0.438715,0.032574,1.373291,-2.288818,24.963379
39.112443,-0.410746,-1.134641,9.939930,-0.247123,-0.381235,-0.099751,1.037598,-2.410889,23.132324
39.122540,-0.831671,-1.101110,10.070458,-0.668047,-0.347704,0.030777,0.732422,-2.868652,23.040771
39.132638,-0.656235,-0.848436,10.156080,-0.492612,-0.095030,0.116399,1.953125,-3.509521,25.512695
39.142734,-0.550256,-0.820294,10.157278,-0.386632,-0.066888,0.117597,2.532959,-4.272461,30.700684
39.152856,-0.564626,-0.689167,10.062675,-0.401003,0.064239,0.022994,3.051758,-4.364014,31.616211
39.162953,-0.370031,-0.732277,9.981244,-0.206407,0.021129,-0.058437,4.241943,-3.723145,30.242920
39.173051,-0.289797,-0.457449,10.074650,-0.126174,0.295957,0.034969,4.364014,-3.417969,29.235840
39.183148,-0.322729,-0.220941,10.099199,-0.159106,0.532465,0.059518,4.272461,-2.532959,28.167725
39.193244,0.103585,-0.212558,10.174642,0.267208,0.540848,0.134961,3.082275,-1.922607,21.942139
39.203340,0.108375,-0.335303,10.150093,0.271998,0.418103,0.110412,2.960205,-1.525879,16.632080
39.213436,-0.305365,-0.167053,10.098001,-0.141742,0.586353,0.058320,1.861572,-1.037598,8.117676
39.223533,-0.387394,-0.071252,10.059082,-0.223771,0.682154,0.019401,1.800537,-0.640869,7.659912
39.233629,-0.337698,-0.407752,10.130933,-0.174075,0.345654,0.091252,0.579834,-0.366211,6.622314
39.243726,-0.288001,-0.884960,10.135124,-0.124378,-0.131554,0.095443,0.091553,-0.244141,4.333496
39.253847,-0.299377,-0.735870,10.062076,-0.135754,0.017536,0.022395,0.457764,-0.183105,2.258301
39.263944,-0.602946,-0.110171,10.136321,-0.439323,0.643235,0.096641,0.152588,-0.457764,1.495361
39.274040,-0.542472,-0.001796,10.035731,-0.378849,0.751610,-0.003950,0.274658,-0.610352,3.631592
39.284136,-0.367037,-0.647853,10.043514,-0.203413,0.105553,0.003834,0.518799,-0.427246,-1.098633
39.294232,-0.538281,-0.672402,9.976454,-0.374657,0.081004,-0.063227,0.091553,-0.305176,-4.913330
39.304329,-0.668809,-0.616119,9.987231,-0.505186,0.137287,-0.052449,0.000000,-0.762939,-4.028320
39.314425,-0.493973,-0.674797,10.026749,-0.330350,0.078609,-0.012932,0.488281,-0.762939,-1.861572
39.324522,-0.409548,-0.589175,9.862690,-0.245925,0.164231,-0.176990,1.129150,-0.213623,0.579834
39.334620,-0.296982,-0.795745,9.984238,-0.133359,-0.042339,-0.055443,0.183105,0.152588,-1.647949
39.344717,-0.226928,-0.858016,10.202783,-0.063305,-0.104610,0.163102,-0.091553,0.427246,-2.288818
39.354840,-0.641266,-0.437091,10.031539,-0.477643,0.316315,-0.008142,-0.030518,0.610352,0.152588
39.364938,-0.431702,-0.621508,10.123748,-0.268079,0.131898,0.084067,-1.129150,0.274658,0.518799
39.375035,-0.255668,-0.637075,10.170450,-0.092045,0.116331,0.130770,-1.190186,0.579834,-0.671387
39.385132,-0.602347,-1.008303,10.036329,-0.438724,-0.254897,-0.003352,-1.037598,1.037598,-1.556396
39.395228,-0.653840,-1.112487,9.894424,-0.490217,-0.359081,-0.145256,-0.396729,0.762939,-0.823975
39.405324,-0.536484,-0.981958,10.102791,-0.372861,-0.228552,0.063110,0.061035,1.129150,0.366211
39.415421,-0.600551,-0.893941,10.045909,-0.436928,-0.140535,0.006229,0.549316,0.854492,1.983643
39.425517,-0.241298,-0.740061,10.068063,-0.077675,0.013345,0.028382,0.671387,0.579834,2.319336
39.435613,-0.255070,-0.514929,10.070458,-0.091446,0.238477,0.030777,0.396729,0.305176,3.143311
39.445709,-0.159868,-0.343685,10.014774,0.003756,0.409720,-0.024907,-0.183105,-0.213623,5.859375
39.455829,-0.207768,-0.283211,9.965078,-0.044145,0.470195,-0.074603,0.152588,-0.213623,6.164551
39.465922,-0.120948,-0.482596,9.983040,0.042675,0.270809,-0.056641,-0.274658,-0.274658,6.866455
39.476019,-0.095202,-0.916694,10.066866,0.068421,-0.163288,0.027185,-1.281738,-0.122070,5.126953
39.486116,0.041913,-1.026266,10.050101,0.205536,-0.272860,0.010420,-1.220703,0.122070,3.936768
39.496212,-0.188608,-0.672402,10.113569,-0.024985,0.081004,0.073888,0.793457,0.030518,7.019043
39.506308,-0.432301,-0.583187,10.053094,-0.268678,0.170219,0.013414,0.854492,-0.396729,10.406494
39.516405,-0.105980,-1.325643,10.072255,0.057644,-0.572238,0.032574,-0.091553,-0.579834,8.056641
39.526501,-0.447270,-1.118474,9.951905,-0.283647,-0.365068,-0.087776,0.335693,-0.823975,5.035400
39.536597,-0.634680,-1.213676,10.001602,-0.471057,-0.460270,-0.038079,1.708984,-0.762939,8.941650
39.546693,-0.474214,-0.780776,9.930350,-0.310591,-0.027371,-0.109331,2.990723,-0.854492,14.343262
39.556814,-0.337099,-0.479603,10.132130,-0.173476,0.273803,0.092449,2.838135,-1.159668,18.676758
39.566910,-0.222737,-0.801733,10.008188,-0.059114,-0.048327,-0.031493,0.152588,-0.427246,12.939453
39.577007,-0.138911,-1.260978,9.999207,0.024712,-0.507572,-0.040474,0.061035,-0.305176,8.148193
39.587104,-0.253273,-1.047222,10.072853,-0.089650,-0.293817,0.033173,1.434326,-0.366211,8.666992
39.597200,-0.421523,-0.720901,10.176438,-0.257900,0.032505,0.136757,2.380371,-2.197266,13.183594
39.607297,-0.162861,-1.052012,10.027947,0.000762,-0.298607,-0.011734,2.197266,-1.495361,9.643555
39.617394,-0.600551,-0.640668,9.970466,-0.436928,0.112738,-0.069215,4.211426,0.183105,7.995605
39.627491,-0.438887,-0.740660,9.993219,-0.275264,0.012746,-0.046462,2.960205,-0.244141,9.765625
39.637588,-0.212558,-0.471220,10.049502,-0.048935,0.282186,0.009821,3.875732,-0.061035,11.291504
39.647684,-0.199984,-0.562231,9.996213,-0.036361,0.191175,-0.043468,3.356934,0.061035,9.002686
39.657802,-0.523911,-0.861608,10.094409,-0.360287,-0.108202,0.054728,1.861572,0.488281,2.990723
39.667899,-0.558638,-0.248483,9.915980,-0.395015,0.504923,-0.123701,2.777100,1.312256,5.950928
39.677996,-0.160466,-0.571811,10.045311,0.003157,0.181595,0.005630,-2.014160,1.251221,7.720947
39.688090,0.085023,-1.052611,10.083032,0.248646,-0.299205,0.043351,-2.502441,1.556396,4.425049
39.698189,-0.128134,-0.763412,10.065668,0.035490,-0.010007,0.025987,-2.441406,1.190186,7.354736
39.708287,-0.225731,-0.793949,10.011182,-0.062107,-0.040543,-0.028499,-2.624512,0.701904,8.453369
39.718383,-0.206570,-0.919687,10.029144,-0.042947,-0.166282,-0.010537,-1.953125,0.671387,6.195068
39.728480,-0.356858,-1.133443,10.008787,-0.193235,-0.380037,-0.030894,-1.373291,0.732422,4.638672
39.738577,-0.383203,-1.010698,9.935140,-0.219580,-0.257292,-0.104541,-1.068115,0.549316,5.950928
39.748674,-0.564626,-1.018482,10.083032,-0.401003,-0.265076,0.043351,-1.281738,0.213623,10.253906
39.758799,-0.530497,-0.977767,10.284813,-0.366874,-0.224361,0.245132,-2.349854,-0.305176,8.789062
39.768897,-0.525707,-0.923879,10.123748,-0.362084,-0.170473,0.084067,-1.892090,-0.152588,6.805420
39.779024,-0.595162,-0.876577,10.060280,-0.431539,-0.123171,0.020599,-2.532959,-0.183105,6.561279
39.789121,-0.660427,-0.873583,9.999207,-0.496803,-0.120178,-0.040474,-1.861572,0.152588,5.218506
39.799219,-0.419727,-0.617316,10.054292,-0.256104,0.136090,0.014611,-1.434326,0.549316,5.554199
39.809315,-0.362845,-0.224533,10.074650,-0.199222,0.528873,0.034969,-1.617432,0.305176,8.117676
39.819404,-0.021555,0.072449,10.190209,0.142068,0.825855,0.150528,-1.892090,0.946045,7.354736
39.829494,-0.292791,0.050894,10.133926,-0.129168,0.804300,0.094246,-2.868652,0.335693,4.699707
39.839593,-0.349673,-0.335303,10.044113,-0.186050,0.418103,0.004432,-3.540039,0.946045,-4.608154
39.849690,-0.346080,-0.741259,10.003997,-0.182457,0.012147,-0.035684,-0.976562,0.640869,-1.434326
39.859812,-0.455054,-0.736469,10.111174,-0.291430,0.016937,0.071493,-0.213623,0.091553,4.943848
39.869909,-0.244292,-0.592767,10.065070,-0.080669,0.160638,0.025389,1.495361,-1.129150,9.124756
39.880006,-0.161664,-1.128054,9.996213,0.001959,-0.374648,-0.043468,5.462646,-0.488281,3.417969
39.890103,-0.484393,-0.632884,10.015972,-0.320769,0.120522,-0.023709,3.784180,-0.762939,4.028320
39.900200,-0.295785,-0.746049,9.895622,-0.132162,0.007357,-0.144059,4.089355,-0.946045,5.249023
39.910296,-0.214953,-0.156275,10.098001,-0.051330,0.597131,0.058320,3.112793,-0.366211,4.547119
39.920393,-0.120350,-0.291594,9.993219,0.043274,0.461812,-0.046462,2.227783,-0.427246,2.929688
39.930491,-0.015568,-0.507744,10.191407,0.148056,0.245662,0.151726,2.868652,-1.342773,-0.396729
39.940587,-0.464634,-0.764610,10.155482,-0.301011,-0.011204,0.115801,2.655029,-2.075195,1.312256
39.950684,-0.522713,-0.862806,9.951905,-0.359090,-0.109400,-0.087776,2.777100,-2.136230,2.166748
39.960804,-0.449665,-0.601150,10.196796,-0.286042,0.152256,0.157115,2.014160,-1.464844,6.286621
39.970901,-0.422721,-0.784369,10.116563,-0.259098,-0.030963,0.076882,1.922607,-0.732422,7.598877
39.980999,-0.418530,-0.280816,10.305769,-0.254906,0.472590,0.266088,2.166748,-0.274658,12.390137
39.991095,-0.332908,-0.818498,9.912986,-0.169284,-0.065092,-0.126695,2.410889,2.136230,10.589600
40.001192,-0.116158,-0.759820,10.042317,0.047465,-0.006414,0.002636,0.183105,1.434326,7.354736
40.011288,-0.980162,-0.164059,10.047706,-0.816538,0.589347,0.008025,-0.854492,0.762939,7.507324
40.021385,-0.726290,-0.637075,10.102791,-0.562666,0.116331,0.063110,-2.105713,0.305176,7.904053
40.031483,-0.792153,-1.065784,10.037527,-0.628529,-0.312378,-0.002154,-0.457764,0.396729,-0.244141
40.041579,-1.110690,-0.678389,9.995614,-0.947067,0.075017,-0.044067,-1.434326,0.457764,1.251221
40.051675,-0.335303,-0.346080,10.169852,-0.171679,0.407325,0.130171,-2.868652,-0.915527,8.789062
40.061796,-0.353265,-0.310754,9.951905,-0.189642,0.442652,-0.087776,-1.953125,0.030518,10.345459
40.071893,-0.152682,-0.524509,10.205178,0.010941,0.228897,0.165497,-1.098633,0.946045,4.791260
40.081990,-0.349673,-0.844244,9.977651,-0.186050,-0.090839,-0.062030,-1.647949,0.579834,3.753662
40.092087,-0.504750,-0.776585,10.040521,-0.341127,-0.023179,0.000840,-1.953125,-0.152588,4.241943
40.102185,-0.510139,-1.071172,9.930350,-0.346516,-0.317767,-0.109331,-2.349854,0.091553,2.990723
40.112282,-0.468825,-1.065784,10.077643,-0.305202,-0.312378,0.037963,-0.549316,0.274658,2.197266
40.122379,-0.452060,-0.631088,10.110575,-0.288437,0.122318,0.070894,0.183105,-0.640869,7.720947
40.132475,-0.544867,-0.499960,10.036928,-0.381244,0.253445,-0.002753,-0.122070,-1.251221,7.171631
40.142572,-0.307161,-0.735271,9.911788,-0.143538,0.018135,-0.127893,-1.556396,-1.922607,6.378174
40.152669,-0.207169,-1.116678,10.067465,-0.043546,-0.363272,0.027784,-1.770020,-2.380371,4.364014
40.162790,-0.093406,-0.399370,9.935140,0.070217,0.354036,-0.104541,-1.892090,-1.190186,11.535645
40.172886,0.051493,-1.239423,10.113569,0.215116,-0.486017,0.073888,-2.807617,-0.701904,11.718750
40.182986,-0.041314,-1.390309,10.174043,0.122309,-0.636903,0.134362,-1.129150,-0.274658,5.828857
40.193085,-0.054487,-1.034050,10.275831,0.109137,-0.280644,0.236150,4.791260,0.335693,9.033203
40.203181,-0.292192,-0.762814,10.152488,-0.128569,-0.009408,0.112807,5.218506,-0.152588,16.235352
40.213278,-0.068857,-0.652044,10.001602,0.094766,0.101362,-0.038079,2.563477,-0.762939,13.336182
40.223375,-0.101788,-0.831072,9.986034,0.061835,-0.077666,-0.053647,3.082275,-1.159668,9.948730
40.233467,-0.112566,-0.525108,9.973460,0.051057,0.228298,-0.066221,2.624512,-1.892090,9.887695
40.243564,-0.180824,-0.394579,9.959689,-0.017201,0.358826,-0.079992,2.685547,-1.373291,9.002686
40.253661,-0.238903,0.002395,10.018367,-0.075280,0.755801,-0.021314,2.044678,-1.220703,8.056641
40.263848,-0.221539,-0.435894,10.029743,-0.057916,0.317512,-0.009938,-2.105713,-0.579834,4.089355
40.273938,-0.280816,-0.801134,10.268646,-0.117193,-0.047728,0.228965,-1.403809,0.610352,2.807617
40.284027,-0.307760,-0.570015,10.152488,-0.144137,0.183391,0.112807,-1.068115,-1.647949,7.476807
40.294128,-0.356259,-0.567620,9.987830,-0.192636,0.185786,-0.051851,-1.129150,-1.403809,7.019043
40.304220,-0.218546,-0.390388,10.018965,-0.054922,0.363018,-0.020715,-1.159668,-0.335693,4.333496
40.314310,0.008383,-0.877775,9.999805,0.172006,-0.124369,-0.039876,-1.647949,0.183105,2.593994
40.324399,-0.376018,-0.229922,9.914782,-0.212395,0.523484,-0.124899,-2.777100,0.854492,1.098633
40.334490,-0.096400,-0.816702,10.436896,0.067224,-0.063296,0.397215,-5.310059,1.281738,-0.579834
40.344579,-0.226329,-0.658630,9.963281,-0.062706,0.094775,-0.076400,-2.868652,1.373291,0.091553
40.354670,-0.113763,-0.704136,10.177635,0.049860,0.049270,0.137955,-1.861572,0.762939,2.044678
40.364824,-0.403561,-0.881966,10.120754,-0.239938,-0.128560,0.081073,-0.579834,0.793457,1.464844
40.374921,-0.465831,-0.811313,9.954899,-0.302208,-0.057907,-0.084782,-0.488281,0.701904,2.410889
40.385018,-0.674198,-0.200583,10.100995,-0.510575,0.552823,0.061314,0.366211,0.091553,3.570557
40.395114,-0.286804,-0.653242,10.026749,-0.123180,0.100164,-0.012932,2.563477,-1.373291,4.577637
40.405210,-0.341889,-0.700543,9.863888,-0.178266,0.052863,-0.175793,2.227783,-1.312256,4.486084
40.415307,-0.359253,-0.432900,10.052496,-0.195630,0.320506,0.012815,2.685547,-2.075195,6.225586
40.425403,-0.066462,-0.149689,10.086625,0.097161,0.603717,0.046944,0.793457,-0.671387,5.920410
40.435499,-0.113763,-0.041314,10.234517,0.049860,0.712092,0.194836,0.823975,0.427246,3.814697
40.445595,-0.137714,-0.345482,10.071057,0.025910,0.407924,0.031376,-0.732422,1.342773,0.762939
40.455693,-0.168849,-0.453257,10.106384,-0.005226,0.300148,0.066703,0.427246,1.556396,-0.488281
40.465821,-0.277822,0.147294,9.648336,-0.114199,0.900699,-0.391345,1.342773,1.678467,1.312256
40.475918,0.058678,-0.064067,9.989028,0.222301,0.689339,-0.050653,-0.976562,1.556396,-1.617432
40.486012,-0.053289,-0.607736,9.810599,0.110334,0.145670,-0.229082,-2.380371,1.434326,-6.835938
40.496109,-0.531096,-0.434696,9.938134,-0.367472,0.318710,-0.101547,-2.471924,0.396729,-4.943848
40.506205,-0.244891,-0.368833,10.159673,-0.081268,0.384573,0.119992,-1.037598,0.213623,-4.577637
40.516303,-0.445474,-0.096998,9.892029,-0.281850,0.656407,-0.147651,-0.946045,0.122070,-7.049561
40.526399,-0.392783,-0.422721,10.103989,-0.229160,0.330685,0.064308,-1.861572,0.183105,-7.934570
40.536496,-0.397573,-0.702339,10.296788,-0.233950,0.051066,0.257107,0.488281,0.671387,-10.406494
40.546592,-0.798140,-0.404758,10.034533,-0.634517,0.348647,-0.005148,-0.640869,0.610352,-9.246826
40.556689,-0.688568,-0.355062,9.915980,-0.524945,0.398344,-0.123701,-0.244141,0.183105,-5.462646
40.566836,-0.207768,0.020358,10.321935,-0.044145,0.773763,0.282255,-1.129150,-0.213623,-2.288818
40.576933,-0.283211,-0.270637,9.914782,-0.119588,0.482769,-0.124899,-0.732422,-0.152588,-2.593994
40.587029,-0.199984,-0.750839,9.917776,-0.036361,0.002567,-0.121905,-0.885010,-0.457764,-7.965088
40.597125,-0.561632,-0.768203,9.854907,-0.398009,-0.014797,-0.184774,-1.129150,-0.091553,-8.300781
40.607221,-1.110092,-0.926873,10.098001,-0.946468,-0.173467,0.058320,-1.525879,-0.152588,-6.103516
40.617318,-0.802930,-0.744252,9.999207,-0.639307,0.009153,-0.040474,-0.427246,0.152588,-5.096436
40.627413,-0.711920,-0.554447,9.992620,-0.548296,0.198959,-0.047061,-0.793457,-0.335693,-1.953125
40.637507,-0.315544,-0.500559,10.123149,-0.151921,0.252847,0.083468,-0.305176,-0.244141,-1.922607
40.647604,-0.168849,-0.445474,10.056088,-0.005226,0.307932,0.016407,-0.854492,0.061035,-2.441406
40.657700,-0.425715,-0.474214,10.311757,-0.262091,0.279192,0.272076,-0.701904,0.000000,-4.791260
40.667825,-0.291594,-0.759221,10.435100,-0.127970,-0.005815,0.395419,0.274658,0.091553,-7.141113
40.677921,-0.596959,-0.128732,10.033934,-0.433335,0.624673,-0.005747,2.136230,-0.183105,-5.737305
40.688017,-0.497565,-0.856818,10.141111,-0.333942,-0.103412,0.101431,-0.946045,0.671387,-5.767822
40.698132,-0.301174,-1.684896,10.087822,-0.137550,-0.931490,0.048141,2.685547,0.823975,-12.451172
40.708243,-0.979563,-0.141306,10.130334,-0.815940,0.612100,0.090653,3.631592,0.427246,-6.256104
40.718373,-0.654439,-0.604144,10.005194,-0.490816,0.149262,-0.034487,1.037598,-0.732422,1.129150
40.728488,-0.405956,-1.547781,10.202184,-0.242333,-0.794376,0.162504,0.457764,-1.129150,-6.652832
40.738618,-0.628094,-1.328038,10.359058,-0.464471,-0.574633,0.319377,1.037598,-0.244141,-7.080078
40.748761,-0.605940,-0.745450,9.982441,-0.442317,0.007956,-0.057239,0.976562,0.488281,6.347656
40.758879,-0.552052,-0.728086,9.983040,-0.388429,0.025320,-0.056641,0.610352,-0.213623,7.720947
40.768998,-0.338297,-0.747845,9.767488,-0.174673,0.005561,-0.272192,1.403809,-0.030518,3.234863
40.779104,-0.450862,-0.378413,9.981843,-0.287239,0.374993,-0.057838,1.129150,-0.244141,3.906250
40.789217,-0.285606,-0.423320,9.989626,-0.121983,0.330086,-0.050054,1.678467,-0.305176,3.967285
40.799319,-0.234113,-0.337099,9.984238,-0.070490,0.416307,-0.055443,0.396729,-0.061035,-0.701904
40.809433,-0.195793,-0.589175,10.089619,-0.032170,0.164231,0.049938,-0.701904,0.305176,-5.126953
40.819551,-0.293989,-0.608934,10.071656,-0.130365,0.144472,0.031975,-0.244141,1.251221,-7.781982
40.829671,-0.186812,-0.962798,10.048304,-0.023188,-0.209392,0.008624,-0.671387,0.762939,-5.401611
40.839782,-0.237706,-1.309477,9.866882,-0.074082,-0.556071,-0.172799,0.244141,0.335693,-6.744385
40.849881,-0.495170,-1.051414,9.868079,-0.331547,-0.298008,-0.171602,-1.556396,-0.762939,-5.706787
40.860078,-0.416135,-1.134042,9.915381,-0.252511,-0.380636,-0.124300,-1.892090,-0.610352,-2.166748
40.870239,-0.238903,-1.038241,10.147698,-0.075280,-0.284835,0.108017,-2.532959,-0.488281,-0.305176
40.880310,-0.094005,-0.823288,10.079440,0.069619,-0.069882,0.039759,-1.037598,-0.457764,0.030518
40.890377,-0.486189,-0.580193,10.108180,-0.322566,0.173212,0.068499,-1.586914,0.762939,-2.655029
40.900444,-0.279619,-0.347877,10.109976,-0.115995,0.405529,0.070295,-1.251221,0.579834,-3.906250
40.910511,-0.188009,-0.432301,10.162667,-0.024386,0.321105,0.122986,-1.068115,0.396729,-8.361816
40.920577,-0.279619,-0.705333,9.847123,-0.115995,0.048073,-0.192558,0.701904,1.434326,-10.375977
40.930642,-0.283211,-0.468226,9.975855,-0.119588,0.285179,-0.063826,-0.274658,0.671387,-7.324219
40.940709,-0.448467,-0.358654,9.918973,-0.284844,0.394752,-0.120707,0.396729,0.427246,-7.293701
40.950775,-0.245490,-0.553250,9.909393,-0.081866,0.200156,-0.130288,0.396729,0.427246,-7.629395
40.960842,-0.558040,-0.825084,9.935140,-0.394416,-0.071678,-0.104541,0.091553,1.037598,-11.291504
40.970908,-0.494572,-0.549058,9.945917,-0.330948,0.204348,-0.093764,0.030518,0.610352,-11.840820
40.980975,-0.467628,-0.768801,10.026151,-0.304004,-0.015395,-0.013530,1.068115,0.061035,-9.277344
40.991042,-0.290396,-0.684976,10.079440,-0.126773,0.068430,0.039759,1.098633,-0.335693,-6.591797
41.001107,-0.226928,-0.764610,10.116563,-0.063305,-0.011204,0.076882,2.593994,0.030518,-3.753662
41.011174,-0.368833,-0.154479,10.102791,-0.205210,0.598927,0.063110,1.831055,0.122070,-2.532959
41.021240,-0.431702,-0.483195,10.012379,-0.268079,0.270211,-0.027302,-0.854492,0.305176,-1.251221
41.031305,-0.236508,-0.642464,10.015373,-0.072885,0.110942,-0.024308,0.854492,0.091553,-2.227783
41.041372,-0.330513,-0.183219,10.183623,-0.166889,0.570187,0.143942,0.122070,-0.030518,1.892090
41.051439,-0.098795,-0.552651,10.111772,0.064829,0.200755,0.072092,-0.488281,-0.091553,1.220703
41.061503,-0.244292,-0.514330,10.122550,-0.080669,0.239075,0.082869,-0.396729,0.183105,-0.854492
41.071569,-0.535287,-0.356858,10.112371,-0.371664,0.396548,0.072690,-1.129150,-0.915527,0.762939
41.081634,-0.205972,-0.864003,10.197993,-0.042348,-0.110598,0.158312,-0.915527,-0.579834,0.579834
41.091700,-0.528701,-0.297581,10.106982,-0.365077,0.455825,0.067302,0.366211,-0.244141,2.899170
41.101765,-0.288600,-0.793949,10.035731,-0.124977,-0.040543,-0.003950,-0.366211,-0.061035,5.950928
41.111832,-0.399968,-1.011896,9.903406,-0.236345,-0.258490,-0.136275,0.244141,0.122070,3.601074
41.121898,-0.581391,-1.022075,10.097402,-0.417768,-0.268669,0.057721,0.274658,-0.183105,5.584717
41.131963,-0.660427,-0.595162,10.105186,-0.496803,0.158243,0.065505,0.915527,-0.152588,7.812500
41.142028,-0.707728,-0.772993,10.031539,-0.544105,-0.019587,-0.008142,1.708984,-0.244141,6.347656
41.152093,-0.125140,-0.747845,10.335108,0.038483,0.005561,0.295427,1.190186,-0.396729,5.065918
41.162158,-0.210762,0.155676,10.044712,-0.047138,0.909082,0.005031,2.807617,-0.091553,6.195068
41.172223,-0.145497,-0.919687,10.142309,0.018126,-0.166282,0.102628,-1.220703,-0.518799,-1.983643
41.182288,-0.390987,-1.093326,10.286609,-0.227364,-0.339921,0.246928,0.366211,0.579834,-10.162354
41.192352,-0.313748,-0.310754,9.851314,-0.150124,0.442652,-0.188367,3.204346,0.732422,-0.946045
41.202418,-0.309556,0.414937,9.905202,-0.145933,1.168343,-0.134479,1.251221,0.183105,9.368896
41.212483,-0.069456,0.070054,9.986034,0.094168,0.823460,-0.053647,-1.373291,0.061035,-6.317139
41.222556,-0.188009,-0.764610,10.017768,-0.024386,-0.011204,-0.021913,-0.793457,0.213623,-10.284424
41.232623,-0.586181,-0.665815,9.874666,-0.422558,0.087590,-0.165015,-0.274658,-0.762939,-6.225586
41.242689,-0.135319,-0.558638,10.102192,0.028305,0.194767,0.062512,0.762939,-1.586914,0.061035
41.252753,-0.186812,-0.322130,9.945319,-0.023188,0.431276,-0.094362,-0.335693,-1.708984,-0.701904
41.262819,0.141905,-0.587977,10.322534,0.305528,0.165428,0.282853,-0.762939,-1.678467,-5.828857
41.272884,0.244891,-0.728685,10.012379,0.408514,0.024721,-0.027302,-1.403809,-0.885010,-4.486084
41.282948,0.028141,-0.501757,9.897418,0.191765,0.251649,-0.142263,-1.831055,0.091553,-2.746582
41.293014,0.516725,-0.429906,10.018367,0.680349,0.323500,-0.021314,0.610352,0.152588,-0.183105
41.303080,0.147294,-0.211360,9.967473,0.310917,0.542045,-0.072208,0.274658,0.274658,1.495361
41.313145,-0.243094,-0.155078,10.054292,-0.079471,0.598328,0.014611,-1.068115,0.793457,-3.967285
41.323211,-0.065863,-0.510139,9.827963,0.097760,0.243267,-0.211718,-2.655029,0.701904,-3.692627
41.333276,-0.238903,-0.295186,10.053693,-0.075280,0.458220,0.014012,-4.119873,1.190186,-4.150391
41.343341,-0.406555,-0.019160,10.228530,-0.242931,0.734246,0.188849,-3.631592,1.251221,-5.035400
41.353413,-0.238304,-0.214953,10.050699,-0.074681,0.538453,0.011019,-1.129150,0.366211,-2.716064
41.363480,-0.142504,-0.452060,9.523795,0.021120,0.301346,-0.515886,-2.105713,1.007080,-6.103516
41.373544,-0.550256,-0.620310,10.139315,-0.386632,0.133096,0.099634,-3.112793,1.342773,-7.141113
41.383676,-0.531096,-0.584385,10.051897,-0.367472,0.169021,0.012216,-4.425049,1.403809,-7.263184
41.393741,-0.510139,-0.423918,9.982441,-0.346516,0.329487,-0.057239,-1.770020,0.732422,-8.239746
41.403807,-0.508942,-0.708327,10.394984,-0.345318,0.045079,0.355303,0.244141,-0.732422,-4.058838
41.413872,-0.555046,-0.580193,9.841135,-0.391423,0.173212,-0.198546,1.068115,-0.457764,-3.875732
41.423938,-0.460443,-0.498164,10.045311,-0.296819,0.255242,0.005630,-2.532959,0.610352,-2.471924
41.434003,-0.486189,-0.629890,9.935140,-0.322566,0.123516,-0.104541,-1.953125,0.427246,-2.868652
41.444070,-0.557441,-0.944835,10.142908,-0.393818,-0.191429,0.103227,-2.655029,0.335693,-3.479004
41.454134,-0.502355,-0.534089,10.082433,-0.338732,0.219316,0.042753,1.892090,0.213623,-0.701904
41.464200,-0.317939,-0.701142,10.143506,-0.154316,0.052264,0.103826,4.974365,0.457764,4.547119
41.474274,-0.570613,-0.343685,10.298584,-0.406990,0.409720,0.258903,0.152588,-0.701904,0.915527
41.484340,0.005988,-0.587379,9.960287,0.169611,0.166027,-0.079393,0.854492,0.030518,-2.929688
41.494407,-0.078437,-0.394579,10.029144,0.085186,0.358826,-0.010537,2.288818,-0.274658,-4.089355
41.504473,-0.652643,-0.213157,9.991423,-0.489020,0.540249,-0.048258,2.075195,-0.579834,-4.394531
41.514539,-0.325124,-0.629291,10.087224,-0.161501,0.124114,0.047543,1.556396,-0.762939,-6.561279
41.524606,-0.634680,-0.557441,10.057885,-0.471057,0.195965,0.018204,1.983643,-0.640869,-8.178711
41.534671,-0.567620,-0.528701,9.969868,-0.403996,0.224705,-0.069813,2.777100,-0.427246,-6.774902
41.544736,-0.285007,-0.171843,10.029144,-0.121384,0.581563,-0.010537,2.960205,-0.640869,-3.875732
41.554801,-0.384401,-0.010778,10.086026,-0.220777,0.742628,0.046345,2.807617,-0.183105,-2.868652
41.564868,-0.441881,0.286804,10.068662,-0.278258,1.040209,0.028981,0.823975,-0.183105,-2.960205
41.574933,-0.007185,-0.231718,10.065070,0.156438,0.521688,0.025389,0.762939,-0.244141,-2.899170
41.585000,-0.287402,-0.302970,10.103390,-0.123779,0.450436,0.063709,0.976562,-0.549316,-2.532959
41.595066,-0.356259,-0.737067,10.141111,-0.192636,0.016339,0.101431,0.000000,-0.061035,-3.417969
41.605131,-0.578397,-0.468825,10.054891,-0.414774,0.284581,0.015210,0.793457,-0.061035,-0.274658
41.615204,-0.493973,-0.485590,10.051298,-0.330350,0.267816,0.011617,-0.335693,0.244141,4.058838
41.625271,-0.443079,-0.355660,10.100396,-0.279455,0.397745,0.060715,-0.488281,0.274658,2.685547
41.635337,-0.449665,-0.372426,10.164463,-0.286042,0.380980,0.124782,-1.007080,0.061035,1.525879
41.645402,-0.466430,-0.217947,10.130334,-0.302807,0.535459,0.090653,-1.037598,-0.274658,3.692627
41.655468,-0.390388,-0.453257,9.998608,-0.226765,0.300148,-0.041073,-0.183105,-0.061035,5.004883
41.665534,-0.542472,-0.859812,10.106384,-0.378849,-0.106406,0.066703,-0.915527,0.000000,4.272461
41.675600,-0.374222,-1.077759,10.233918,-0.210599,-0.324353,0.194238,-0.122070,-0.335693,6.286621
41.685665,-0.635878,-0.539478,10.016570,-0.472254,0.213928,-0.023110,0.762939,-0.976562,10.864258
41.695730,-0.431702,-0.973575,9.941726,-0.268079,-0.220170,-0.097955,0.549316,-1.922607,9.796143
41.705796,-0.795745,-1.238225,9.674083,-0.632122,-0.484819,-0.365598,-0.946045,-3.112793,9.765625
41.715862,-0.719105,-1.340612,9.972263,-0.555481,-0.587206,-0.067418,-1.708984,-3.356934,12.451172
41.725929,-0.843047,-1.368754,10.177635,-0.679424,-0.615348,0.137955,-3.265381,-1.586914,11.322021
41.735999,-0.405956,-0.670007,10.030342,-0.242333,0.083399,-0.009339,-1.220703,-0.030518,8.880615
41.746065,-0.465233,-0.428110,10.150093,-0.301609,0.325296,0.110412,-1.281738,-0.488281,9.399414
41.756132,-0.335303,-0.767604,9.932745,-0.171679,-0.014198,-0.106936,-1.098633,0.000000,5.859375
41.766197,-0.427511,-0.764610,9.775871,-0.263888,-0.011204,-0.263810,-0.213623,0.823975,4.577637
41.776263,-0.425715,-0.819695,10.215956,-0.262091,-0.066290,0.176275,-1.495361,1.556396,8.087158
41.786329,-0.328716,-0.837059,10.087822,-0.165093,-0.083654,0.048141,0.244141,0.671387,10.589600
41.796395,-0.769400,-0.292791,10.201586,-0.605777,0.460615,0.161905,0.579834,-0.488281,12.268066
41.806461,-0.077838,-0.908910,10.384805,0.085785,-0.155504,0.345124,-2.838135,-0.885010,12.542725
41.816527,-0.305365,-0.795745,10.092612,-0.141742,-0.042339,0.052931,1.403809,-1.495361,10.986328
41.826604,-0.341290,-0.665217,9.978250,-0.177667,0.088189,-0.061431,2.838135,-1.647949,12.145996
41.836669,-0.469424,-0.499960,9.956096,-0.305801,0.253445,-0.083585,0.946045,-1.739502,12.268066
41.846736,-0.306563,-0.531096,10.055490,-0.142939,0.222310,0.015809,-1.159668,-1.129150,9.918213
41.856813,-0.174238,-0.568218,10.053693,-0.010614,0.185187,0.014012,-0.579834,-0.518799,10.223389
41.866879,-0.144899,-0.679587,10.174642,0.018725,0.073819,0.134961,-0.122070,-0.366211,14.282227
41.876947,0.193398,-0.282612,10.106384,0.357021,0.470793,0.066703,1.739502,0.335693,19.653320
41.887014,-0.065264,-0.731678,10.050101,0.098359,0.021727,0.010420,-0.671387,-0.091553,19.653320
41.897081,-0.091609,-0.563428,10.034533,0.072014,0.189977,-0.005148,0.457764,-0.061035,12.359619
41.907147,-0.186812,-0.622106,10.022558,-0.023188,0.131299,-0.017123,1.007080,-0.335693,15.380859
41.917213,0.129930,-1.211880,10.078242,0.293553,-0.458474,0.038561,2.899170,0.640869,13.519287
41.927279,-0.310155,-0.110770,9.820179,-0.146532,0.642636,-0.219502,1.983643,1.586914,14.160156
41.937346,-0.379012,-0.159868,9.899214,-0.215389,0.593538,-0.140466,0.274658,1.129150,14.190674
41.947411,0.058079,-0.741259,10.041718,0.221702,0.012147,0.002037,-2.075195,0.823975,6.713867
41.957477,-0.256866,-1.168770,10.058483,-0.093243,-0.415364,0.018802,-0.701904,0.762939,0.671387
41.967543,-0.579595,-0.974174,10.335707,-0.415971,-0.220768,0.296026,-0.213623,0.396729,4.821777
41.977618,-0.450862,-0.939446,9.875863,-0.287239,-0.186041,-0.163818,-0.488281,0.122070,5.157471
41.987684,-0.732876,-0.908910,10.045909,-0.569253,-0.155504,0.006229,-2.746582,-1.953125,6.134033
41.997750,-0.313748,-0.757425,10.192604,-0.150124,-0.004019,0.152923,-3.326416,-2.899170,7.812500
42.007815,-0.096400,-0.585582,10.138118,0.067224,0.167824,0.098437,-3.051758,-1.892090,6.164551
42.017881,-0.242496,-0.754431,10.223740,-0.078872,-0.001025,0.184059,-3.570557,-0.976562,3.112793
42.027946,-0.415536,-0.978964,9.893826,-0.251913,-0.225558,-0.145855,-2.624512,-0.152588,0.305176
42.038012,-0.612526,-0.697549,10.099199,-0.448903,0.055856,0.059518,-1.129150,0.061035,0.976562
42.048078,-0.592169,-0.423918,10.036329,-0.428545,0.329487,-0.003352,-0.183105,-0.213623,6.591797
42.058144,-0.344883,-0.796344,9.987830,-0.181260,-0.042938,-0.051851,0.366211,-0.732422,10.253906
42.068210,-0.319136,-0.410746,10.041718,-0.155513,0.342660,0.002037,0.793457,-0.762939,13.610840
42.078277,-0.359253,-0.519120,10.117760,-0.195630,0.234285,0.078079,-1.159668,-0.976562,13.916016
42.088343,-0.274828,-1.393303,9.993219,-0.111205,-0.639897,-0.046462,-0.213623,-0.732422,8.392334
42.098408,-0.525108,-1.302891,10.182426,-0.361485,-0.549485,0.142745,0.183105,-1.220703,7.843018
42.108515,-0.338297,-1.068777,9.927955,-0.174673,-0.315372,-0.111726,2.014160,-0.640869,13.000488
42.118582,-0.581391,-1.022075,10.112371,-0.417768,-0.268669,0.072690,2.990723,-0.946045,12.969971
42.128650,-0.393382,-0.623304,9.769883,-0.229759,0.130102,-0.269797,6.408691,-0.610352,14.038086
42.138716,-0.344284,-0.389789,10.103989,-0.180661,0.363616,0.064308,4.913330,-1.159668,10.528564
42.148782,-0.293989,-0.376617,10.180031,-0.130365,0.376789,0.140350,4.180908,-0.732422,7.171631
42.158847,-0.236508,-0.196990,9.855505,-0.072885,0.556415,-0.184176,3.479004,0.000000,7.476807
42.168914,-0.140109,-0.246687,9.934541,0.023515,0.506719,-0.105140,1.678467,0.518799,4.394531
42.178980,-0.428708,-0.277822,10.407557,-0.265085,0.475584,0.367876,-1.983643,1.037598,-4.852295
42.189045,-0.341889,-0.036524,10.212363,-0.178266,0.716882,0.172682,-2.288818,0.335693,-6.530762
42.199111,-0.127535,-0.846041,9.967473,0.036088,-0.092635,-0.072208,-1.831055,0.152588,-7.385254
42.209177,-0.691562,-0.146695,10.169852,-0.527939,0.606711,0.130171,-1.007080,0.610352,-6.408691
42.219243,-0.663420,-0.975970,10.100995,-0.499797,-0.222565,0.061314,-2.990723,-0.122070,-4.058838
42.229317,-0.298180,-0.741259,10.032138,-0.134557,0.012147,-0.007543,-2.105713,0.335693,-4.547119
42.239383,-0.486788,-0.941243,10.024953,-0.323164,-0.187837,-0.014728,-1.770020,-0.396729,-4.547119
42.249449,-0.350272,-0.373623,10.040521,-0.186648,0.379783,0.000840,-2.349854,0.152588,-3.936768
42.259514,-0.310155,-0.552651,10.009984,-0.146532,0.200755,-0.029697,-2.532959,1.129150,-7.598877
42.269580,-0.489781,0.183818,10.308763,-0.326158,0.937224,0.269082,0.518799,1.922607,-4.058838
42.279647,-0.549657,0.252076,10.229128,-0.386034,1.005482,0.189448,0.305176,1.556396,-1.708984
42.289713,0.070054,-0.277822,10.062675,0.233678,0.475584,0.022994,-0.762939,0.946045,-4.058838
42.299779,-0.216749,-1.193917,10.126741,-0.053126,-0.440511,0.087060,-2.624512,1.403809,-9.246826
42.309845,-0.525707,-1.698668,10.201586,-0.362084,-0.945262,0.161905,-2.624512,1.586914,-16.937256
42.319912,-1.156794,-0.774789,10.225536,-0.993171,-0.021383,0.185855,-0.366211,0.549316,-6.683350
42.329977,-0.455054,-0.516127,10.017169,-0.291430,0.237279,-0.022512,-0.427246,-0.366211,-1.098633
42.340044,-0.319735,-0.335303,10.193203,-0.156112,0.418103,0.153522,-1.007080,-0.915527,-8.972168
42.350110,-0.474813,-0.235909,10.043514,-0.311189,0.517496,0.003834,-0.244141,-1.220703,-10.772705
42.360176,-0.343087,-0.609532,10.012978,-0.179463,0.143873,-0.026703,0.366211,-0.671387,-9.826660
42.370243,-0.395777,-0.415536,10.211166,-0.232154,0.337870,0.171485,-0.885010,0.000000,-10.711670
42.380309,-0.405357,-0.477806,10.047706,-0.241734,0.275599,0.008025,-0.549316,0.244141,-14.221191
42.390375,-0.144300,-0.771196,9.959090,0.019323,-0.017791,-0.080591,0.152588,0.946045,-16.143799
42.400441,-0.412542,-0.534089,10.068662,-0.248919,0.219316,0.028981,1.281738,0.823975,-11.566162
42.410506,-0.420925,-1.237028,9.892029,-0.257301,-0.483622,-0.147651,-0.732422,0.579834,-9.002686
42.420573,-0.485590,-1.377136,10.036928,-0.321967,-0.623730,-0.002753,-1.159668,0.854492,-12.573242
42.430640,-0.959804,-1.347797,9.970466,-0.796181,-0.594391,-0.069215,-1.342773,-0.335693,-10.528564
42.440705,-0.523312,-1.729204,9.801019,-0.359689,-0.975798,-0.238662,-1.495361,0.091553,-6.958008
42.450772,-0.565225,-1.335223,10.143506,-0.401601,-0.581818,0.103826,-1.678467,0.122070,-6.195068
42.460838,-0.762814,-0.991538,10.170450,-0.599190,-0.238132,0.130770,4.119873,-0.183105,-2.044678
42.470904,-0.747845,-0.461640,10.066267,-0.584222,0.291766,0.026586,3.631592,-0.823975,1.617432
42.480972,-0.153281,-0.950224,9.987830,0.010342,-0.196818,-0.051851,2.746582,-1.220703,0.671387
42.491037,-0.332309,-0.304766,10.087822,-0.168686,0.448640,0.048141,3.692627,-0.823975,0.061035
42.501103,-0.370629,0.103585,10.260862,-0.207006,0.856990,0.221182,2.960205,-0.823975,-0.518799
42.511170,-0.091011,0.071252,10.122550,0.072613,0.824658,0.082869,3.326416,-0.427246,-2.288818
42.521236,-0.298779,0.253273,9.998608,-0.135155,1.006679,-0.041073,2.807617,0.183105,-6.286621
42.531303,-0.144899,-0.316143,10.073452,0.018725,0.437263,0.033771,0.274658,0.457764,-13.397217
42.541369,-0.043110,-0.552651,9.974059,0.120513,0.200755,-0.065622,0.701904,0.640869,-15.991211
42.551435,-0.088017,-0.637674,9.934541,0.075606,0.115732,-0.105140,0.183105,0.732422,-9.765625
42.561505,-0.453257,-0.898132,9.944720,-0.289634,-0.144727,-0.094961,-0.701904,0.396729,-12.939453
42.571571,-0.603545,-1.081351,9.954899,-0.439922,-0.327946,-0.084782,-1.556396,0.793457,-18.005371
42.581637,-0.507145,-1.459166,10.144704,-0.343522,-0.705760,0.105023,-1.922607,0.823975,-16.723633
42.591704,-0.781974,-1.293909,10.074650,-0.618351,-0.540504,0.034969,-2.746582,0.854492,-15.686035
42.601769,-0.932860,-1.313668,10.221345,-0.769237,-0.560262,0.181664,-2.227783,0.579834,-13.061523
42.611835,-0.946631,-1.309477,10.109377,-0.783008,-0.556071,0.069697,-2.288818,0.305176,-7.965088
42.621902,-0.907114,-0.631686,10.172247,-0.743490,0.121719,0.132566,0.732422,-1.251221,3.326416
42.631968,-0.553848,0.349074,10.374027,-0.390225,1.102480,0.334346,-0.274658,-0.946045,7.385254
42.642033,-0.368234,0.374821,10.377021,-0.204611,1.128226,0.337340,-0.762939,-0.946045,2.166748
42.652099,-0.111967,-0.108375,10.220746,0.051656,0.645031,0.181065,5.432129,-0.762939,-3.234863
42.662164,0.044308,-0.687969,9.850715,0.207931,0.065436,-0.188966,5.767822,-0.732422,-7.080078
42.672229,-1.007704,-0.232317,9.683663,-0.844081,0.521089,-0.356018,3.021240,2.624512,-10.131836
42.682294,-0.260458,-1.282533,10.417137,-0.096835,-0.529127,0.377457,-1.831055,2.197266,-4.302979
42.692359,0.144899,-0.486788,10.177037,0.308522,0.266618,0.137356,-0.885010,1.373291,-6.652832
42.702424,0.217947,-0.565225,10.000404,0.381570,0.188181,-0.039277,0.000000,0.457764,-6.683350
42.712489,0.298779,-0.317939,10.307565,0.462402,0.435467,0.267884,3.662109,-0.610352,5.493164
42.722556,-0.026345,-0.053888,10.197993,0.137278,0.699518,0.158312,4.638672,-1.007080,9.704590
42.732630,-0.111368,0.097597,9.949510,0.052255,0.851003,-0.090171,3.112793,-0.579834,11.993408
42.742696,-0.134720,-0.915496,9.821975,0.028903,-0.162090,-0.217706,1.647949,-0.244141,0.000000
42.752760,-0.467029,-0.377216,9.918973,-0.303406,0.376190,-0.120707,1.464844,-0.579834,1.190186
42.762825,-0.177830,-0.475411,10.003398,-0.014207,0.277994,-0.036283,0.244141,0.091553,-0.976562
42.772890,-0.037722,-0.226329,10.125544,0.125902,0.527076,0.085863,-0.671387,-0.091553,-3.234863
42.782955,-0.282612,0.190404,10.057885,-0.118989,0.943810,0.018204,-2.075195,-1.373291,-5.157471
42.793020,0.070653,-0.557441,10.039922,0.234276,0.195965,0.000241,-2.288818,-0.854492,-5.157471
42.803087,-0.431104,-0.677192,10.047107,-0.267480,0.076214,0.007426,-2.410889,-0.335693,-9.216309
42.813152,0.001796,-0.879571,10.341096,0.165420,-0.126165,0.301415,-0.518799,0.305176,-6.347656
42.823218,-0.501757,-0.764011,10.156080,-0.338133,-0.010605,0.116399,-2.227783,-0.579834,-0.549316
42.833283,-0.459844,-0.695154,9.793834,-0.296221,0.058251,-0.245847,-2.563477,2.197266,-6.866455
42.843349,-0.274230,-0.924478,10.119556,-0.110606,-0.171072,0.079875,0.366211,1.586914,-2.777100
42.853420,-0.259261,-0.518522,9.945319,-0.095638,0.234884,-0.094362,-2.258301,0.427246,-1.586914
42.863486,-0.009580,-0.654439,9.681866,0.154043,0.098967,-0.357814,-2.075195,0.823975,-6.622314
42.873551,-0.211959,-0.755629,10.130334,-0.048336,-0.002223,0.090653,-1.678467,1.007080,-8.728027
42.883616,-0.701142,-0.310155,9.912986,-0.537519,0.443251,-0.126695,-1.037598,1.281738,-4.943848
42.893682,-0.617915,-0.428708,10.156679,-0.454292,0.324697,0.116998,-1.464844,-0.183105,-6.958008
42.903748,-0.358654,-0.449665,10.214758,-0.195031,0.303741,0.175077,-1.770020,0.366211,-7.354736
42.913815,-0.291594,-0.160466,10.291399,-0.127970,0.592939,0.251718,-1.617432,0.122070,-8.148193
42.923880,-0.041913,-0.191602,9.834549,0.121710,0.561804,-0.205132,-1.861572,0.457764,-5.218506
42.933945,-0.262853,-0.593366,10.125544,-0.099230,0.160040,0.085863,-1.800537,0.122070,-6.011963
42.944011,-0.490380,-0.422122,10.203382,-0.326757,0.331284,0.163701,-0.671387,-1.281738,-4.516602
42.954076,-0.031734,-0.730481,10.020762,0.131889,0.022925,-0.018919,-2.532959,-1.342773,-1.342773
42.964142,-0.162263,-1.014890,10.236912,0.001361,-0.261484,0.197231,-2.288818,-0.823975,-2.197266
42.974213,-0.437091,-1.466351,10.082433,-0.273468,-0.712945,0.042753,-0.274658,-0.061035,-2.319336
42.984280,-0.402962,-0.523911,10.003997,-0.239339,0.229495,-0.035684,2.410889,-0.152588,0.457764
42.994345,-0.078437,-0.495769,9.963281,0.085186,0.257637,-0.076400,-0.244141,-1.831055,11.932373
43.004411,0.253872,-0.313748,10.009385,0.417495,0.439658,-0.030296,-1.586914,-1.922607,8.361816
43.014477,-0.025746,-0.651445,10.100396,0.137877,0.101960,0.060715,-2.563477,-1.037598,0.885010
43.024543,-0.737067,-0.981359,9.918973,-0.573444,-0.227953,-0.120707,-0.183105,-0.183105,0.152588
43.034608,-0.444875,-1.029260,9.978250,-0.281252,-0.275854,-0.061431,1.770020,-1.373291,6.469727
43.044674,-0.483195,-0.101788,10.200388,-0.319572,0.651617,0.160707,1.586914,-0.946045,9.338379
43.054739,-0.238903,-0.034129,10.074650,-0.075280,0.719277,0.034969,2.410889,-0.915527,9.246826
43.064806,0.065264,-0.560435,10.033934,0.228888,0.192971,-0.005747,2.105713,-1.190186,6.652832
43.074870,-0.135319,0.073048,9.848320,0.028305,0.826454,-0.191361,3.021240,-0.213623,9.948730
43.084936,0.053289,-0.182620,9.889634,0.216912,0.570786,-0.150046,2.502441,-1.037598,13.946533
43.095002,0.201182,-0.182620,10.173444,0.364805,0.570786,0.133763,1.831055,-2.441406,10.528564
43.105073,0.116757,-0.431702,9.955497,0.280380,0.321704,-0.084183,1.892090,-2.227783,9.246826
43.115139,-0.178429,-0.090412,10.156080,-0.014806,0.662994,0.116399,0.671387,-2.075195,5.157471
43.125205,0.151485,-0.165855,9.872271,0.315108,0.587551,-0.167410,-0.213623,-1.892090,5.950928
43.135270,0.224533,-0.284409,10.041119,0.388156,0.468997,0.001439,-0.823975,-0.305176,-1.403809
43.145336,-0.337099,-0.575403,10.087822,-0.173476,0.178002,0.048141,-1.129150,0.793457,-4.089355
43.155402,-0.586780,-0.256866,10.080038,-0.423157,0.496540,0.040358,-1.373291,0.274658,-3.082275
43.165473,-0.125140,-0.629291,10.124346,0.038483,0.124114,0.084665,-0.854492,-1.220703,-7.110596
43.175539,-0.395178,-0.542472,9.957892,-0.231555,0.210934,-0.081788,-1.495361,-0.305176,-7.446289
43.185605,-0.447869,-0.489183,10.146500,-0.284245,0.264223,0.106819,1.251221,1.586914,-7.598877
43.195671,-0.734672,-0.356259,9.906998,-0.571049,0.397147,-0.132683,1.495361,2.410889,-4.577637
43.205736,-0.374222,-0.517923,10.017768,-0.210599,0.235483,-0.021913,-1.220703,2.807617,-10.070801
43.215803,-0.620909,-0.667612,10.065668,-0.457286,0.085794,0.025987,-0.946045,2.593994,-10.925293
43.225876,-0.896935,-0.284409,10.270443,-0.733312,0.468997,0.230762,-1.800537,1.098633,-6.744385
43.235943,-0.267045,-1.287922,9.657318,-0.103421,-0.534516,-0.382363,1.831055,2.075195,-10.528564
43.246009,-0.255668,-0.320933,10.065668,-0.092045,0.432473,0.025987,-0.030518,3.265381,-11.444092
43.256074,-0.213157,-0.479603,10.130933,-0.049533,0.273803,0.091252,1.220703,0.610352,1.678467
43.266142,-0.212558,-0.704136,10.239307,-0.048935,0.049270,0.199626,0.244141,0.915527,-5.554199
43.276207,-0.676593,-0.695753,10.159074,-0.512970,0.057653,0.119393,0.091553,0.030518,-8.819580
43.286273,-0.492775,-0.984952,9.990225,-0.329152,-0.231546,-0.049456,-0.610352,0.122070,-6.317139
43.296340,-0.305964,-0.541873,9.965676,-0.142341,0.211533,-0.074005,-4.180908,0.885010,-3.082275
43.306405,-0.309556,-0.581391,10.133926,-0.145933,0.172015,0.094246,-2.166748,0.701904,-3.356934
43.316472,-0.298180,-0.519120,10.139315,-0.134557,0.234285,0.099634,-1.800537,0.335693,-2.960205
43.326538,-0.537682,-1.025068,10.168654,-0.374059,-0.271663,0.128973,-1.129150,-0.640869,-1.037598
43.336604,-0.783770,-0.934656,9.942325,-0.620147,-0.181251,-0.097356,-0.152588,-1.037598,-2.319336
43.346670,-0.355062,-0.499362,10.160272,-0.191438,0.254044,0.120591,0.915527,-0.579834,5.981445
43.356736,-0.026944,-0.229323,10.124346,0.136679,0.524083,0.084665,-0.152588,-0.549316,7.720947
43.366808,-0.125140,0.094603,10.088421,0.038483,0.848009,0.048740,-1.373291,0.366211,-0.701904
43.376874,-0.479603,-0.293390,10.178234,-0.315979,0.460016,0.138553,-2.227783,0.579834,-1.068115
43.386940,-0.592767,-1.305286,10.042916,-0.429144,-0.551880,0.003235,-0.579834,0.122070,-4.302979
43.397006,-0.815504,-0.969983,10.283016,-0.651881,-0.216577,0.243335,1.831055,-0.610352,-2.349854
43.407072,-0.703537,-0.473615,10.239307,-0.539914,0.279791,0.199626,1.434326,-0.244141,3.936768
43.417137,-0.422122,-1.001717,10.059082,-0.258499,-0.248311,0.019401,-0.610352,-0.610352,3.295898
43.427203,-0.543669,-1.381926,9.884844,-0.380046,-0.628520,-0.154837,-1.129150,0.335693,-0.122070
43.437269,0.019160,-1.404080,9.973460,0.182783,-0.650674,-0.066221,0.885010,1.007080,10.345459
43.447335,-0.213755,-0.811912,10.051897,-0.050132,-0.058506,0.012216,0.671387,0.335693,16.174316
43.457401,-0.342488,-0.938848,10.445279,-0.178865,-0.185442,0.405598,-0.427246,-0.793457,12.542725
43.467467,-1.283132,-1.609453,10.077643,-1.119508,-0.856047,0.037963,2.075195,-0.885010,3.021240
43.477532,-1.214874,-1.637595,10.030941,-1.051250,-0.884189,-0.008740,2.258301,-1.007080,8.789062
43.487605,-0.770598,-0.790955,10.096205,-0.606974,-0.037549,0.056524,2.838135,-1.129150,12.237549
43.497671,-0.340692,-0.227527,10.120155,-0.177068,0.525879,0.080474,0.274658,-1.098633,11.444092
43.507737,-0.456251,0.031135,9.953102,-0.292628,0.784541,-0.086578,0.030518,-0.610352,10.559082
43.517806,-0.415536,-0.855022,10.137519,-0.251913,-0.101616,0.097838,-0.946045,0.091553,8.850098
43.527872,-0.031734,-1.007106,9.921967,0.131889,-0.253700,-0.117714,0.518799,-0.183105,7.598877
43.537937,-0.146695,-0.314945,9.883048,0.016928,0.438461,-0.156633,2.655029,-1.068115,18.646240
43.548003,0.008383,-0.349673,10.124346,0.172006,0.403733,0.084665,0.549316,-1.678467,19.500732
43.558069,-0.007784,-0.813708,10.151889,0.155839,-0.060302,0.112208,-1.190186,-0.885010,14.862061
43.568137,-0.059277,-0.951422,10.023755,0.104347,-0.198016,-0.015925,-0.762939,-0.213623,5.859375
43.578204,0.017364,-0.585582,9.987830,0.180987,0.167824,-0.051851,-2.502441,-0.457764,7.904053
43.588271,-0.046703,-0.373024,9.916578,0.116920,0.380381,-0.123103,-2.716064,-0.488281,8.972168
43.598336,0.409548,-0.643063,9.920770,0.573172,0.110343,-0.118911,-2.502441,-0.305176,4.913330
43.608409,0.217947,-0.928669,9.713600,0.381570,-0.175263,-0.326080,-0.946045,-0.915527,7.232666
43.618475,0.198188,-1.046025,10.195598,0.361811,-0.292619,0.155917,-1.586914,-0.793457,9.979248
43.628541,-0.925076,-0.886157,10.111174,-0.761453,-0.132751,0.071493,-0.732422,-0.488281,8.361816
43.638607,-0.445474,-1.256786,10.044712,-0.281850,-0.503381,0.005031,-1.373291,-1.342773,8.728027
43.648673,-0.229922,-1.229244,10.196796,-0.066299,-0.475838,0.157115,-3.204346,-1.525879,12.512207
43.658739,-0.192799,-0.886157,9.973460,-0.029176,-0.132751,-0.066221,-3.387451,-0.976562,13.549805
43.668807,-0.151485,-1.034050,10.162667,0.012138,-0.280644,0.122986,-3.784180,-0.671387,13.702393
43.678872,-0.331710,-1.203497,10.038724,-0.168087,-0.450092,-0.000957,0.030518,-0.946045,15.106201
43.688937,-0.570613,-1.068777,10.050101,-0.406990,-0.315372,0.010420,0.946045,-1.312256,16.845703
43.699003,-0.401765,-0.511337,9.957294,-0.238141,0.242069,-0.082387,-0.823975,-1.678467,16.754150
43.709069,-0.180824,-1.169368,10.121353,-0.017201,-0.415963,0.081672,-1.190186,-1.403809,13.214111
43.719135,-0.217947,-0.837059,9.975256,-0.054324,-0.083654,-0.064425,2.014160,-0.701904,8.941650
43.729209,-0.422721,-0.356858,9.973460,-0.259098,0.396548,-0.066221,1.037598,-0.823975,11.047363
43.739276,-0.268242,-0.455652,10.051897,-0.104619,0.297753,0.012216,-0.122070,-0.732422,9.918213
43.749342,-0.402962,-0.842448,10.194999,-0.239339,-0.089042,0.155319,0.061035,-0.457764,4.760742
43.759413,-0.421523,-0.952020,10.200987,-0.257900,-0.198614,0.161306,1.251221,-0.671387,4.394531
43.769491,-0.413141,-0.449066,10.089020,-0.249518,0.304340,0.049339,2.014160,-1.831055,8.758545
43.779556,-0.128732,-0.132924,10.118958,0.034891,0.620482,0.079277,1.861572,-1.831055,11.474609
43.789625,0.062271,-0.144300,10.073452,0.225894,0.609106,0.033771,0.518799,-1.739502,6.927490
43.799692,0.141306,-0.268841,9.874067,0.304929,0.484565,-0.165614,-0.671387,-1.312256,3.570557
43.809759,-0.023351,-0.329315,10.112970,0.140272,0.424091,0.073289,-1.190186,-1.129150,0.274658
43.819825,-0.000599,-0.341889,10.070458,0.163024,0.411517,0.030777,0.396729,-0.793457,2.227783
43.829890,0.049098,-0.244891,10.065668,0.212721,0.508515,0.025987,0.823975,-0.610352,2.349854
43.839957,0.116158,0.047302,10.109377,0.279782,0.800707,0.069697,0.762939,0.091553,3.173828
43.850023,-0.073048,-0.175435,10.115964,0.090575,0.577971,0.076283,-1.190186,0.183105,-0.579834
43.860092,0.023351,-0.680186,10.112371,0.186975,0.073220,0.072690,-0.030518,-0.762939,-4.638672
43.870163,-0.210762,-0.553848,10.108779,-0.047138,0.199558,0.069098,0.000000,-0.915527,-3.234863
43.880229,-0.012574,-0.461041,10.062076,0.151049,0.292365,0.022395,-0.366211,-0.579834,-3.143311
43.890296,0.041913,-0.717308,9.982441,0.205536,0.036097,-0.057239,-0.366211,0.244141,-3.601074
43.900361,0.138911,-0.858615,10.015373,0.302534,-0.105209,-0.024308,0.152588,0.671387,-6.317139
43.910427,-0.338297,-0.714913,10.002799,-0.174673,0.038492,-0.036882,1.922607,0.518799,-4.425049
43.920494,-0.379012,-0.750240,10.097402,-0.215389,0.003166,0.057721,-0.640869,-0.183105,-4.913330
43.930560,-0.188009,-0.726290,9.923165,-0.024386,0.027116,-0.116516,-0.762939,-0.030518,-5.981445
43.940626,-0.234113,-0.898731,10.136321,-0.070490,-0.145325,0.096641,-0.396729,-0.152588,-7.965088
43.950692,-0.300575,-0.976569,9.964479,-0.136952,-0.223163,-0.075202,1.037598,-0.061035,-7.415771
43.960757,-0.593965,-0.900527,10.071057,-0.430342,-0.147122,0.031376,0.823975,-0.854492,-4.547119
43.970823,-0.449665,-1.292712,9.774075,-0.286042,-0.539306,-0.265606,2.655029,0.427246,-4.882812
43.980890,-0.651445,-0.555645,10.144704,-0.487822,0.197761,0.105023,2.044678,-0.183105,-2.471924
43.990955,-0.357457,-0.574805,9.546548,-0.193833,0.178601,-0.493133,2.349854,-0.488281,-1.739502
44.001022,-0.764011,-0.825084,9.896819,-0.600388,-0.071678,-0.142861,0.030518,0.213623,-2.227783
44.011088,-0.739462,-0.677192,9.790241,-0.575839,0.076214,-0.249440,-0.396729,-0.183105,-1.525879
44.021154,-0.506547,-0.967588,9.843530,-0.342923,-0.214182,-0.196151,-1.495361,-0.793457,-1.220703
44.031221,-0.344883,-0.743055,10.001003,-0.181260,0.010351,-0.038678,-1.373291,-0.488281,0.976562
44.041287,-0.399968,-0.941841,9.994417,-0.236345,-0.188436,-0.045264,-0.885010,0.640869,0.061035
44.051353,-0.356858,-0.515528,10.067465,-0.193235,0.237878,0.027784,-0.122070,0.518799,1.892090
44.061420,-0.326920,-0.459844,10.038126,-0.163297,0.293562,-0.001555,-0.488281,0.305176,3.021240
44.071484,-0.350272,-0.151485,10.051298,-0.186648,0.601921,0.011617,-1.251221,-0.549316,2.838135
44.081551,-0.274230,-0.723296,10.032138,-0.110606,0.030110,-0.007543,-0.976562,-0.732422,-1.007080
44.091617,-0.280217,-0.919089,9.881252,-0.116594,-0.165683,-0.158429,-0.305176,-1.373291,-1.983643
44.101683,-0.467628,-0.402962,10.227931,-0.304004,0.350444,0.188250,-2.014160,-0.762939,-1.586914
44.111749,-0.247286,-0.726888,10.042317,-0.083663,0.026517,0.002636,-1.739502,-0.701904,-2.136230
44.121817,-0.462239,-0.905317,10.102791,-0.298616,-0.151912,0.063110,0.305176,-0.305176,-3.601074
44.131884,-0.429307,-0.485590,10.239307,-0.265684,0.267816,0.199626,1.678467,-0.335693,-3.784180
44.141950,-0.362247,-0.334704,10.104587,-0.198623,0.418702,0.064907,0.946045,-0.518799,-0.518799
44.152017,-0.334105,-0.829874,9.835746,-0.170482,-0.076468,-0.203934,0.244141,0.030518,-2.990723
44.162082,-0.287402,-0.832868,9.965676,-0.123779,-0.079462,-0.074005,0.457764,0.427246,-3.967285
44.172148,-0.508343,-0.551453,9.969269,-0.344720,0.201953,-0.070412,0.213623,0.854492,0.549316
44.182213,-0.365839,-0.352667,10.065668,-0.202216,0.400739,0.025987,0.152588,0.671387,-1.678467
44.192278,-0.254471,-0.546064,9.893826,-0.090848,0.207341,-0.145855,-0.457764,0.885010,-6.805420
44.202343,-0.462838,-0.469424,10.066866,-0.299214,0.283982,0.027185,-0.518799,1.129150,-6.256104
44.212408,-0.155676,-0.495170,9.831555,0.007947,0.258235,-0.208126,-1.739502,0.213623,-2.380371
44.222473,-0.155676,-0.618514,10.250085,0.007947,0.134892,0.210404,-0.640869,-0.244141,-3.387451
44.232538,-0.162263,-0.600551,10.132729,0.001361,0.152855,0.093048,-0.946045,-0.305176,-3.936768
44.242603,-0.026345,-0.727487,9.920171,0.137278,0.025919,-0.119510,-0.061035,0.061035,-4.272461
44.252668,-0.007185,-0.773591,9.993219,0.156438,-0.020186,-0.046462,1.007080,0.885010,-4.669189
44.262733,-0.273631,-0.706531,10.103390,-0.110008,0.046875,0.063709,-0.274658,0.396729,-2.716064
44.272799,-0.062869,-1.476530,9.965078,0.100754,-0.723124,-0.074603,0.488281,0.061035,-2.532959
44.282864,-0.245490,-1.179547,10.096804,-0.081866,-0.426141,0.057123,1.007080,0.335693,-3.570557
44.292928,-0.199984,-1.216071,10.046508,-0.036361,-0.462665,0.006827,-0.061035,-0.183105,-3.997803
44.303015,-0.508343,-0.804727,10.039323,-0.344720,-0.051321,-0.000358,0.946045,-0.183105,-6.317139
44.313106,-0.371827,-0.678988,10.121353,-0.208204,0.074418,0.081672,-0.183105,-0.610352,-5.767822
44.323180,-0.419128,-0.231718,10.004595,-0.255505,0.521688,-0.035086,0.213623,-0.183105,-5.706787
44.333247,-0.146096,-0.361049,10.263257,0.017527,0.392357,0.223577,0.305176,-0.610352,-8.483887
44.343314,-0.396974,-0.137115,10.180031,-0.233351,0.616291,0.140350,0.457764,-0.122070,-11.291504
44.353380,-0.452060,-0.162263,10.082433,-0.288437,0.591143,0.042753,1.403809,0.732422,-11.627197
44.363447,-0.338297,0.128134,10.001003,-0.174673,0.881539,-0.038678,1.251221,1.007080,-10.742188
44.373513,-0.246687,0.166454,10.013577,-0.083064,0.919860,-0.026104,1.342773,1.953125,-16.815186
44.383578,-0.243693,-0.422122,10.006990,-0.080070,0.331284,-0.032691,1.220703,2.197266,-18.676758
44.393643,-0.163460,0.077239,10.158475,0.000163,0.830645,0.118794,2.410889,2.655029,-20.080566
44.403709,-0.140707,-0.237107,10.162667,0.022916,0.516299,0.122986,0.854492,1.708984,-16.052246
44.413776,0.046703,-0.052690,9.900412,0.210326,0.700715,-0.139269,1.098633,1.892090,-16.540527
44.423843,-0.196990,-0.205972,9.906998,-0.033367,0.547434,-0.132683,1.068115,1.495361,-13.427734
44.433908,-0.034728,-0.057480,10.041119,0.128895,0.695925,0.001439,0.640869,0.915527,-9.948730
44.443976,-0.070054,-0.259261,10.150692,0.093569,0.494145,0.111011,2.532959,-0.518799,-7.781982
44.454041,-0.626298,-0.669408,10.129735,-0.462674,0.083998,0.090054,3.356934,-0.762939,-7.843018
44.464107,-0.397573,-0.939446,9.729767,-0.233950,-0.186041,-0.309914,2.593994,0.091553,-9.429932
44.474172,-0.317939,-1.068777,9.748328,-0.154316,-0.315372,-0.291353,1.434326,-0.823975,-14.190674
44.484238,-0.637075,-0.695154,10.148895,-0.473452,0.058251,0.109214,-1.739502,-0.701904,-12.145996
44.494303,-0.655637,-0.225132,10.297985,-0.492013,0.528274,0.258304,0.061035,-1.556396,-1.861572
44.504370,-0.516127,-0.934656,9.889036,-0.352503,-0.181251,-0.150645,-0.061035,-1.708984,0.885010
44.514435,-0.308359,-1.843566,9.984238,-0.144736,-1.090160,-0.055443,-1.281738,0.213623,-10.925293
44.524500,-0.719703,-0.293390,10.186617,-0.556080,0.460016,0.146936,0.030518,0.183105,-0.762939
44.534566,-0.537083,-0.596360,10.199789,-0.373460,0.157046,0.160109,1.464844,-1.312256,10.009766
44.544631,-0.273631,-0.662822,9.626781,-0.110008,0.090584,-0.412900,-1.831055,0.061035,-0.183105
44.554696,-0.222138,-0.896336,9.876462,-0.058515,-0.142930,-0.163219,-2.746582,0.366211,-4.180908
44.564762,-0.270637,-1.507066,9.978849,-0.107014,-0.753660,-0.060832,0.000000,0.213623,-4.302979
44.574827,-0.626298,-1.784888,10.615325,-0.462674,-1.031483,0.575644,1.373291,-0.122070,-8.666992
44.584893,-1.011896,-0.961600,9.973460,-0.848273,-0.208195,-0.066221,5.462646,-1.251221,2.349854
44.594959,-0.929866,-0.840053,9.741143,-0.766243,-0.086647,-0.298538,-0.122070,-0.823975,5.676270
44.605034,-0.535287,-1.798660,10.375823,-0.371664,-1.045254,0.336142,-6.713867,0.915527,-4.058838
44.615105,-1.101709,0.376018,10.218351,-0.938086,1.129424,0.178670,-7.141113,1.770020,1.708984
44.625172,-0.558040,-1.195115,10.496173,-0.394416,-0.441709,0.456492,-6.805420,0.488281,10.284424
44.635243,-0.323926,-1.716031,9.896221,-0.160303,-0.962626,-0.143460,-3.997803,2.136230,-5.981445
44.645309,-1.361569,0.072449,10.323133,-1.197945,0.825855,0.283452,-1.098633,2.319336,3.082275
44.655375,0.593366,-1.326242,9.937535,0.756989,-0.572836,-0.102146,1.739502,2.288818,6.805420
44.665475,-0.421523,-0.711321,9.845327,-0.257900,0.042085,-0.194354,1.800537,1.098633,-1.983643
44.675567,-0.382006,-0.783770,10.282418,-0.218382,-0.030364,0.242737,0.244141,-0.396729,2.349854
44.685660,-0.005389,-1.083148,10.003398,0.158234,-0.329742,-0.036283,2.929688,-1.007080,10.375977
44.695728,0.277224,-1.193318,9.989028,0.440847,-0.439913,-0.050653,3.540039,-0.823975,10.040283
44.705793,-0.415536,-0.240101,9.809401,-0.251913,0.513305,-0.230280,2.929688,0.030518,11.718750
44.715856,-0.047302,-0.268242,9.798025,0.116322,0.485164,-0.241656,3.295898,-0.427246,14.923096
44.725922,0.354463,-0.416135,9.792636,0.518086,0.337271,-0.247045,3.082275,-0.946045,11.108398
44.735987,-0.059875,0.235909,9.890233,0.103748,0.989315,-0.149448,0.518799,-1.373291,6.408691
44.746055,0.444276,-0.465831,10.207573,0.607899,0.287574,0.167892,-1.800537,-1.434326,6.011963
44.756121,0.095801,-0.435894,9.896819,0.259424,0.317512,-0.142861,-4.638672,-0.976562,-3.082275
44.766187,0.399968,-0.998723,10.151290,0.563592,-0.245317,0.111609,-3.753662,-1.800537,-2.593994
44.776252,0.158071,-0.244891,9.966275,0.321695,0.508515,-0.073406,-1.098633,0.061035,-0.885010
44.786318,-0.015568,-0.113165,9.947714,0.148056,0.640241,-0.091967,-1.159668,-0.061035,-2.441406
44.796385,0.020956,-0.170046,10.269844,0.184580,0.583359,0.230163,-1.708984,0.030518,-6.011963
44.806450,0.188608,-1.382525,9.554930,0.352231,-0.629119,-0.484750,-1.678467,1.373291,-10.009766
44.816516,-0.623903,-0.260458,10.529105,-0.460279,0.492947,0.489424,-0.518799,1.617432,-7.446289
44.826581,-0.001198,-1.442401,10.119556,0.162426,-0.688995,0.079875,0.274658,0.427246,-7.476807
44.836647,-0.188608,-0.840053,10.247091,-0.024985,-0.086647,0.207410,-1.586914,0.213623,-12.176514
44.846713,-0.286804,-0.593366,10.371033,-0.123180,0.160040,0.331352,-2.929688,1.464844,-4.241943
44.856779,0.177231,-0.839454,10.139914,0.340855,-0.086049,0.100233,2.136230,-0.335693,-3.082275
44.866845,-0.094603,-0.675994,10.210567,0.069020,0.077412,0.170886,2.136230,-0.122070,-7.141113
44.876911,-0.361049,-0.527503,9.514814,-0.197426,0.225903,-0.524867,0.610352,0.610352,-10.437012
44.886978,-0.292791,-0.343087,9.872271,-0.129168,0.410319,-0.167410,-1.403809,0.793457,-9.307861
44.897044,0.183219,-0.852028,10.081236,0.346842,-0.098622,0.041555,0.976562,0.762939,-5.828857
44.907110,-0.419727,-0.557441,10.262659,-0.256104,0.195965,0.222978,0.854492,0.823975,-3.265381
44.917176,-0.519719,-0.525108,10.024354,-0.356096,0.228298,-0.015327,-1.464844,1.525879,-1.892090
44.927241,-0.133522,-0.817300,10.285411,0.030101,-0.063895,0.245731,-2.777100,1.525879,-0.244141
44.937307,-0.135917,-1.146616,10.299183,0.027706,-0.393210,0.259502,0.946045,1.190186,-1.434326
44.947373,-0.258063,-0.762814,9.954300,-0.094440,-0.009408,-0.085381,2.105713,0.518799,-0.732422
44.957439,-0.191602,-0.238903,9.950707,-0.027978,0.514503,-0.088973,0.579834,0.091553,-0.793457
44.967505,0.346080,-0.248483,9.796827,0.509704,0.504923,-0.242853,0.000000,0.335693,-1.739502
44.977570,0.019160,-0.287402,10.073452,0.182783,0.466003,0.033771,-1.342773,0.366211,-1.983643
44.987636,-0.153880,-0.361648,9.932146,0.009743,0.391758,-0.107535,-1.068115,-1.129150,-4.699707
44.997703,-0.092807,-0.252675,10.183623,0.070816,0.500731,0.143942,-1.251221,-1.037598,-3.570557
45.007769,-0.053888,-0.519719,10.189611,0.109735,0.233687,0.149930,-2.410889,0.213623,-6.011963
45.017840,-0.152084,-0.327519,10.077045,0.011540,0.425887,0.037364,-2.136230,-0.183105,-7.110596
45.027906,-0.090412,-0.275427,9.955497,0.073211,0.477979,-0.084183,-1.373291,-0.274658,-3.662109
45.037972,-0.426912,-0.123942,10.171648,-0.263289,0.629464,0.131967,-1.739502,-0.396729,0.549316
45.048038,-0.376018,-0.224533,10.097402,-0.212395,0.528873,0.057721,-0.549316,-0.915527,-0.579834
45.058104,-0.090412,-0.050295,10.234517,0.073211,0.703110,0.194836,-1.373291,-0.335693,-9.216309
45.068170,-0.328716,0.000599,10.135124,-0.165093,0.754005,0.095443,-1.312256,0.183105,-7.781982
45.078236,-0.083227,-0.458047,10.135124,0.080396,0.295358,0.095443,2.532959,-0.030518,-6.896973
45.088301,-0.367635,0.200583,10.054891,-0.204012,0.953989,0.015210,2.624512,0.427246,-7.324219
45.098366,-0.453856,0.008981,10.117760,-0.290233,0.762387,0.078079,1.037598,0.793457,-9.033203
45.108433,-0.830473,-0.352068,10.015373,-0.666850,0.401338,-0.024308,1.922607,0.335693,-16.296387
45.118498,-0.656235,-0.339494,10.032737,-0.492612,0.413912,-0.006944,3.417969,0.305176,-13.977051
45.128565,-0.407752,-0.196392,10.046508,-0.244129,0.557014,0.006827,5.340576,0.427246,-11.077881
45.138631,-0.576601,0.522713,10.050699,-0.412978,1.276119,0.011019,5.065918,0.457764,-10.223389
45.148696,-0.402363,0.444276,10.063273,-0.238740,1.197682,0.023592,2.288818,0.122070,-4.364014
45.158763,-0.083826,-0.594564,10.095007,0.079798,0.158842,0.055326,1.464844,0.427246,-7.720947
45.168828,-0.101190,-0.455652,10.017768,0.062434,0.297753,-0.021913,1.251221,0.762939,-9.796143
45.178895,-0.191003,-0.832868,10.180031,-0.027380,-0.079462,0.140350,0.366211,-0.762939,-2.197266
45.188960,-0.340093,-0.787961,10.100396,-0.176470,-0.034556,0.060715,0.946045,-0.762939,1.281738
45.199026,-0.155676,-0.701142,10.145303,0.007947,0.052264,0.105622,-0.518799,-0.793457,2.685547
45.209093,-0.159269,-0.817899,9.915381,0.004354,-0.064493,-0.124300,-0.854492,-0.457764,4.913330
45.219158,-0.049697,-0.861608,9.946516,0.113927,-0.108202,-0.093165,-2.349854,-0.488281,3.753662
45.229224,-0.396974,-1.044229,10.068662,-0.233351,-0.290823,0.028981,-2.380371,-1.037598,4.302979
45.239290,-0.397573,-1.247206,10.109976,-0.233950,-0.493801,0.070295,-1.586914,-0.701904,5.187988
45.249356,-0.554447,-1.150807,10.044113,-0.390824,-0.397401,0.004432,-1.708984,0.091553,8.453369
45.259423,-0.525707,-1.116678,9.858499,-0.362084,-0.363272,-0.181182,-2.807617,0.213623,8.056641
45.269490,-0.863405,-0.844244,10.154284,-0.699781,-0.090839,0.114603,-2.807617,0.854492,7.904053
45.279556,-0.641865,-0.738265,9.955497,-0.478242,0.015141,-0.084183,-2.685547,0.549316,9.979248
45.289623,-0.690364,-0.426313,10.266251,-0.526741,0.327092,0.226570,-1.281738,-0.854492,10.345459
45.299688,-0.749042,-0.436492,10.096205,-0.585419,0.316913,0.056524,-1.159668,-0.610352,12.268066
45.309754,-0.264650,-0.312550,9.959689,-0.101026,0.440856,-0.079992,-0.549316,-0.915527,12.481689
45.319818,-0.234113,-0.028141,9.998608,-0.070490,0.725264,-0.041073,-0.427246,-0.610352,10.253906
45.329885,-0.282612,-0.322729,9.970466,-0.118989,0.430677,-0.069215,0.091553,-0.061035,8.850098
45.339951,-0.433499,0.217947,10.192604,-0.269875,0.971353,0.152923,0.122070,-0.610352,13.580322
45.350017,0.389789,-0.514330,10.150093,0.553413,0.239075,0.110412,0.183105,-0.152588,12.420654
45.360082,0.757425,-1.153202,10.113569,0.921048,-0.399796,0.073888,1.586914,0.793457,3.570557
45.370148,-0.093406,-0.871188,10.185419,0.070217,-0.117783,0.145738,1.373291,0.274658,5.157471
45.380214,0.123344,-1.052611,10.038126,0.286967,-0.299205,-0.001555,1.464844,-0.122070,9.796143
45.390280,0.133522,-1.513652,9.826765,0.297146,-0.760247,-0.212916,1.373291,-1.220703,12.817383
45.400346,-0.081431,-1.394500,10.151889,0.082193,-0.641094,0.112208,0.000000,-1.495361,12.145996
45.410414,-0.373623,-1.290317,9.851314,-0.210000,-0.536911,-0.188367,-1.464844,-1.586914,14.373779
45.420480,-0.280217,-1.296903,9.908795,-0.116594,-0.543497,-0.130886,-1.159668,-1.312256,12.878418
45.430547,-0.538281,-1.389710,10.012978,-0.374657,-0.636304,-0.026703,-1.342773,-0.701904,9.368896
45.440612,-0.787961,-1.377735,10.117161,-0.624338,-0.624329,0.077480,-0.671387,-0.366211,7.720947
45.450680,-0.831671,-0.683778,10.062675,-0.668047,0.069628,0.022994,-1.770020,-1.007080,7.934570
45.460746,-0.539478,-0.620909,10.108180,-0.375855,0.132497,0.068499,-1.861572,-1.098633,10.101318
45.470811,-0.491578,-0.865800,9.866283,-0.327955,-0.112394,-0.173398,-1.159668,-0.793457,7.171631
45.480876,-0.655637,-0.750240,10.137519,-0.492013,0.003166,0.097838,-2.532959,-1.007080,6.988525
45.490942,-0.248483,-0.528102,10.422526,-0.084860,0.225304,0.382845,-3.967285,-0.457764,8.117676
45.501008,-0.392783,-0.453257,10.429711,-0.229160,0.300148,0.390030,-2.471924,-0.122070,9.429932
45.511073,-0.108375,-0.708926,9.953102,0.055249,0.044480,-0.086578,-0.610352,-0.213623,11.199951
45.521139,-0.235311,-0.626298,10.032737,-0.071687,0.127108,-0.006944,5.310059,-0.488281,16.784668
45.531205,0.120350,-0.825084,10.323133,0.283973,-0.071678,0.283452,5.676270,-1.129150,16.601562
45.541271,-0.013771,-0.150287,10.260264,0.149852,0.603118,0.220583,3.936768,-1.556396,17.608643
45.551337,-0.275427,0.154479,10.249486,-0.111804,0.907885,0.209805,1.495361,-1.800537,17.822266
45.561403,0.268841,-0.510139,10.090816,0.432464,0.243267,0.051135,0.427246,-1.434326,14.587402
45.571468,0.326321,-0.719105,10.329719,0.489945,0.034301,0.290038,0.610352,-0.976562,13.153076
45.581534,-0.179028,-0.407752,10.021360,-0.015404,0.345654,-0.018320,0.579834,-0.823975,12.573242
45.591600,0.030536,-0.756227,10.189012,0.194160,-0.002822,0.149331,3.570557,-0.671387,17.272949
45.601666,0.060474,0.869392,10.122550,0.224097,1.622798,0.082869,0.091553,-0.915527,22.369385
45.611731,0.066462,0.237706,10.190808,0.230085,0.991111,0.151127,-1.770020,-0.549316,17.761230
45.621797,-0.081431,-0.362845,10.078242,0.082193,0.390560,0.038561,-2.380371,-0.030518,-0.396729
45.631862,-0.343087,-0.588576,10.041119,-0.179463,0.164830,0.001439,-0.915527,0.701904,1.190186
45.641928,-0.234113,-0.651445,10.042916,-0.070490,0.101960,0.003235,1.342773,0.152588,10.864258
45.651993,-0.479004,0.493973,10.236313,-0.315381,1.247379,0.196633,0.549316,-0.091553,11.383057
45.662059,-0.304167,-0.029938,9.965078,-0.140544,0.723468,-0.074603,-0.732422,0.488281,-2.380371
45.672124,-0.532892,-0.352068,10.178833,-0.369269,0.401338,0.139152,-1.770020,0.549316,-4.699707
45.682188,-0.389789,-0.452060,9.882449,-0.226166,0.301346,-0.157232,-1.342773,0.396729,-3.814697
45.692253,-0.504750,-0.486189,9.884844,-0.341127,0.267217,-0.154837,2.136230,-0.152588,-1.464844
45.702322,-0.615520,-0.370629,9.924961,-0.451897,0.382777,-0.114720,1.617432,-0.030518,0.427246
45.712387,-0.500559,-0.041913,10.041119,-0.336936,0.711493,0.001439,1.220703,-0.030518,1.678467
45.722451,-0.150287,-0.035925,10.047107,0.013336,0.717480,0.007426,0.457764,0.274658,0.061035
45.732516,-0.298180,0.069456,10.189611,-0.134557,0.822861,0.149930,1.281738,1.373291,-5.828857
45.742581,-0.538879,0.119751,10.048903,-0.375256,0.873157,0.009222,0.610352,1.312256,-6.866455
45.752645,-0.435894,-0.220342,10.041119,-0.272270,0.533064,0.001439,0.335693,1.129150,-6.683350
45.762709,-0.212558,-0.217947,10.040521,-0.048935,0.535459,0.000840,0.091553,1.068115,-11.383057
45.772774,-0.316741,-0.050295,10.003398,-0.153118,0.703110,-0.036283,-0.274658,1.342773,-12.725830
45.782839,-0.246687,-0.274230,10.036329,-0.083064,0.479176,-0.003352,-0.152588,1.281738,-11.260986
45.792904,-0.223934,-0.432301,10.022558,-0.060311,0.321105,-0.017123,-0.579834,1.007080,-11.993408
45.802969,-0.428708,-0.496368,9.890832,-0.265085,0.257038,-0.148849,-0.915527,0.152588,-11.444092
45.813034,-0.427511,-0.461640,10.035132,-0.263888,0.291766,-0.004549,-1.220703,-0.061035,-9.643555
45.823101,-0.432900,-0.519719,10.023755,-0.269277,0.233687,-0.015925,-1.037598,-0.640869,-8.148193
45.833166,-0.191003,-0.661624,10.078242,-0.027380,0.091782,0.038561,0.335693,0.091553,-4.699707
45.843231,-0.041913,0.140707,10.054292,0.121710,0.894113,0.014611,0.671387,-0.030518,-3.234863
45.853295,-0.135917,-0.360450,10.065070,0.027706,0.392955,0.025389,-0.640869,0.061035,-3.417969
45.863361,-0.167651,-0.485590,10.015373,-0.004028,0.267816,-0.024308,0.518799,0.640869,-7.293701
45.873427,-0.351469,-0.622705,10.100995,-0.187846,0.130701,0.061314,1.403809,1.403809,-10.559082
45.883522,-0.298779,-0.039518,10.021360,-0.135155,0.713888,-0.018320,1.708984,0.885010,-7.995605
45.893616,-0.224533,-0.215552,9.973460,-0.060910,0.537854,-0.066221,1.403809,0.885010,-5.554199
45.903714,-0.249681,-0.309556,10.026749,-0.086058,0.443850,-0.012932,0.457764,0.427246,-7.141113
45.913808,-0.158071,-0.692759,10.120155,0.005552,0.060646,0.080474,-0.030518,0.457764,-8.117676
45.923906,-0.478405,-0.210163,9.975256,-0.314782,0.543243,-0.064425,-0.579834,0.915527,-7.080078
45.934000,-0.202379,-0.796344,9.938732,-0.038756,-0.042938,-0.100949,-1.647949,0.518799,-3.662109
45.944097,-0.188608,-0.902922,9.964479,-0.024985,-0.149517,-0.075202,-1.129150,-0.732422,-3.601074
45.954192,-0.707130,-0.959205,10.084230,-0.543506,-0.205800,0.044549,2.105713,-0.549316,-3.112793
45.964285,-0.340692,-0.756826,10.127939,-0.177068,-0.003420,0.088258,1.312256,-0.793457,2.288818
45.974379,0.040715,-0.165855,10.098600,0.204339,0.587551,0.058919,-0.305176,-0.976562,5.828857
45.984477,-0.017963,0.004191,10.001003,0.145661,0.757597,-0.038678,-1.495361,-1.464844,8.239746
45.994570,-0.001796,-0.984952,10.111174,0.161827,-0.231546,0.071493,-3.387451,-0.762939,-7.232666
46.004666,-0.370629,-0.923879,10.121353,-0.207006,-0.170473,0.081672,-3.204346,-0.213623,-9.246826
46.014760,-0.538281,-0.745450,10.057286,-0.374657,0.007956,0.017605,-2.655029,0.274658,-4.119873
46.024857,-0.398771,-0.592169,10.034533,-0.235148,0.161237,-0.005148,-1.678467,0.366211,-0.366211
46.034951,-0.153880,-0.251477,9.999207,0.009743,0.501929,-0.040474,-0.915527,0.000000,2.258301
46.045048,-0.134121,-0.537682,9.975256,0.029502,0.215724,-0.064425,-1.068115,0.579834,-2.593994
46.055145,-0.375419,-0.440684,10.033336,-0.211796,0.312722,-0.006345,-1.312256,1.068115,-5.554199
46.065238,-0.386197,-0.613724,10.108779,-0.222574,0.139682,0.069098,-0.732422,1.007080,-5.767822
46.075335,-0.362247,-0.590372,10.037527,-0.198623,0.163033,-0.002154,-0.732422,0.610352,-4.058838
46.085428,-0.195793,-0.504152,10.037527,-0.032170,0.249254,-0.002154,-0.335693,0.488281,-1.678467
46.095526,-0.159868,-0.573008,10.072255,0.003756,0.180397,0.032574,0.122070,0.366211,-2.227783
46.105627,-0.395777,-0.526306,10.003997,-0.232154,0.227100,-0.035684,-0.152588,0.427246,-4.272461
46.115724,-0.224533,-0.316143,10.076446,-0.060910,0.437263,0.036765,-0.885010,0.091553,-4.333496
46.125820,-0.148491,-0.383802,10.096804,0.015132,0.369604,0.057123,-1.464844,-0.244141,-4.852295
46.135916,-0.382604,-0.326920,10.138716,-0.218981,0.426486,0.099036,-0.732422,-0.885010,-4.180908
46.146013,-0.281415,-0.513133,10.063273,-0.117792,0.240273,0.023592,-0.701904,-0.915527,-3.753662
46.156109,-0.359253,-0.593965,10.038126,-0.195630,0.159441,-0.001555,-1.251221,-0.061035,-7.476807
46.166204,-0.270637,-0.386197,10.083032,-0.107014,0.367209,0.043351,-1.800537,0.000000,-9.521484
46.176331,-0.482596,-0.327519,10.016570,-0.318973,0.425887,-0.023110,-1.861572,0.976562,-10.253906
46.186428,-0.481399,-0.244292,10.169852,-0.317776,0.509114,0.130171,-1.129150,0.915527,-7.995605
46.196525,-0.319136,-0.285007,10.078841,-0.155513,0.468398,0.039160,0.000000,0.671387,-6.622314
46.206621,-0.333506,-0.099393,10.129735,-0.169883,0.654012,0.090054,0.610352,0.610352,-8.087158
46.216717,-0.180824,-0.058079,10.066866,-0.017201,0.695327,0.027185,1.098633,0.701904,-5.859375
46.226813,-0.287402,-0.373024,9.991423,-0.123779,0.380381,-0.048258,-0.061035,0.885010,-10.131836
46.236909,-0.314945,-0.073647,9.840536,-0.151322,0.679759,-0.199144,-1.525879,1.068115,-9.460449
46.247043,0.280217,-0.150287,10.045909,0.443841,0.603118,0.006229,-3.082275,1.556396,-10.101318
46.257139,0.096400,-0.155078,10.132130,0.260023,0.598328,0.092449,-1.953125,0.701904,-5.859375
46.267236,0.019759,-0.710123,9.930948,0.183382,0.043282,-0.108732,-2.014160,1.220703,-12.115479
46.277358,-0.344883,-0.861608,10.135723,-0.181260,-0.108202,0.096042,-0.854492,1.190186,-9.674072
46.287453,-0.343685,-1.038241,10.017169,-0.180062,-0.284835,-0.022512,0.671387,0.885010,-5.493164
46.297550,-0.479004,-1.289119,10.195598,-0.315381,-0.535713,0.155917,0.518799,0.518799,-7.141113
46.307647,-0.553848,-1.209485,9.991423,-0.390225,-0.456079,-0.048258,3.601074,0.732422,-10.864258
46.317744,-0.591570,-0.714913,10.113569,-0.427947,0.038492,0.073888,2.807617,0.427246,-4.211426
46.327840,-0.423320,-0.249681,10.026151,-0.259696,0.503725,-0.013530,3.234863,0.396729,-2.258301
46.337936,-0.283211,-0.490979,9.988429,-0.119588,0.262427,-0.051252,2.471924,0.183105,-3.326416
46.348032,-0.270637,-0.508942,9.963880,-0.107014,0.244464,-0.075801,2.960205,0.091553,-3.814697
46.358129,-0.362845,-0.511337,10.045909,-0.199222,0.242069,0.006229,3.540039,-0.152588,-3.021240
46.368226,-0.062869,-0.445474,10.153087,0.100754,0.307932,0.113406,2.227783,-1.129150,1.983643
46.378348,0.156874,-0.682581,10.103390,0.320497,0.070825,0.063709,2.349854,-1.129150,3.417969
46.388449,-0.091609,-0.652044,9.935739,0.072014,0.101362,-0.103942,2.441406,-0.823975,-0.274658
46.398546,-0.019759,-0.493374,10.005793,0.143864,0.260032,-0.033888,0.915527,-1.129150,1.708984
46.408643,0.094005,-0.446671,10.015972,0.257628,0.306735,-0.023709,0.915527,-1.861572,7.202148
46.418740,-0.000599,-1.240620,9.971065,0.163024,-0.487214,-0.068616,0.366211,-1.708984,4.821777
46.428837,-0.162263,-1.127455,9.992620,0.001361,-0.374050,-0.047061,0.366211,-1.739502,1.739502
46.438933,-0.184417,-0.974773,10.100396,-0.020793,-0.221367,0.060715,1.037598,-0.701904,6.652832
46.449030,-0.194595,-0.843047,10.020163,-0.030972,-0.089641,-0.019518,0.732422,-0.457764,6.958008
46.459127,-0.043110,-0.574206,10.070458,0.120513,0.179200,0.030777,0.579834,0.305176,1.922607
46.469224,-0.025148,-0.243094,10.089619,0.138476,0.510311,0.049938,0.427246,0.457764,1.525879
46.479348,0.059875,-0.417332,10.106384,0.223499,0.336074,0.066703,-0.274658,0.823975,-1.800537
46.489445,-0.061073,-0.496967,10.080637,0.102550,0.256439,0.040956,-0.518799,1.098633,-3.723145
46.499543,-0.137115,-0.759820,9.984238,0.026508,-0.006414,-0.055443,-0.061035,0.946045,-2.929688
46.509640,-0.259860,-0.481998,9.999207,-0.096236,0.271408,-0.040474,-0.122070,0.579834,-1.831055
46.519737,-0.059277,-0.968785,9.982441,0.104347,-0.215380,-0.057239,-0.610352,0.366211,-3.540039
46.529834,-0.384999,-0.877176,10.016570,-0.221376,-0.123770,-0.023110,-0.427246,0.610352,-4.119873
46.539930,-0.159269,-0.585582,10.159074,0.004354,0.167824,0.119393,-0.701904,0.427246,-2.044678
46.550027,-0.049697,-0.637674,9.956695,0.113927,0.115732,-0.082986,-0.823975,0.183105,2.441406
46.560125,-0.090412,-0.576002,10.164463,0.073211,0.177404,0.124782,-0.885010,-0.122070,0.701904
46.570222,-0.147892,-0.459245,10.117760,0.015731,0.294161,0.078079,-0.091553,-0.274658,0.030518
46.580343,-0.065863,-0.458047,10.038126,0.097760,0.295358,-0.001555,-0.122070,-0.366211,0.000000
46.590440,-0.092208,-0.384401,10.055490,0.071415,0.369005,0.015809,-0.061035,-0.366211,-1.373291
46.600538,-0.145497,-0.061073,9.999805,0.018126,0.692333,-0.039876,0.061035,-0.122070,-2.044678
46.610635,0.017963,0.047302,10.042317,0.181586,0.800707,0.002636,0.061035,0.000000,-1.403809
46.620732,0.006586,-0.249681,10.077045,0.170210,0.503725,0.037364,-0.305176,0.732422,-4.638672
46.630828,-0.129331,-0.154479,10.033336,0.034292,0.598927,-0.006345,-0.305176,0.854492,-7.476807
46.640924,-0.240101,0.106578,10.121353,-0.076477,0.859984,0.081672,-0.091553,0.549316,-6.225586
46.651022,-0.104183,-0.169448,10.063872,0.059440,0.583958,0.024191,-0.152588,0.427246,-6.561279
46.661119,-0.079036,-0.381407,10.100396,0.084588,0.371999,0.060715,-0.274658,0.579834,-9.429932
46.671214,-0.378413,-0.528701,10.024953,-0.214790,0.224705,-0.014728,-0.213623,0.640869,-12.268066
46.681335,-0.423918,-0.632285,10.042916,-0.260295,0.121121,0.003235,-0.427246,0.457764,-11.596680
46.691430,-0.511935,-0.534688,10.090217,-0.348312,0.218718,0.050536,-0.579834,0.640869,-9.490967
46.701526,-0.473615,-0.579595,10.036928,-0.309992,0.173811,-0.002753,-0.762939,0.732422,-8.575439
46.711622,-0.464035,-0.199984,10.106982,-0.300412,0.553422,0.067302,-1.068115,0.762939,-7.293701
46.721719,-0.345482,-0.301174,10.105186,-0.181858,0.452232,0.065505,-0.854492,0.671387,-5.645752
46.731814,-0.245490,-0.424517,10.025552,-0.081866,0.328889,-0.014129,-0.518799,0.823975,-6.805420
46.741908,-0.277224,-0.374821,10.018965,-0.113600,0.378585,-0.020715,-0.366211,0.946045,-7.598877
46.752005,-0.249681,-0.299377,10.103390,-0.086058,0.454028,0.063709,-0.305176,1.007080,-6.896973
46.762103,-0.223934,-0.333506,10.180031,-0.060311,0.419899,0.140350,0.213623,4.272461,-6.042480
46.772199,-0.326321,-0.357457,10.111772,-0.162698,0.395949,0.072092,0.000000,5.798340,-7.019043
46.782322,-0.293390,-0.297581,10.147698,-0.129767,0.455825,0.108017,0.000000,7.171631,-6.713867
46.792419,-0.246088,-0.412542,10.128538,-0.082465,0.340864,0.088857,0.152588,8.575439,-6.469727
46.802512,-0.433499,-0.364043,10.080038,-0.269875,0.389363,0.040358,0.122070,9.216309,-5.828857
46.812604,-0.392184,-0.266446,10.046508,-0.228561,0.486960,0.006827,0.061035,9.521484,-4.821777
46.823110,-0.360450,-0.382006,9.970466,-0.196827,0.371400,-0.069215,-0.030518,7.843018,-3.204346
46.833208,-0.338297,-0.364642,10.093810,-0.174673,0.388764,0.054129,-0.030518,8.850098,-2.716064
46.843302,-0.359253,-0.498164,10.006990,-0.195630,0.255242,-0.032691,-0.030518,8.880615,-3.295898
46.853397,-0.340093,-0.477806,10.047107,-0.176470,0.275599,0.007426,-0.488281,7.568359,-2.410889
46.863495,-0.345482,-0.462239,10.121951,-0.181858,0.291167,0.082270,0.030518,8.117676,-3.204346
46.873589,-0.428110,-0.490380,10.008188,-0.264486,0.263026,-0.031493,-0.305176,7.568359,-4.058838
46.883723,-0.438289,-0.534688,10.054891,-0.274665,0.218718,0.015210,-0.183105,6.958008,-4.577637
46.893817,-0.467628,-0.446671,10.075248,-0.304004,0.306735,0.035568,0.244141,7.293701,-4.913330
46.903915,-0.538879,-0.503553,10.030941,-0.375256,0.249853,-0.008740,0.274658,7.141113,-4.791260
46.914009,-0.565225,-0.588576,10.069261,-0.401601,0.164830,0.029580,0.518799,6.805420,-5.676270
46.924106,-0.683179,-0.499960,10.023157,-0.519556,0.253445,-0.016524,0.610352,6.774902,-4.547119
46.934200,-0.585582,-0.390388,10.039922,-0.421959,0.363018,0.000241,0.396729,6.195068,-2.899170
46.944297,-0.476010,-0.496967,10.032737,-0.312387,0.256439,-0.006944,0.122070,5.950928,-1.800537
46.954394,-0.517324,-0.469424,10.038126,-0.353701,0.283982,-0.001555,0.183105,5.767822,-1.708984
46.964489,-0.499960,-0.486189,10.011182,-0.336337,0.267217,-0.028499,-0.335693,4.669189,-1.953125
46.974583,-0.513133,-0.440085,10.018965,-0.349510,0.313321,-0.020715,-0.610352,4.180908,-1.922607
46.984779,-0.467029,-0.350870,10.064471,-0.303406,0.402535,0.024790,-0.579834,3.814697,-0.640869
46.994868,-0.476609,-0.499362,10.030941,-0.312986,0.254044,-0.008740,-0.213623,4.119873,-0.946045
47.004959,-0.507744,-0.480201,10.008787,-0.344121,0.273204,-0.030894,-0.274658,3.906250,-1.037598
47.015050,-0.528701,-0.245490,10.062076,-0.365077,0.507916,0.022395,-1.495361,2.929688,-2.319336
47.025141,-0.443677,-0.279619,10.120155,-0.280054,0.473787,0.080474,-1.983643,3.417969,-3.204346
47.035232,-0.444875,-0.376617,10.104587,-0.281252,0.376789,0.064907,-1.892090,5.096436,-5.981445
47.045322,-0.592169,-0.534688,9.995015,-0.428545,0.218718,-0.044666,-2.471924,4.699707,-6.805420
47.055413,-0.576002,-0.710722,9.995015,-0.412379,0.042684,-0.044666,-3.540039,3.814697,-7.232666
47.065502,-0.501757,-1.068179,10.124945,-0.338133,-0.314773,0.085264,-4.028320,4.516602,-4.364014
47.075593,-0.522713,-1.058599,10.178234,-0.359090,-0.305193,0.138553,-3.112793,6.408691,0.122070
47.085753,-0.550854,-0.998723,10.112371,-0.387231,-0.245317,0.072690,-0.854492,10.498047,11.627197
47.095851,-0.598156,-0.894540,10.051897,-0.434533,-0.141134,0.012216,0.061035,11.718750,15.472412
47.105948,-0.595162,-0.573607,9.966874,-0.431539,0.179799,-0.072807,0.183105,11.413574,18.280029
47.116045,-0.577798,-0.519719,9.932745,-0.414175,0.233687,-0.106936,-0.427246,10.070801,18.829346
47.126143,-0.556243,-0.555046,9.918973,-0.392620,0.198360,-0.120707,-1.647949,6.561279,20.935059
47.136239,-0.451461,-0.405956,9.968071,-0.287838,0.347450,-0.071610,-2.716064,5.218506,21.728516
47.146334,-0.581990,-0.384999,10.105785,-0.418367,0.368406,0.066104,-3.570557,5.432129,20.507812
47.156431,-0.655637,-0.720302,9.886641,-0.492013,0.033104,-0.153040,-3.784180,4.058838,20.751953
47.166528,-0.654439,-0.729283,9.947115,-0.490816,0.024122,-0.092566,-3.387451,2.136230,21.179199
47.176626,-0.561632,-0.753832,10.027348,-0.398009,-0.000427,-0.012333,-2.227783,1.708984,23.620605
47.186748,-0.552651,-0.811313,9.993219,-0.389028,-0.057907,-0.046462,-1.190186,2.014160,24.383545
47.196845,-0.617316,-0.790955,10.005793,-0.453693,-0.037549,-0.033888,-0.061035,2.014160,24.658203
47.206939,-0.353864,-0.912502,9.974059,-0.190241,-0.159097,-0.065622,-0.030518,1.953125,23.742676
47.217035,-0.207169,-0.889151,9.923763,-0.043546,-0.135745,-0.115917,-0.610352,1.068115,20.751953
47.227132,-0.463436,-0.653840,9.896221,-0.299813,0.099565,-0.143460,-3.356934,-2.502441,12.939453
47.237229,-0.725092,-0.481998,10.002799,-0.561469,0.271408,-0.036882,-4.913330,-4.364014,9.674072
47.247326,-0.966989,-0.344284,9.941726,-0.803366,0.409122,-0.097955,-7.690430,-7.781982,5.371094
47.257424,-0.917292,-0.417931,9.901011,-0.753669,0.335475,-0.138670,-9.918213,-9.826660,2.044678
47.267520,-1.042432,-0.464634,9.949510,-0.878809,0.288772,-0.090171,-14.892578,-15.686035,-6.164551
47.277617,-1.223855,-0.046104,9.960287,-1.060232,0.707302,-0.079393,-17.974854,-18.524170,-8.941650
47.287741,-1.563349,0.386796,9.998009,-1.399726,1.140201,-0.041672,-21.423340,-21.728516,-7.202148
47.297837,-1.511257,0.222737,9.791439,-1.347634,0.976143,-0.248242,-32.104492,-32.958984,-3.540039
47.307935,-1.410068,0.118553,9.763297,-1.246445,0.871959,-0.276384,-39.642334,-41.320801,-3.021240
47.318032,-0.272433,-1.311872,10.278226,-0.108810,-0.558466,0.238545,-37.231445,-35.095215,-2.105713
47.328128,-0.168250,-1.359772,10.047706,-0.004627,-0.606367,0.008025,-26.123047,-27.038574,-2.777100
47.338225,-0.133522,-1.195115,10.088421,0.030101,-0.441709,0.048740,-16.571045,-16.174316,-1.556396
47.348322,-0.179626,-1.251398,10.032737,-0.016003,-0.497992,-0.006944,-12.237549,-12.542725,-1.281738
47.358419,-0.210762,-1.141826,10.110575,-0.047138,-0.388420,0.070894,-7.629395,-7.476807,-0.793457
47.368514,-0.241298,-1.195714,10.041718,-0.077675,-0.442308,0.002037,-5.889893,-5.798340,-0.640869
47.378612,-0.246687,-1.162183,10.057286,-0.083064,-0.408777,0.017605,-4.486084,-4.455566,-0.518799
47.388733,-0.254471,-1.178350,10.023157,-0.090848,-0.424944,-0.016524,-2.685547,-2.685547,-0.366211
47.398831,-0.253872,-1.157992,10.029743,-0.090249,-0.404586,-0.009938,-2.044678,-2.044678,-0.305176
47.408927,-0.258063,-1.161584,10.010583,-0.094440,-0.408179,-0.029098,-1.312256,-1.220703,-0.213623
47.419024,-0.258662,-1.154998,10.018367,-0.095039,-0.401592,-0.021314,-1.037598,-0.946045,-0.183105
47.429121,-0.256267,-1.155597,10.019564,-0.092644,-0.402191,-0.020117,-0.610352,-0.549316,-0.122070
47.439219,-0.261656,-1.149011,10.026151,-0.098033,-0.395605,-0.013530,-0.488281,-0.427246,-0.091553
47.449312,-0.257465,-1.146017,10.015373,-0.093841,-0.392611,-0.024308,-0.457764,-0.305176,-0.091553
47.459410,-0.258063,-1.149011,10.004595,-0.094440,-0.395605,-0.035086,-0.274658,-0.213623,-0.061035
47.469505,-0.254471,-1.159189,10.005194,-0.090848,-0.405784,-0.034487,-0.183105,-0.122070,-0.061035
47.479601,-0.255668,-1.153801,10.012379,-0.092045,-0.400395,-0.027302,-0.122070,-0.061035,-0.030518
47.489727,-0.258063,-1.150807,10.008787,-0.094440,-0.397401,-0.030894,-0.122070,-0.061035,-0.030518
47.499825,-0.258662,-1.154998,10.006990,-0.095039,-0.401592,-0.032691,-0.091553,-0.030518,-0.030518
47.509923,-0.254471,-1.154998,10.003997,-0.090848,-0.401592,-0.035684,-0.030518,0.000000,-0.030518
47.520021,-0.256866,-1.148412,9.998009,-0.093243,-0.395006,-0.041672,-0.030518,-0.030518,-0.030518
47.530118,-0.255070,-1.145418,10.001602,-0.091446,-0.392012,-0.038079,0.061035,0.000000,0.000000
47.540215,-0.253273,-1.145418,10.002200,-0.089650,-0.392012,-0.037481,0.122070,0.030518,-0.091553
47.550312,-0.253273,-1.150807,9.994417,-0.089650,-0.397401,-0.045264,0.152588,0.030518,-0.091553
47.560406,-0.258662,-1.152603,9.996812,-0.095039,-0.399197,-0.042869,0.122070,0.030518,-0.061035
47.570503,-0.256267,-1.162183,9.998009,-0.092644,-0.408777,-0.041672,0.091553,0.030518,-0.091553
47.580600,-0.253273,-1.157992,10.003997,-0.089650,-0.404586,-0.035684,0.091553,0.030518,-0.091553
47.590723,-0.259860,-1.160387,10.006392,-0.096236,-0.406981,-0.033289,0.061035,0.030518,-0.061035
47.600820,-0.259261,-1.158591,10.006990,-0.095638,-0.405185,-0.032691,0.030518,0.030518,-0.030518
47.610916,-0.257465,-1.162183,10.009385,-0.093841,-0.408777,-0.030296,0.030518,0.030518,-0.030518
47.621012,-0.257465,-1.164578,10.000404,-0.093841,-0.411172,-0.039277,-0.030518,0.030518,0.030518
47.631110,-0.261656,-1.158591,10.005194,-0.098033,-0.405185,-0.034487,-0.030518,0.030518,0.030518
47.641206,-0.258662,-1.157992,10.007589,-0.095039,-0.404586,-0.032092,0.000000,0.061035,0.000000
47.651302,-0.261656,-1.158591,10.004595,-0.098033,-0.405185,-0.035086,0.000000,0.091553,-0.030518
47.661398,-0.256866,-1.160387,9.997410,-0.093243,-0.406981,-0.042271,0.000000,0.030518,-0.030518
47.671497,-0.264650,-1.164578,9.997410,-0.101026,-0.411172,-0.042271,0.030518,0.030518,0.000000
47.681594,-0.265847,-1.165177,9.999207,-0.102224,-0.411771,-0.040474,0.000000,0.000000,0.000000
47.691716,-0.267045,-1.165177,9.991423,-0.103421,-0.411771,-0.048258,0.000000,0.030518,0.000000
47.701814,-0.265248,-1.164578,9.990225,-0.101625,-0.411172,-0.049456,-0.030518,0.030518,0.000000
47.711911,-0.257465,-1.161584,9.987231,-0.093841,-0.408179,-0.052449,-0.030518,0.030518,0.000000
47.722008,-0.258662,-1.163979,9.993818,-0.095039,-0.410574,-0.045863,0.000000,0.061035,0.000000
47.732102,-0.256267,-1.156794,9.995614,-0.092644,-0.403389,-0.044067,-0.030518,0.030518,0.000000
47.742196,-0.255668,-1.155597,9.989028,-0.092045,-0.402191,-0.050653,-0.030518,0.061035,0.000000
47.752290,-0.255668,-1.156196,9.984836,-0.092045,-0.402790,-0.054844,-0.030518,0.061035,-0.030518
47.762384,-0.259261,-1.156794,9.984238,-0.095638,-0.403389,-0.055443,0.030518,0.061035,0.000000
47.772478,-0.260458,-1.151406,9.987231,-0.096835,-0.398000,-0.052449,0.030518,0.061035,0.030518
47.782571,-0.270038,-1.158591,9.993219,-0.106415,-0.405185,-0.046462,0.091553,0.061035,0.030518
47.792666,-0.267045,-1.154399,9.999805,-0.103421,-0.400994,-0.039876,0.122070,0.061035,0.000000
47.802760,-0.259860,-1.160387,9.993219,-0.096236,-0.406981,-0.046462,0.122070,0.030518,-0.030518
47.812854,-0.259860,-1.162782,9.993219,-0.096236,-0.409376,-0.046462,0.152588,0.030518,-0.030518
47.822948,-0.261057,-1.180745,9.980645,-0.097434,-0.427339,-0.059036,0.244141,0.000000,-0.061035
47.833042,-0.253872,-1.162183,9.999207,-0.090249,-0.408777,-0.040474,0.274658,0.030518,-0.061035
47.843139,-0.250878,-1.151406,10.009385,-0.087255,-0.398000,-0.030296,0.244141,0.030518,-0.030518
47.853233,-0.257465,-1.153202,10.001602,-0.093841,-0.399796,-0.038079,0.183105,0.030518,0.000000
47.863329,-0.259261,-1.151406,10.002799,-0.095638,-0.398000,-0.036882,0.122070,0.061035,0.000000
47.873423,-0.256866,-1.145418,10.011780,-0.093243,-0.392012,-0.027900,0.030518,0.061035,0.000000
47.883520,-0.251477,-1.145418,10.006990,-0.087854,-0.392012,-0.032691,-0.030518,0.030518,0.000000
47.893614,-0.254471,-1.149609,9.998009,-0.090848,-0.396204,-0.041672,-0.061035,0.061035,0.000000
47.903708,-0.262853,-1.154399,9.999207,-0.099230,-0.400994,-0.040474,-0.091553,0.061035,0.000000
47.913801,-0.264051,-1.153202,9.998608,-0.100428,-0.399796,-0.041073,-0.061035,0.061035,-0.030518
47.923895,-0.273032,-1.148412,10.006392,-0.109409,-0.395006,-0.033289,-0.091553,0.030518,-0.091553
47.933990,-0.274230,-1.155597,10.010583,-0.110606,-0.402191,-0.029098,-0.122070,0.030518,-0.061035
47.944086,-0.276026,-1.159189,10.008188,-0.112403,-0.405784,-0.031493,-0.091553,0.030518,-0.061035
47.954180,-0.279020,-1.159788,10.010583,-0.115397,-0.406382,-0.029098,-0.122070,0.030518,-0.061035
47.964276,-0.271236,-1.162183,10.006990,-0.107613,-0.408777,-0.032691,-0.183105,0.000000,-0.091553
47.974370,-0.264051,-1.149609,10.007589,-0.100428,-0.396204,-0.032092,-0.213623,0.030518,-0.061035
47.984467,-0.263452,-1.157992,10.004595,-0.099829,-0.404586,-0.035086,-0.244141,0.030518,-0.061035
47.994587,-0.267045,-1.149609,10.001602,-0.103421,-0.396204,-0.038079,-0.183105,0.000000,-0.061035
48.004683,-0.269440,-1.152603,9.996213,-0.105816,-0.399197,-0.043468,-0.274658,0.000000,-0.091553
48.014777,-0.262255,-1.152004,10.006392,-0.098631,-0.398599,-0.033289,-0.305176,0.030518,-0.213623
48.024873,-0.267643,-1.149609,10.010583,-0.104020,-0.396204,-0.029098,-0.274658,0.030518,-0.305176
48.034967,-0.271236,-1.150807,10.007589,-0.107613,-0.397401,-0.032092,-0.152588,0.061035,-0.823975
48.045064,-0.268841,-1.154399,10.015972,-0.105218,-0.400994,-0.023709,-0.091553,0.091553,-1.007080
48.055162,-0.271835,-1.149609,10.015373,-0.108211,-0.396204,-0.024308,-0.152588,0.091553,-1.159668
48.065259,-0.264051,-1.152004,10.015972,-0.100428,-0.398599,-0.023709,-0.244141,0.122070,-1.373291
48.075356,-0.259860,-1.175955,10.013577,-0.096236,-0.422549,-0.026104,-0.213623,0.122070,-1.342773
48.085452,-0.253872,-1.171763,10.014774,-0.090249,-0.418358,-0.024907,-0.183105,0.091553,-0.915527
48.095576,-0.258662,-1.167572,10.009984,-0.095039,-0.414166,-0.029697,-0.213623,0.061035,-0.671387
48.105670,-0.261057,-1.153202,10.011182,-0.097434,-0.399796,-0.028499,-0.244141,0.030518,-0.396729
48.115767,-0.264650,-1.152004,10.011780,-0.101026,-0.398599,-0.027900,-0.244141,0.030518,-0.366211
48.125863,-0.270637,-1.124462,10.017768,-0.107014,-0.371056,-0.021913,-0.030518,0.122070,-1.190186
48.135958,-0.280816,-1.105302,10.021959,-0.117193,-0.351896,-0.017722,0.091553,0.213623,-1.953125
48.146052,-0.291594,-1.116079,10.020163,-0.127970,-0.362673,-0.019518,0.152588,0.305176,-2.655029
48.156149,-0.279619,-1.123863,10.017169,-0.115995,-0.370457,-0.022512,0.213623,0.457764,-3.875732
48.166243,-0.273032,-1.134042,10.015972,-0.109409,-0.380636,-0.023709,0.183105,0.549316,-4.394531
48.176341,-0.267643,-1.147214,10.015373,-0.104020,-0.393809,-0.024308,0.213623,0.610352,-5.096436
48.186438,-0.277822,-1.146616,10.020762,-0.114199,-0.393210,-0.018919,0.244141,0.640869,-5.340576
48.196561,-0.273032,-1.158591,10.018965,-0.109409,-0.405185,-0.020715,0.183105,0.640869,-5.371094
48.206657,-0.249082,-1.187331,10.010583,-0.085459,-0.433925,-0.029098,0.152588,0.610352,-5.035400
48.216754,-0.244292,-1.205294,10.007589,-0.080669,-0.451888,-0.032092,0.061035,0.549316,-4.455566
48.226851,-0.239502,-1.208287,10.008188,-0.075879,-0.454882,-0.031493,-0.030518,0.396729,-3.021240
48.236948,-0.241298,-1.198109,10.009385,-0.077675,-0.444703,-0.030296,-0.061035,0.305176,-2.319336
48.247044,-0.244891,-1.175356,10.006392,-0.081268,-0.421950,-0.033289,0.000000,0.183105,-1.403809
48.257140,-0.249681,-1.166973,10.006392,-0.086058,-0.413567,-0.033289,-0.061035,0.152588,-1.098633
48.267237,-0.252675,-1.164578,10.009984,-0.089051,-0.411172,-0.029697,-0.091553,0.122070,-0.701904
48.277333,-0.258063,-1.166375,10.022558,-0.094440,-0.412969,-0.017123,-0.061035,0.091553,-0.579834
48.287429,-0.263452,-1.165177,10.021360,-0.099829,-0.411771,-0.018320,-0.091553,0.091553,-0.488281
48.297551,-0.262853,-1.166375,10.017169,-0.099230,-0.412969,-0.022512,-0.061035,0.061035,-0.396729
48.307649,-0.270637,-1.154998,10.017768,-0.107014,-0.401592,-0.021913,0.000000,0.091553,-0.427246
48.317746,-0.273032,-1.143622,10.025552,-0.109409,-0.390216,-0.014129,0.213623,0.152588,-0.885010
48.327842,-0.274828,-1.144819,10.026151,-0.111205,-0.391414,-0.013530,0.152588,0.183105,-1.159668
48.337939,-0.267045,-1.148412,10.021959,-0.103421,-0.395006,-0.017722,0.274658,0.213623,-1.647949
48.348035,-0.261057,-1.157992,10.018367,-0.097434,-0.404586,-0.021314,0.274658,0.244141,-1.770020
48.358131,-0.257465,-1.178350,10.012978,-0.093841,-0.424944,-0.026703,0.305176,0.183105,-1.617432
48.368228,-0.250878,-1.168171,10.017169,-0.087255,-0.414765,-0.022512,0.244141,0.183105,-1.525879
48.378325,-0.253273,-1.163979,10.014774,-0.089650,-0.410574,-0.024907,0.183105,0.152588,-1.342773
48.388423,-0.259261,-1.149011,10.020762,-0.095638,-0.395605,-0.018919,0.152588,0.122070,-1.190186
48.398550,-0.259860,-1.150208,10.020163,-0.096236,-0.396802,-0.019518,0.152588,0.152588,-1.098633
48.408647,-0.268841,-1.163381,10.015972,-0.105218,-0.409975,-0.023709,0.183105,0.122070,-0.885010
48.418745,-0.270038,-1.160387,10.014175,-0.106415,-0.406981,-0.025505,0.152588,0.122070,-0.701904
48.428842,-0.268841,-1.166973,10.018367,-0.105218,-0.413567,-0.021314,0.122070,0.091553,-0.427246
48.438938,-0.270637,-1.166375,10.004595,-0.107014,-0.412969,-0.035086,0.122070,0.091553,-0.335693
48.449034,-0.268841,-1.166973,10.003398,-0.105218,-0.413567,-0.036283,0.152588,0.091553,-0.274658
48.459131,-0.265847,-1.162183,9.999805,-0.102224,-0.408777,-0.039876,0.183105,0.030518,-0.183105
48.469229,-0.265847,-1.162782,10.001003,-0.102224,-0.409376,-0.038678,0.183105,0.030518,-0.152588
48.479325,-0.264051,-1.152004,10.009385,-0.100428,-0.398599,-0.030296,0.152588,0.030518,-0.091553
48.489421,-0.259261,-1.151406,10.013577,-0.095638,-0.398000,-0.026104,0.122070,0.030518,-0.091553
48.499544,-0.259261,-1.150208,10.015972,-0.095638,-0.396802,-0.023709,0.061035,0.030518,-0.061035
48.509641,-0.261656,-1.161584,10.011780,-0.098033,-0.408179,-0.027900,0.091553,0.030518,-0.061035
48.519738,-0.265847,-1.153202,10.012379,-0.102224,-0.399796,-0.027302,0.030518,0.061035,-0.030518
48.529834,-0.265248,-1.150208,10.019564,-0.101625,-0.396802,-0.020117,0.030518,0.061035,-0.030518
48.539932,-0.262853,-1.151406,10.020762,-0.099230,-0.398000,-0.018919,0.000000,0.061035,-0.030518
48.550029,-0.267643,-1.147813,10.018367,-0.104020,-0.394407,-0.021314,0.000000,0.030518,-0.030518
48.560127,-0.265847,-1.150807,10.012978,-0.102224,-0.397401,-0.026703,0.000000,0.030518,-0.030518
48.570223,-0.265847,-1.153202,10.020762,-0.102224,-0.399796,-0.018919,-0.030518,0.030518,-0.030518
48.580321,-0.261656,-1.148412,10.024354,-0.098033,-0.395006,-0.015327,-0.030518,0.030518,-0.030518
48.590417,-0.268242,-1.153202,10.018965,-0.104619,-0.399796,-0.020715,-0.030518,0.030518,0.000000
48.600538,-0.273032,-1.151406,10.012379,-0.109409,-0.398000,-0.027302,-0.030518,0.030518,0.000000
48.610635,-0.268841,-1.151406,10.014175,-0.105218,-0.398000,-0.025505,-0.030518,0.030518,0.000000
48.620731,-0.265847,-1.157992,10.015972,-0.102224,-0.404586,-0.023709,-0.030518,0.030518,0.030518
48.630830,-0.265847,-1.157393,10.020762,-0.102224,-0.403987,-0.018919,0.000000,0.030518,0.030518
48.640928,-0.267045,-1.150807,10.019564,-0.103421,-0.397401,-0.020117,-0.030518,-0.030518,0.030518
48.651025,-0.270038,-1.157992,10.014175,-0.106415,-0.404586,-0.025505,-0.061035,0.030518,0.000000
48.661121,-0.262853,-1.152603,10.008188,-0.099230,-0.399197,-0.031493,-0.061035,0.030518,-0.030518
48.671218,-0.255070,-1.147813,10.015373,-0.091446,-0.394407,-0.024308,-0.061035,0.030518,-0.061035
48.681311,-0.262853,-1.146017,10.012379,-0.099230,-0.392611,-0.027302,-0.030518,0.030518,-0.061035
48.691408,-0.262853,-1.157992,10.008188,-0.099230,-0.404586,-0.031493,0.000000,0.061035,-0.030518
48.701532,-0.264051,-1.157992,10.002799,-0.100428,-0.404586,-0.036882,0.000000,0.061035,-0.030518
48.711629,-0.260458,-1.157393,10.004595,-0.096835,-0.403987,-0.035086,-0.030518,0.030518,-0.091553
48.721726,-0.258063,-1.157393,10.011182,-0.094440,-0.403987,-0.028499,-0.091553,0.000000,-0.122070
48.731823,-0.259860,-1.156196,10.018367,-0.096236,-0.402790,-0.021314,-0.122070,0.030518,-0.122070
48.741920,-0.261656,-1.156794,10.019564,-0.098033,-0.403389,-0.020117,-0.152588,0.030518,-0.091553
48.752014,-0.256866,-1.156794,10.019564,-0.093243,-0.403389,-0.020117,-0.183105,0.030518,-0.091553
48.762112,-0.253273,-1.152004,10.017768,-0.089650,-0.398599,-0.021913,-0.183105,0.061035,-0.061035
48.772207,-0.263452,-1.155597,10.019564,-0.099829,-0.402191,-0.020117,-0.183105,0.030518,-0.061035
48.782299,-0.259261,-1.153202,10.022558,-0.095638,-0.399796,-0.017123,-0.183105,0.061035,-0.061035
48.792392,-0.259261,-1.153801,10.019564,-0.095638,-0.400395,-0.020117,-0.183105,0.061035,-0.061035
48.802485,-0.259860,-1.152603,10.016570,-0.096236,-0.399197,-0.023110,-0.244141,0.061035,-0.061035
48.812579,-0.259261,-1.150208,10.022558,-0.095638,-0.396802,-0.017123,-0.213623,0.091553,-0.091553
48.822675,-0.250878,-1.150208,10.026749,-0.087255,-0.396802,-0.012932,-0.244141,0.091553,-0.030518
48.832772,-0.252675,-1.154399,10.020163,-0.089051,-0.400994,-0.019518,-0.274658,0.061035,-0.061035
48.842865,-0.258662,-1.159189,10.018965,-0.095039,-0.405784,-0.020715,-0.274658,0.030518,-0.091553
48.852959,-0.258662,-1.162782,10.010583,-0.095039,-0.409376,-0.029098,-0.244141,0.030518,-0.061035
48.863053,-0.259860,-1.163381,10.009984,-0.096236,-0.409975,-0.029697,-0.183105,0.000000,-0.061035
48.873147,-0.261057,-1.163381,10.018367,-0.097434,-0.409975,-0.021314,-0.091553,0.000000,-0.061035
48.883244,-0.262853,-1.162782,10.017169,-0.099230,-0.409376,-0.022512,-0.061035,0.000000,-0.061035
48.893338,-0.259261,-1.159189,10.008188,-0.095638,-0.405784,-0.031493,-0.030518,0.030518,-0.030518
48.903457,-0.256267,-1.158591,10.005194,-0.092644,-0.405185,-0.034487,0.000000,0.061035,0.000000
48.913551,-0.253273,-1.156794,10.005194,-0.089650,-0.403389,-0.034487,0.000000,0.091553,0.000000
48.923647,-0.240101,-1.157393,10.009984,-0.076477,-0.403987,-0.029697,0.000000,0.091553,-0.030518
48.933741,-0.253872,-1.154399,10.008787,-0.090249,-0.400994,-0.030894,-0.030518,0.061035,0.000000
48.943838,-0.273032,-1.153801,10.009984,-0.109409,-0.400395,-0.029697,-0.091553,0.030518,0.000000
48.953932,-0.274828,-1.158591,10.012978,-0.111205,-0.405185,-0.026703,-0.152588,0.030518,0.000000
48.964028,-0.270038,-1.166375,10.010583,-0.106415,-0.412969,-0.029098,-0.152588,0.030518,0.000000
48.974122,-0.273032,-1.159189,10.031539,-0.109409,-0.405784,-0.008142,-0.152588,0.030518,-0.030518
48.984218,-0.272433,-1.153202,10.035132,-0.108810,-0.399796,-0.004549,-0.244141,0.061035,-0.030518
48.994311,-0.255070,-1.157992,10.030342,-0.091446,-0.404586,-0.009339,-0.366211,0.091553,-0.061035
49.004432,-0.255668,-1.150208,10.031539,-0.092045,-0.396802,-0.008142,-0.427246,0.091553,-0.091553
49.014527,-0.266446,-1.156196,10.026749,-0.102823,-0.402790,-0.012932,-0.549316,0.091553,-0.030518
49.024624,-0.266446,-1.160986,10.024953,-0.102823,-0.407580,-0.014728,-0.518799,0.061035,-0.061035
49.034716,-0.263452,-1.163381,10.022558,-0.099829,-0.409975,-0.017123,-0.579834,0.061035,-0.061035
49.044810,-0.265847,-1.168171,10.013577,-0.102224,-0.414765,-0.026104,-0.549316,0.061035,-0.091553
49.054904,-0.274828,-1.162183,10.015373,-0.111205,-0.408777,-0.024308,-0.518799,0.091553,-0.061035
49.065001,-0.277224,-1.173560,10.013577,-0.113600,-0.420154,-0.026104,-0.518799,0.030518,-0.030518
49.075099,-0.271835,-1.177152,10.015373,-0.108211,-0.423746,-0.024308,-0.427246,0.091553,-0.061035
49.085195,-0.257465,-1.176553,10.018965,-0.093841,-0.423148,-0.020715,-0.213623,0.061035,-0.061035
49.095291,-0.255070,-1.181343,10.017768,-0.091446,-0.427938,-0.021913,-0.122070,0.061035,-0.030518
49.105411,-0.256866,-1.172961,10.010583,-0.093243,-0.419555,-0.029098,0.122070,0.030518,0.030518
49.115508,-0.251477,-1.182541,10.021959,-0.087854,-0.429135,-0.017722,0.152588,0.030518,0.000000
49.125605,-0.249082,-1.174158,10.029743,-0.085459,-0.420753,-0.009938,0.152588,0.000000,0.030518
49.135702,-0.263452,-1.166973,10.025552,-0.099829,-0.413567,-0.014129,0.122070,0.000000,0.030518
49.145799,-0.265248,-1.169368,10.012978,-0.101625,-0.415963,-0.026703,0.091553,0.000000,0.030518
49.155895,-0.285007,-1.144819,10.005194,-0.121384,-0.391414,-0.034487,0.152588,0.061035,-0.366211
49.165991,-0.292192,-1.146616,10.010583,-0.128569,-0.393210,-0.029098,0.244141,0.152588,-0.946045
49.176089,-0.271835,-1.162183,10.023157,-0.108211,-0.408777,-0.016524,0.488281,0.183105,-1.708984
49.186185,-0.256866,-1.160986,10.029144,-0.093243,-0.407580,-0.010537,0.427246,0.183105,-1.647949
