time,ax_raw,ay_raw,az_raw,ax,ay,az,gx,gy,gz
0.006730,0.005886,0.005886,-0.004709,0.005886,0.005886,-0.004709,0.061040,0.000000,0.030520
0.016550,0.004709,0.007063,0.000098,0.004709,0.007063,0.000098,0.061040,0.000000,0.000000
0.026760,0.000491,0.001668,0.016285,0.000491,0.001668,0.016285,0.030520,-0.030520,0.030520
0.036720,0.004709,0.006475,0.009712,0.004709,0.006475,0.009712,0.030520,-0.030520,0.000000
0.046740,0.006475,0.007652,-0.010693,0.006475,0.007652,-0.010693,0.000000,-0.061040,0.000000
0.056460,0.002845,0.008240,-0.001079,0.002845,0.008240,-0.001079,0.000000,-0.061040,0.000000
0.066720,0.002845,0.007652,0.007946,0.002845,0.007652,0.007946,0.030520,-0.030520,0.000000
0.076670,0.001079,0.005297,0.001275,0.001079,0.005297,0.001275,0.030520,0.000000,0.000000
0.086850,-0.001864,0.003532,-0.010693,-0.001864,0.003532,-0.010693,0.061040,-0.030520,0.030520
0.096840,0.001079,0.005886,-0.004120,0.001079,0.005886,-0.004120,0.061040,-0.030520,0.000000
0.107020,0.001668,0.004709,0.005494,0.001668,0.004709,0.005494,0.061040,-0.030520,0.000000
0.117210,0.005297,0.005886,-0.002845,0.005297,0.005886,-0.002845,0.061040,-0.030520,0.000000
0.127150,0.005297,0.004709,-0.007063,0.005297,0.004709,-0.007063,0.030520,-0.030520,0.030520
0.137240,0.010104,0.005886,-0.004709,0.010104,0.005886,-0.004709,0.030520,0.000000,0.030520
0.147370,0.013047,0.007652,-0.000491,0.013047,0.007652,-0.000491,0.061040,0.000000,0.030520
0.157470,0.008240,0.004709,0.000687,0.008240,0.004709,0.000687,0.091550,0.030520,0.000000
0.167540,0.005886,-0.003728,0.001962,0.005886,-0.003728,0.001962,0.091550,0.000000,0.000000
0.177670,0.002845,0.002845,0.006671,0.002845,0.002845,0.006671,0.061040,-0.030520,0.000000
0.187720,0.008240,0.002845,0.004905,0.008240,0.002845,0.004905,0.000000,-0.030520,0.000000
0.197820,-0.001275,0.002256,0.000687,-0.001275,0.002256,0.000687,0.000000,-0.030520,0.000000
0.207910,0.001079,-0.000098,-0.001668,0.001079,-0.000098,-0.001668,0.030520,-0.030520,0.061040
0.218000,0.002256,0.001668,0.004316,0.002256,0.001668,0.004316,0.030520,-0.030520,0.030520
0.228090,0.004120,0.005297,0.003139,0.004120,0.005297,0.003139,0.030520,-0.061040,0.030520
0.238180,0.002845,-0.001864,-0.006475,0.002845,-0.001864,-0.006475,0.061040,-0.030520,0.000000
0.249110,0.006475,-0.006082,-0.012459,0.006475,-0.006082,-0.012459,0.030520,-0.030520,0.030520
0.259000,0.008829,-0.004905,0.000098,0.008829,-0.004905,0.000098,0.061040,0.000000,0.030520
0.269080,0.007063,0.001079,0.001962,0.007063,0.001079,0.001962,0.030520,-0.030520,0.030520
0.279180,0.011870,-0.002453,-0.001668,0.011870,-0.002453,-0.001668,0.061040,-0.030520,0.030520
0.289330,0.007063,-0.001275,0.001275,0.007063,-0.001275,0.001275,0.061040,-0.061040,0.030520
0.299370,0.004709,-0.003728,-0.002256,0.004709,-0.003728,-0.002256,0.061040,0.000000,0.000000
0.309470,0.004709,-0.003139,-0.004709,0.004709,-0.003139,-0.004709,0.061040,0.000000,0.030520
0.319790,-0.000098,-0.001275,0.000687,-0.000098,-0.001275,0.000687,0.030520,0.000000,0.030520
0.329710,0.008829,0.001079,-0.000491,0.008829,0.001079,-0.000491,0.030520,-0.030520,0.000000
0.339770,0.004120,0.005297,-0.000491,0.004120,0.005297,-0.000491,0.030520,-0.061040,0.030520
0.349730,-0.002551,0.005886,-0.010693,-0.002551,0.005886,-0.010693,-0.030520,-0.061040,0.061040
0.359460,-0.001275,0.005886,-0.006475,-0.001275,0.005886,-0.006475,0.000000,-0.061040,0.091550
0.369580,0.005297,0.002256,0.003728,0.005297,0.002256,0.003728,0.000000,-0.061040,0.091550
0.379740,0.003434,-0.003139,0.009712,0.003434,-0.003139,0.009712,0.000000,-0.030520,0.091550
0.389770,0.003434,-0.003139,0.001275,0.003434,-0.003139,0.001275,0.030520,-0.030520,0.091550
0.399970,0.002845,0.004709,-0.005297,0.002845,0.004709,-0.005297,0.030520,-0.091550,0.061040
0.409970,-0.000687,0.004709,0.011478,-0.000687,0.004709,0.011478,0.030520,-0.061040,0.061040
0.420050,-0.000687,0.005886,0.016873,-0.000687,0.005886,0.016873,0.030520,-0.030520,0.030520
0.430140,0.002845,0.003532,0.003728,0.002845,0.003532,0.003728,0.030520,0.000000,0.061040
0.440230,0.002845,0.002256,-0.006475,0.002845,0.002256,-0.006475,0.000000,-0.030520,0.061040
0.450560,-0.000098,0.002845,0.010889,-0.000098,0.002845,0.010889,0.000000,0.000000,0.030520
0.460750,-0.000687,0.004120,0.017462,-0.000687,0.004120,0.017462,0.000000,0.000000,0.000000
0.470590,0.001079,-0.001864,0.009712,0.001079,-0.001864,0.009712,0.030520,-0.030520,0.030520
0.480670,0.002845,-0.000687,0.003728,0.002845,-0.000687,0.003728,0.030520,0.000000,0.030520
0.490760,0.003434,0.005297,0.009123,0.003434,0.005297,0.009123,0.061040,-0.061040,0.000000
0.500860,0.004120,0.000491,0.007946,0.004120,0.000491,0.007946,0.061040,-0.061040,0.030520
0.510940,0.005886,0.003532,0.012066,0.005886,0.003532,0.012066,0.061040,-0.061040,-0.030520
0.521030,0.003434,0.000491,0.005494,0.003434,0.000491,0.005494,0.061040,-0.091550,-0.030520
0.531120,0.005886,0.008240,0.003139,0.005886,0.008240,0.003139,0.061040,0.000000,-0.030520
0.541210,0.010104,0.001079,0.007259,0.010104,0.001079,0.007259,0.030520,0.000000,-0.030520
0.551340,0.007652,-0.001864,0.013244,0.007652,-0.001864,0.013244,0.000000,0.000000,-0.030520
0.561430,0.001079,-0.002453,0.006082,0.001079,-0.002453,0.006082,0.030520,-0.061040,0.000000
0.571510,0.002256,0.001079,0.006082,0.002256,0.001079,0.006082,0.030520,-0.061040,0.030520
0.581630,0.002256,-0.001275,0.003728,0.002256,-0.001275,0.003728,0.000000,0.000000,0.000000
0.591690,0.002256,0.005297,0.004905,0.002256,0.005297,0.004905,0.000000,-0.030520,0.030520
0.601780,0.004120,-0.001275,0.004905,0.004120,-0.001275,0.004905,0.000000,-0.030520,0.000000
0.612130,0.005297,0.004120,0.011478,0.005297,0.004120,0.011478,0.030520,-0.061040,0.000000
0.622250,0.007652,0.002256,0.005494,0.007652,0.002256,0.005494,0.000000,-0.030520,0.000000
0.632350,-0.000098,-0.000098,0.005494,-0.000098,-0.000098,0.005494,0.000000,-0.030520,0.030520
0.642510,0.002256,0.010104,-0.000491,0.002256,0.010104,-0.000491,0.030520,-0.030520,0.030520
0.652880,0.001079,0.005886,0.006671,0.001079,0.005886,0.006671,0.000000,-0.061040,0.030520
0.663240,-0.002551,0.002845,0.003139,-0.002551,0.002845,0.003139,0.000000,-0.061040,-0.030520
0.673390,-0.004905,0.005886,-0.003434,-0.004905,0.005886,-0.003434,0.061040,-0.061040,0.030520
0.683440,-0.006671,0.000491,-0.007652,-0.006671,0.000491,-0.007652,0.061040,-0.030520,0.030520
0.693670,-0.001275,-0.001864,-0.012459,-0.001275,-0.001864,-0.012459,0.030520,-0.061040,0.030520
0.703440,0.005297,-0.001275,-0.004120,0.005297,-0.001275,-0.004120,0.030520,-0.030520,0.030520
0.713550,0.007063,-0.003728,-0.007063,0.007063,-0.003728,-0.007063,0.000000,-0.030520,0.030520
0.723590,-0.005494,-0.009123,-0.007652,-0.005494,-0.009123,-0.007652,0.000000,-0.061040,0.000000
0.733790,-0.007946,-0.009123,-0.011870,-0.007946,-0.009123,-0.011870,0.000000,-0.030520,0.030520
0.743770,-0.009712,-0.000687,-0.017266,-0.009712,-0.000687,-0.017266,0.030520,0.000000,0.030520
0.753900,-0.012066,0.001668,-0.022072,-0.012066,0.001668,-0.022072,0.030520,0.000000,0.061040
0.763980,-0.009123,0.000491,-0.016088,-0.009123,0.000491,-0.016088,0.000000,0.000000,0.061040
0.774100,-0.003728,-0.009123,-0.006475,-0.003728,-0.009123,-0.006475,0.030520,0.000000,0.030520
0.784160,-0.009123,-0.005494,-0.004120,-0.009123,-0.005494,-0.004120,0.061040,-0.030520,0.030520
0.794310,-0.004316,-0.007259,-0.014224,-0.004316,-0.007259,-0.014224,0.061040,-0.030520,0.061040
0.804380,-0.009712,-0.006671,-0.005297,-0.009712,-0.006671,-0.005297,0.091550,0.000000,0.030520
0.814470,-0.003728,-0.008437,0.001275,-0.003728,-0.008437,0.001275,0.061040,-0.030520,0.030520
0.824560,0.002256,-0.009123,-0.002845,0.002256,-0.009123,-0.002845,0.030520,-0.030520,0.030520
0.834650,0.003434,-0.008437,-0.007652,0.003434,-0.008437,-0.007652,0.030520,-0.030520,0.030520
0.844740,0.005886,-0.004316,-0.010693,0.005886,-0.004316,-0.010693,0.030520,0.000000,0.030520
0.855210,0.002845,-0.005494,-0.001079,0.002845,-0.005494,-0.001079,0.030520,-0.030520,0.030520
0.865610,0.002256,-0.007848,0.003728,0.002256,-0.007848,0.003728,0.030520,-0.030520,0.000000
0.875710,-0.003139,-0.004316,0.001275,-0.003139,-0.004316,0.001275,0.030520,0.000000,0.000000
0.885810,0.000491,-0.001864,-0.007063,0.000491,-0.001864,-0.007063,0.030520,0.000000,0.000000
0.895900,0.004120,0.002256,-0.001668,0.004120,0.002256,-0.001668,0.030520,-0.030520,0.030520
0.906000,0.002256,0.005297,0.002551,0.002256,0.005297,0.002551,0.000000,-0.030520,0.030520
0.916100,-0.005494,0.006475,0.000687,-0.005494,0.006475,0.000687,0.030520,-0.030520,0.030520
0.926200,-0.004905,0.006475,0.003139,-0.004905,0.006475,0.003139,0.030520,-0.030520,0.030520
0.936290,-0.010889,0.004120,0.009712,-0.010889,0.004120,0.009712,0.061040,-0.061040,0.030520
0.946390,-0.015107,-0.001275,-0.003434,-0.015107,-0.001275,-0.003434,0.091550,-0.061040,0.030520
0.956320,-0.004316,0.005297,0.000687,-0.004316,0.005297,0.000687,0.061040,-0.030520,0.030520
0.966070,-0.003139,0.007652,0.008535,-0.003139,0.007652,0.008535,0.091550,-0.030520,0.030520
0.976160,0.001668,0.005886,0.007946,0.001668,0.005886,0.007946,0.061040,-0.030520,0.030520
0.986250,0.002845,0.003532,-0.008240,0.002845,0.003532,-0.008240,0.030520,-0.030520,0.061040
0.996340,0.000491,-0.000687,-0.023250,0.000491,-0.000687,-0.023250,0.030520,-0.061040,0.061040
1.006740,0.004120,-0.006671,-0.000491,0.004120,-0.006671,-0.000491,0.000000,0.000000,0.030520
1.016820,0.004709,-0.007848,0.004316,0.004709,-0.007848,0.004316,-0.030520,-0.030520,0.030520
1.026900,0.001079,-0.013244,-0.019031,0.001079,-0.013244,-0.019031,-0.061040,-0.030520,0.030520
1.036960,0.006475,-0.018639,-0.025016,0.006475,-0.018639,-0.025016,-0.030520,-0.091550,0.030520
1.047000,0.009418,-0.019228,-0.022661,0.009418,-0.019228,-0.022661,0.000000,-0.122070,0.091550
1.056530,0.000491,-0.011478,0.000687,0.000491,-0.011478,0.000687,0.000000,-0.122070,0.061040
1.065860,-0.001864,-0.006082,-0.009418,-0.001864,-0.006082,-0.009418,0.000000,-0.091550,0.091550
1.076050,0.003434,-0.000098,-0.013047,0.003434,-0.000098,-0.013047,0.061040,-0.061040,0.183110
1.087080,0.004120,0.000491,-0.004120,0.004120,0.000491,-0.004120,0.061040,-0.061040,0.213620
1.097120,0.010104,0.010104,-0.001668,0.010104,0.010104,-0.001668,0.061040,0.000000,0.274660
1.107200,0.003434,0.006475,-0.002256,0.003434,0.006475,-0.002256,0.091550,0.030520,0.274660
1.117120,-0.004316,0.010104,-0.001668,-0.004316,0.010104,-0.001668,0.122070,0.000000,0.183110
1.127190,-0.009123,0.004709,0.002551,-0.009123,0.004709,0.002551,0.091550,0.000000,0.152590
1.137290,-0.013930,0.004120,0.004316,-0.013930,0.004120,0.004316,0.091550,0.000000,0.122070
1.147590,-0.005494,0.000491,-0.005886,-0.005494,0.000491,-0.005886,0.030520,0.000000,0.152590
1.157870,-0.000687,-0.001864,-0.007652,-0.000687,-0.001864,-0.007652,0.091550,-0.061040,0.122070
1.167830,0.003434,0.002256,0.003728,0.003434,0.002256,0.003728,0.091550,-0.061040,0.061040
1.177950,0.008829,-0.000098,0.007259,0.008829,-0.000098,0.007259,0.091550,-0.030520,0.061040
1.187980,0.004120,-0.000687,-0.009418,0.004120,-0.000687,-0.009418,0.061040,-0.030520,0.061040
1.198070,0.007063,-0.000687,-0.008240,0.007063,-0.000687,-0.008240,0.091550,-0.030520,0.061040
1.208150,0.008240,0.006475,0.000687,0.008240,0.006475,0.000687,0.061040,0.000000,0.000000
1.218230,0.002845,0.011281,0.009712,0.002845,0.011281,0.009712,0.030520,-0.030520,0.030520
1.228300,0.004709,0.005297,0.005494,0.004709,0.005297,0.005494,0.030520,0.000000,0.030520
1.238380,0.001668,-0.001864,-0.004709,0.001668,-0.001864,-0.004709,-0.030520,-0.030520,0.061040
1.248460,-0.000687,-0.005494,0.004905,-0.000687,-0.005494,0.004905,0.000000,-0.030520,0.061040
1.259430,0.001668,-0.000098,0.012066,0.001668,-0.000098,0.012066,0.030520,0.000000,0.030520
1.270500,0.004709,0.002845,0.009123,0.004709,0.002845,0.009123,0.030520,0.000000,0.030520
1.280590,0.007063,-0.000687,-0.002256,0.007063,-0.000687,-0.002256,0.030520,-0.030520,0.030520
1.290690,0.004120,0.004120,0.001962,0.004120,0.004120,0.001962,0.030520,-0.030520,0.000000
1.300790,0.008829,0.002256,0.001962,0.008829,0.002256,0.001962,0.030520,-0.030520,0.000000
1.310890,0.006475,-0.003728,0.004905,0.006475,-0.003728,0.004905,0.000000,-0.061040,-0.030520
1.321090,-0.001864,-0.006671,0.000098,-0.001864,-0.006671,0.000098,0.030520,-0.030520,-0.061040
1.331090,-0.001864,-0.006671,0.006671,-0.001864,-0.006671,0.006671,0.030520,-0.061040,-0.030520
1.341180,-0.001864,-0.007259,0.007259,-0.001864,-0.007259,0.007259,0.030520,-0.061040,0.000000
1.351450,0.004120,-0.003139,0.009712,0.004120,-0.003139,0.009712,0.000000,-0.061040,0.030520
1.361350,0.005297,-0.006082,0.006082,0.005297,-0.006082,0.006082,0.000000,-0.061040,0.030520
1.371080,0.004709,-0.001864,0.004316,0.004709,-0.001864,0.004316,0.000000,-0.061040,0.030520
1.381190,0.005886,0.000491,-0.000491,0.005886,0.000491,-0.000491,0.030520,-0.030520,0.030520
1.391230,0.008829,0.002256,-0.004709,0.008829,0.002256,-0.004709,0.000000,-0.030520,0.030520
1.401350,0.008829,0.001079,0.006671,0.008829,0.001079,0.006671,0.030520,-0.030520,0.030520
1.411410,0.008240,0.000491,0.007946,0.008240,0.000491,0.007946,0.000000,0.000000,0.000000
1.421530,0.000491,0.004709,0.011478,0.000491,0.004709,0.011478,0.000000,0.000000,0.000000
1.431590,-0.000687,0.009516,0.000098,-0.000687,0.009516,0.000098,0.000000,-0.030520,0.000000
1.441690,0.000491,0.009516,-0.001079,0.000491,0.009516,-0.001079,-0.030520,-0.030520,0.030520
1.452330,-0.001275,0.008927,0.003728,-0.001275,0.008927,0.003728,0.000000,-0.030520,0.000000
1.462640,-0.003139,0.011870,0.016285,-0.003139,0.011870,0.016285,0.030520,-0.061040,0.000000
1.472740,0.001079,0.011870,0.006082,0.001079,0.011870,0.006082,0.030520,-0.061040,0.000000
1.482810,-0.001864,0.009516,-0.000491,-0.001864,0.009516,-0.000491,0.030520,-0.030520,0.000000
1.492940,-0.007259,-0.000687,-0.004120,-0.007259,-0.000687,-0.004120,0.061040,0.000000,0.030520
1.503120,-0.003728,0.001079,0.006082,-0.003728,0.001079,0.006082,0.122070,-0.030520,0.030520
1.513320,-0.000687,-0.002453,0.001962,-0.000687,-0.002453,0.001962,0.000000,0.000000,0.000000
1.523430,0.002845,0.001668,0.008535,0.002845,0.001668,0.008535,-0.061040,-0.061040,0.030520
1.533570,0.002845,-0.000687,0.010889,0.002845,-0.000687,0.010889,-0.091550,-0.061040,0.030520
1.543680,-0.006082,-0.010301,0.003728,-0.006082,-0.010301,0.003728,-0.061040,-0.091550,0.030520
1.553840,-0.001275,-0.016285,0.001275,-0.001275,-0.016285,0.001275,-0.091550,-0.091550,0.152590
1.562450,-0.004316,-0.015696,0.008535,-0.004316,-0.015696,0.008535,-0.030520,-0.061040,0.610350
1.571290,-0.001864,-0.025212,0.011478,-0.001864,-0.025212,0.011478,-0.061040,-0.091550,0.793460
1.581320,-0.008535,-0.004905,0.009123,-0.008535,-0.004905,0.009123,-0.061040,-0.061040,1.342770
1.591340,-0.011478,-0.010301,-0.003434,-0.011478,-0.010301,-0.003434,-0.061040,-0.061040,1.525880
1.601400,-0.002551,-0.024035,0.000098,-0.002551,-0.024035,0.000098,0.000000,-0.030520,2.227780
1.611460,0.002256,-0.005494,0.016285,0.002256,-0.005494,0.016285,0.000000,-0.030520,2.471920
1.621530,0.003434,-0.013244,0.010889,0.003434,-0.013244,0.010889,-0.030520,-0.030520,2.685550
1.631590,0.011281,-0.022857,0.001962,0.011281,-0.022857,0.001962,-0.030520,-0.030520,3.387450
1.641660,0.024427,-0.042575,0.001275,0.024427,-0.042575,0.001275,0.000000,-0.061040,3.784180
1.651720,0.098100,0.017854,0.013930,0.098100,0.017854,0.013930,0.122070,-0.030520,3.692630
1.661860,0.065138,-0.001275,0.010889,0.065138,-0.001275,0.010889,0.122070,-0.061040,3.387450
1.671870,0.108891,-0.019228,0.000098,0.108891,-0.019228,0.000098,0.122070,-0.122070,3.417970
1.681930,0.143030,0.016677,-0.005886,0.143030,0.016677,-0.005886,0.091550,-0.122070,3.479000
1.692000,0.257905,0.089663,0.003728,0.257905,0.089663,0.003728,0.030520,-0.030520,2.746580
1.702070,0.088486,0.020209,0.010889,0.088486,0.020209,0.010889,-0.030520,-0.030520,0.823970
1.712130,0.041202,0.010104,0.011478,0.041202,0.010104,0.011478,-0.061040,-0.030520,0.427250
1.722200,0.056800,-0.007259,-0.001079,0.056800,-0.007259,-0.001079,-0.061040,0.000000,0.244140
1.732260,0.071123,0.022072,-0.000491,0.071123,0.022072,-0.000491,-0.091550,0.030520,0.000000
1.742330,0.043556,0.004120,-0.002845,0.043556,0.004120,-0.002845,-0.030520,0.000000,-0.335690
1.752400,0.072300,0.024427,-0.004120,0.072300,0.024427,-0.004120,0.000000,0.000000,-0.549320
1.762460,0.013047,0.016088,-0.002845,0.013047,0.016088,-0.002845,0.000000,0.000000,-0.976560
1.772530,0.216016,0.007063,0.009123,0.216016,0.007063,0.009123,0.061040,-0.091550,-0.488280
1.782620,0.097511,0.042379,0.008535,0.097511,0.042379,0.008535,0.091550,-0.091550,-1.129150
1.792670,0.099866,0.017266,-0.005297,0.099866,0.017266,-0.005297,0.030520,-0.091550,-2.014160
1.802730,0.046598,-0.022269,0.004316,0.046598,-0.022269,0.004316,0.061040,-0.061040,-2.075200
1.812800,0.028057,-0.035414,0.008535,0.028057,-0.035414,0.008535,0.091550,0.030520,-1.556400
1.822860,0.089663,-0.022269,-0.003434,0.089663,-0.022269,-0.003434,0.061040,0.030520,-1.159670
1.832930,0.018443,0.009516,-0.009418,0.018443,0.009516,-0.009418,0.000000,0.000000,-1.159670
1.842990,0.050816,-0.015696,-0.011281,0.050816,-0.015696,-0.011281,-0.030520,0.000000,-1.739500
1.853060,0.002845,-0.015696,0.006671,0.002845,-0.015696,0.006671,0.000000,-0.061040,-1.708980
1.863120,0.090252,0.006475,0.006671,0.090252,0.006475,0.006671,-0.030520,-0.030520,-2.380370
1.873190,0.011870,-0.076126,0.001275,0.011870,-0.076126,0.001275,0.000000,-0.030520,-1.770020
1.883260,0.014224,-0.067199,0.006671,0.014224,-0.067199,0.006671,-0.152590,-0.030520,-0.335690
1.893320,0.160982,0.029822,0.000687,0.160982,0.029822,0.000687,-0.305180,0.030520,-0.549320
1.903390,-0.012066,-0.019228,0.009712,-0.012066,-0.019228,0.009712,-0.366210,0.000000,-0.946040
1.913450,0.135182,0.014911,-0.011281,0.135182,0.014911,-0.011281,-0.213620,-0.030520,-0.579830
1.923520,0.131062,0.004120,-0.001668,0.131062,0.004120,-0.001668,-0.152590,-0.061040,-0.701900
1.933590,0.059154,0.015500,-0.001079,0.059154,0.015500,-0.001079,0.061040,-0.061040,-0.610350
1.943650,0.184330,-0.028253,-0.006475,0.184330,-0.028253,-0.006475,0.030520,0.000000,0.030520
1.953720,0.184330,0.068180,0.016285,0.184330,0.068180,0.016285,0.030520,0.030520,-0.946040
1.963790,0.229848,-0.029430,0.001962,0.229848,-0.029430,0.001962,-0.061040,0.061040,-1.556400
1.974020,0.107027,-0.083974,0.011478,0.107027,-0.083974,0.011478,-0.030520,0.061040,-1.708980
1.983920,0.328046,-0.059939,-0.007652,0.328046,-0.059939,-0.007652,-0.061040,0.030520,-0.427250
1.993990,0.193846,0.037572,0.018639,0.193846,0.037572,0.018639,0.335690,-0.061040,-0.671390
2.004050,0.371701,0.041791,0.003728,0.371701,0.041791,0.003728,0.183110,-0.091550,-1.922610
2.014120,0.334619,-0.046794,0.000687,0.334619,-0.046794,0.000687,0.061040,-0.122070,-1.800540
2.024180,0.329812,-0.089271,0.009712,0.329812,-0.089271,0.009712,0.061040,-0.061040,-1.464840
2.034250,0.305287,-0.090546,-0.008829,0.305287,-0.090546,-0.008829,-0.244140,0.030520,-1.007080
2.044310,0.220823,-0.011478,0.000098,0.220823,-0.011478,0.000098,-0.122070,-0.061040,-0.854490
2.054380,0.301069,-0.092312,-0.010693,0.301069,-0.092312,-0.010693,-0.244140,-0.152590,-0.762940
2.064450,0.266342,-0.071319,-0.013047,0.266342,-0.071319,-0.013047,0.061040,-0.213620,0.000000
2.074510,0.301658,-0.062392,-0.017266,0.301658,-0.062392,-0.017266,0.061040,-0.091550,-1.373290
2.084670,0.274680,-0.031883,0.012066,0.274680,-0.031883,0.012066,-0.091550,-0.061040,-0.793460
2.094660,0.326183,-0.037867,-0.026781,0.326183,-0.037867,-0.026781,-0.122070,-0.061040,-0.244140
2.104810,0.403485,-0.027664,-0.017266,0.403485,-0.027664,-0.017266,-0.183110,0.000000,0.091550
2.115170,0.304012,0.098100,-0.005297,0.304012,0.098100,-0.005297,-0.061040,0.061040,-0.762940
2.125030,0.270560,0.084366,0.018050,0.270560,0.084366,0.018050,0.061040,-0.061040,-1.434330
2.135050,0.352571,0.048952,0.007259,0.352571,0.048952,0.007259,0.030520,-0.030520,-1.739500
2.145040,0.267519,0.048363,-0.007063,0.267519,0.048363,-0.007063,0.213620,-0.091550,-3.143310
2.155130,0.184330,-0.034826,-0.004709,0.184330,-0.034826,-0.004709,-0.091550,0.000000,-2.807620
2.165170,0.285471,0.056800,0.003139,0.285471,0.056800,0.003139,0.122070,0.000000,-2.532960
2.175290,0.232203,0.031000,-0.004709,0.232203,0.031000,-0.004709,0.030520,-0.030520,-3.784180
2.185290,0.113011,-0.096530,0.012655,0.113011,-0.096530,0.012655,0.152590,-0.091550,-3.631590
2.195370,0.139400,0.021484,0.016873,0.139400,0.021484,0.016873,0.061040,-0.122070,-2.899170
2.205570,0.134005,-0.004905,0.006082,0.134005,-0.004905,0.006082,-0.335690,0.091550,-3.173830
2.215630,0.078284,-0.045616,0.023446,0.078284,-0.045616,0.023446,0.091550,0.091550,-3.204350
2.225610,0.200516,0.046009,-0.008240,0.200516,0.046009,-0.008240,-0.030520,0.122070,-2.685550
2.235670,0.138812,0.010693,-0.008240,0.138812,0.010693,-0.008240,-0.152590,0.061040,-3.204350
2.245730,0.110657,-0.003139,-0.020209,0.110657,-0.003139,-0.020209,-0.091550,-0.030520,-3.021240
2.255800,0.107027,-0.001275,0.030019,0.107027,-0.001275,0.030019,0.000000,-0.091550,-2.929690
2.265870,0.162748,0.075929,-0.028057,0.162748,0.075929,-0.028057,0.091550,-0.061040,-2.960210
2.275930,0.066904,0.155587,0.012655,0.066904,0.155587,0.012655,0.061040,-0.122070,-3.570560
2.286020,0.166966,0.019620,-0.019031,0.166966,0.019620,-0.019031,-0.244140,0.091550,-3.875730
2.296070,0.117818,0.027468,0.019914,0.117818,0.027468,0.019914,0.183110,-0.152590,-4.058840
2.306130,0.206501,0.025604,0.013244,0.206501,0.025604,0.013244,-0.396730,0.091550,-4.669190
2.316200,0.277133,0.080736,-0.032177,0.277133,0.080736,-0.032177,-0.213620,0.091550,-4.852290
2.326350,0.206501,0.028057,0.004905,0.206501,0.028057,0.004905,0.061040,-0.061040,-5.157470
2.336340,0.314803,-0.045616,-0.004709,0.314803,-0.045616,-0.004709,-0.091550,0.122070,-5.371090
2.346400,0.332755,0.056800,-0.021484,0.332755,0.056800,-0.021484,-0.091550,0.091550,-5.432130
2.356470,0.372878,0.058566,0.015696,0.372878,0.058566,0.015696,-0.030520,0.061040,-5.920410
2.366540,0.369935,0.025016,0.024623,0.369935,0.025016,0.024623,-0.305180,0.152590,-5.828860
2.376680,0.368758,0.025604,-0.004120,0.368758,0.025604,-0.004120,-0.030520,0.091550,-6.347660
2.386680,0.402210,-0.018050,0.015107,0.402210,-0.018050,0.015107,-0.213620,0.091550,-5.676270
2.396740,0.375331,0.067002,0.026487,0.375331,0.067002,0.026487,-0.274660,0.122070,-5.706790
2.406810,0.360321,0.038259,-0.017854,0.360321,0.038259,-0.017854,0.366210,0.122070,-6.073000
2.416870,0.377096,0.075341,-0.049541,0.377096,0.075341,-0.049541,-0.152590,0.061040,-6.591800
2.426940,0.301658,0.103496,0.012066,0.301658,0.103496,0.012066,-0.030520,0.091550,-7.446290
2.437010,0.268107,0.048363,0.007259,0.268107,0.048363,0.007259,-0.183110,0.152590,-7.690430
2.447240,0.225630,0.072300,-0.008240,0.225630,0.072300,-0.008240,-0.396730,0.244140,-7.873540
2.457320,0.205814,-0.006671,0.041987,0.205814,-0.006671,0.041987,-0.244140,0.152590,-7.476810
2.467250,0.203459,-0.037867,0.030019,0.203459,-0.037867,0.030019,0.091550,0.000000,-6.927490
2.477310,0.102907,-0.043164,0.031883,0.102907,-0.043164,0.031883,-0.244140,0.305180,-6.683350
2.487370,0.177757,-0.034826,-0.032177,0.177757,-0.034826,-0.032177,-0.244140,0.183110,-6.958010
2.497440,0.088486,-0.109087,-0.013047,0.088486,-0.109087,-0.013047,-0.030520,0.183110,-6.774900
2.507510,0.005886,-0.082110,0.030019,0.005886,-0.082110,0.030019,-0.061040,0.183110,-6.256100
2.517570,-0.024035,-0.082698,0.000098,-0.024035,-0.082698,0.000098,0.335690,0.152590,-5.371090
2.527660,-0.014519,-0.116837,0.003139,-0.014519,-0.116837,0.003139,0.366210,0.122070,-5.004880
2.537710,-0.082698,-0.098885,0.000098,-0.082698,-0.098885,0.000098,-0.061040,0.000000,-4.974370
2.547770,0.057389,-0.059351,-0.023250,0.057389,-0.059351,-0.023250,-0.091550,0.000000,-4.058840
2.557860,-0.080344,-0.029430,0.010301,-0.080344,-0.029430,0.010301,-0.061040,0.122070,-4.028320
2.567910,-0.089369,-0.009123,0.043262,-0.089369,-0.009123,0.043262,-0.305180,0.152590,-4.394530
2.578010,-0.107321,-0.007259,-0.002845,-0.107321,-0.007259,-0.002845,0.152590,0.000000,-3.692630
2.588040,-0.145580,0.040025,0.007946,-0.145580,0.040025,0.007946,0.061040,-0.122070,-3.662110
2.598120,-0.092312,0.005297,-0.037572,-0.092312,0.005297,-0.037572,-0.335690,0.091550,-3.601070
2.608180,-0.080344,0.020895,-0.007063,-0.080344,0.020895,-0.007063,0.000000,0.030520,-3.326420
2.618270,0.131650,-0.045028,-0.067493,0.131650,-0.045028,-0.067493,-0.183110,0.030520,-3.082280
2.628320,0.023838,0.008927,0.021092,0.023838,0.008927,0.021092,-0.152590,0.122070,-3.570560
2.638380,-0.043851,0.005297,0.046794,-0.043851,0.005297,0.046794,-0.061040,0.152590,-3.601070
2.648450,0.082502,0.057977,0.012655,0.082502,0.057977,0.012655,-0.030520,0.061040,-3.936770
2.658510,0.152546,0.049639,0.039044,0.152546,0.049639,0.039044,-0.061040,0.152590,-4.364010
2.668580,0.170498,0.064550,0.031883,0.170498,0.064550,0.031883,-0.183110,0.091550,-5.676270
2.678640,0.120271,0.032864,-0.026781,0.120271,0.032864,-0.026781,-0.061040,0.152590,-5.737300
2.688710,0.201694,0.084955,0.013244,0.201694,0.084955,0.013244,-0.183110,0.244140,-6.530760
2.698780,0.211798,-0.023446,-0.012459,0.211798,-0.023446,-0.012459,0.091550,0.152590,-6.744380
2.708840,0.192668,0.017854,0.028841,0.192668,0.017854,0.028841,0.213620,0.061040,-7.690430
2.718910,0.189137,-0.053366,-0.017266,0.189137,-0.053366,-0.017266,0.122070,0.152590,-7.476810
2.728970,0.130375,-0.100651,-0.025016,0.130375,-0.100651,-0.025016,0.030520,0.152590,-7.171630
2.739040,0.185507,0.038848,0.035414,0.185507,0.038848,0.035414,0.244140,0.122070,-6.256100
2.749110,0.189725,-0.007259,0.007259,0.189725,-0.007259,0.007259,0.244140,-0.061040,-6.195070
2.759170,0.174716,-0.039632,0.016873,0.174716,-0.039632,0.016873,0.030520,0.152590,-6.347660
2.769240,0.223178,-0.006082,0.028841,0.223178,-0.006082,0.028841,0.183110,0.091550,-6.317140
2.779370,0.238187,-0.090546,-0.017854,0.238187,-0.090546,-0.017854,-0.091550,0.030520,-5.340580
2.789370,0.315391,-0.215624,-0.040025,0.315391,-0.215624,-0.040025,-0.091550,0.030520,-4.791260
2.799440,0.301658,-0.127628,-0.068768,0.301658,-0.127628,-0.068768,0.091550,0.030520,-3.845210
2.809510,0.242405,-0.254570,-0.020209,0.242405,-0.254570,-0.020209,-0.061040,0.122070,-3.082280
2.819590,0.340015,-0.180896,-0.091527,0.340015,-0.180896,-0.091527,0.213620,-0.061040,-2.563480
2.829640,0.227984,-0.045028,-0.039436,0.227984,-0.045028,-0.039436,-0.061040,-0.030520,-2.441410
2.839710,0.165789,-0.015107,0.024623,0.165789,-0.015107,0.024623,0.091550,-0.091550,-2.258300
2.849770,0.098689,-0.006082,0.063569,0.098689,-0.006082,0.063569,0.183110,0.030520,-1.556400
2.859840,0.100454,-0.086917,0.022269,0.100454,-0.086917,0.022269,0.274660,-0.183110,-1.037600
2.869950,0.141166,0.063961,-0.034041,0.141166,0.063961,-0.034041,0.244140,-0.030520,-0.793460
2.879980,0.137046,-0.109087,-0.016677,0.137046,-0.109087,-0.016677,-0.122070,0.152590,-0.640870
2.890040,0.155587,-0.174324,0.047382,0.155587,-0.174324,0.047382,0.030520,-0.183110,0.061040
2.900110,0.153723,-0.052778,-0.049541,0.153723,-0.052778,-0.049541,-0.183110,0.000000,0.579830
2.910170,0.300480,0.175305,-0.041202,0.300480,0.175305,-0.041202,-0.030520,0.152590,0.610350
2.920240,0.134005,0.080736,0.021680,0.134005,0.080736,0.021680,0.305180,0.030520,-0.732420
2.930310,0.240541,0.075929,-0.029234,0.240541,0.075929,-0.029234,0.335690,-0.152590,-1.251220
2.940370,0.119682,0.081325,0.034237,0.119682,0.081325,0.034237,-0.274660,-0.152590,-1.861570
2.950440,0.214250,-0.132435,0.005494,0.214250,-0.132435,0.005494,-0.030520,-0.030520,-1.617430
2.960510,0.122036,-0.115660,-0.014224,0.122036,-0.115660,-0.014224,-0.305180,-0.122070,-1.342770
2.970570,0.181877,-0.089958,0.027664,0.181877,-0.089958,0.027664,-0.488280,-0.244140,-0.274660
2.980660,0.262712,0.047775,0.018050,0.262712,0.047775,0.018050,0.305180,-0.274660,0.885010
2.990710,0.242994,0.103496,0.028841,0.242994,0.103496,0.028841,0.213620,-0.396730,-0.335690
3.000770,0.257316,0.386710,0.010301,0.257316,0.386710,0.010301,-0.061040,-0.244140,-1.007080
3.010840,0.387299,0.405251,-0.027468,0.387299,0.405251,-0.027468,0.061040,-0.305180,-3.906250
3.020980,0.291455,0.302246,-0.091527,0.291455,0.302246,-0.091527,0.244140,-0.152590,-7.171630
3.031030,0.280664,0.108891,0.073183,0.280664,0.108891,0.073183,-0.061040,-0.366210,-7.751460
3.041100,0.250155,0.078970,0.001962,0.250155,0.078970,0.001962,-0.366210,-0.152590,-7.568360
3.051220,0.105261,-0.131846,-0.025016,0.105261,-0.131846,-0.025016,0.122070,-0.213620,-5.737300
3.061230,0.103496,-0.041987,-0.021484,0.103496,-0.041987,-0.021484,0.274660,-0.122070,-3.753660
3.071300,0.160982,-0.028253,-0.060332,0.160982,-0.028253,-0.060332,0.000000,-0.274660,-3.784180
3.081370,0.162159,-0.083974,-0.060920,0.162159,-0.083974,-0.060920,-0.183110,-0.213620,-3.021240
3.091430,0.227984,0.055623,-0.042968,0.227984,0.055623,-0.042968,0.457760,-0.244140,-3.204350
3.101500,0.284882,0.029234,-0.085543,0.284882,0.029234,-0.085543,-0.305180,-0.244140,-3.601070
3.111560,0.200516,0.049639,0.036003,0.200516,0.049639,0.036003,0.030520,-0.335690,-3.875730
3.121630,0.193257,-0.013244,0.043851,0.193257,-0.013244,0.043851,-0.518800,-0.396730,-3.631590
3.131690,0.207678,-0.115071,0.026487,0.207678,-0.115071,0.026487,-0.030520,-0.122070,-1.892090
3.141760,0.285471,-0.201890,-0.020209,0.285471,-0.201890,-0.020209,0.030520,-0.091550,-0.823970
3.151830,0.197475,-0.111442,-0.016677,0.197475,-0.111442,-0.016677,0.061040,-0.152590,-0.305180
3.161910,0.134593,-0.086917,0.011478,0.134593,-0.086917,0.011478,0.305180,-0.274660,2.105710
3.171970,0.155587,-0.169517,-0.028057,0.155587,-0.169517,-0.028057,0.579830,0.030520,3.173830
3.182130,0.040025,-0.015107,0.054053,0.040025,-0.015107,0.054053,0.823970,-0.335690,4.791260
3.192120,0.153134,0.139400,0.145580,0.153134,0.139400,0.145580,0.701900,-0.274660,5.371090
3.202180,0.156764,0.017854,0.094765,0.156764,0.017854,0.094765,0.183110,-0.122070,4.943850
3.212250,0.284882,-0.026487,0.040221,0.284882,-0.026487,0.040221,0.518800,-0.091550,4.913330
3.222310,0.263300,-0.217488,-0.013636,0.263300,-0.217488,-0.013636,0.427250,0.030520,4.211430
3.232380,0.308230,-0.079755,-0.001079,0.308230,-0.079755,-0.001079,0.427250,-0.183110,3.509520
3.242450,0.402897,-0.265949,-0.097511,0.402897,-0.265949,-0.097511,-0.061040,0.061040,2.746580
3.252650,0.222000,-0.207285,0.186292,0.222000,-0.207285,0.186292,0.366210,-0.030520,3.784180
3.262710,0.451947,-0.162355,-0.095648,0.451947,-0.162355,-0.095648,-0.335690,-0.091550,4.364010
3.272680,0.474117,-0.070730,0.026487,0.474117,-0.070730,0.026487,-0.030520,-0.061040,2.899170
3.282750,0.447728,-0.206108,-0.095648,0.447728,-0.206108,-0.095648,0.000000,0.091550,2.166750
3.292810,0.177757,-0.623425,-0.092705,0.177757,-0.623425,-0.092705,-0.274660,0.000000,3.479000
3.302880,0.296262,-0.756351,-0.016088,0.296262,-0.756351,-0.016088,-0.213620,-0.030520,10.498050
3.312940,0.296851,-0.522186,-0.040613,0.296851,-0.522186,-0.040613,0.366210,0.000000,13.793950
3.323130,0.257316,-0.492266,-0.062784,0.257316,-0.492266,-0.062784,-0.396730,-0.274660,15.289310
3.333150,0.335208,-0.053366,0.034237,0.335208,-0.053366,0.034237,0.122070,-0.274660,14.678960
3.343190,0.403485,0.059154,0.078578,0.403485,0.059154,0.078578,0.091550,-0.122070,13.092040
3.353240,0.375331,0.161571,-0.048952,0.375331,0.161571,-0.048952,-0.061040,-0.213620,12.146000
3.363300,0.347176,0.283705,0.041987,0.347176,0.283705,0.041987,0.091550,-0.305180,11.260990
3.373380,0.308230,0.286746,-0.037572,0.308230,0.286746,-0.037572,-0.305180,-0.030520,8.026120
3.383470,0.235832,0.181877,0.091724,0.235832,0.181877,0.091724,-0.152590,-0.122070,7.141110
3.393530,0.228573,0.299892,0.023446,0.228573,0.299892,0.023446,0.152590,0.000000,5.096440
3.403570,0.317255,0.102318,-0.009418,0.317255,0.102318,-0.009418,0.152590,0.152590,4.364010
3.413640,0.179523,0.128021,0.080344,0.179523,0.128021,0.080344,-0.030520,0.152590,4.028320
3.423700,0.181289,0.081914,0.007946,0.181289,0.081914,0.007946,0.000000,-0.030520,3.967290
3.433770,0.089075,0.164514,0.028253,0.089075,0.164514,0.028253,0.457760,-0.183110,3.387450
3.443830,0.030411,0.263987,0.083974,0.030411,0.263987,0.083974,0.488280,0.000000,1.464840
3.454070,0.022661,0.207678,0.128217,0.022661,0.207678,0.128217,0.427250,0.000000,0.915530
3.464010,0.032177,0.232203,0.037867,0.032177,0.232203,0.037867,0.122070,0.030520,-0.671390
3.474070,-0.073183,0.008927,0.022269,-0.073183,0.008927,0.022269,0.091550,-0.091550,-0.885010
3.484130,0.066904,-0.033648,-0.092116,0.066904,-0.033648,-0.092116,0.091550,-0.122070,-0.610350
3.494200,-0.107321,-0.121055,0.133024,-0.107321,-0.121055,0.133024,0.366210,0.000000,0.823970
3.504260,0.048952,-0.151565,-0.053170,0.048952,-0.151565,-0.053170,0.213620,0.030520,1.251220
3.514330,-0.001275,0.153134,-0.045420,-0.001275,0.153134,-0.045420,0.396730,0.061040,2.380370
3.524400,0.022661,0.128609,-0.039436,0.022661,0.128609,-0.039436,0.274660,0.030520,2.075200
3.534460,0.025016,0.122625,0.041398,0.025016,0.122625,0.041398,0.488280,-0.091550,1.007080
3.544530,-0.032471,0.099866,-0.025604,-0.032471,0.099866,-0.025604,0.335690,-0.274660,0.335690
3.554590,0.029234,0.037572,-0.118995,0.029234,0.037572,-0.118995,0.213620,-0.183110,0.335690
3.564660,0.011281,-0.148622,-0.038161,0.011281,-0.148622,-0.038161,0.061040,-0.244140,0.640870
3.574870,0.040025,-0.133024,-0.057389,0.040025,-0.133024,-0.057389,0.335690,-0.122070,1.434330
3.584800,-0.047971,-0.104280,0.039044,-0.047971,-0.104280,0.039044,0.305180,-0.427250,3.173830
3.594860,0.011281,-0.033648,0.056407,0.011281,-0.033648,0.056407,-0.274660,-0.396730,3.936770
3.604930,0.017266,0.101730,-0.008829,0.017266,0.101730,-0.008829,-0.061040,-0.152590,4.333500
3.614990,-0.014519,0.252019,0.062980,-0.014519,0.252019,0.062980,-0.030520,-0.183110,4.425050
3.625060,0.084268,0.190314,-0.080736,0.084268,0.190314,-0.080736,0.030520,-0.061040,4.211430
3.635120,0.089663,0.131650,-0.116641,0.089663,0.131650,-0.116641,-0.213620,0.091550,3.875730
3.645190,0.043556,0.089075,0.082796,0.043556,0.089075,0.082796,0.122070,-0.091550,4.150390
3.655250,0.137634,-0.015696,0.154606,0.137634,-0.015696,0.154606,0.335690,-0.061040,4.943850
3.665320,0.095648,-0.026487,0.056996,0.095648,-0.026487,0.056996,-0.152590,0.061040,5.706790
3.675390,0.073575,0.010693,0.018639,0.073575,0.010693,0.018639,-0.152590,0.000000,6.927490
3.685450,0.259769,0.307053,-0.005886,0.259769,0.307053,-0.005886,0.000000,0.152590,6.591800
3.695520,0.205225,0.276544,-0.049541,0.205225,0.276544,-0.049541,-0.396730,0.152590,5.615230
3.705580,0.228573,0.163337,-0.042968,0.228573,0.163337,-0.042968,-0.366210,0.152590,1.739500
3.715650,0.174716,0.111245,0.093489,0.174716,0.111245,0.093489,-0.274660,0.030520,0.549320
3.725710,0.137634,-0.134201,0.020503,0.137634,-0.134201,0.020503,0.091550,0.061040,-0.152590
3.735780,0.184330,-0.082110,-0.077107,0.184330,-0.082110,-0.077107,0.488280,-0.061040,0.335690
3.745850,0.089075,-0.352768,0.027664,0.089075,-0.352768,0.027664,0.427250,0.000000,2.105710
3.755910,0.072300,-0.368954,-0.024427,0.072300,-0.368954,-0.024427,0.396730,-0.274660,3.540040
3.765980,0.027468,-0.267126,0.102514,0.027468,-0.267126,0.102514,0.610350,-0.061040,4.882810
3.776100,0.124391,-0.147444,-0.060332,0.124391,-0.147444,-0.060332,0.183110,0.030520,5.981450
3.786110,0.069357,-0.112619,-0.114287,0.069357,-0.112619,-0.114287,-0.152590,0.061040,5.828860
3.796180,0.145384,-0.092901,-0.033452,0.145384,-0.092901,-0.033452,0.061040,-0.030520,6.713870
3.806240,0.102907,0.016088,0.059351,0.102907,0.016088,0.059351,0.244140,0.152590,7.171630
3.816300,0.147150,0.016677,-0.090252,0.147150,0.016677,-0.090252,-0.183110,0.396730,6.927490
3.826380,0.108302,-0.010889,0.025898,0.108302,-0.010889,0.025898,0.030520,0.213620,6.744380
3.836440,0.211209,0.177169,0.009712,0.211209,0.177169,0.009712,-0.091550,0.244140,6.225590
3.846510,0.107027,0.252019,-0.016677,0.107027,0.252019,-0.016677,-0.091550,0.091550,4.180910
3.856570,0.083091,0.221412,0.089369,0.083091,0.221412,0.089369,0.122070,-0.152590,2.899170
3.866640,-0.133024,0.063373,0.058173,-0.133024,0.063373,0.058173,0.030520,0.000000,0.793460
3.876710,0.019031,-0.115660,-0.069945,0.019031,-0.115660,-0.069945,-0.274660,0.183110,0.549320
3.886770,-0.041987,-0.059939,-0.095059,-0.041987,-0.059939,-0.095059,0.213620,0.152590,2.014160
3.896840,0.040613,-0.065923,-0.077695,0.040613,-0.065923,-0.077695,-0.091550,0.152590,2.532960
3.906900,-0.062980,-0.046794,-0.034629,-0.062980,-0.046794,-0.034629,-0.061040,-0.244140,2.929690
3.916970,0.090939,0.005297,0.007946,0.090939,0.005297,0.007946,-0.183110,-0.122070,2.899170
3.927040,0.162159,0.254373,-0.042379,0.162159,0.254373,-0.042379,-0.152590,0.030520,2.349850
3.937100,0.087309,-0.026487,-0.017266,0.087309,-0.026487,-0.017266,-0.427250,-0.061040,0.640870
3.947170,0.107616,0.059154,-0.016677,0.107616,0.059154,-0.016677,-0.305180,-0.030520,0.885010
3.957240,0.025604,0.048952,0.030019,0.025604,0.048952,0.030019,-0.396730,0.091550,2.380370
3.967320,0.150780,-0.195317,-0.214250,0.150780,-0.195317,-0.214250,-0.152590,-0.091550,3.631590
3.977390,0.087309,-0.091724,-0.081914,0.087309,-0.091724,-0.081914,-0.457760,-0.091550,5.218510
3.987440,0.250744,-0.027664,-0.086132,0.250744,-0.027664,-0.086132,-0.335690,-0.030520,7.415770
3.997510,0.177757,0.120859,0.111442,0.177757,0.120859,0.111442,-0.427250,0.122070,7.995610
4.007570,0.196887,0.293908,0.116837,0.196887,0.293908,0.116837,-0.213620,0.030520,8.880620
4.017640,0.227984,0.315490,0.016285,0.227984,0.315490,0.016285,0.274660,0.152590,9.368900
4.027700,0.240541,0.205912,-0.020209,0.240541,0.205912,-0.020209,-0.427250,0.183110,8.178710
4.037770,0.211798,0.301069,0.043851,0.211798,0.301069,0.043851,-0.488280,0.152590,6.988530
4.047830,0.308819,0.523854,0.064157,0.308819,0.523854,0.064157,0.396730,0.091550,5.615230
4.057900,0.101632,0.432229,0.021092,0.101632,0.432229,0.021092,-0.122070,0.061040,2.166750
4.067970,0.129198,0.352571,0.015107,0.129198,0.352571,0.015107,0.091550,0.000000,1.281740
4.078030,0.028057,0.042968,-0.137634,0.028057,0.042968,-0.137634,0.518800,0.000000,-0.274660
4.088100,-0.057585,-0.006082,-0.033452,-0.057585,-0.006082,-0.033452,0.061040,0.061040,-0.213620
4.098190,-0.174324,-0.195906,0.082110,-0.174324,-0.195906,0.082110,0.061040,0.000000,2.197270
4.108230,-0.201301,-0.326379,-0.040613,-0.201301,-0.326379,-0.040613,0.274660,-0.122070,3.814700
4.118300,-0.217488,-0.419181,-0.179523,-0.217488,-0.419181,-0.179523,0.274660,0.030520,5.584720
4.128500,-0.234851,-0.160590,0.013930,-0.234851,-0.160590,0.013930,0.305180,0.091550,8.697510
4.138460,-0.171969,-0.021092,0.024035,-0.171969,-0.021092,0.024035,0.183110,-0.244140,9.033200
4.148520,-0.221019,-0.045028,0.018050,-0.221019,-0.045028,0.018050,-0.091550,-0.122070,8.941650
4.158670,-0.135476,-0.091135,-0.156175,-0.135476,-0.091135,-0.156175,-0.335690,-0.213620,6.958010
4.168730,-0.149799,-0.053366,-0.193257,-0.149799,-0.053366,-0.193257,0.122070,-0.427250,3.265380
4.178820,-0.173147,0.330401,0.006082,-0.173147,0.330401,0.006082,-0.091550,-0.274660,1.403810
4.188850,-0.225826,0.284294,-0.066904,-0.225826,0.284294,-0.066904,0.091550,-0.152590,-0.335690
4.198920,-0.236029,0.131062,0.065433,-0.236029,0.131062,0.065433,0.183110,-0.335690,-3.540040
4.208980,-0.416238,-0.053955,-0.046009,-0.416238,-0.053955,-0.046009,0.183110,-0.244140,-3.356930
4.219050,-0.292927,-0.325790,-0.028057,-0.292927,-0.325790,-0.028057,-0.244140,-0.274660,-1.617430
4.229120,-0.408488,-0.378470,0.037867,-0.408488,-0.378470,0.037867,-0.457760,-0.213620,-1.190190
4.239260,-0.322847,-0.260554,-0.092116,-0.322847,-0.260554,-0.092116,0.610350,-0.488280,0.885010
4.249280,-0.331186,-0.064157,0.061803,-0.331186,-0.064157,0.061803,0.152590,-0.274660,1.739500
4.259340,-0.273110,-0.079167,-0.025016,-0.273110,-0.079167,-0.025016,0.030520,-0.244140,3.051760
4.269460,-0.092312,0.266930,-0.077695,-0.092312,0.266930,-0.077695,-0.152590,0.122070,2.899170
4.279470,0.081914,0.447140,-0.060920,0.081914,0.447140,-0.060920,-0.152590,0.152590,1.373290
4.289560,-0.015107,0.397501,0.034237,-0.015107,0.397501,0.034237,-0.152590,-0.030520,-2.777100
4.299600,0.058566,0.391517,-0.012459,0.058566,0.391517,-0.012459,-0.122070,-0.366210,-4.791260
4.309810,0.157941,0.204048,-0.053170,0.157941,0.204048,-0.053170,0.000000,-0.030520,-8.331300
4.319910,0.045420,-0.091135,0.015107,0.045420,-0.091135,0.015107,-0.152590,-0.091550,-8.850100
4.329840,0.055525,-0.196494,-0.005297,0.055525,-0.196494,-0.005297,0.305180,0.061040,-8.483890
4.339900,-0.053955,-0.331774,0.060037,-0.053955,-0.331774,0.060037,-0.030520,0.000000,-6.561280
4.349970,0.034629,-0.255747,-0.019620,0.034629,-0.255747,-0.019620,0.671390,-0.030520,-5.218510
4.360030,0.087309,-0.188744,0.109676,0.087309,-0.188744,0.109676,0.061040,-0.030520,-3.326420
4.370110,0.173539,-0.013244,0.022269,0.173539,-0.013244,0.022269,0.152590,-0.030520,-3.387450
4.380200,0.153134,-0.022857,0.036689,0.153134,-0.022857,0.036689,0.091550,-0.122070,-3.967290
4.390230,0.253785,-0.052778,-0.091527,0.253785,-0.052778,-0.091527,0.183110,-0.030520,-4.119870
4.400300,0.177071,-0.058762,0.063569,0.177071,-0.058762,0.063569,0.122070,0.122070,-4.730220
4.410370,0.284294,-0.130081,-0.113600,0.284294,-0.130081,-0.113600,0.183110,-0.030520,-5.432130
4.420430,0.185507,-0.263595,0.125274,0.185507,-0.263595,0.125274,0.549320,-0.274660,-5.798340
4.430500,0.184918,-0.334227,-0.008240,0.184918,-0.334227,-0.008240,0.335690,-0.183110,-4.058840
4.440560,0.133416,-0.191099,0.104280,0.133416,-0.191099,0.104280,0.000000,0.000000,-3.051760
4.450800,0.239953,-0.362381,-0.080736,0.239953,-0.362381,-0.080736,-0.030520,0.244140,-2.044680
4.460830,0.248389,-0.036003,-0.010693,0.248389,-0.036003,-0.010693,0.213620,0.213620,-1.708980
4.470790,0.121448,-0.019228,0.156371,0.121448,-0.019228,0.156371,0.244140,0.091550,-1.800540
4.480860,0.208266,-0.107321,0.067787,0.208266,-0.107321,0.067787,-0.335690,0.061040,-2.349850
4.490920,0.295673,0.029822,0.003139,0.295673,0.029822,0.003139,0.366210,0.335690,-2.563480
4.501000,0.218469,-0.051012,0.003139,0.218469,-0.051012,0.003139,0.091550,-0.183110,-2.746580
4.511060,0.184918,-0.134201,-0.077107,0.184918,-0.134201,-0.077107,-0.030520,-0.152590,-3.143310
4.521120,0.116641,-0.066610,0.025310,0.116641,-0.066610,0.025310,0.274660,-0.244140,-3.326420
4.531190,0.162159,0.054936,0.031294,0.162159,0.054936,0.031294,0.366210,-0.183110,-3.448490
4.541280,0.238187,0.296851,-0.049541,0.238187,0.296851,-0.049541,0.366210,-0.061040,-2.960210
4.551320,0.254373,0.244171,-0.084857,0.254373,0.244171,-0.084857,0.183110,0.122070,-3.601070
4.561390,0.160982,0.258003,-0.044145,0.160982,0.258003,-0.044145,0.396730,-0.122070,-4.211430
4.571450,0.291455,0.213662,-0.115464,0.291455,0.213662,-0.115464,0.396730,0.091550,-5.981450
4.581550,0.120859,0.053759,0.039044,0.120859,0.053759,0.039044,0.366210,-0.030520,-6.866460
4.591590,0.109480,0.019031,-0.059743,0.109480,0.019031,-0.059743,0.122070,0.030520,-6.591800
4.601650,0.065138,-0.052778,0.009712,0.065138,-0.052778,0.009712,0.030520,-0.030520,-5.645750
4.611720,0.036395,-0.013832,-0.060920,0.036395,-0.013832,-0.060920,0.152590,0.152590,-6.164550
4.621780,-0.019914,0.145384,-0.052582,-0.019914,0.145384,-0.052582,-0.213620,0.061040,-5.249020
4.631850,0.035218,0.068180,-0.108302,0.035218,0.068180,-0.108302,0.000000,-0.091550,-5.035400
4.641920,0.023838,0.183153,0.001962,0.023838,0.183153,0.001962,0.305180,-0.061040,-5.157470
4.651980,-0.007946,0.228671,0.006082,-0.007946,0.228671,0.006082,-0.091550,-0.122070,-5.645750
4.662050,0.053759,0.212485,-0.059743,0.053759,0.212485,-0.059743,-0.122070,-0.030520,-6.073000
4.672110,-0.124685,0.269383,0.112717,-0.124685,0.269383,0.112717,0.244140,-0.152590,-8.514400
4.682180,-0.121644,0.246035,-0.032177,-0.121644,0.246035,-0.032177,-0.366210,0.122070,-9.094240
4.692240,-0.236617,0.165200,0.197672,-0.236617,0.165200,0.197672,-0.518800,0.122070,-9.765620
4.702310,0.034041,0.149602,-0.251921,0.034041,0.149602,-0.251921,0.396730,0.366210,-10.375980
4.712380,-0.083974,0.071123,-0.054936,-0.083974,0.071123,-0.054936,-0.579830,0.091550,-12.023930
4.722440,-0.152840,-0.089958,-0.084268,-0.152840,-0.089958,-0.084268,-0.701900,0.396730,-12.512210
4.732510,-0.201301,0.011870,-0.075929,-0.201301,0.011870,-0.075929,-0.488280,0.152590,-11.535640
4.742570,-0.214447,-0.112030,-0.110657,-0.214447,-0.112030,-0.110657,0.152590,-0.122070,-11.474610
4.752640,-0.274386,-0.113894,0.053366,-0.274386,-0.113894,0.053366,-0.427250,0.183110,-10.681150
4.762710,-0.232399,-0.037180,-0.114875,-0.232399,-0.037180,-0.114875,0.000000,0.030520,-10.345460
4.772770,-0.289886,0.096334,0.059351,-0.289886,0.096334,0.059351,0.335690,-0.183110,-10.070800
4.782860,-0.152153,0.200516,0.079755,-0.152153,0.200516,0.079755,0.488280,-0.091550,-9.826660
4.792910,-0.217488,0.128021,0.055819,-0.217488,0.128021,0.055819,-0.061040,-0.183110,-10.101320
4.802970,-0.206108,0.220823,0.040221,-0.206108,0.220823,0.040221,-0.183110,0.000000,-9.277340
4.813040,-0.222883,0.051404,0.169615,-0.222883,0.051404,0.169615,0.305180,-0.305180,-8.239750
4.823120,-0.119878,-0.031883,0.133024,-0.119878,-0.031883,0.133024,0.213620,-0.305180,-8.239750
4.833180,-0.133024,-0.137830,-0.099866,-0.133024,-0.137830,-0.099866,0.183110,-0.030520,-7.507320
4.843240,-0.152153,-0.113306,0.120467,-0.152153,-0.113306,0.120467,0.488280,-0.427250,-7.202150
4.853310,0.013047,-0.031883,0.048069,0.013047,-0.031883,0.048069,0.488280,-0.274660,-6.225590
4.863370,0.057977,0.035807,0.031294,0.057977,0.035807,0.031294,0.427250,-0.305180,-6.530760
4.873450,0.078284,-0.018050,0.025898,0.078284,-0.018050,0.025898,0.244140,-0.122070,-6.713870
4.883510,0.148425,-0.168340,-0.136359,0.148425,-0.168340,-0.136359,-0.152590,0.122070,-6.256100
4.893570,0.185507,-0.118701,0.019326,0.185507,-0.118701,0.019326,0.457760,-0.030520,-6.317140
4.903650,0.164514,-0.130081,0.038455,0.164514,-0.130081,0.038455,0.122070,-0.122070,-7.019040
4.913700,0.306464,-0.199535,-0.177071,0.306464,-0.199535,-0.177071,-0.488280,-0.030520,-6.744380
4.923770,0.068768,-0.402504,0.081521,0.068768,-0.402504,0.081521,0.152590,-0.061040,-4.394530
4.933840,0.124391,-0.135378,-0.024427,0.124391,-0.135378,-0.024427,0.091550,-0.061040,-3.417970
4.943900,0.207089,-0.104280,-0.078872,0.207089,-0.104280,-0.078872,0.244140,-0.061040,-2.319340
4.953970,0.264576,0.029822,-0.012459,0.264576,0.029822,-0.012459,0.183110,0.000000,-1.312260
4.964030,0.267519,0.198653,0.003728,0.267519,0.198653,0.003728,0.701900,-0.122070,-1.464840
4.974100,0.248389,-0.035414,0.044439,0.248389,-0.035414,0.044439,0.335690,0.030520,-0.915530
4.984180,0.331578,-0.019228,0.013930,0.331578,-0.019228,0.013930,0.152590,0.152590,-1.739500
4.994240,0.275955,-0.077303,-0.036984,0.275955,-0.077303,-0.036984,-0.579830,0.122070,-4.791260
5.004330,0.306464,-0.150387,-0.105261,0.306464,-0.150387,-0.105261,-0.396730,0.305180,-4.577640
5.014380,0.380726,0.041202,-0.046598,0.380726,0.041202,-0.046598,-0.518800,0.061040,-4.669190
5.024440,0.495699,0.123802,-0.126843,0.495699,0.123802,-0.126843,-0.732420,0.640870,-5.584720
5.034510,0.293908,-0.089958,-0.140577,0.293908,-0.089958,-0.140577,-0.457760,0.122070,-5.889890
5.044580,0.065727,0.063373,0.097708,0.065727,0.063373,0.097708,-0.122070,-0.549320,-5.126950
5.054640,0.213073,-0.068376,-0.068180,0.213073,-0.068376,-0.068180,0.213620,-0.091550,-4.333500
5.064710,0.138223,-0.021680,0.015696,0.138223,-0.021680,0.015696,0.000000,-0.213620,-3.143310
5.074770,0.225041,-0.113894,-0.160982,0.225041,-0.113894,-0.160982,-0.091550,-0.274660,-3.295900
5.084840,0.063961,-0.017462,0.108499,0.063961,-0.017462,0.108499,0.122070,-0.579830,-3.906250
5.094900,0.029234,0.020209,0.100749,0.029234,0.020209,0.100749,0.457760,-0.305180,-4.180910
5.104970,0.042379,0.081325,0.061214,0.042379,0.081325,0.061214,-0.091550,0.244140,-4.821780
5.115040,0.031588,-0.022269,-0.062195,0.031588,-0.022269,-0.062195,-0.122070,-0.305180,-6.652830
5.125100,0.027468,-0.071319,-0.042379,0.027468,-0.071319,-0.042379,-0.488280,-0.213620,-7.232670
5.135170,0.163925,0.013636,-0.167555,0.163925,0.013636,-0.167555,-0.122070,-0.305180,-11.077880
5.145240,0.151368,0.174716,0.021092,0.151368,0.174716,0.021092,0.061040,-0.549320,-14.404300
5.155310,0.080736,0.070534,0.007259,0.080736,0.070534,0.007259,0.122070,-0.274660,-17.822270
5.165400,-0.022857,-0.093489,-0.086132,-0.022857,-0.093489,-0.086132,-0.274660,-0.061040,-21.789550
5.175450,-0.109087,-0.113306,-0.029822,-0.109087,-0.113306,-0.029822,0.488280,-0.274660,-22.338870
5.185530,-0.285079,-0.294104,0.074948,-0.285079,-0.294104,0.074948,0.152590,-0.396730,-21.484380
5.195580,-0.185703,-0.234263,-0.050129,-0.185703,-0.234263,-0.050129,0.274660,-0.396730,-20.690920
5.205650,-0.158824,-0.110264,-0.080736,-0.158824,-0.110264,-0.080736,0.061040,-0.732420,-19.744870
5.215710,-0.175501,0.008927,0.033648,-0.175501,0.008927,0.033648,0.366210,-0.549320,-19.439700
5.225780,-0.083974,-0.031883,-0.087309,-0.083974,-0.031883,-0.087309,0.274660,-0.427250,-20.111080
5.235840,-0.143226,-0.027664,-0.082502,-0.143226,-0.027664,-0.082502,0.183110,-0.427250,-20.660400
5.245960,-0.246820,-0.046794,0.081521,-0.246820,-0.046794,0.081521,0.274660,-0.518800,-20.416260
5.256070,-0.152153,-0.049835,-0.072888,-0.152153,-0.049835,-0.072888,0.366210,-0.274660,-18.829350
5.266070,-0.207285,0.018443,0.037278,-0.207285,0.018443,0.037278,0.885010,-0.610350,-18.188480
5.276210,-0.232988,-0.012655,0.048658,-0.232988,-0.012655,0.048658,0.854490,-0.549320,-16.693120
5.286210,-0.177953,0.032275,-0.075929,-0.177953,0.032275,-0.075929,0.915530,-0.457760,-16.296390
5.296270,-0.144403,0.113109,0.062980,-0.144403,0.113109,0.062980,0.793460,-0.305180,-15.411380
5.306340,-0.159413,0.120271,0.115660,-0.159413,0.120271,0.115660,1.007080,-0.457760,-13.977050
5.316400,-0.072005,0.107027,-0.139989,-0.072005,0.107027,-0.139989,0.701900,-0.274660,-13.397220
5.326570,-0.133612,0.086132,-0.059154,-0.133612,0.086132,-0.059154,0.122070,-0.061040,-11.932370
5.336560,-0.234851,-0.016285,0.125274,-0.234851,-0.016285,0.125274,0.457760,0.061040,-11.047360
5.346760,-0.238972,0.034629,-0.010104,-0.238972,0.034629,-0.010104,-0.152590,0.518800,-9.033200
5.356820,-0.219253,-0.163533,-0.002845,-0.219253,-0.163533,-0.002845,-0.213620,0.671390,-7.720950
5.366790,-0.291063,-0.203656,-0.045420,-0.291063,-0.203656,-0.045420,-0.152590,0.518800,-6.195070
5.376990,-0.249174,-0.230044,0.040810,-0.249174,-0.230044,0.040810,0.061040,0.549320,-3.387450
5.386920,-0.296458,-0.112030,0.076714,-0.296458,-0.112030,0.076714,-0.213620,0.396730,-2.441410
5.397080,-0.251627,-0.119878,-0.051404,-0.251627,-0.119878,-0.051404,0.213620,0.701900,0.274660
5.407110,-0.167751,-0.121644,-0.044145,-0.167751,-0.121644,-0.044145,0.000000,0.732420,1.220700
5.417170,-0.156371,-0.013832,0.064746,-0.156371,-0.013832,0.064746,0.274660,0.427250,1.647950
5.427240,-0.095942,-0.083974,0.134888,-0.095942,-0.083974,0.134888,0.518800,0.549320,1.556400
5.437310,0.053759,-0.136065,-0.114287,0.053759,-0.136065,-0.114287,0.122070,0.762940,0.732420
5.447760,-0.049835,-0.182172,0.104869,-0.049835,-0.182172,0.104869,0.671390,0.183110,-0.701900
5.457790,0.002256,-0.112030,-0.050816,0.002256,-0.112030,-0.050816,0.640870,0.610350,-0.671390
5.467770,0.057977,-0.052778,-0.051993,0.057977,-0.052778,-0.051993,0.183110,0.518800,-2.899170
5.477830,-0.019914,0.043654,0.059351,-0.019914,0.043654,0.059351,0.274660,0.152590,-2.349850
5.487910,-0.077990,0.080148,0.111442,-0.077990,0.080148,0.111442,0.701900,-0.183110,-2.716060
5.497970,0.121448,0.074164,-0.138812,0.121448,0.074164,-0.138812,0.579830,0.274660,-2.807620
5.508030,0.132239,0.041791,-0.108302,0.132239,0.041791,-0.108302,0.488280,0.152590,-3.967290
5.518100,0.171086,-0.089271,-0.071711,0.171086,-0.089271,-0.071711,0.213620,-0.274660,-4.913330
5.528160,0.042379,-0.028253,-0.029234,0.042379,-0.028253,-0.029234,0.061040,-0.335690,-5.767820
5.538230,0.066904,-0.066610,0.010301,0.066904,-0.066610,0.010301,-0.427250,0.183110,-5.859380
5.548290,0.060332,-0.115071,0.056996,0.060332,-0.115071,0.056996,-0.152590,-0.183110,-4.913330
5.558360,0.132239,-0.030607,-0.032177,0.132239,-0.030607,-0.032177,0.000000,0.030520,-5.371090
5.568430,0.290867,0.059743,-0.022072,0.290867,0.059743,-0.022072,-0.518800,0.061040,-5.645750
5.578800,0.236421,0.095746,-0.019620,0.236421,0.095746,-0.019620,0.183110,-0.122070,-5.889890
5.588830,0.242405,-0.110853,-0.017266,0.242405,-0.110853,-0.017266,-0.427250,0.061040,-8.361820
5.598900,0.005297,-0.152153,0.401916,0.005297,-0.152153,0.401916,-0.946040,0.061040,-9.307860
5.608970,0.159707,-0.156960,-0.019620,0.159707,-0.156960,-0.019620,0.427250,0.000000,-8.697510
5.619030,0.200516,-0.112030,-0.130375,0.200516,-0.112030,-0.130375,0.579830,0.000000,-7.781980
5.629100,0.216016,-0.030019,0.016285,0.216016,-0.030019,0.016285,0.366210,0.030520,-7.781980
5.639180,0.292044,-0.003728,-0.083091,0.292044,-0.003728,-0.083091,0.488280,-0.152590,-7.263180
5.649230,0.159118,-0.016285,0.001962,0.159118,-0.016285,0.001962,0.152590,0.091550,-7.354740
5.659300,0.308819,-0.123410,-0.121448,0.308819,-0.123410,-0.121448,-0.274660,-0.274660,-8.056640
5.669360,0.178934,-0.195906,-0.035218,0.178934,-0.195906,-0.035218,0.061040,-0.305180,-8.392330
5.679430,0.281939,-0.234851,-0.082502,0.281939,-0.234851,-0.082502,0.030520,-0.122070,-8.636470
5.689500,0.220235,-0.189333,0.023446,0.220235,-0.189333,0.023446,-0.183110,-0.335690,-8.789060
5.699560,0.239953,-0.118014,0.013930,0.239953,-0.118014,0.013930,0.366210,-0.091550,-9.429930
5.709630,0.270560,0.133416,0.097708,0.270560,0.133416,0.097708,0.030520,0.061040,-9.887700
5.719700,0.309996,0.138812,0.068376,0.309996,0.138812,0.068376,0.244140,-0.305180,-9.918210
5.729760,0.338151,0.249566,0.041398,0.338151,0.249566,0.041398,0.213620,0.152590,-10.131840
5.739850,0.213662,0.115464,0.007259,0.213662,0.115464,0.007259,-0.152590,-0.305180,-10.437010
5.749900,0.101043,0.102907,0.008535,0.101043,0.102907,0.008535,0.091550,-0.274660,-9.918210
5.759970,0.026781,0.093882,-0.038848,0.026781,0.093882,-0.038848,0.457760,-0.549320,-9.918210
5.770030,-0.009712,0.067002,-0.019031,-0.009712,0.067002,-0.019031,-0.579830,0.091550,-9.857180
5.780130,0.043556,0.099866,-0.159118,0.043556,0.099866,-0.159118,0.030520,-0.183110,-9.979250
5.790170,-0.057585,0.022072,-0.035807,-0.057585,0.022072,-0.035807,0.213620,-0.335690,-9.674070
5.800240,-0.022857,0.087309,-0.044145,-0.022857,0.087309,-0.044145,0.579830,-0.183110,-9.124760
5.810300,-0.095353,0.122036,0.045616,-0.095353,0.122036,0.045616,0.183110,0.030520,-8.911130
5.820380,-0.056996,0.019031,0.001275,-0.056996,0.019031,0.001275,0.976560,-0.427250,-8.758540
5.830440,-0.025898,0.058566,-0.071123,-0.025898,0.058566,-0.071123,0.610350,-0.091550,-8.819580
5.840500,-0.052189,0.035218,-0.055525,-0.052189,0.035218,-0.055525,0.335690,-0.213620,-8.911130
5.850570,0.006475,-0.031883,-0.202282,0.006475,-0.031883,-0.202282,0.305180,-0.122070,-9.094240
5.860630,0.025016,0.089075,-0.063961,0.025016,0.089075,-0.063961,0.366210,-0.396730,-9.033200
5.870720,0.016677,0.168732,0.002551,0.016677,0.168732,0.002551,0.488280,-0.366210,-9.246830
5.880770,-0.029430,0.205912,0.092312,-0.029430,0.205912,0.092312,0.366210,-0.518800,-10.040280
5.890840,-0.067199,0.237598,-0.021484,-0.067199,0.237598,-0.021484,0.579830,-0.305180,-9.338380
5.900900,-0.174912,0.186684,0.023446,-0.174912,0.186684,0.023446,0.427250,-0.640870,-8.819580
5.910970,-0.094078,0.211896,-0.053759,-0.094078,0.211896,-0.053759,0.701900,-0.579830,-7.904050
5.921030,-0.082698,0.405840,0.074360,-0.082698,0.405840,0.074360,0.457760,-0.366210,-7.965090
5.931100,-0.096530,0.335208,0.066021,-0.096530,0.335208,0.066021,0.518800,-0.152590,-8.544920
5.941170,-0.203656,-0.086917,0.137242,-0.203656,-0.086917,0.137242,0.183110,-0.061040,-8.728030
5.951230,-0.204244,0.087898,-0.046009,-0.204244,0.087898,-0.046009,0.823970,-0.579830,-8.789060
5.961300,-0.037867,0.224453,-0.093293,-0.037867,0.224453,-0.093293,0.701900,-0.305180,-8.575440
5.971370,-0.159413,0.093882,0.051601,-0.159413,0.093882,0.051601,0.396730,-0.335690,-8.422850
5.981460,-0.168928,0.162748,0.068376,-0.168928,0.162748,0.068376,0.518800,-0.091550,-8.239750
5.991500,-0.037278,0.086720,-0.028057,-0.037278,0.086720,-0.028057,0.701900,-0.274660,-8.270260
6.002050,-0.106733,-0.042575,-0.024427,-0.106733,-0.042575,-0.024427,0.244140,0.091550,-7.995610
6.011890,-0.127628,-0.039044,0.022857,-0.127628,-0.039044,0.022857,0.152590,-0.152590,-8.087160
6.021950,-0.032471,-0.045616,-0.046009,-0.032471,-0.045616,-0.046009,0.152590,-0.396730,-7.873540
6.032000,-0.188156,-0.081521,-0.077107,-0.188156,-0.081521,-0.077107,0.488280,-0.762940,-7.415770
6.042230,-0.293515,-0.241424,0.019914,-0.293515,-0.241424,0.019914,-0.122070,-0.671390,-7.537840
6.052320,-0.298911,-0.130669,0.091135,-0.298911,-0.130669,0.091135,0.183110,-0.518800,-5.737300
6.062340,-0.308426,-0.194728,0.101926,-0.308426,-0.194728,0.101926,0.457760,-0.579830,-5.126950
6.072280,-0.264772,-0.255158,0.022857,-0.264772,-0.255158,0.022857,0.793460,-0.610350,-4.302980
6.082380,-0.242013,-0.161178,-0.071711,-0.242013,-0.161178,-0.071711,0.152590,-0.427250,-2.929690
6.092390,-0.285765,-0.148622,-0.001079,-0.285765,-0.148622,-0.001079,0.122070,-0.335690,-1.708980
6.102450,-0.299499,-0.086917,-0.001079,-0.299499,-0.086917,-0.001079,-0.152590,-0.030520,-0.549320
6.112530,-0.296458,-0.086328,-0.008240,-0.296458,-0.086328,-0.008240,-0.061040,0.366210,0.122070
6.122590,-0.377881,-0.121644,0.131846,-0.377881,-0.121644,0.131846,-0.488280,0.610350,0.885010
6.132780,-0.213858,0.044832,-0.023250,-0.213858,0.044832,-0.023250,-0.427250,0.579830,1.739500
6.142740,-0.175501,-0.016285,-0.030411,-0.175501,-0.016285,-0.030411,-0.579830,0.183110,2.288820
6.152790,-0.074948,0.093882,0.068964,-0.074948,0.093882,0.068964,0.213620,0.213620,4.272460
6.162870,-0.012655,0.057389,-0.010693,-0.012655,0.057389,-0.010693,0.091550,0.213620,4.669190
6.172940,-0.004905,0.052582,-0.060920,-0.004905,0.052582,-0.060920,0.061040,0.366210,4.882810
6.183030,-0.015107,0.062195,0.057585,-0.015107,0.062195,0.057585,0.091550,-0.061040,5.554200
6.193070,0.069945,0.020209,-0.027468,0.069945,0.020209,-0.027468,0.640870,-0.061040,7.568360
6.203130,0.156764,-0.015107,0.094765,0.156764,-0.015107,0.094765,0.823970,-0.030520,8.789060
6.213200,0.232203,0.077107,-0.027468,0.232203,0.077107,-0.027468,0.244140,0.335690,9.521480
6.223260,0.232791,0.114287,0.021092,0.232791,0.114287,0.021092,-0.091550,0.640870,8.422850
6.233330,0.277133,0.139400,0.033648,0.277133,0.139400,0.033648,-0.030520,0.274660,7.965090
6.243390,0.345410,0.174127,-0.063961,0.345410,0.174127,-0.063961,0.030520,0.152590,7.934570
6.253460,0.295085,0.185507,-0.045420,0.295085,0.185507,-0.045420,0.061040,0.183110,7.690430
6.263530,0.298028,0.218469,0.007946,0.298028,0.218469,0.007946,0.579830,-0.305180,6.988530
6.273590,0.165789,0.075341,0.021680,0.165789,0.075341,0.021680,0.061040,-0.305180,5.828860
6.283680,0.126255,0.194532,0.029430,0.126255,0.194532,0.029430,-0.152590,-0.183110,4.638670
6.293730,0.105261,0.123802,-0.068768,0.105261,0.123802,-0.068768,0.488280,-0.335690,3.662110
6.303790,0.070534,0.246035,0.054053,0.070534,0.246035,0.054053,0.518800,-0.366210,1.708980
6.313860,0.053170,0.204048,-0.041791,0.053170,0.204048,-0.041791,-0.152590,-0.061040,-0.213620
6.324060,-0.049246,0.185507,-0.026781,-0.049246,0.185507,-0.026781,0.213620,-0.335690,-1.678470
6.334020,-0.176188,0.110657,0.058173,-0.176188,0.110657,0.058173,0.640870,-0.274660,-3.997800
6.344070,-0.124096,0.033452,-0.005297,-0.124096,0.033452,-0.005297,0.488280,-0.457760,-5.462650
6.354220,-0.127039,0.113109,-0.014224,-0.127039,0.113109,-0.014224,0.061040,-0.396730,-6.134030
6.364210,-0.048658,0.104084,-0.034629,-0.048658,0.104084,-0.034629,-0.061040,-0.213620,-7.751460
6.374300,-0.099473,-0.066610,-0.106439,-0.099473,-0.066610,-0.106439,0.091550,-0.335690,-8.514400
6.384370,-0.193551,0.013636,0.104869,-0.193551,0.013636,0.104869,0.213620,0.030520,-9.765620
6.394560,-0.154606,0.043654,-0.104673,-0.154606,0.043654,-0.104673,0.030520,0.000000,-9.796140
6.404610,-0.162944,0.025016,-0.089075,-0.162944,0.025016,-0.089075,0.030520,0.152590,-9.063720
6.414580,-0.337856,-0.018050,-0.011870,-0.337856,-0.018050,-0.011870,0.244140,0.183110,-8.453370
6.424650,-0.270167,0.101043,-0.002845,-0.270167,0.101043,-0.002845,0.488280,0.030520,-7.537840
6.434710,-0.321081,-0.007259,0.039632,-0.321081,-0.007259,0.039632,0.213620,0.030520,-6.347660
6.444780,-0.128805,-0.004905,-0.046598,-0.128805,-0.004905,-0.046598,-0.030520,-0.030520,-5.615230
6.454840,-0.139008,0.042968,-0.123802,-0.139008,0.042968,-0.123802,0.183110,-0.152590,-6.927490
6.464910,-0.155194,-0.047971,0.036003,-0.155194,-0.047971,0.036003,0.579830,-0.091550,-7.324220
6.475000,-0.150976,0.010104,0.095942,-0.150976,0.010104,0.095942,0.671390,0.061040,-6.805420
6.485050,-0.060626,-0.109087,-0.123802,-0.060626,-0.109087,-0.123802,0.640870,0.000000,-5.187990
6.495110,-0.137830,-0.032471,0.027076,-0.137830,-0.032471,0.027076,0.579830,-0.091550,-4.150390
6.505180,-0.329420,-0.039044,-0.014224,-0.329420,-0.039044,-0.014224,0.244140,0.091550,-1.922610
6.515250,-0.319217,0.067591,0.016873,-0.319217,0.067591,0.016873,0.793460,0.030520,-0.762940
6.525310,-0.252215,0.082502,-0.042968,-0.252215,0.082502,-0.042968,0.366210,-0.366210,1.251220
6.535380,-0.246231,-0.075537,-0.075929,-0.246231,-0.075537,-0.075929,0.518800,-0.030520,2.258300
6.545440,-0.311468,-0.177365,-0.086720,-0.311468,-0.177365,-0.086720,0.335690,-0.274660,3.509520
6.555520,-0.288708,0.018443,0.078578,-0.288708,0.018443,0.078578,0.579830,-0.335690,5.401610
6.566680,-0.154606,0.000491,-0.047775,-0.154606,0.000491,-0.047775,0.488280,-0.305180,7.080080
6.578960,-0.171381,-0.037180,-0.049541,-0.171381,-0.037180,-0.049541,0.488280,-0.122070,8.850100
6.589030,-0.251627,-0.015696,-0.038161,-0.251627,-0.015696,-0.038161,0.427250,-0.396730,9.216310
6.599120,-0.215035,-0.017462,-0.032177,-0.215035,-0.017462,-0.032177,0.549320,-0.274660,10.314940
6.609220,-0.328243,-0.113306,0.019326,-0.328243,-0.113306,0.019326,0.152590,-0.244140,9.490970
6.619330,-0.377881,-0.167751,0.029430,-0.377881,-0.167751,0.029430,0.671390,-0.213620,7.751460
6.629410,-0.337170,-0.371309,-0.041202,-0.337170,-0.371309,-0.041202,0.305180,-0.305180,8.300780
6.639510,-0.328243,-0.352768,0.115071,-0.328243,-0.352768,0.115071,0.640870,-0.183110,9.429930
6.649610,-0.175501,-0.322259,-0.074752,-0.175501,-0.322259,-0.074752,0.732420,-0.122070,10.925290
6.659710,-0.243779,-0.271345,0.046794,-0.243779,-0.271345,0.046794,0.457760,-0.061040,10.772710
6.669640,-0.278506,-0.137242,-0.022072,-0.278506,-0.137242,-0.022072,0.152590,0.000000,9.765620
6.679380,-0.380334,-0.222197,-0.008829,-0.380334,-0.222197,-0.008829,0.152590,-0.030520,8.331300
6.689480,-0.436055,-0.185703,-0.084857,-0.436055,-0.185703,-0.084857,0.701900,-0.091550,6.530760
6.699560,-0.395932,-0.234851,0.022269,-0.395932,-0.234851,0.022269,0.091550,0.152590,5.859380
6.709650,-0.212092,-0.229456,-0.002845,-0.212092,-0.229456,-0.002845,0.213620,0.152590,5.737300
6.719740,-0.077401,-0.108499,-0.023838,-0.077401,-0.108499,-0.023838,0.701900,-0.152590,5.981450
6.729840,-0.042673,-0.037180,-0.004709,-0.042673,-0.037180,-0.004709,0.244140,0.000000,4.852290
6.739920,-0.070730,-0.007848,-0.037572,-0.070730,-0.007848,-0.037572,0.427250,-0.091550,2.410890
6.750020,-0.164808,-0.054544,0.046205,-0.164808,-0.054544,0.046205,0.213620,0.030520,1.373290
6.760110,-0.097708,-0.104869,-0.028057,-0.097708,-0.104869,-0.028057,0.335690,0.000000,-0.823970
6.770680,-0.015107,-0.078578,-0.023250,-0.015107,-0.078578,-0.023250,0.396730,-0.183110,-1.220700
6.781110,0.057389,0.017266,-0.020797,0.057389,0.017266,-0.020797,0.213620,-0.061040,-2.868650
6.791140,-0.029430,-0.096530,-0.065727,-0.029430,-0.096530,-0.065727,0.396730,-0.030520,-3.265380
6.801280,-0.192865,-0.157549,-0.028057,-0.192865,-0.157549,-0.028057,-0.061040,-0.091550,-3.967290
6.811330,-0.203656,-0.161767,-0.034041,-0.203656,-0.161767,-0.034041,0.427250,0.061040,-4.608150
6.821460,-0.322259,-0.143815,-0.035218,-0.322259,-0.143815,-0.035218,0.183110,0.122070,-5.340580
6.831530,-0.267126,-0.182760,-0.033452,-0.267126,-0.182760,-0.033452,-0.152590,0.152590,-3.906250
6.841630,-0.257022,-0.096530,0.009712,-0.257022,-0.096530,0.009712,0.244140,0.061040,-4.364010
6.851720,-0.138419,0.025604,-0.058566,-0.138419,0.025604,-0.058566,-0.457760,0.030520,-6.530760
6.861820,-0.046205,0.101730,0.011478,-0.046205,0.101730,0.011478,-0.061040,-0.122070,-7.690430
6.871760,0.110068,0.072300,0.022269,0.110068,0.072300,0.022269,-0.122070,0.061040,-7.812500
6.881500,0.071123,-0.024035,-0.033452,0.071123,-0.024035,-0.033452,-0.427250,0.030520,-7.476810
6.891580,-0.005494,0.031588,0.097708,-0.005494,0.031588,0.097708,-0.030520,0.000000,-6.622310
6.901680,0.028645,-0.083287,-0.017854,0.028645,-0.083287,-0.017854,0.213620,0.091550,-4.150390
6.911760,-0.080344,-0.045028,0.007259,-0.080344,-0.045028,0.007259,0.366210,0.152590,-3.112790
6.921850,-0.209051,-0.004905,-0.034629,-0.209051,-0.004905,-0.034629,0.213620,-0.152590,0.518800
6.931940,-0.242601,-0.043851,-0.026781,-0.242601,-0.043851,-0.026781,-0.244140,0.091550,2.380370
6.942030,-0.232399,-0.068376,-0.057389,-0.232399,-0.068376,-0.057389,-0.152590,0.244140,3.875730
6.952120,-0.150976,-0.062392,0.024035,-0.150976,-0.062392,0.024035,0.244140,0.213620,6.683350
6.962240,-0.122821,0.010693,0.029430,-0.122821,0.010693,0.029430,-0.366210,0.457760,7.904050
6.972670,-0.156960,0.086132,-0.024427,-0.156960,0.086132,-0.024427,-0.335690,0.366210,9.368900
6.983110,-0.152153,0.254962,0.042673,-0.152153,0.254962,0.042673,0.274660,0.152590,9.887700
6.993170,-0.091135,0.287923,-0.042379,-0.091135,0.287923,-0.042379,-0.366210,0.244140,9.582520
7.003260,-0.099473,0.460383,0.069553,-0.099473,0.460383,0.069553,-0.305180,0.488280,7.781980
7.013360,-0.084562,0.423792,-0.007652,-0.084562,0.423792,-0.007652,-0.823970,1.007080,6.500240
7.023460,-0.124685,0.046009,0.028841,-0.124685,0.046009,0.028841,0.274660,0.183110,6.500240
7.033550,-0.416827,0.056800,0.047382,-0.416827,0.056800,0.047382,-0.366210,0.366210,5.249020
7.043650,-0.297145,0.049639,0.014519,-0.297145,0.049639,0.014519,0.244140,0.091550,6.652830
7.053750,-0.310879,-0.055230,0.026487,-0.310879,-0.055230,0.026487,0.183110,0.152590,6.561280
7.064020,-0.311468,0.054347,-0.066316,-0.311468,0.054347,-0.066316,0.457760,0.091550,8.056640
7.073890,-0.230633,-0.043851,-0.070534,-0.230633,-0.043851,-0.070534,-0.152590,0.091550,8.880620
7.084120,-0.259965,0.060332,0.065433,-0.259965,0.060332,0.065433,0.213620,0.152590,9.918210
7.094470,-0.228867,-0.003139,-0.067493,-0.228867,-0.003139,-0.067493,-0.030520,0.091550,11.413570
7.103680,-0.264772,-0.039044,0.001962,-0.264772,-0.039044,0.001962,-0.305180,0.030520,11.840820
7.113780,-0.340211,-0.058173,-0.039436,-0.340211,-0.058173,-0.039436,0.274660,0.000000,12.115480
7.123860,-0.308426,-0.089958,-0.035807,-0.308426,-0.089958,-0.035807,0.061040,0.030520,12.084960
7.133950,-0.410843,-0.049246,-0.036395,-0.410843,-0.049246,-0.036395,0.274660,-0.030520,11.627200
7.144030,-0.467152,0.005886,0.032471,-0.467152,0.005886,0.032471,0.366210,0.000000,11.474610
7.154120,-0.501291,0.027468,0.032471,-0.501291,0.027468,0.032471,0.518800,-0.091550,11.230470
7.164210,-0.391713,-0.036003,-0.066316,-0.391713,-0.036003,-0.066316,0.061040,-0.061040,11.383060
7.174340,-0.392302,-0.058762,-0.017854,-0.392302,-0.058762,-0.017854,0.061040,0.030520,11.840820
7.184480,-0.343154,-0.039044,-0.012459,-0.343154,-0.039044,-0.012459,0.274660,-0.061040,12.542720
7.194530,-0.289297,0.009516,0.048069,-0.289297,0.009516,0.048069,0.488280,-0.152590,12.725830
7.204620,-0.243190,0.045420,0.031883,-0.243190,0.045420,0.031883,0.579830,-0.335690,11.779790
7.214710,-0.148033,-0.061803,-0.022661,-0.148033,-0.061803,-0.022661,0.122070,-0.061040,11.230470
7.224800,-0.139008,-0.161178,-0.065727,-0.139008,-0.161178,-0.065727,-0.030520,0.091550,8.789060
7.234890,-0.312645,-0.097708,-0.056800,-0.312645,-0.097708,-0.056800,0.122070,0.061040,8.789060
7.244980,-0.304306,-0.045616,-0.017854,-0.304306,-0.045616,-0.017854,0.610350,0.000000,8.209230
7.255070,-0.507275,-0.062392,0.011478,-0.507275,-0.062392,0.011478,0.305180,-0.091550,5.523680
7.265160,-0.465386,0.054936,0.004316,-0.465386,0.054936,0.004316,0.457760,-0.213620,4.302980
7.275640,-0.409077,0.021484,0.027664,-0.409077,0.021484,0.027664,0.396730,-0.366210,1.922610
7.286050,-0.234263,0.132827,0.036003,-0.234263,0.132827,0.036003,0.579830,-0.274660,0.823970
7.296140,-0.155194,-0.006671,-0.046598,-0.155194,-0.006671,-0.046598,-0.030520,-0.183110,-1.129150
7.306240,-0.085739,-0.010889,-0.020797,-0.085739,-0.010889,-0.020797,-0.091550,-0.152590,-1.892090
7.316340,-0.177953,0.137046,0.103103,-0.177953,0.137046,0.103103,0.671390,-0.183110,-2.227780
7.326700,-0.109676,-0.178542,-0.012459,-0.109676,-0.178542,-0.012459,0.183110,-0.122070,-2.166750
7.336630,-0.280958,-0.182760,-0.018443,-0.280958,-0.182760,-0.018443,-0.457760,0.122070,-2.441410
7.346720,-0.304895,-0.313822,-0.029822,-0.304895,-0.313822,-0.029822,-0.213620,0.122070,-0.274660
7.356810,-0.263595,-0.051012,-0.013047,-0.263595,-0.051012,-0.013047,-0.488280,0.244140,1.190190
7.366910,-0.139596,0.017854,0.067199,-0.139596,0.017854,0.067199,0.152590,0.030520,3.692630
7.377160,-0.191099,-0.098885,-0.000491,-0.191099,-0.098885,-0.000491,-0.030520,0.061040,4.089360
7.387280,-0.217488,0.009516,-0.035218,-0.217488,0.009516,-0.035218,-0.305180,0.030520,5.157470
7.397380,-0.185703,0.039436,0.006671,-0.185703,0.039436,0.006671,0.000000,-0.091550,5.859380
7.407730,-0.176776,0.002845,-0.016677,-0.176776,0.002845,-0.016677,-0.152590,0.000000,5.615230
7.417650,-0.080933,-0.228867,-0.046009,-0.080933,-0.228867,-0.046009,-0.244140,0.091550,8.209230
7.427730,-0.093489,-0.342565,-0.099866,-0.093489,-0.342565,-0.099866,-0.305180,0.061040,11.108400
7.437800,-0.086328,-0.374938,-0.081325,-0.086328,-0.374938,-0.081325,-0.061040,0.213620,18.371580
7.447900,-0.092312,-0.061214,-0.023250,-0.092312,-0.061214,-0.023250,0.122070,0.305180,20.996090
7.458000,-0.024623,0.108302,0.042673,-0.024623,0.108302,0.042673,0.579830,0.244140,22.857670
7.468090,0.005886,0.498642,0.034237,0.005886,0.498642,0.034237,0.396730,0.244140,20.294190
7.478060,0.007063,0.229848,-0.025604,0.007063,0.229848,-0.025604,-0.335690,0.274660,16.418460
7.487790,-0.099473,0.290278,0.003139,-0.099473,0.290278,0.003139,0.122070,0.152590,12.298580
7.498740,-0.137242,0.287335,0.000687,-0.137242,0.287335,0.000687,0.122070,0.091550,9.948730
7.508160,-0.180308,0.244760,0.001962,-0.180308,0.244760,0.001962,0.366210,0.061040,8.789060
7.518080,-0.026487,0.138812,-0.016677,-0.026487,0.138812,-0.016677,0.671390,-0.030520,9.063720
7.528170,0.108302,0.152546,-0.017854,0.108302,0.152546,-0.017854,0.854490,-0.030520,13.885500
7.538400,-0.109087,0.258592,0.002551,-0.109087,0.258592,0.002551,0.335690,0.030520,14.617920
7.548480,-0.191099,0.345999,0.027664,-0.191099,0.345999,0.027664,0.579830,0.061040,14.221190
7.558570,-0.210228,0.057389,-0.032765,-0.210228,0.057389,-0.032765,0.305180,-0.030520,12.359620
7.568660,-0.442039,0.101730,0.014519,-0.442039,0.101730,0.014519,0.915530,-0.152590,10.925290
7.578810,-0.264183,0.026879,0.030705,-0.264183,0.026879,0.030705,0.366210,-0.061040,13.244630
7.588880,-0.236029,0.193944,-0.017854,-0.236029,0.193944,-0.017854,-0.183110,0.000000,13.763430
7.598960,-0.179131,0.184330,-0.033452,-0.179131,0.184330,-0.033452,-0.152590,0.061040,13.732910
7.609050,-0.341388,0.072300,-0.024427,-0.341388,0.072300,-0.024427,-0.122070,0.030520,13.854980
7.619140,-0.349236,0.054936,0.012655,-0.349236,0.054936,0.012655,0.549320,0.030520,15.472410
7.629230,-0.274974,0.056800,-0.034629,-0.274974,0.056800,-0.034629,-0.274660,0.091550,12.084960
7.639320,-0.110853,0.109480,0.003139,-0.110853,0.109480,0.003139,0.213620,0.091550,11.993410
7.649410,-0.179131,0.125078,-0.022072,-0.179131,0.125078,-0.022072,-0.274660,0.152590,7.324220
7.659500,-0.174324,0.046598,-0.009418,-0.174324,0.046598,-0.009418,-0.305180,0.183110,5.950930
7.669780,-0.268402,0.072986,-0.026781,-0.268402,0.072986,-0.026781,-0.305180,0.183110,3.570560
7.680080,-0.236617,0.109480,-0.022661,-0.236617,0.109480,-0.022661,-0.091550,0.122070,4.180910
7.690480,-0.343840,0.058566,-0.004120,-0.343840,0.058566,-0.004120,-0.030520,0.122070,3.387450
7.700570,-0.580948,-0.002453,-0.007063,-0.580948,-0.002453,-0.007063,-0.244140,0.152590,2.502440
7.710670,-0.427029,-0.022857,-0.004709,-0.427029,-0.022857,-0.004709,-0.152590,0.122070,3.387450
7.720770,-0.427618,-0.026487,-0.007652,-0.427618,-0.026487,-0.007652,-0.274660,0.152590,3.356930
7.730860,-0.284490,0.048952,-0.004120,-0.284490,0.048952,-0.004120,-0.305180,0.183110,3.784180
7.740960,-0.028253,0.078382,-0.002845,-0.028253,0.078382,-0.002845,-0.244140,0.213620,4.943850
7.751050,-0.016873,0.073575,-0.004120,-0.016873,0.073575,-0.004120,-0.274660,0.183110,4.943850
7.761150,-0.109087,0.041202,-0.016677,-0.109087,0.041202,-0.016677,-0.244140,0.122070,5.340580
7.771310,-0.311468,-0.067787,-0.006475,-0.311468,-0.067787,-0.006475,-0.183110,0.000000,6.042480
7.781210,-0.249763,-0.051012,-0.009418,-0.249763,-0.051012,-0.009418,-0.183110,0.000000,6.408690
7.790950,-0.025898,0.017266,-0.008240,-0.025898,0.017266,-0.008240,-0.030520,-0.030520,7.080080
7.801030,0.035218,0.021484,-0.014224,0.035218,0.021484,-0.014224,0.030520,-0.030520,7.446290
7.811120,0.095648,0.040613,-0.016088,0.095648,0.040613,-0.016088,0.030520,0.000000,8.331300
7.821210,-0.010301,-0.006082,-0.004709,-0.010301,-0.006082,-0.004709,0.030520,0.030520,9.002690
7.831300,-0.025310,-0.013244,-0.003434,-0.025310,-0.013244,-0.003434,-0.061040,-0.030520,10.467530
7.841390,0.104673,0.089663,-0.010104,0.104673,0.089663,-0.010104,0.030520,-0.061040,11.199950
7.851480,-0.009712,0.072300,0.003728,-0.009712,0.072300,0.003728,0.122070,-0.030520,11.413570
7.861570,-0.244367,-0.046205,-0.013047,-0.244367,-0.046205,-0.013047,-0.183110,0.030520,10.742190
7.871660,-0.219842,-0.015107,-0.004120,-0.219842,-0.015107,-0.004120,-0.061040,0.030520,10.711670
7.882110,-0.198260,-0.003728,-0.001079,-0.198260,-0.003728,-0.001079,0.122070,0.000000,9.643550
7.892510,-0.128217,0.042968,-0.001079,-0.128217,0.042968,-0.001079,0.152590,-0.030520,8.728030
7.902610,-0.097119,0.032275,-0.008829,-0.097119,0.032275,-0.008829,0.091550,-0.030520,7.385250
7.912700,-0.009712,0.040025,-0.020209,-0.009712,0.040025,-0.020209,0.061040,-0.061040,7.141110
7.922800,-0.010301,0.045420,-0.017854,-0.010301,0.045420,-0.017854,0.030520,-0.061040,6.927490
7.932900,-0.019228,0.051404,-0.010693,-0.019228,0.051404,-0.010693,0.000000,-0.091550,6.469730
7.942990,-0.013930,0.056800,-0.020209,-0.013930,0.056800,-0.020209,0.030520,-0.061040,6.164550
7.953090,-0.030019,0.078970,-0.025016,-0.030019,0.078970,-0.025016,0.091550,-0.030520,5.279540
7.963190,-0.031294,0.094470,-0.025604,-0.031294,0.094470,-0.025604,0.152590,0.000000,4.486080
7.973320,-0.025898,0.089663,-0.020209,-0.025898,0.089663,-0.020209,0.183110,0.000000,2.807620
7.983420,-0.005494,0.083091,-0.016088,-0.005494,0.083091,-0.016088,0.183110,0.000000,2.227780
7.993510,-0.003139,0.078970,-0.017854,-0.003139,0.078970,-0.017854,0.122070,0.000000,1.739500
8.003600,0.013047,0.068768,-0.017854,0.013047,0.068768,-0.017854,0.091550,0.030520,1.037600
8.013700,0.016677,0.071711,-0.019031,0.016677,0.071711,-0.019031,0.061040,0.000000,0.823970
8.023790,0.018443,0.070534,-0.008240,0.018443,0.070534,-0.008240,0.000000,0.061040,0.518800
8.033890,0.021484,0.068180,-0.005886,0.021484,0.068180,-0.005886,-0.030520,0.061040,0.427250
8.043980,0.023838,0.061018,-0.007652,0.023838,0.061018,-0.007652,0.000000,0.030520,0.305180
8.054080,0.028645,0.057389,-0.017266,0.028645,0.057389,-0.017266,-0.030520,0.030520,0.244140
8.064180,0.028645,0.052582,-0.018443,0.028645,0.052582,-0.018443,-0.030520,0.000000,0.213620
8.074270,0.025016,0.059743,-0.010104,0.025016,0.059743,-0.010104,-0.030520,0.000000,0.091550
8.084370,0.027468,0.057977,-0.007063,0.027468,0.057977,-0.007063,-0.030520,0.000000,0.091550
8.094470,0.031000,0.057389,-0.015402,0.031000,0.057389,-0.015402,-0.061040,0.000000,0.091550
8.104560,0.026781,0.061607,-0.014813,0.026781,0.061607,-0.014813,-0.061040,0.000000,0.091550
8.114660,0.025604,0.056211,-0.007063,0.025604,0.056211,-0.007063,-0.061040,0.030520,0.122070
8.124760,0.029822,0.063961,-0.008829,0.029822,0.063961,-0.008829,-0.030520,0.030520,0.122070
8.135440,0.027468,0.062784,-0.010104,0.027468,0.062784,-0.010104,-0.030520,0.000000,0.122070
8.145490,0.031000,0.063373,-0.017266,0.031000,0.063373,-0.017266,-0.030520,0.030520,0.091550
8.155110,0.036395,0.062784,-0.016677,0.036395,0.062784,-0.016677,0.000000,0.000000,0.091550
8.165320,0.031588,0.060332,-0.015402,0.031588,0.060332,-0.015402,0.030520,-0.061040,0.061040
8.175320,0.024427,0.056800,-0.011870,0.024427,0.056800,-0.011870,0.091550,-0.030520,0.061040
8.185110,0.026781,0.055623,-0.010693,0.026781,0.055623,-0.010693,0.091550,-0.091550,0.000000
8.194910,0.029234,0.054347,-0.014813,0.029234,0.054347,-0.014813,0.091550,-0.061040,0.030520
8.205080,0.027468,0.060332,-0.016677,0.027468,0.060332,-0.016677,0.061040,-0.030520,0.000000
8.215090,0.028057,0.054347,-0.008829,0.028057,0.054347,-0.008829,0.030520,0.000000,0.000000
8.225180,0.024427,0.059154,-0.001079,0.024427,0.059154,-0.001079,0.030520,0.000000,0.000000
8.235270,0.025016,0.067591,-0.005886,0.025016,0.067591,-0.005886,0.061040,0.030520,0.000000
8.245390,0.023838,0.059154,-0.009418,0.023838,0.059154,-0.009418,0.061040,0.000000,0.000000
8.255450,0.029822,0.066316,-0.016677,0.029822,0.066316,-0.016677,0.061040,0.061040,0.061040
8.265570,0.032177,0.066316,-0.010104,0.032177,0.066316,-0.010104,0.030520,0.061040,0.061040
8.275670,0.028645,0.069357,-0.005297,0.028645,0.069357,-0.005297,-0.061040,0.030520,0.091550
8.286140,0.030411,0.067002,0.000687,0.030411,0.067002,0.000687,-0.061040,0.030520,0.061040
8.296510,0.031000,0.065138,-0.000491,0.031000,0.065138,-0.000491,-0.030520,0.000000,0.061040
8.306610,0.021484,0.061018,-0.008829,0.021484,0.061018,-0.008829,-0.030520,0.030520,0.030520
8.316700,0.018443,0.057389,-0.011281,0.018443,0.057389,-0.011281,-0.030520,0.000000,0.061040
8.327030,0.015500,0.064550,-0.007063,0.015500,0.064550,-0.007063,0.000000,-0.030520,0.030520
8.336970,0.016677,0.063961,-0.012459,0.016677,0.063961,-0.012459,0.061040,-0.061040,0.000000
8.347020,0.019031,0.065727,-0.016677,0.019031,0.065727,-0.016677,0.061040,0.000000,0.030520
8.357100,0.022072,0.059743,-0.021484,0.022072,0.059743,-0.021484,0.061040,-0.030520,0.000000
8.367190,0.019620,0.053759,-0.016088,0.019620,0.053759,-0.016088,0.061040,0.000000,0.000000
8.377330,0.026193,0.060332,-0.008240,0.026193,0.060332,-0.008240,0.030520,0.030520,0.030520
8.387120,0.026781,0.059743,-0.009418,0.026781,0.059743,-0.009418,0.061040,0.000000,0.030520
8.397790,0.025016,0.056800,-0.011870,0.025016,0.056800,-0.011870,0.091550,0.030520,0.030520
8.407210,0.025016,0.056800,-0.013636,0.025016,0.056800,-0.013636,0.061040,0.000000,0.030520
8.417160,0.025604,0.053170,-0.011870,0.025604,0.053170,-0.011870,0.030520,-0.030520,-0.030520
8.427210,0.026193,0.051404,-0.005886,0.026193,0.051404,-0.005886,0.000000,-0.030520,-0.030520
8.437420,0.028057,0.048952,-0.005297,0.028057,0.048952,-0.005297,0.000000,-0.061040,0.000000
8.447430,0.030411,0.056211,-0.012459,0.030411,0.056211,-0.012459,-0.061040,-0.091550,0.000000
8.457500,0.032177,0.051993,-0.019620,0.032177,0.051993,-0.019620,-0.061040,-0.061040,0.030520
8.467580,0.033452,0.054347,-0.011870,0.033452,0.054347,-0.011870,-0.030520,-0.030520,0.030520
8.477670,0.034629,0.050816,-0.004709,0.034629,0.050816,-0.004709,-0.061040,-0.061040,0.030520
8.487830,0.031000,0.050227,-0.004120,0.031000,0.050227,-0.004120,-0.061040,-0.030520,0.000000
8.497920,0.030411,0.055623,-0.014224,0.030411,0.055623,-0.014224,-0.061040,0.030520,0.000000
8.507980,0.028057,0.053170,-0.018443,0.028057,0.053170,-0.018443,-0.091550,0.030520,0.000000
8.518070,0.025016,0.047775,-0.015402,0.025016,0.047775,-0.015402,-0.061040,0.030520,0.000000
8.528160,0.027468,0.044832,-0.020209,0.027468,0.044832,-0.020209,-0.061040,0.030520,0.030520
8.538290,0.031000,0.047775,-0.016677,0.031000,0.047775,-0.016677,0.000000,0.030520,0.000000
8.548370,0.036984,0.042968,-0.012459,0.036984,0.042968,-0.012459,0.000000,0.030520,0.030520
8.558820,0.036395,0.048363,-0.011870,0.036395,0.048363,-0.011870,0.000000,0.000000,0.030520
8.568790,0.026781,0.050816,-0.011281,0.026781,0.050816,-0.011281,0.030520,0.000000,0.030520
8.578690,0.026193,0.053170,-0.010693,0.026193,0.053170,-0.010693,0.061040,0.000000,0.030520
8.589180,0.014224,0.053170,-0.008829,0.014224,0.053170,-0.008829,0.122070,-0.030520,0.030520
8.599560,0.020209,0.056800,-0.014813,0.020209,0.056800,-0.014813,0.091550,-0.030520,0.030520
8.609670,0.016677,0.047186,-0.017854,0.016677,0.047186,-0.017854,0.122070,-0.061040,0.030520
8.619750,0.014813,0.044243,-0.010693,0.014813,0.044243,-0.010693,0.122070,-0.030520,0.030520
8.629890,0.022072,0.046598,-0.001079,0.022072,0.046598,-0.001079,0.122070,-0.061040,0.030520
8.639950,0.021484,0.044243,-0.005886,0.021484,0.044243,-0.005886,0.091550,-0.061040,0.061040
8.650080,0.018443,0.052582,-0.006475,0.018443,0.052582,-0.006475,0.030520,-0.061040,0.061040
8.660140,0.022072,0.052582,-0.009418,0.022072,0.052582,-0.009418,0.061040,-0.091550,0.030520
8.670240,0.019620,0.053759,-0.013636,0.019620,0.053759,-0.013636,0.061040,-0.091550,0.030520
8.680330,0.020209,0.046009,-0.010104,0.020209,0.046009,-0.010104,0.030520,-0.061040,0.000000
8.690260,0.018443,0.048363,-0.016088,0.018443,0.048363,-0.016088,0.030520,-0.061040,-0.030520
8.700000,0.016677,0.052582,-0.021484,0.016677,0.052582,-0.021484,0.061040,-0.030520,-0.030520
8.710090,0.019031,0.061018,-0.017854,0.019031,0.061018,-0.017854,0.091550,-0.030520,-0.030520
8.720180,0.025016,0.059743,-0.010693,0.025016,0.059743,-0.010693,0.061040,-0.061040,-0.030520
8.730270,0.026193,0.069357,-0.004120,0.026193,0.069357,-0.004120,0.030520,0.000000,0.000000
8.740360,0.026781,0.069945,-0.010693,0.026781,0.069945,-0.010693,0.030520,0.000000,-0.030520
8.750450,0.029822,0.060332,-0.015402,0.029822,0.060332,-0.015402,0.030520,-0.061040,0.000000
8.760540,0.028645,0.060332,-0.020209,0.028645,0.060332,-0.020209,0.000000,-0.030520,0.000000
8.770630,0.032177,0.053759,-0.014224,0.032177,0.053759,-0.014224,0.000000,0.000000,0.061040
8.780730,0.024427,0.044832,-0.013047,0.024427,0.044832,-0.013047,0.000000,0.000000,0.030520
8.791150,0.025016,0.044832,-0.010693,0.025016,0.044832,-0.010693,0.000000,0.000000,0.030520
8.801500,0.022661,0.052582,-0.007063,0.022661,0.052582,-0.007063,0.000000,0.000000,0.061040
8.811600,0.026193,0.051993,-0.008240,0.026193,0.051993,-0.008240,0.030520,0.030520,0.030520
8.821700,0.025604,0.061018,0.001275,0.025604,0.061018,0.001275,0.000000,-0.061040,0.000000
8.831800,0.031000,0.060332,0.002551,0.031000,0.060332,0.002551,0.061040,-0.030520,0.030520
8.841900,0.029822,0.058566,0.002551,0.029822,0.058566,0.002551,0.000000,0.000000,0.000000
8.851990,0.024427,0.058566,-0.002256,0.024427,0.058566,-0.002256,0.000000,-0.030520,0.000000
8.862090,0.020209,0.058566,-0.010693,0.020209,0.058566,-0.010693,0.091550,-0.030520,-0.030520
8.872190,0.016088,0.050816,-0.000491,0.016088,0.050816,-0.000491,0.091550,-0.030520,0.000000
8.882290,0.019031,0.049639,-0.000491,0.019031,0.049639,-0.000491,0.122070,-0.061040,0.030520
8.892210,0.023838,0.051993,-0.010104,0.023838,0.051993,-0.010104,0.091550,-0.030520,0.000000
8.901950,0.026193,0.049639,-0.012459,0.026193,0.049639,-0.012459,0.091550,-0.030520,-0.030520
8.912040,0.032864,0.053170,-0.011281,0.032864,0.053170,-0.011281,0.030520,-0.030520,-0.030520
8.922130,0.033452,0.047775,-0.003434,0.033452,0.047775,-0.003434,0.030520,0.000000,-0.030520
8.932220,0.029822,0.047186,-0.006475,0.029822,0.047186,-0.006475,0.061040,0.000000,0.000000
8.942310,0.034041,0.047775,-0.004709,0.034041,0.047775,-0.004709,0.030520,0.000000,0.000000
8.952400,0.027468,0.047186,-0.003434,0.027468,0.047186,-0.003434,0.000000,0.000000,-0.030520
8.962490,0.017266,0.052582,0.000098,0.017266,0.052582,0.000098,-0.030520,-0.030520,-0.030520
8.972580,0.019620,0.056800,0.002551,0.019620,0.056800,0.002551,-0.030520,-0.030520,0.000000
8.982710,0.020797,0.057389,-0.002256,0.020797,0.057389,-0.002256,-0.030520,-0.030520,0.000000
8.993130,0.023838,0.053170,-0.008829,0.023838,0.053170,-0.008829,-0.030520,-0.030520,0.000000
9.003520,0.025016,0.049639,-0.010693,0.025016,0.049639,-0.010693,0.000000,0.000000,0.061040
9.013620,0.028057,0.049639,-0.011281,0.028057,0.049639,-0.011281,0.000000,0.030520,0.061040
9.023710,0.029234,0.056211,-0.007652,0.029234,0.056211,-0.007652,0.030520,0.000000,0.061040
9.033810,0.027468,0.053170,-0.005297,0.027468,0.053170,-0.005297,0.030520,0.030520,0.061040
9.043900,0.028057,0.057389,-0.005886,0.028057,0.057389,-0.005886,0.061040,0.000000,0.061040
9.054000,0.024427,0.059743,-0.010693,0.024427,0.059743,-0.010693,0.000000,0.000000,0.000000
9.064090,0.025016,0.060332,-0.007652,0.025016,0.060332,-0.007652,0.030520,0.000000,0.000000
9.074200,0.026193,0.050227,-0.006475,0.026193,0.050227,-0.006475,0.030520,-0.030520,0.030520
9.084400,0.028057,0.046598,-0.014813,0.028057,0.046598,-0.014813,0.061040,-0.030520,0.030520
9.094300,0.028057,0.042379,-0.020209,0.028057,0.042379,-0.020209,0.091550,-0.030520,0.030520
9.104040,0.022661,0.048363,-0.023250,0.022661,0.048363,-0.023250,0.091550,-0.030520,0.061040
9.114130,0.030411,0.051404,-0.010104,0.030411,0.051404,-0.010104,0.091550,-0.061040,0.030520
9.124220,0.025604,0.058566,-0.005886,0.025604,0.058566,-0.005886,0.061040,-0.061040,0.030520
9.134310,0.028645,0.054347,-0.009418,0.028645,0.054347,-0.009418,0.091550,-0.030520,0.030520
9.144400,0.024427,0.054347,-0.010104,0.024427,0.054347,-0.010104,0.122070,-0.030520,0.030520
9.154490,0.023250,0.053759,-0.010693,0.023250,0.053759,-0.010693,0.091550,-0.030520,0.030520
9.164580,0.020209,0.057977,-0.010693,0.020209,0.057977,-0.010693,0.061040,0.000000,0.000000
9.174670,0.018443,0.052582,-0.005886,0.018443,0.052582,-0.005886,0.030520,0.000000,0.000000
9.184780,0.023250,0.052582,-0.001668,0.023250,0.052582,-0.001668,0.030520,0.000000,0.000000
9.195200,0.033452,0.053170,-0.004709,0.033452,0.053170,-0.004709,0.030520,0.000000,0.000000
9.205550,0.037572,0.057977,-0.006475,0.037572,0.057977,-0.006475,0.030520,-0.030520,0.000000
9.215640,0.031588,0.051404,0.006671,0.031588,0.051404,0.006671,0.030520,0.000000,0.030520
9.225740,0.031588,0.053759,0.006671,0.031588,0.053759,0.006671,0.030520,0.000000,0.000000
9.235870,0.027468,0.053759,-0.000491,0.027468,0.053759,-0.000491,0.061040,-0.030520,0.000000
9.246000,0.033452,0.061018,0.005494,0.033452,0.061018,0.005494,0.061040,0.000000,0.000000
9.256030,0.027468,0.068180,-0.001079,0.027468,0.068180,-0.001079,0.061040,0.000000,0.030520
9.266130,0.031588,0.073575,0.002551,0.031588,0.073575,0.002551,0.061040,0.000000,0.030520
9.276270,0.033452,0.071711,0.001275,0.033452,0.071711,0.001275,0.091550,-0.030520,0.030520
9.286370,0.030411,0.068768,-0.006475,0.030411,0.068768,-0.006475,0.061040,-0.061040,0.030520
9.296270,0.029822,0.068180,-0.010104,0.029822,0.068180,-0.010104,0.030520,-0.061040,0.030520
9.306020,0.029234,0.068768,-0.011281,0.029234,0.068768,-0.011281,0.061040,-0.091550,0.030520
9.316100,0.021484,0.066316,-0.013636,0.021484,0.066316,-0.013636,0.061040,-0.091550,0.000000
9.326460,0.022661,0.062195,-0.005297,0.022661,0.062195,-0.005297,0.061040,-0.091550,0.000000
9.336330,0.023838,0.059743,0.001962,0.023838,0.059743,0.001962,0.061040,-0.061040,0.061040
9.346400,0.028057,0.058566,-0.000491,0.028057,0.058566,-0.000491,0.061040,-0.061040,0.030520
9.356480,0.028057,0.056800,-0.002256,0.028057,0.056800,-0.002256,0.091550,-0.061040,0.030520
9.366570,0.027468,0.054347,0.007946,0.027468,0.054347,0.007946,0.122070,-0.061040,0.030520
9.376660,0.028645,0.054936,0.012066,0.028645,0.054936,0.012066,0.152590,-0.030520,0.030520
9.386780,0.032177,0.057977,-0.001079,0.032177,0.057977,-0.001079,0.122070,0.000000,0.000000
9.396880,0.031588,0.060332,-0.002256,0.031588,0.060332,-0.002256,0.122070,0.030520,0.000000
9.407360,0.036984,0.057389,-0.004120,0.036984,0.057389,-0.004120,0.091550,0.061040,0.000000
9.417320,0.038848,0.059154,0.002551,0.038848,0.059154,0.002551,0.091550,0.030520,0.000000
9.427210,0.034629,0.051404,0.007259,0.034629,0.051404,0.007259,0.030520,0.000000,0.091550
9.437390,0.032177,0.044243,-0.001668,0.032177,0.044243,-0.001668,0.061040,-0.030520,0.030520
9.447390,0.029822,0.045420,-0.005297,0.029822,0.045420,-0.005297,0.122070,0.000000,0.061040
9.457490,0.036395,0.047186,-0.002845,0.036395,0.047186,-0.002845,0.122070,0.000000,0.030520
9.467570,0.035807,0.054936,0.003728,0.035807,0.054936,0.003728,0.122070,-0.030520,0.030520
9.477670,0.037572,0.065138,0.007946,0.037572,0.065138,0.007946,0.091550,-0.030520,0.030520
9.487750,0.038848,0.066316,0.007946,0.038848,0.066316,0.007946,0.030520,-0.030520,0.030520
9.497880,0.041791,0.064550,0.000687,0.041791,0.064550,0.000687,0.000000,-0.061040,0.000000
9.508020,0.043556,0.066316,0.001275,0.043556,0.066316,0.001275,0.061040,-0.030520,0.000000
9.518070,0.038161,0.066316,0.009712,0.038161,0.066316,0.009712,0.000000,-0.030520,0.030520
9.528150,0.026781,0.057977,0.003728,0.026781,0.057977,0.003728,-0.030520,-0.030520,0.030520
9.538290,0.028645,0.056800,-0.001079,0.028645,0.056800,-0.001079,0.000000,0.000000,0.030520
9.548370,0.028645,0.053759,-0.004709,0.028645,0.053759,-0.004709,0.030520,-0.030520,0.030520
9.558530,0.031588,0.054347,-0.001668,0.031588,0.054347,-0.001668,0.091550,-0.030520,0.030520
9.568580,0.034629,0.057977,0.000687,0.034629,0.057977,0.000687,0.091550,-0.061040,0.000000
9.578660,0.032177,0.056800,0.001962,0.032177,0.056800,0.001962,0.091550,-0.091550,0.000000
9.588780,0.034629,0.059154,0.007946,0.034629,0.059154,0.007946,0.091550,-0.061040,0.000000
9.598850,0.042968,0.064550,-0.001079,0.042968,0.064550,-0.001079,0.122070,-0.061040,-0.030520
9.608930,0.043556,0.064550,-0.001668,0.043556,0.064550,-0.001668,0.091550,-0.091550,-0.030520
9.619020,0.040025,0.061607,0.006671,0.040025,0.061607,0.006671,0.091550,-0.091550,0.000000
9.629840,0.042379,0.059154,0.004905,0.042379,0.059154,0.004905,0.061040,-0.030520,0.000000
9.639880,0.039436,0.059743,0.001962,0.039436,0.059743,0.001962,0.030520,0.000000,0.000000
9.649830,0.037572,0.060332,-0.002845,0.037572,0.060332,-0.002845,0.030520,0.000000,0.000000
9.659910,0.029822,0.053170,0.004316,0.029822,0.053170,0.004316,0.061040,0.000000,0.000000
9.670000,0.031588,0.056211,0.007946,0.031588,0.056211,0.007946,0.061040,0.000000,0.000000
9.680090,0.028057,0.054347,0.008535,0.028057,0.054347,0.008535,0.061040,0.000000,-0.030520
9.690180,0.035218,0.050816,0.005494,0.035218,0.050816,0.005494,0.030520,0.030520,0.000000
9.700310,0.040025,0.048952,0.007259,0.040025,0.048952,0.007259,0.030520,0.000000,0.030520
9.710390,0.035218,0.051993,0.005494,0.035218,0.051993,0.005494,0.030520,0.000000,0.061040
9.720480,0.032177,0.062195,0.007259,0.032177,0.062195,0.007259,0.061040,0.000000,0.061040
9.730580,0.027468,0.062784,0.006082,0.027468,0.062784,0.006082,0.061040,0.000000,0.061040
9.740670,0.020797,0.061607,0.000687,0.020797,0.061607,0.000687,0.030520,0.000000,0.000000
9.750760,0.012459,0.062195,0.000098,0.012459,0.062195,0.000098,0.061040,0.000000,0.000000
9.760840,0.014224,0.058566,0.003728,0.014224,0.058566,0.003728,0.091550,0.000000,-0.030520
9.770930,0.022072,0.062784,0.007259,0.022072,0.062784,0.007259,0.091550,-0.030520,0.000000
9.781060,0.025016,0.061607,0.009123,0.025016,0.061607,0.009123,0.091550,-0.061040,0.000000
9.791150,0.026193,0.065138,0.004905,0.026193,0.065138,0.004905,0.091550,-0.030520,0.000000
9.801600,0.031588,0.062195,0.000687,0.031588,0.062195,0.000687,0.091550,-0.030520,0.030520
9.812000,0.032177,0.059743,0.001275,0.032177,0.059743,0.001275,0.061040,-0.061040,0.030520
9.822100,0.026193,0.059743,0.002551,0.026193,0.059743,0.002551,0.061040,-0.030520,0.000000
9.832190,0.026781,0.061607,0.006671,0.026781,0.061607,0.006671,0.061040,-0.030520,0.030520
9.842300,0.029234,0.058566,0.003728,0.029234,0.058566,0.003728,0.122070,-0.061040,0.030520
9.852390,0.025604,0.061607,0.000098,0.025604,0.061607,0.000098,0.091550,-0.061040,0.030520
9.862490,0.025604,0.059743,0.004905,0.025604,0.059743,0.004905,0.061040,-0.061040,0.030520
9.872580,0.032177,0.059154,0.003728,0.032177,0.059154,0.003728,0.061040,-0.091550,0.030520
9.882680,0.029234,0.063373,0.008535,0.029234,0.063373,0.008535,0.061040,-0.061040,0.030520
9.892780,0.021484,0.056211,0.001962,0.021484,0.056211,0.001962,-0.030520,-0.061040,0.000000
9.902690,0.020797,0.056211,0.001275,0.020797,0.056211,0.001275,0.000000,-0.030520,0.030520
9.912440,0.020797,0.056211,0.003139,0.020797,0.056211,0.003139,0.061040,-0.061040,0.030520
9.922530,0.023250,0.061607,0.005494,0.023250,0.061607,0.005494,0.061040,-0.061040,0.030520
9.932620,0.022072,0.059743,0.002551,0.022072,0.059743,0.002551,0.061040,-0.030520,0.061040
9.942710,0.028645,0.067591,0.001962,0.028645,0.067591,0.001962,0.061040,-0.061040,0.030520
9.952800,0.027468,0.064550,-0.002845,0.027468,0.064550,-0.002845,0.030520,-0.030520,0.030520
9.962890,0.034629,0.053759,0.000098,0.034629,0.053759,0.000098,0.000000,-0.061040,-0.030520
9.972990,0.038161,0.057977,-0.002845,0.038161,0.057977,-0.002845,0.000000,-0.061040,0.000000
9.983090,0.034629,0.054936,0.003139,0.034629,0.054936,0.003139,0.030520,-0.030520,-0.061040
9.993160,0.036984,0.065138,0.000098,0.036984,0.065138,0.000098,0.000000,-0.030520,-0.061040
10.003610,0.031000,0.056800,-0.006475,0.031000,0.056800,-0.006475,0.000000,-0.030520,-0.030520
10.014030,0.036395,0.051404,0.004316,0.036395,0.051404,0.004316,0.000000,-0.030520,0.000000
10.024110,0.035218,0.051404,0.002551,0.035218,0.051404,0.002551,0.000000,-0.030520,0.030520
10.034210,0.027468,0.053759,0.001275,0.027468,0.053759,0.001275,0.030520,-0.061040,0.030520
10.044300,0.026193,0.056800,0.001275,0.026193,0.056800,0.001275,0.061040,-0.030520,0.061040
10.054410,0.026193,0.048952,-0.005297,0.026193,0.048952,-0.005297,0.061040,-0.030520,0.061040
10.064500,0.024427,0.057389,0.007259,0.024427,0.057389,0.007259,0.061040,-0.030520,0.030520
10.074600,0.025016,0.055623,0.003139,0.025016,0.055623,0.003139,0.061040,-0.030520,0.030520
10.084790,0.029822,0.056211,-0.000491,0.029822,0.056211,-0.000491,0.030520,-0.030520,0.030520
10.094880,0.023838,0.057389,-0.001668,0.023838,0.057389,-0.001668,0.030520,-0.030520,0.030520
10.104800,0.014224,0.055623,0.000098,0.014224,0.055623,0.000098,0.030520,0.000000,0.061040
10.114540,0.011281,0.056211,0.003139,0.011281,0.056211,0.003139,0.030520,-0.030520,0.061040
10.124630,0.008240,0.050816,0.005494,0.008240,0.050816,0.005494,0.000000,-0.061040,0.000000
10.134710,0.012459,0.050816,-0.012459,0.012459,0.050816,-0.012459,0.000000,-0.061040,0.030520
10.145090,0.012459,0.049639,-0.013636,0.012459,0.049639,-0.013636,0.000000,-0.030520,0.061040
10.155050,0.013047,0.050816,-0.010693,0.013047,0.050816,-0.010693,0.030520,-0.030520,0.030520
10.165010,0.013047,0.051404,-0.004709,0.013047,0.051404,-0.004709,0.061040,0.000000,0.000000
10.175110,0.020209,0.054347,-0.004709,0.020209,0.054347,-0.004709,0.061040,-0.030520,0.000000
10.185210,0.018443,0.056800,-0.001668,0.018443,0.056800,-0.001668,0.061040,0.000000,0.000000
10.195340,0.019031,0.055623,-0.002845,0.019031,0.055623,-0.002845,0.030520,-0.061040,0.000000
10.205450,0.026193,0.061018,-0.010104,0.026193,0.061018,-0.010104,0.030520,-0.030520,0.030520
10.215500,0.028057,0.060332,-0.010693,0.028057,0.060332,-0.010693,0.030520,-0.061040,-0.030520
10.225590,0.019031,0.054936,-0.014813,0.019031,0.054936,-0.014813,0.030520,-0.030520,0.000000
10.235680,0.017854,0.050816,-0.014813,0.017854,0.050816,-0.014813,0.061040,-0.030520,0.000000
10.245880,0.019620,0.056211,-0.019031,0.019620,0.056211,-0.019031,0.091550,-0.061040,0.030520
10.255970,0.018443,0.059743,-0.017854,0.018443,0.059743,-0.017854,0.061040,-0.061040,0.030520
10.265980,0.020797,0.060332,-0.010104,0.020797,0.060332,-0.010104,0.030520,-0.061040,0.030520
10.276070,0.019620,0.061018,-0.007652,0.019620,0.061018,-0.007652,0.030520,-0.030520,0.061040
10.286190,0.021484,0.059154,-0.006475,0.021484,0.059154,-0.006475,0.030520,-0.061040,0.000000
10.296290,0.023250,0.058566,-0.003434,0.023250,0.058566,-0.003434,0.030520,-0.091550,0.000000
10.306390,0.025604,0.063373,-0.004120,0.025604,0.063373,-0.004120,0.030520,-0.030520,-0.030520
10.316470,0.019620,0.065138,0.004905,0.019620,0.065138,0.004905,0.030520,-0.030520,0.000000
10.326770,0.020797,0.062195,-0.001668,0.020797,0.062195,-0.001668,0.091550,-0.030520,-0.030520
10.336650,0.022661,0.062195,-0.008829,0.022661,0.062195,-0.008829,0.061040,0.000000,0.000000
10.346750,0.022072,0.062195,-0.011870,0.022072,0.062195,-0.011870,0.030520,-0.030520,0.000000
10.356840,0.025604,0.061607,-0.007063,0.025604,0.061607,-0.007063,0.061040,0.000000,-0.030520
10.366920,0.029234,0.059743,-0.002256,0.029234,0.059743,-0.002256,0.061040,0.000000,-0.030520
10.377010,0.035807,0.059154,-0.004709,0.035807,0.059154,-0.004709,0.091550,0.000000,0.030520
10.387130,0.033452,0.054936,-0.014813,0.033452,0.054936,-0.014813,0.030520,0.000000,0.091550
10.397360,0.030411,0.060332,-0.013047,0.030411,0.060332,-0.013047,0.061040,-0.030520,0.061040
10.407540,0.031588,0.068180,-0.011281,0.031588,0.068180,-0.011281,0.030520,-0.030520,0.061040
10.417490,0.034041,0.063961,-0.007063,0.034041,0.063961,-0.007063,0.030520,0.000000,0.030520
10.427570,0.030411,0.062195,-0.004709,0.030411,0.062195,-0.004709,0.061040,0.030520,0.030520
10.437700,0.019620,0.056211,-0.008829,0.019620,0.056211,-0.008829,0.061040,0.000000,0.030520
10.447930,0.026193,0.056800,-0.008240,0.026193,0.056800,-0.008240,0.091550,0.000000,0.030520
10.457880,0.024427,0.059743,-0.005297,0.024427,0.059743,-0.005297,0.030520,0.000000,0.030520
10.467960,0.022072,0.060332,-0.002256,0.022072,0.060332,-0.002256,0.030520,0.000000,0.000000
10.478060,0.026781,0.057977,-0.002256,0.026781,0.057977,-0.002256,0.061040,0.000000,0.000000
10.488140,0.037572,0.057389,-0.001079,0.037572,0.057389,-0.001079,0.091550,0.030520,0.000000
10.498350,0.036984,0.057977,-0.001668,0.036984,0.057977,-0.001668,0.061040,0.030520,0.030520
10.508360,0.034629,0.050816,0.008535,0.034629,0.050816,0.008535,0.061040,-0.061040,0.000000
10.518440,0.029822,0.049639,0.006082,0.029822,0.049639,0.006082,0.091550,-0.061040,0.000000
10.528530,0.031588,0.056800,0.011478,0.031588,0.056800,0.011478,0.122070,0.000000,0.000000
10.538630,0.043556,0.059154,0.014519,0.043556,0.059154,0.014519,0.122070,0.091550,0.000000
10.548710,0.030411,0.056800,0.003139,0.030411,0.056800,0.003139,0.122070,0.640870,0.030520
10.558810,0.016088,0.057977,-0.004709,0.016088,0.057977,-0.004709,0.122070,0.762940,0.030520
10.568900,0.013047,0.061018,-0.012459,0.013047,0.061018,-0.012459,0.061040,0.457760,0.000000
10.579050,0.020797,0.056211,-0.009418,0.020797,0.056211,-0.009418,0.061040,0.335690,0.030520
10.589120,0.010693,0.053170,-0.010104,0.010693,0.053170,-0.010104,0.000000,0.030520,0.030520
10.599180,0.029822,0.054347,0.005494,0.029822,0.054347,0.005494,-0.030520,-0.030520,0.030520
10.609340,0.035807,0.056800,0.013930,0.035807,0.056800,0.013930,0.030520,0.122070,0.061040
10.619400,0.009418,0.061607,-0.007063,0.009418,0.061607,-0.007063,0.030520,0.244140,0.030520
10.629560,0.014813,0.061018,-0.003434,0.014813,0.061018,-0.003434,0.030520,0.091550,0.030520
10.639600,0.017266,0.057389,-0.007063,0.017266,0.057389,-0.007063,0.061040,-0.122070,0.000000
10.649690,0.006475,0.063961,-0.025016,0.006475,0.063961,-0.025016,0.000000,-0.335690,0.000000
10.659780,0.011281,0.059154,-0.023250,0.011281,0.059154,-0.023250,0.000000,-0.823970,0.000000
10.669870,0.036395,0.051993,0.018050,0.036395,0.051993,0.018050,0.000000,-0.793460,0.000000
10.679960,0.029822,0.047186,0.001275,0.029822,0.047186,0.001275,0.030520,-0.579830,0.000000
10.690050,0.028057,0.045420,0.000687,0.028057,0.045420,0.000687,0.122070,-0.396730,0.030520
10.700830,0.030411,0.047775,-0.000491,0.030411,0.047775,-0.000491,0.152590,-0.305180,-0.030520
10.710900,0.031000,0.057389,0.004905,0.031000,0.057389,0.004905,0.213620,-0.183110,-0.152590
10.720840,0.025604,0.053759,0.001962,0.025604,0.053759,0.001962,0.152590,-0.152590,-0.213620
10.730930,0.026193,0.061018,-0.003434,0.026193,0.061018,-0.003434,0.152590,-0.061040,-0.335690
10.741020,0.028645,0.068180,-0.002845,0.028645,0.068180,-0.002845,0.122070,-0.091550,-0.427250
10.751110,0.027468,0.083679,-0.006475,0.027468,0.083679,-0.006475,0.152590,-0.091550,-0.579830
10.761200,0.026193,0.093882,0.003139,0.026193,0.093882,0.003139,0.122070,-0.030520,-1.281740
10.771290,0.022661,0.109480,0.008535,0.022661,0.109480,0.008535,0.152590,0.000000,-1.861570
10.781380,0.022661,0.089075,-0.005297,0.022661,0.089075,-0.005297,0.091550,0.000000,-3.082280
10.791510,0.028645,0.063961,-0.002845,0.028645,0.063961,-0.002845,0.061040,0.030520,-3.387450
10.801560,0.026193,0.042968,-0.005297,0.026193,0.042968,-0.005297,0.091550,0.061040,-3.143310
10.811680,0.027468,0.064550,0.003139,0.027468,0.064550,0.003139,0.061040,0.091550,-3.112790
10.821780,0.023838,0.090350,0.006082,0.023838,0.090350,0.006082,0.061040,0.091550,-3.265380
10.831860,0.010693,0.150191,-0.008829,0.010693,0.150191,-0.008829,0.030520,0.091550,-5.187990
10.841960,0.020209,0.131650,-0.004709,0.020209,0.131650,-0.004709,0.030520,0.061040,-6.591800
10.852040,0.026193,0.096334,-0.015402,0.026193,0.096334,-0.015402,-0.030520,0.122070,-8.514400
10.862140,0.028645,0.113109,-0.005886,0.028645,0.113109,-0.005886,0.000000,0.091550,-9.155270
10.872230,0.020797,0.109480,-0.007063,0.020797,0.109480,-0.007063,-0.030520,0.000000,-10.681150
10.882320,-0.104280,0.023838,0.000098,-0.104280,0.023838,0.000098,0.030520,-0.030520,-10.986330
10.892400,-0.178542,-0.009123,-0.005297,-0.178542,-0.009123,-0.005297,0.030520,-0.091550,-11.688230
10.902500,-0.321081,-0.059351,-0.010104,-0.321081,-0.059351,-0.010104,0.213620,-0.122070,-12.146000
10.912950,-0.466564,-0.074948,0.002551,-0.466564,-0.074948,0.002551,0.366210,-0.213620,-12.603760
10.923370,-0.524639,-0.154606,0.024035,-0.524639,-0.154606,0.024035,0.213620,-0.183110,-12.298580
10.933470,-0.375527,-0.114483,-0.004709,-0.375527,-0.114483,-0.004709,-0.030520,-0.091550,-11.108400
10.943560,-0.242601,-0.106635,-0.014813,-0.242601,-0.106635,-0.014813,-0.061040,0.030520,-8.087160
10.953660,-0.170792,-0.067787,-0.008240,-0.170792,-0.067787,-0.008240,-0.030520,0.091550,-7.415770
10.963750,-0.047971,-0.064746,-0.004709,-0.047971,-0.064746,-0.004709,-0.061040,0.091550,-5.554200
10.973900,-0.133612,-0.071907,-0.003434,-0.133612,-0.071907,-0.003434,-0.152590,0.061040,-5.157470
10.983960,-0.185115,-0.067199,-0.001079,-0.185115,-0.067199,-0.001079,-0.091550,0.030520,-5.004880
10.994140,-0.322847,-0.131258,-0.020797,-0.322847,-0.131258,-0.020797,0.061040,-0.061040,-3.326420
11.004260,-0.282724,-0.061214,0.006082,-0.282724,-0.061214,0.006082,0.183110,-0.091550,-1.892090
11.014080,-0.154606,0.011870,0.006671,-0.154606,0.011870,0.006671,0.091550,-0.061040,0.274660
11.023820,-0.056407,0.086132,0.000687,-0.056407,0.086132,0.000687,0.122070,-0.122070,0.701900
11.033910,-0.086328,0.075929,-0.008240,-0.086328,0.075929,-0.008240,0.183110,-0.122070,0.122070
11.044000,-0.173735,0.051404,-0.023838,-0.173735,0.051404,-0.023838,0.213620,-0.091550,-0.579830
11.054090,-0.228279,0.039436,-0.035807,-0.228279,0.039436,-0.035807,0.061040,-0.122070,-1.068120
11.064180,-0.270756,0.034629,-0.008240,-0.270756,0.034629,-0.008240,0.274660,-0.122070,-0.427250
11.074270,-0.171969,-0.006671,-0.008829,-0.171969,-0.006671,-0.008829,0.274660,0.000000,0.183110
11.084440,-0.236029,-0.024035,-0.036984,-0.236029,-0.024035,-0.036984,-0.366210,0.091550,1.159670
11.094520,-0.265949,-0.090546,-0.021484,-0.265949,-0.090546,-0.021484,-0.305180,0.030520,1.373290
11.104610,-0.233674,-0.027076,0.006082,-0.233674,-0.027076,0.006082,-0.030520,0.091550,2.136230
11.115050,-0.239658,0.004120,-0.008829,-0.239658,0.004120,-0.008829,0.213620,-0.030520,2.685550
11.125460,-0.049246,-0.009123,0.013244,-0.049246,-0.009123,0.013244,0.152590,0.000000,3.143310
11.135560,-0.127628,0.084955,0.010301,-0.127628,0.084955,0.010301,-0.183110,0.030520,2.227780
11.145660,-0.208463,-0.001275,-0.010104,-0.208463,-0.001275,-0.010104,-0.366210,0.122070,1.281740
11.155750,-0.241424,0.073575,0.022857,-0.241424,0.073575,0.022857,-0.183110,0.091550,-0.976560
11.165860,-0.203067,0.075929,0.016285,-0.203067,0.075929,0.016285,0.030520,0.091550,-2.288820
11.175950,-0.183938,0.019031,-0.008829,-0.183938,0.019031,-0.008829,-0.030520,0.091550,-3.601070
11.186090,-0.402504,-0.100651,-0.021484,-0.402504,-0.100651,-0.021484,-0.091550,-0.030520,-3.204350
11.196140,-0.475491,-0.067199,-0.060920,-0.475491,-0.067199,-0.060920,0.030520,-0.061040,-2.197270
11.206240,-0.391125,0.007063,-0.048952,-0.391125,0.007063,-0.048952,-0.122070,-0.091550,0.854490
11.216170,-0.242601,0.128021,-0.042968,-0.242601,0.128021,-0.042968,0.000000,0.030520,2.044680
11.225920,-0.221019,-0.028841,-0.053759,-0.221019,-0.028841,-0.053759,-0.152590,0.030520,2.685550
11.236000,-0.314509,0.092116,-0.042968,-0.314509,0.092116,-0.042968,0.000000,-0.030520,2.380370
11.246100,-0.659919,-0.173735,-0.019031,-0.659919,-0.173735,-0.019031,0.000000,0.030520,3.479000
11.256180,-0.564173,-0.215624,-0.045420,-0.564173,-0.215624,-0.045420,-0.213620,0.091550,5.218510
11.266290,-0.337856,-0.298911,-0.037572,-0.337856,-0.298911,-0.037572,-0.396730,0.061040,8.911130
11.276400,0.052582,0.199241,-0.035807,0.052582,0.199241,-0.035807,-0.427250,0.183110,7.659910
11.286500,0.026193,0.154409,-0.053170,0.026193,0.154409,-0.053170,-0.457760,0.152590,5.340580
11.296570,-0.395932,0.082502,-0.041791,-0.395932,0.082502,-0.041791,0.061040,0.152590,1.983640
11.306660,-0.489323,0.037572,0.003728,-0.489323,0.037572,0.003728,0.061040,0.183110,0.091550
11.317110,-0.398875,0.109480,0.036689,-0.398875,0.109480,0.036689,-0.213620,0.244140,-2.929690
11.327720,-0.389948,0.096923,0.021092,-0.389948,0.096923,0.021092,0.000000,0.152590,-3.875730
11.337630,-0.347372,0.229848,0.058762,-0.347372,0.229848,0.058762,0.396730,-0.152590,-7.354740
11.347720,-0.100062,0.102318,-0.051993,-0.100062,0.102318,-0.051993,-0.061040,-0.122070,-8.941650
11.358020,-0.192865,0.023250,-0.071711,-0.192865,0.023250,-0.071711,-0.488280,0.091550,-10.650630
11.367940,-0.249174,-0.010301,-0.028645,-0.249174,-0.010301,-0.028645,-0.091550,0.061040,-11.810300
11.378050,-0.234851,0.020895,-0.063961,-0.234851,0.020895,-0.063961,-0.274660,0.030520,-11.596680
11.388170,-0.168340,0.227396,0.045028,-0.168340,0.227396,0.045028,-0.030520,0.030520,-10.803220
11.398240,-0.096530,0.322651,0.001962,-0.096530,0.322651,0.001962,0.183110,-0.030520,-11.016850
11.409170,-0.138419,0.315490,0.083974,-0.138419,0.315490,0.083974,0.305180,0.000000,-11.688230
11.418360,-0.041987,0.229848,0.012066,-0.041987,0.229848,0.012066,0.183110,0.122070,-12.359620
11.427750,-0.007946,0.115464,-0.014224,-0.007946,0.115464,-0.014224,0.000000,0.000000,-12.390140
11.437910,-0.319217,-0.112619,-0.036395,-0.319217,-0.112619,-0.036395,-0.183110,0.030520,-11.383060
11.447810,-0.271345,-0.144992,-0.021484,-0.271345,-0.144992,-0.021484,-0.122070,0.000000,-10.131840
11.457920,-0.103692,0.060332,0.019914,-0.103692,0.060332,0.019914,-0.030520,0.030520,-8.605960
11.467990,-0.077990,0.102907,0.055819,-0.077990,0.102907,0.055819,-0.061040,0.061040,-8.880620
11.478080,0.086132,0.146561,0.011478,0.086132,0.146561,0.011478,-0.091550,0.061040,-8.636470
11.488160,0.111245,0.162159,-0.012459,0.111245,0.162159,-0.012459,-0.488280,0.091550,-8.758540
11.498240,-0.085151,0.177169,-0.019620,-0.085151,0.177169,-0.019620,-0.396730,0.183110,-9.704590
11.508330,-0.337170,0.165789,-0.013047,-0.337170,0.165789,-0.013047,-0.488280,0.183110,-10.986330
11.518330,-0.400640,0.091527,0.015696,-0.400640,0.091527,0.015696,-0.122070,0.122070,-11.260990
11.528210,-0.449789,-0.087505,-0.014224,-0.449789,-0.087505,-0.014224,-0.640870,0.213620,-9.582520
11.538290,-0.316863,-0.040810,-0.015402,-0.316863,-0.040810,-0.015402,-0.793460,0.274660,-8.361820
11.548400,-0.180308,0.058566,-0.028057,-0.180308,0.058566,-0.028057,-0.854490,0.274660,-6.713870
11.558470,-0.122233,0.110068,-0.017854,-0.122233,0.110068,-0.017854,-0.915530,0.335690,-6.622310
11.568540,-0.159413,0.091527,0.013930,-0.159413,0.091527,0.013930,-1.159670,0.274660,-6.835940
11.578630,-0.047382,0.068768,-0.017266,-0.047382,0.068768,-0.017266,-1.220700,0.305180,-6.561280
11.588730,-0.209640,0.098689,-0.019031,-0.209640,0.098689,-0.019031,-1.007080,0.244140,-6.561280
11.598790,-0.379745,-0.045616,-0.026193,-0.379745,-0.045616,-0.026193,-1.464840,0.183110,-7.354740
11.608870,-0.385141,0.014911,-0.007652,-0.385141,0.014911,-0.007652,-1.190190,0.183110,-7.476810
11.619810,-0.415061,-0.000098,-0.047186,-0.415061,-0.000098,-0.047186,-1.342770,0.244140,-7.598880
11.630600,-0.548575,-0.128805,-0.010693,-0.548575,-0.128805,-0.010693,-1.220700,0.000000,-7.049560
11.640710,-0.657564,-0.104280,-0.018443,-0.657564,-0.104280,-0.018443,-0.427250,0.061040,-3.875730
11.650800,-0.368954,-0.039044,-0.015402,-0.368954,-0.039044,-0.015402,-0.335690,-0.213620,-2.014160
11.660940,-0.297733,0.081325,-0.028057,-0.297733,0.081325,-0.028057,0.305180,-0.152590,-0.335690
11.671000,-0.007946,0.253785,-0.034041,-0.007946,0.253785,-0.034041,1.525880,-0.213620,0.701900
11.681090,-0.112717,0.169909,-0.010104,-0.112717,0.169909,-0.010104,2.410890,-0.427250,0.366210
11.691180,-0.232399,0.032275,0.042673,-0.232399,0.032275,0.042673,2.227780,-0.732420,0.335690
11.701320,-0.459402,-0.080344,-0.030411,-0.459402,-0.080344,-0.030411,1.800540,-0.488280,0.793460
11.711380,-0.580261,-0.100062,0.029430,-0.580261,-0.100062,0.029430,0.976560,-0.427250,2.319340
11.721400,-0.679735,-0.152742,0.016285,-0.679735,-0.152742,0.016285,1.007080,-0.518800,3.631590
11.731060,-0.542591,-0.019816,0.037278,-0.542591,-0.019816,0.037278,0.854490,-0.366210,5.279540
11.741410,-0.133612,0.074752,0.027076,-0.133612,0.074752,0.027076,1.098630,-0.305180,7.354740
11.751510,-0.153428,0.087898,0.054053,-0.153428,0.087898,0.054053,1.525880,-0.274660,7.415770
11.761400,-0.351002,-0.009123,0.017462,-0.351002,-0.009123,0.017462,1.007080,-0.183110,8.178710
11.771480,-0.382688,-0.040221,-0.003434,-0.382688,-0.040221,-0.003434,0.152590,-0.152590,8.575440
11.781560,-0.483927,-0.024035,0.037867,-0.483927,-0.024035,0.037867,-0.061040,0.061040,8.087160
11.791690,-0.515025,-0.034237,-0.017854,-0.515025,-0.034237,-0.017854,-0.061040,-0.122070,8.087160
11.801750,-0.356397,0.005297,-0.022072,-0.356397,0.005297,-0.022072,-0.213620,-0.244140,8.392330
11.811830,-0.028253,0.095746,-0.049541,-0.028253,0.095746,-0.049541,0.091550,-0.274660,6.652830
11.821970,0.048363,0.063961,0.048658,0.048363,0.063961,0.048658,0.000000,-0.366210,5.004880
11.832050,0.154998,0.034629,-0.010104,0.154998,0.034629,-0.010104,0.488280,-0.305180,0.915530
11.842150,0.108302,0.019031,-0.020797,0.108302,0.019031,-0.020797,0.183110,-0.305180,-0.976560
11.852230,0.015500,-0.011478,-0.002845,0.015500,-0.011478,-0.002845,-0.244140,-0.152590,-2.685550
11.862320,-0.116837,-0.055230,0.072594,-0.116837,-0.055230,0.072594,0.152590,-0.244140,-1.770020
11.872420,-0.192276,-0.081521,0.036689,-0.192276,-0.081521,0.036689,0.213620,-0.183110,-0.427250
11.882510,-0.075537,-0.058762,0.052189,-0.075537,-0.058762,0.052189,0.305180,-0.274660,2.746580
11.892600,-0.189333,-0.046205,0.049246,-0.189333,-0.046205,0.049246,0.152590,-0.152590,3.723140
11.902690,-0.170792,-0.180308,-0.013636,-0.170792,-0.180308,-0.013636,-0.457760,0.061040,4.638670
11.912780,-0.184526,-0.319217,-0.099866,-0.184526,-0.319217,-0.099866,-0.488280,0.152590,5.401610
11.923250,-0.244367,-0.361106,-0.111245,-0.244367,-0.361106,-0.111245,-0.427250,0.183110,9.521480
11.933660,-0.182760,-0.377293,-0.077695,-0.182760,-0.377293,-0.077695,-0.457760,0.183110,12.146000
11.943750,0.017266,-0.194140,-0.046598,0.017266,-0.194140,-0.046598,-0.335690,0.152590,14.129640
11.953850,0.139400,-0.139596,-0.107027,0.139400,-0.139596,-0.107027,-0.762940,0.274660,14.923100
11.963950,0.068768,-0.070730,-0.071711,0.068768,-0.070730,-0.071711,-0.274660,0.213620,14.465330
11.974040,-0.015696,-0.031196,-0.008240,-0.015696,-0.031196,-0.008240,-0.366210,0.183110,13.366700
11.984150,-0.037867,-0.007259,-0.020209,-0.037867,-0.007259,-0.020209,-0.152590,0.152590,12.512210
11.994250,0.004709,0.109480,-0.038848,0.004709,0.109480,-0.038848,0.183110,0.213620,10.833740
12.004330,-0.123410,0.031588,-0.010104,-0.123410,0.031588,-0.010104,-0.061040,0.244140,10.620120
12.014430,-0.143815,0.088486,-0.007063,-0.143815,0.088486,-0.007063,-0.091550,0.213620,10.101320
12.024360,-0.097708,0.062195,-0.059154,-0.097708,0.062195,-0.059154,-0.213620,0.152590,9.735110
12.034100,-0.114483,0.040613,0.017462,-0.114483,0.040613,0.017462,-0.152590,0.274660,10.040280
12.044190,-0.100749,-0.005494,-0.100454,-0.100749,-0.005494,-0.100454,-0.152590,0.305180,10.772710
12.054280,-0.124096,-0.119290,-0.013636,-0.124096,-0.119290,-0.013636,-0.610350,0.244140,11.169430
12.064370,0.110068,0.078382,-0.048363,0.110068,0.078382,-0.048363,-0.488280,0.183110,10.162350
12.074460,0.078284,0.188548,-0.016677,0.078284,0.188548,-0.016677,-0.305180,0.274660,9.155270
12.084630,-0.128217,0.038259,0.003728,-0.128217,0.038259,0.003728,-0.518800,0.244140,7.171630
12.094650,-0.344429,-0.092901,-0.173539,-0.344429,-0.092901,-0.173539,-1.007080,0.213620,6.225590
12.104730,-0.391125,0.022661,-0.051404,-0.391125,0.022661,-0.051404,-0.793460,0.396730,5.096440
12.114820,-0.256335,0.002256,-0.002256,-0.256335,0.002256,-0.002256,-0.457760,0.366210,2.716060
12.125330,-0.209640,0.007652,0.016873,-0.209640,0.007652,0.016873,-0.579830,0.091550,1.770020
12.135690,-0.160590,0.085543,-0.010104,-0.160590,0.085543,-0.010104,-0.976560,0.030520,-0.061040
12.145790,-0.091724,0.185507,-0.066904,-0.091724,0.185507,-0.066904,-0.701900,0.122070,-0.427250
12.156960,-0.122233,0.218469,0.034237,-0.122233,0.218469,0.034237,-0.305180,-0.091550,-0.335690
12.166370,-0.159413,-0.043851,-0.118995,-0.159413,-0.043851,-0.118995,-0.732420,0.061040,0.244140
12.176420,-0.223472,-0.020503,-0.060332,-0.223472,-0.020503,-0.060332,-0.457760,-0.091550,0.946040
12.186550,-0.177953,0.002845,-0.040613,-0.177953,0.002845,-0.040613,-0.305180,-0.091550,2.807620
12.196600,-0.272522,-0.066610,-0.144796,-0.272522,-0.066610,-0.144796,-0.274660,0.000000,3.753660
12.206730,-0.209051,-0.067787,-0.189725,-0.209051,-0.067787,-0.189725,-0.823970,0.091550,4.669190
12.216810,-0.313233,-0.207285,-0.164514,-0.313233,-0.207285,-0.164514,-1.373290,0.335690,5.035400
12.226770,-0.212092,-0.164808,-0.089075,-0.212092,-0.164808,-0.089075,-0.274660,0.000000,7.141110
12.236510,-0.324024,-0.091135,-0.082502,-0.324024,-0.091135,-0.082502,-0.366210,0.000000,8.270260
12.246600,-0.219253,-0.106635,-0.174127,-0.219253,-0.106635,-0.174127,-0.305180,-0.030520,8.972170
12.256690,-0.226415,0.072986,0.022269,-0.226415,0.072986,0.022269,0.122070,-0.274660,8.331300
12.266780,-0.132435,0.117818,-0.062195,-0.132435,0.117818,-0.062195,0.244140,-0.396730,7.110600
12.276870,-0.246231,0.036984,-0.067493,-0.246231,0.036984,-0.067493,0.152590,-0.335690,3.326420
12.286960,-0.406625,-0.089271,0.126451,-0.406625,-0.089271,0.126451,0.244140,-0.366210,1.617430
12.297070,-0.479709,-0.131846,-0.026781,-0.479709,-0.131846,-0.026781,-0.061040,-0.335690,0.854490
12.307140,-0.387495,-0.314411,-0.078284,-0.387495,-0.314411,-0.078284,-0.244140,-0.183110,1.739500
12.317230,-0.249174,-0.272522,0.029430,-0.249174,-0.272522,0.029430,-0.579830,0.030520,3.356930
12.328330,0.208855,-0.240836,-0.107027,0.208855,-0.240836,-0.107027,-0.946040,0.213620,4.302980
12.338600,0.322062,-0.224649,0.062980,0.322062,-0.224649,0.062980,-0.457760,0.152590,5.187990
12.348650,0.447728,-0.083287,-0.010104,0.447728,-0.083287,-0.010104,-0.274660,0.244140,5.371090
12.358750,0.362774,0.006475,0.088094,0.362774,0.006475,0.088094,0.183110,0.122070,4.669190
12.368840,0.305876,0.000491,0.122821,0.305876,0.000491,0.122821,-0.030520,0.183110,2.624510
12.378940,0.338739,0.042379,-0.010693,0.338739,0.042379,-0.010693,-0.335690,0.366210,0.915530
12.389060,0.106439,0.073575,-0.045420,0.106439,0.073575,-0.045420,-0.915530,0.305180,-4.180910
12.399140,0.010104,0.374742,0.066610,0.010104,0.374742,0.066610,-0.427250,0.061040,-7.904050
12.409660,0.011281,0.336385,-0.022661,0.011281,0.336385,-0.022661,-1.434330,0.427250,-11.718750
12.419410,0.017266,0.269383,-0.027468,0.017266,0.269383,-0.027468,-1.800540,0.244140,-18.920900
12.429370,0.081914,0.225630,-0.008240,0.081914,0.225630,-0.008240,-1.586910,0.488280,-21.545410
12.439080,0.237598,0.131650,-0.042968,0.237598,0.131650,-0.042968,-1.861570,0.213620,-24.841310
12.449170,0.236421,0.110657,-0.020797,0.236421,0.110657,-0.020797,-1.678470,0.274660,-25.604250
12.459270,0.274091,0.147150,-0.029234,0.274091,0.147150,-0.029234,-1.800540,0.091550,-25.207520
12.469380,0.266342,0.099866,0.025310,0.266342,0.099866,0.025310,-1.220700,0.061040,-24.291990
12.479450,0.227396,-0.019816,-0.034629,0.227396,-0.019816,-0.034629,-0.366210,-0.213620,-20.721440
12.489540,0.004120,-0.171381,-0.041202,0.004120,-0.171381,-0.041202,-0.122070,-0.213620,-17.883300
12.499620,0.038848,-0.158726,-0.029822,0.038848,-0.158726,-0.029822,0.671390,-0.488280,-14.678960
12.509720,-0.000687,-0.122233,-0.038848,-0.000687,-0.122233,-0.038848,1.647950,-0.427250,-9.094240
12.519800,0.023838,-0.056407,0.016873,0.023838,-0.056407,0.016873,1.953120,-0.396730,-6.774900
12.530270,0.123802,-0.003728,0.008535,0.123802,-0.003728,0.008535,1.556400,-0.457760,-3.112790
12.540670,0.005297,-0.045616,0.019914,0.005297,-0.045616,0.019914,1.098630,-0.427250,-2.075200
12.550800,-0.054642,0.025016,-0.102220,-0.054642,0.025016,-0.102220,0.640870,-0.427250,-0.579830
12.560880,-0.033648,-0.108499,0.032471,-0.033648,-0.108499,0.032471,0.854490,-0.549320,0.061040
12.570980,0.095059,-0.087505,-0.113011,0.095059,-0.087505,-0.113011,0.701900,-0.518800,-0.030520
12.581070,-0.121644,-0.163533,-0.016088,-0.121644,-0.163533,-0.016088,0.518800,-0.762940,0.915530
12.591190,-0.008535,-0.108499,-0.052582,-0.008535,-0.108499,-0.052582,0.335690,-0.671390,1.129150
12.601320,-0.121644,-0.053366,-0.065727,-0.121644,-0.053366,-0.065727,0.427250,-0.610350,-0.305180
12.611360,-0.261731,-0.084562,-0.035218,-0.261731,-0.084562,-0.035218,0.549320,-0.579830,-0.457760
12.621450,-0.440175,-0.189333,-0.065138,-0.440175,-0.189333,-0.065138,-0.030520,-0.244140,1.129150
12.631390,-0.362381,-0.269579,-0.092705,-0.362381,-0.269579,-0.092705,-0.427250,0.122070,2.319340
12.641130,-0.192276,-0.200713,-0.091527,-0.192276,-0.200713,-0.091527,-0.274660,-0.030520,3.662110
12.651290,0.032864,-0.079167,-0.028645,0.032864,-0.079167,-0.028645,-0.366210,0.152590,6.347660
12.661350,0.213662,0.095059,-0.053170,0.213662,0.095059,-0.053170,-0.061040,0.213620,7.110600
12.671420,0.023250,0.150191,0.002551,0.023250,0.150191,0.002551,0.122070,0.152590,5.645750
12.681530,-0.022857,0.108891,-0.019620,-0.022857,0.108891,-0.019620,0.030520,0.152590,5.218510
12.691590,0.067591,0.136457,-0.061509,0.067591,0.136457,-0.061509,-0.213620,-0.152590,3.448490
12.701720,-0.034826,0.343546,0.007259,-0.034826,0.343546,0.007259,-0.061040,-0.091550,2.227780
12.711780,-0.079167,0.271148,-0.032177,-0.079167,0.271148,-0.032177,-0.122070,-0.305180,0.793460
12.721870,0.024427,0.289101,0.050423,0.024427,0.289101,0.050423,-0.274660,0.000000,-2.197270
12.732340,0.054936,0.286060,-0.093882,0.054936,0.286060,-0.093882,-0.122070,0.000000,-4.058840
12.742750,0.144796,0.319610,-0.077107,0.144796,0.319610,-0.077107,-0.579830,0.122070,-8.026120
12.752840,0.099866,0.317255,0.000098,0.099866,0.317255,0.000098,-0.579830,-0.091550,-10.009770
12.762940,0.005297,0.251332,-0.002845,0.005297,0.251332,-0.002845,-0.854490,0.061040,-12.329100
12.773320,-0.105457,0.174716,-0.060332,-0.105457,0.174716,-0.060332,-0.885010,0.030520,-12.359620
12.783340,-0.168340,0.131650,-0.031000,-0.168340,0.131650,-0.031000,-1.373290,0.091550,-11.810300
12.793360,-0.228867,0.088486,-0.104673,-0.228867,0.088486,-0.104673,-0.915530,-0.030520,-11.138920
12.803370,-0.197083,0.091527,0.000098,-0.197083,0.091527,0.000098,-1.434330,0.061040,-10.467530
12.813460,-0.138419,0.090939,-0.016088,-0.138419,0.090939,-0.016088,-1.373290,-0.030520,-9.338380
12.823570,-0.049246,0.141166,-0.036984,-0.049246,0.141166,-0.036984,-1.037600,0.000000,-9.155270
12.833550,-0.067199,0.078382,-0.014224,-0.067199,0.078382,-0.014224,-0.915530,-0.030520,-8.392330
12.843260,-0.088682,0.067002,-0.017854,-0.088682,0.067002,-0.017854,-0.701900,0.152590,-7.965090
12.853380,-0.148622,0.030411,-0.062195,-0.148622,0.030411,-0.062195,-0.396730,0.030520,-6.073000
12.863440,-0.255158,-0.035414,0.031294,-0.255158,-0.035414,0.031294,0.000000,0.000000,-5.126950
12.873540,-0.233674,-0.085151,-0.047186,-0.233674,-0.085151,-0.047186,-0.274660,0.213620,-4.211430
12.883620,-0.312645,-0.046794,-0.053759,-0.312645,-0.046794,-0.053759,-0.457760,0.183110,-2.593990
12.893720,-0.369543,-0.049246,-0.016677,-0.369543,-0.049246,-0.016677,-0.305180,0.244140,-2.014160
12.903800,-0.284490,-0.063569,-0.071123,-0.284490,-0.063569,-0.071123,-0.091550,0.152590,0.488280
12.913900,-0.201890,0.003532,-0.074752,-0.201890,0.003532,-0.074752,0.488280,0.152590,1.770020
12.923990,-0.066610,0.028057,-0.042379,-0.066610,0.028057,-0.042379,0.488280,-0.091550,4.333500
12.934420,0.360321,0.065138,-0.066316,0.360321,0.065138,-0.066316,0.549320,0.061040,5.706790
12.944840,0.425558,0.281939,-0.020797,0.425558,0.281939,-0.020797,0.305180,0.122070,7.049560
12.954930,0.130375,0.200516,0.112717,0.130375,0.200516,0.112717,0.091550,0.091550,7.202150
12.965030,-0.015107,0.050227,0.045616,-0.015107,0.050227,0.045616,0.488280,-0.091550,6.591800
12.975130,-0.021680,0.109480,0.002551,-0.021680,0.109480,0.002551,0.183110,-0.091550,5.950930
12.985280,-0.121055,-0.036003,-0.026781,-0.121055,-0.036003,-0.026781,0.030520,0.000000,6.500240
12.995360,-0.191099,-0.007259,-0.113011,-0.191099,-0.007259,-0.113011,-0.671390,0.213620,8.026120
13.005440,-0.147444,0.038259,-0.009418,-0.147444,0.038259,-0.009418,-0.274660,0.122070,8.056640
13.015520,-0.131846,0.147150,0.087505,-0.131846,0.147150,0.087505,0.030520,-0.061040,7.629390
13.025630,0.002256,0.224453,0.047382,0.002256,0.224453,0.047382,-0.183110,0.183110,5.218510
13.035560,0.055525,0.195121,0.009123,0.055525,0.195121,0.009123,-0.305180,0.305180,4.089360
13.045330,0.174127,0.268696,-0.098100,0.174127,0.268696,-0.098100,-0.396730,0.488280,0.946040
13.055410,0.233968,0.357967,-0.039436,0.233968,0.357967,-0.039436,-0.091550,0.366210,-0.946040
13.065490,0.107616,0.329224,-0.095648,0.107616,0.329224,-0.095648,0.061040,0.274660,-5.584720
13.075580,0.238187,0.317255,-0.064550,0.238187,0.317255,-0.064550,-0.061040,0.244140,-7.537840
13.085680,0.128609,0.184330,0.041398,0.128609,0.184330,0.041398,0.335690,0.061040,-7.873540
13.095760,0.189137,-0.088094,0.087505,0.189137,-0.088094,0.087505,0.305180,0.152590,-4.577640
13.105850,0.247801,-0.235440,-0.096236,0.247801,-0.235440,-0.096236,-0.091550,0.305180,-1.953120
13.115940,0.253196,-0.285079,-0.110657,0.253196,-0.285079,-0.110657,-0.518800,0.183110,2.746580
13.126040,0.348353,-0.259376,-0.124391,0.348353,-0.259376,-0.124391,-0.335690,0.305180,4.882810
13.136480,0.288512,-0.097119,-0.016088,0.288512,-0.097119,-0.016088,-0.122070,0.335690,7.720950
13.146890,0.156175,0.069945,0.037867,0.156175,0.069945,0.037867,0.152590,0.244140,8.453370
13.156990,0.020797,-0.038455,0.139596,0.020797,-0.038455,0.139596,-0.091550,0.427250,9.399410
13.167090,0.229848,0.027468,-0.160982,0.229848,0.027468,-0.160982,-0.396730,0.579830,9.185790
13.177180,0.012459,0.069357,0.274974,0.012459,0.069357,0.274974,-0.213620,0.457760,9.002690
13.187300,0.087309,-0.072594,-0.049541,0.087309,-0.072594,-0.049541,-0.610350,0.366210,9.094240
13.197380,0.108302,-0.042575,0.074948,0.108302,-0.042575,0.074948,-0.457760,0.366210,9.185790
13.207470,0.131650,0.012459,0.034237,0.131650,0.012459,0.034237,-0.518800,0.213620,10.406490
13.217570,-0.040221,-0.119878,0.017462,-0.040221,-0.119878,0.017462,-0.152590,0.152590,11.352540
13.227660,-0.045616,-0.113894,-0.068768,-0.045616,-0.113894,-0.068768,-0.457760,0.122070,14.038090
13.237600,-0.123410,0.022661,-0.023838,-0.123410,0.022661,-0.023838,-0.183110,0.030520,15.319820
13.247340,-0.086917,0.008240,-0.002845,-0.086917,0.008240,-0.002845,-0.366210,0.213620,16.540530
13.257430,-0.148622,0.031000,0.028841,-0.148622,0.031000,0.028841,-0.305180,0.152590,17.913820
13.267520,-0.060626,0.143618,-0.018443,-0.060626,0.143618,-0.018443,-0.213620,0.091550,18.188480
13.277610,-0.049246,0.134005,-0.048363,-0.049246,0.134005,-0.048363,0.030520,0.152590,18.310550
13.287700,-0.024035,0.194532,-0.069945,-0.024035,0.194532,-0.069945,0.000000,0.061040,18.280030
13.297790,-0.197672,0.134593,0.031294,-0.197672,0.134593,0.031294,0.244140,-0.213620,18.310550
13.307880,-0.190510,0.104673,-0.000491,-0.190510,0.104673,-0.000491,0.244140,-0.213620,18.585210
13.317970,-0.330597,0.010693,-0.013047,-0.330597,0.010693,-0.013047,0.457760,-0.457760,19.165040
13.328240,-0.348549,0.016677,0.045616,-0.348549,0.016677,0.045616,0.640870,-0.488280,21.942140
13.338600,-0.343154,-0.054544,0.025310,-0.343154,-0.054544,0.025310,0.488280,-0.610350,24.291990
13.348960,-0.295870,0.011870,-0.032765,-0.295870,0.011870,-0.032765,0.488280,-0.366210,28.778080
13.359040,-0.176188,0.154409,0.088781,-0.176188,0.154409,0.088781,0.823970,-0.579830,30.456540
13.369140,-0.140773,0.222589,-0.071711,-0.140773,0.222589,-0.071711,0.000000,-0.579830,32.501220
13.379230,-0.255747,0.416042,-0.020797,-0.255747,0.416042,-0.020797,-0.640870,-0.305180,32.867430
13.389390,-0.171381,0.444785,0.008535,-0.171381,0.444785,0.008535,0.579830,-0.671390,32.409670
13.399430,-0.235440,0.317844,0.003728,-0.235440,0.317844,0.003728,0.915530,-1.007080,29.205320
13.410600,-0.379157,0.175305,0.063569,-0.379157,0.175305,0.063569,0.823970,-0.946040,27.526860
13.419850,-0.450377,-0.087505,-0.022072,-0.450377,-0.087505,-0.022072,0.610350,-0.762940,24.597170
13.429920,-0.538961,-0.013244,-0.039436,-0.538961,-0.013244,-0.039436,0.640870,-0.701900,23.864750
13.439870,-0.574964,-0.094078,-0.052582,-0.574964,-0.094078,-0.052582,0.823970,-0.823970,22.949220
13.449640,-0.466564,-0.089271,-0.093293,-0.466564,-0.089271,-0.093293,0.366210,-0.671390,21.820070
13.459720,-0.488734,0.142441,0.009712,-0.488734,0.142441,0.009712,0.610350,-0.762940,20.843510
13.469800,-0.482750,0.192668,-0.020797,-0.482750,0.192668,-0.020797,0.518800,-0.427250,20.141600
13.479890,-0.402504,0.173539,0.138419,-0.402504,0.173539,0.138419,0.732420,-0.518800,19.470210
13.489980,-0.245642,-0.062980,0.007946,-0.245642,-0.062980,0.007946,-0.518800,0.213620,19.348140
13.500070,-0.094078,-0.028841,0.010301,-0.094078,-0.028841,0.010301,-0.579830,0.244140,20.446780
13.510160,-0.161178,-0.070142,0.067199,-0.161178,-0.070142,0.067199,-0.061040,0.305180,22.918700
13.520250,-0.077401,0.074752,-0.053759,-0.077401,0.074752,-0.053759,-0.335690,0.488280,23.193360
13.530340,-0.085739,0.135182,0.081521,-0.085739,0.135182,0.081521,-1.281740,0.854490,21.484380
13.540790,-0.080344,0.065727,-0.005297,-0.080344,0.065727,-0.005297,-1.953120,0.915530,20.141600
13.551230,-0.151565,0.114875,-0.010104,-0.151565,0.114875,-0.010104,-2.777100,0.854490,18.341060
13.561350,-0.226415,0.137046,0.003728,-0.226415,0.137046,0.003728,-3.112790,1.007080,14.831540
13.571420,-0.203656,0.028645,-0.080148,-0.203656,0.028645,-0.080148,-2.929690,0.793460,14.160160
13.581510,-0.269579,-0.033648,-0.093293,-0.269579,-0.033648,-0.093293,-2.288820,0.610350,14.892580
13.591630,-0.131258,-0.006671,-0.091527,-0.131258,-0.006671,-0.091527,-1.770020,0.671390,15.075680
13.601700,-0.082110,-0.066610,0.002551,-0.082110,-0.066610,0.002551,-1.770020,0.610350,14.678960
13.611800,-0.118112,-0.070142,0.014519,-0.118112,-0.070142,0.014519,-1.739500,0.579830,14.404300
13.621930,-0.106046,-0.154017,0.014519,-0.106046,-0.154017,0.014519,-1.647950,0.610350,13.854980
13.631980,0.002256,-0.300677,0.021092,0.002256,-0.300677,0.021092,-1.953120,0.457760,14.160160
13.641930,0.023250,-0.243190,-0.023250,0.023250,-0.243190,-0.023250,-1.983640,0.457760,14.831540
13.651670,0.105850,-0.210817,-0.037572,0.105850,-0.210817,-0.037572,-1.403810,0.274660,16.143800
13.661770,0.050816,-0.131258,0.035414,0.050816,-0.131258,0.035414,-1.464840,0.335690,16.113280
13.671850,0.086720,-0.067199,-0.036984,0.086720,-0.067199,-0.036984,-1.953120,0.457760,14.587400
13.681950,0.119682,-0.197672,-0.033452,0.119682,-0.197672,-0.033452,-1.983640,0.366210,14.038090
13.692100,0.188450,-0.330008,0.015107,0.188450,-0.330008,0.015107,-1.403810,0.305180,14.373780
13.702140,0.207678,-0.456361,-0.003434,0.207678,-0.456361,-0.003434,-0.549320,0.183110,17.791750
13.712220,0.257316,-0.406625,-0.064550,0.257316,-0.406625,-0.064550,-0.122070,0.183110,19.866940
13.722320,0.236421,-0.320395,-0.022661,0.236421,-0.320395,-0.022661,0.793460,0.183110,22.033690
13.732410,0.123214,-0.295281,0.031294,0.123214,-0.295281,0.031294,0.457760,0.061040,22.338870
13.742900,0.010693,-0.361793,-0.010104,0.010693,-0.361793,-0.010104,0.366210,0.122070,22.827150
13.753330,-0.083385,-0.262319,0.054053,-0.083385,-0.262319,0.054053,0.793460,-0.122070,23.468020
13.763380,-0.003139,-0.269579,-0.068180,-0.003139,-0.269579,-0.068180,0.732420,-0.061040,24.566650
13.773480,0.099866,-0.129394,-0.026193,0.099866,-0.129394,-0.026193,-0.274660,0.335690,24.780270
13.783580,0.132827,-0.109676,-0.027468,0.132827,-0.109676,-0.027468,-0.579830,0.213620,24.444580
13.793700,0.128609,0.090939,0.002551,0.128609,0.090939,0.002551,-0.213620,0.091550,24.902340
13.803770,0.190314,0.109480,0.012066,0.190314,0.109480,0.012066,-0.122070,0.244140,25.268550
13.814090,0.126255,0.047775,-0.068768,0.126255,0.047775,-0.068768,1.251220,0.152590,24.963380
13.824170,-0.149210,-0.030607,0.005494,-0.149210,-0.030607,0.005494,1.251220,0.122070,25.451660
13.834110,-0.224649,-0.071907,-0.034041,-0.224649,-0.071907,-0.034041,2.014160,0.030520,27.465820
13.844060,-0.022269,-0.175501,-0.009418,-0.022269,-0.175501,-0.009418,1.922610,0.335690,28.228760
13.853800,-0.016873,-0.124685,-0.008240,-0.016873,-0.124685,-0.008240,2.502440,0.122070,29.235840
13.863890,-0.027076,-0.152153,-0.057977,-0.027076,-0.152153,-0.057977,2.685550,-0.091550,31.036380
13.874010,-0.096530,-0.066610,-0.166966,-0.096530,-0.066610,-0.166966,3.082280,0.030520,31.555180
13.884080,-0.197083,-0.022269,-0.032177,-0.197083,-0.022269,-0.032177,2.563480,0.061040,32.409670
13.894170,-0.110853,-0.111442,0.000098,-0.110853,-0.111442,0.000098,2.593990,0.091550,32.379150
13.904260,-0.164219,-0.088682,0.030705,-0.164219,-0.088682,0.030705,2.929690,0.000000,33.020020
13.914350,0.018443,-0.179719,-0.031588,0.018443,-0.179719,-0.031588,2.807620,-0.183110,33.233640
13.924440,0.036395,-0.185703,0.001275,0.036395,-0.185703,0.001275,3.082280,-0.030520,33.508300
13.934530,-0.036591,-0.156960,0.076126,-0.036591,-0.156960,0.076126,2.624510,-0.213620,33.325200
13.945000,0.029234,-0.192276,0.010301,0.029234,-0.192276,0.010301,2.227780,-0.030520,33.264160
13.955400,0.096334,-0.166574,-0.069357,0.096334,-0.166574,-0.069357,2.258300,0.061040,33.020020
13.965500,-0.025898,-0.195317,0.056996,-0.025898,-0.195317,0.056996,1.312260,0.061040,33.294680
13.975590,0.149602,-0.165397,-0.134005,0.149602,-0.165397,-0.134005,0.976560,0.244140,34.179690
13.985690,0.090252,-0.165397,-0.010693,0.090252,-0.165397,-0.010693,1.007080,0.152590,34.484860
13.995810,0.168143,-0.202478,-0.053759,0.168143,-0.202478,-0.053759,0.488280,0.091550,34.393310
14.005890,0.108891,-0.105457,0.082110,0.108891,-0.105457,0.082110,0.671390,0.030520,32.745360
14.015980,0.199241,-0.146758,-0.007652,0.199241,-0.146758,-0.007652,0.854490,0.244140,31.463620
14.026080,0.134593,-0.106635,0.060626,0.134593,-0.106635,0.060626,0.549320,0.244140,29.724120
14.036180,0.216016,-0.082698,0.072005,0.216016,-0.082698,0.072005,0.732420,0.030520,29.785160
14.046120,0.159118,-0.173147,0.022269,0.159118,-0.173147,0.022269,0.610350,0.213620,30.639650
14.055850,0.004120,-0.064157,-0.004709,0.004120,-0.064157,-0.004709,0.518800,0.274660,30.822750
14.065950,0.037572,-0.247997,-0.005297,0.037572,-0.247997,-0.005297,0.091550,0.244140,30.883790
14.076030,0.010693,-0.228867,-0.007652,0.010693,-0.228867,-0.007652,0.335690,0.061040,31.402590
14.086140,0.057977,-0.261731,-0.033452,0.057977,-0.261731,-0.033452,-0.183110,0.152590,32.287600
14.096220,0.137634,-0.156960,-0.036395,0.137634,-0.156960,-0.036395,-0.457760,0.274660,33.599850
14.106320,0.171773,-0.160001,0.037867,0.171773,-0.160001,0.037867,-0.427250,0.152590,34.210210
14.116400,0.142343,-0.083287,-0.002845,0.142343,-0.083287,-0.002845,-0.335690,0.030520,34.881590
14.126490,0.216016,-0.104869,0.036689,0.216016,-0.104869,0.036689,-0.091550,0.335690,35.522460
14.136580,0.184918,-0.135378,-0.001079,0.184918,-0.135378,-0.001079,-0.518800,0.183110,36.102290
14.147030,0.228573,-0.114483,0.066610,0.228573,-0.114483,0.066610,-0.091550,0.244140,36.712650
14.157440,0.217880,-0.061803,0.003139,0.217880,-0.061803,0.003139,-0.366210,0.518800,37.017820
14.167530,0.312449,-0.058173,-0.011281,0.312449,-0.058173,-0.011281,-0.549320,0.427250,36.346440
14.177630,0.244760,-0.068376,-0.043556,0.244760,-0.068376,-0.043556,-0.152590,0.122070,35.766600
14.187740,0.248389,0.101043,-0.048363,0.248389,0.101043,-0.048363,0.030520,0.061040,35.308840
14.197830,0.213662,0.203459,-0.046009,0.213662,0.203459,-0.046009,-0.305180,0.152590,34.667970
14.207920,0.181289,0.191491,0.004316,0.181289,0.191491,0.004316,-0.610350,0.274660,32.562260
14.218020,0.324417,0.188548,0.137830,0.324417,0.188548,0.137830,-0.335690,0.122070,30.792240
14.228120,0.311860,0.365717,-0.056800,0.311860,0.365717,-0.056800,-0.427250,0.183110,28.564450
14.238220,0.241816,0.192080,0.022857,0.241816,0.192080,0.022857,-1.129150,0.305180,24.108890
14.248220,0.314214,0.236421,0.137830,0.314214,0.236421,0.137830,-1.770020,0.274660,22.277830
14.257940,0.213662,0.199928,0.074948,0.213662,0.199928,0.074948,-1.739500,0.396730,20.812990
14.268010,0.290278,0.159805,-0.024427,0.290278,0.159805,-0.024427,-1.800540,0.366210,20.446780
14.278110,0.439390,0.095746,-0.016677,0.439390,0.095746,-0.016677,-0.885010,0.244140,20.843510
14.288200,0.172362,0.198653,0.030019,0.172362,0.198653,0.030019,-0.579830,0.183110,21.209720
14.298380,0.206501,0.234655,-0.006475,0.206501,0.234655,-0.006475,-0.732420,0.213620,19.989010
14.308430,0.078970,0.151957,-0.009418,0.078970,0.151957,-0.009418,-0.671390,0.030520,17.425540
14.318510,0.009418,0.120271,0.049835,0.009418,0.120271,0.049835,-0.518800,-0.030520,17.242430
14.328880,0.047186,0.051404,-0.002256,0.047186,0.051404,-0.002256,0.244140,-0.030520,17.700200
14.338750,-0.071319,-0.071907,0.000098,-0.071319,-0.071907,0.000098,0.427250,-0.061040,18.371580
14.348840,-0.113306,-0.080344,-0.021484,-0.113306,-0.080344,-0.021484,0.671390,-0.152590,19.927980
14.358920,0.029234,-0.134789,-0.054936,0.029234,-0.134789,-0.054936,0.885010,-0.030520,20.324710
14.369010,-0.064157,0.029822,0.038455,-0.064157,0.029822,0.038455,0.488280,-0.213620,20.385740
14.379100,0.147150,-0.025212,-0.013636,0.147150,-0.025212,-0.013636,0.122070,0.152590,18.981930
14.389210,0.045420,0.021484,-0.054347,0.045420,0.021484,-0.054347,0.335690,0.274660,17.761230
14.399290,0.010104,0.065727,0.008535,0.010104,0.065727,0.008535,0.061040,0.000000,15.319820
14.409660,-0.073771,0.041791,0.066021,-0.073771,0.041791,0.066021,0.183110,0.061040,14.160160
14.419680,-0.143815,0.052582,-0.059154,-0.143815,0.052582,-0.059154,0.030520,-0.030520,11.871340
14.429610,-0.100062,0.094470,0.012066,-0.100062,0.094470,0.012066,0.244140,0.091550,10.498050
14.439690,-0.013244,0.014911,-0.001079,-0.013244,0.014911,-0.001079,-0.030520,0.244140,8.941650
14.449820,-0.119878,0.021484,0.022269,-0.119878,0.021484,0.022269,-1.586910,0.305180,5.462650
14.459910,0.007652,-0.004316,-0.023250,0.007652,-0.004316,-0.023250,-0.915530,0.213620,4.180910
14.470000,0.035807,-0.047971,-0.052582,0.035807,-0.047971,-0.052582,-1.281740,0.335690,2.777100
14.480080,-0.048658,-0.003139,-0.010104,-0.048658,-0.003139,-0.010104,-1.770020,0.488280,2.044680
14.490180,-0.121055,0.005297,-0.040025,-0.121055,0.005297,-0.040025,-1.251220,0.152590,0.427250
14.500270,-0.036591,0.045420,-0.057389,-0.036591,0.045420,-0.057389,-1.373290,0.457760,-0.885010
14.510360,-0.162355,0.107027,-0.026781,-0.162355,0.107027,-0.026781,-1.129150,0.335690,-2.380370
14.520450,-0.056407,-0.026487,0.028841,-0.056407,-0.026487,0.028841,-0.396730,0.152590,-3.997800
14.530540,-0.230044,-0.112030,0.020503,-0.230044,-0.112030,0.020503,0.000000,-0.061040,-4.577640
14.540630,-0.314509,-0.359340,-0.008829,-0.314509,-0.359340,-0.008829,0.823970,-0.213620,-4.669190
14.551130,-0.217488,-0.351002,-0.022072,-0.217488,-0.351002,-0.022072,0.762940,-0.091550,-4.211430
14.561560,-0.172558,-0.356986,0.009123,-0.172558,-0.356986,0.009123,-0.427250,0.244140,-3.295900
14.571620,-0.204244,-0.289886,0.004316,-0.204244,-0.289886,0.004316,-0.335690,0.213620,-2.868650
14.581710,-0.011478,-0.370720,0.003139,-0.011478,-0.370720,0.003139,-0.183110,0.061040,-2.319340
14.591820,0.069945,-0.060528,-0.069357,0.069945,-0.060528,-0.069357,0.915530,0.030520,-2.410890
14.601900,0.190314,0.010104,-0.012459,0.190314,0.010104,-0.012459,0.427250,0.061040,-3.540040
14.611990,0.169909,0.053759,-0.083679,0.169909,0.053759,-0.083679,-0.915530,0.488280,-7.995610
14.622090,0.278310,0.103496,0.040810,0.278310,0.103496,0.040810,-1.495360,0.305180,-10.437010
14.632190,0.129198,0.111245,-0.060920,0.129198,0.111245,-0.060920,-2.258300,0.457760,-16.326900
14.642290,0.117818,0.129786,0.019326,0.117818,0.129786,0.019326,-3.234860,0.488280,-19.927980
14.652220,0.019620,0.051993,0.025898,0.019620,0.051993,0.025898,-3.570560,0.579830,-24.169920
14.661970,0.222589,-0.087505,-0.068180,0.222589,-0.087505,-0.068180,-3.845210,0.793460,-24.688720
14.672050,0.249566,-0.053366,0.007259,0.249566,-0.053366,0.007259,-3.448490,0.671390,-24.932860
14.682150,0.208855,-0.031883,0.004316,0.208855,-0.031883,0.004316,-4.394530,0.946040,-25.726320
14.692240,0.244171,0.125666,0.006671,0.244171,0.125666,0.006671,-4.425050,1.037600,-26.855470
14.702330,0.385533,0.107027,-0.074752,0.385533,0.107027,-0.074752,-2.929690,0.854490,-29.815670
14.712420,0.223864,0.201105,-0.014224,0.223864,0.201105,-0.014224,-2.502440,0.762940,-31.127930
14.722510,0.195710,0.201694,-0.034041,0.195710,0.201694,-0.034041,-1.586910,0.671390,-32.531740
14.732720,0.334031,-0.088094,-0.049541,0.334031,-0.088094,-0.049541,-1.037600,0.457760,-30.761720
14.742710,0.287923,-0.142637,0.016285,0.287923,-0.142637,0.016285,0.335690,-0.183110,-27.587890
14.753190,0.265753,-0.113306,0.028253,0.265753,-0.113306,0.028253,1.831050,-0.183110,-21.667480
14.763580,0.217880,-0.029430,0.037867,0.217880,-0.029430,0.037867,1.525880,-0.091550,-20.202640
14.773700,0.228573,0.092705,0.033648,0.228573,0.092705,0.033648,0.213620,-0.061040,-19.439700
14.783800,0.215428,0.137046,0.037278,0.215428,0.137046,0.037278,-0.030520,0.030520,-19.653320
14.793940,0.054936,0.219057,0.028841,0.054936,0.219057,0.028841,0.305180,-0.030520,-21.484380
14.803970,0.213073,0.175305,0.004905,0.213073,0.175305,0.004905,-0.274660,0.183110,-22.583010
14.814100,0.242994,0.133416,-0.078872,0.242994,0.133416,-0.078872,0.152590,0.122070,-22.186280
14.824160,0.186684,0.141755,0.016285,0.186684,0.141755,0.016285,0.152590,0.122070,-19.256590
14.834270,0.107027,0.179523,-0.056800,0.107027,0.179523,-0.056800,-0.457760,0.274660,-19.866940
14.844360,-0.017462,0.062784,0.033060,-0.017462,0.062784,0.033060,-1.342770,0.457760,-22.827150
14.854540,-0.042673,-0.049835,0.106733,-0.042673,-0.049835,0.106733,-1.220700,0.915530,-23.040770
14.864390,-0.183938,-0.130669,-0.119584,-0.183938,-0.130669,-0.119584,-0.549320,0.396730,-22.125240
14.874310,-0.144992,-0.559366,0.133612,-0.144992,-0.559366,0.133612,-1.312260,1.251220,-21.728520
14.884430,-0.318629,-0.415061,-0.051404,-0.318629,-0.415061,-0.051404,-0.549320,0.122070,-20.385740
14.894500,0.001079,-0.460580,-0.013047,0.001079,-0.460580,-0.013047,-0.152590,-0.335690,-16.723630
14.904590,-0.077401,-0.294104,-0.023838,-0.077401,-0.294104,-0.023838,-0.305180,-0.396730,-15.716550
14.914670,0.239364,-0.332363,0.048069,0.239364,-0.332363,0.048069,-0.671390,0.274660,-14.221190
14.924760,-0.011478,-0.127628,-0.022661,-0.011478,-0.127628,-0.022661,-0.335690,-0.335690,-13.244630
14.934850,0.205814,-0.077303,-0.097511,0.205814,-0.077303,-0.097511,0.610350,-0.427250,-11.444090
14.944940,0.151368,0.009516,-0.004120,0.151368,0.009516,-0.004120,0.854490,-0.091550,-11.505130
14.955080,0.054347,0.119093,-0.024427,0.054347,0.119093,-0.024427,0.396730,-0.244140,-12.725830
14.965160,0.141755,0.001079,-0.003434,0.141755,0.001079,-0.003434,0.579830,-0.244140,-13.183590
14.975260,0.018443,-0.051601,0.016873,0.018443,-0.051601,0.016873,0.457760,-0.366210,-13.092040
14.985350,0.056211,-0.118014,-0.040025,0.056211,-0.118014,-0.040025,0.457760,-0.152590,-12.390140
14.995450,-0.047382,-0.082698,0.015696,-0.047382,-0.082698,0.015696,0.549320,-0.244140,-11.871340
15.005540,-0.044439,-0.024035,-0.008829,-0.044439,-0.024035,-0.008829,0.549320,-0.183110,-11.749270
15.015610,-0.109676,0.022661,-0.025604,-0.109676,0.022661,-0.025604,0.701900,-0.274660,-11.932370
15.025740,-0.049835,0.069945,-0.070534,-0.049835,0.069945,-0.070534,1.068120,-0.244140,-12.207030
15.035810,-0.106046,0.129198,0.041398,-0.106046,0.129198,0.041398,0.946040,-0.335690,-12.298580
15.045900,-0.089369,0.029822,-0.002256,-0.089369,0.029822,-0.002256,0.610350,-0.152590,-12.481690
15.056370,-0.158824,-0.120467,-0.081914,-0.158824,-0.120467,-0.081914,0.183110,-0.030520,-11.718750
15.066780,-0.145580,-0.269579,-0.014813,-0.145580,-0.269579,-0.014813,0.000000,-0.305180,-10.559080
15.076870,-0.197083,-0.152153,-0.013636,-0.197083,-0.152153,-0.013636,0.030520,-0.213620,-7.110600
15.086970,-0.148622,-0.072594,-0.019620,-0.148622,-0.072594,-0.019620,-0.091550,-0.030520,-6.073000
15.097070,-0.092312,0.009516,-0.033452,-0.092312,0.009516,-0.033452,-0.579830,0.152590,-4.913330
15.107170,-0.070730,0.086720,-0.008240,-0.070730,0.086720,-0.008240,-0.518800,0.091550,-4.699710
15.117300,-0.111442,0.128021,0.035414,-0.111442,0.128021,0.035414,-0.457760,-0.122070,-4.577640
15.127360,-0.133612,0.132239,-0.046598,-0.133612,0.132239,-0.046598,-0.518800,-0.122070,-5.004880
15.137460,-0.150387,0.053759,-0.028645,-0.150387,0.053759,-0.028645,-0.396730,0.274660,-5.523680
15.147550,-0.294692,-0.010301,0.004316,-0.294692,-0.010301,0.004316,-0.335690,-0.122070,-5.767820
15.157470,-0.146169,-0.145580,-0.048363,-0.146169,-0.145580,-0.048363,-0.244140,0.091550,-5.371090
15.167260,-0.227592,-0.093489,-0.007063,-0.227592,-0.093489,-0.007063,0.061040,-0.091550,-4.577640
15.177360,-0.263006,-0.094667,0.024623,-0.263006,-0.094667,0.024623,-0.305180,0.061040,-4.058840
15.187420,-0.220431,-0.117426,-0.075929,-0.220431,-0.117426,-0.075929,-0.122070,0.091550,-3.631590
15.197550,-0.205520,-0.061803,0.010889,-0.205520,-0.061803,0.010889,-0.427250,0.305180,-2.899170
15.207600,-0.187567,0.058566,-0.048363,-0.187567,0.058566,-0.048363,-0.610350,0.305180,-2.807620
15.217690,-0.212092,-0.016873,-0.042968,-0.212092,-0.016873,-0.042968,-0.732420,0.213620,-3.082280
15.227780,-0.119878,-0.043164,0.003139,-0.119878,-0.043164,0.003139,-0.518800,0.183110,-3.753660
15.237880,-0.134789,-0.015696,-0.034041,-0.134789,-0.015696,-0.034041,-0.518800,-0.122070,-5.004880
15.248570,-0.112717,0.008240,-0.001079,-0.112717,0.008240,-0.001079,-0.152590,0.000000,-5.889890
15.258150,-0.081521,-0.053955,0.018050,-0.081521,-0.053955,0.018050,-0.274660,0.000000,-7.110600
15.268210,-0.184526,-0.198849,0.024035,-0.184526,-0.198849,0.024035,-0.640870,0.061040,-9.124760
15.278300,-0.163533,-0.226415,-0.023838,-0.163533,-0.226415,-0.023838,-0.762940,0.183110,-9.948730
15.288390,-0.064157,-0.212681,0.004905,-0.064157,-0.212681,0.004905,-0.732420,0.549320,-10.742190
15.298480,-0.071319,-0.255747,0.050423,-0.071319,-0.255747,0.050423,-1.220700,0.000000,-10.894780
15.308570,-0.001275,-0.161178,-0.057389,-0.001275,-0.161178,-0.057389,-0.823970,0.213620,-11.871340
15.318650,-0.038455,-0.015696,-0.019031,-0.038455,-0.015696,-0.019031,-1.159670,0.274660,-12.756350
15.330750,0.044243,-0.005494,0.065433,0.044243,-0.005494,0.065433,-1.312260,0.305180,-14.282230
15.340670,0.002845,0.050227,-0.007063,0.002845,0.050227,-0.007063,-1.525880,0.183110,-14.709470
15.350750,0.100454,0.082502,0.020503,0.100454,0.082502,0.020503,-0.610350,0.183110,-15.289310
15.360890,0.086720,0.168143,0.020503,0.086720,0.168143,0.020503,-0.518800,0.213620,-15.747070
15.370970,0.124979,0.153134,-0.051404,0.124979,0.153134,-0.051404,-0.579830,0.335690,-16.723630
15.381060,0.078970,0.146561,0.018639,0.078970,0.146561,0.018639,-0.366210,0.274660,-19.561770
15.391310,0.085543,-0.033648,-0.007063,0.085543,-0.033648,-0.007063,-0.396730,0.335690,-20.629880
15.401320,0.065138,-0.139596,0.039632,0.065138,-0.139596,0.039632,-0.305180,-0.244140,-22.003170
15.411860,0.143030,-0.237206,-0.018443,0.143030,-0.237206,-0.018443,0.061040,-0.122070,-21.850590
15.421550,0.083679,-0.159413,-0.015402,0.083679,-0.159413,-0.015402,0.915530,0.030520,-20.874020
15.431550,0.041791,-0.232988,0.016285,0.041791,-0.232988,0.016285,0.762940,0.000000,-20.477290
15.441640,0.070534,-0.192865,0.006082,0.070534,-0.192865,0.006082,1.098630,0.213620,-19.836430
15.451730,0.050816,-0.079167,0.053366,0.050816,-0.079167,0.053366,0.701900,0.091550,-18.890380
15.461860,-0.002551,-0.298322,-0.080736,-0.002551,-0.298322,-0.080736,0.549320,0.274660,-17.883300
15.471940,0.054347,-0.149210,0.001962,0.054347,-0.149210,0.001962,0.762940,-0.213620,-14.648440
15.482080,0.146561,-0.276152,-0.022661,0.146561,-0.276152,-0.022661,0.823970,-0.183110,-13.275150
15.492140,0.028057,-0.229456,0.012655,0.028057,-0.229456,0.012655,1.861570,0.000000,-11.108400
15.502250,0.169909,-0.034237,-0.032765,0.169909,-0.034237,-0.032765,2.777100,-0.274660,-10.650630
15.512320,-0.055230,0.061607,0.110264,-0.055230,0.061607,0.110264,0.488280,-0.030520,-9.490970
15.522410,0.098689,-0.259965,-0.071123,0.098689,-0.259965,-0.071123,-0.885010,0.244140,-10.375980
15.532500,-0.051012,0.015500,0.015696,-0.051012,0.015500,0.015696,-0.885010,0.335690,-11.596680
15.542590,0.019620,0.086132,-0.053759,0.019620,0.086132,-0.053759,-1.220700,0.396730,-13.122560
15.552680,-0.028253,-0.001275,-0.018443,-0.028253,-0.001275,-0.018443,-0.366210,0.213620,-13.763430
15.563140,0.061607,0.071123,0.025310,0.061607,0.071123,0.025310,-0.793460,0.122070,-13.824460
15.573560,0.115464,-0.033648,-0.077107,0.115464,-0.033648,-0.077107,-0.823970,0.213620,-13.916020
15.583650,0.096923,0.077695,0.002551,0.096923,0.077695,0.002551,-0.183110,0.152590,-14.923100
15.593780,-0.028253,0.211307,0.006671,-0.028253,0.211307,0.006671,-0.610350,0.274660,-15.319820
15.603850,-0.021680,0.054347,-0.073575,-0.021680,0.054347,-0.073575,-0.396730,0.244140,-15.563960
15.613940,-0.025310,0.097511,-0.002256,-0.025310,0.097511,-0.002256,0.091550,0.030520,-16.357420
15.624040,-0.025310,0.005886,-0.120859,-0.025310,0.005886,-0.120859,-0.579830,0.366210,-16.540530
15.634130,0.063961,0.002256,0.087505,0.063961,0.002256,0.087505,-0.366210,0.457760,-16.052250
15.644230,0.147739,0.028645,0.019326,0.147739,0.028645,0.019326,-0.274660,0.396730,-15.655520
15.654360,0.131650,0.027468,0.010301,0.131650,0.027468,0.010301,-0.671390,0.518800,-15.197750
15.664260,0.122036,-0.021092,-0.029822,0.122036,-0.021092,-0.029822,0.000000,0.457760,-14.678960
15.674000,0.132827,-0.028841,-0.020797,0.132827,-0.028841,-0.020797,0.640870,0.122070,-14.495850
15.684090,0.077695,-0.223472,-0.061509,0.077695,-0.223472,-0.061509,1.251220,0.152590,-13.549800
15.694180,0.048952,-0.362970,-0.019620,0.048952,-0.362970,-0.019620,1.312260,0.030520,-12.451170
15.704270,0.177071,-0.379157,-0.015402,0.177071,-0.379157,-0.015402,1.312260,0.152590,-9.918210
15.714360,0.154998,-0.334227,0.020503,0.154998,-0.334227,0.020503,0.915530,0.061040,-8.697510
15.724450,0.266930,-0.305483,0.000098,0.266930,-0.305483,0.000098,1.068120,-0.030520,-7.202150
15.734540,0.228573,-0.142049,0.000687,0.228573,-0.142049,0.000687,1.220700,0.091550,-6.713870
15.744630,0.290867,-0.156371,0.000098,0.290867,-0.156371,0.000098,1.647950,-0.061040,-6.652830
15.754820,0.247801,-0.142049,0.031294,0.247801,-0.142049,0.031294,1.586910,-0.030520,-6.591800
15.764900,0.240541,-0.121055,0.020503,0.240541,-0.121055,0.020503,1.434330,0.091550,-6.622310
15.774960,0.351394,-0.011478,-0.044145,0.351394,-0.011478,-0.044145,1.586910,0.091550,-6.835940
15.785050,0.381315,0.025016,0.015107,0.381315,0.025016,0.015107,1.434330,0.122070,-6.958010
15.795150,0.474117,0.025604,0.030705,0.474117,0.025604,0.030705,1.464840,0.152590,-7.263180
15.805330,0.510610,-0.005494,0.029430,0.510610,-0.005494,0.029430,1.342770,0.061040,-7.415770
15.815340,0.439390,-0.006082,-0.033452,0.439390,-0.006082,-0.033452,1.495360,0.213620,-7.843020
15.825430,0.384258,0.040025,-0.014224,0.384258,0.040025,-0.014224,1.281740,0.152590,-7.690430
15.835510,0.453124,0.037572,-0.032177,0.453124,0.037572,-0.032177,1.312260,0.030520,-7.568360
15.845610,0.402897,0.131062,-0.077107,0.402897,0.131062,-0.077107,1.342770,0.122070,-8.636470
15.855690,0.516006,0.204048,-0.013636,0.516006,0.204048,-0.013636,1.281740,0.091550,-9.460450
15.866160,0.421438,0.116052,-0.006475,0.421438,0.116052,-0.006475,0.823970,0.244140,-12.725830
15.876900,0.247212,0.137046,-0.005886,0.247212,0.137046,-0.005886,0.762940,0.274660,-14.434810
15.886860,0.281253,0.041791,-0.001079,0.281253,0.041791,-0.001079,0.732420,0.213620,-15.075680
15.896800,0.184918,0.124391,0.037278,0.184918,0.124391,0.037278,0.396730,0.061040,-15.930180
15.906900,0.285471,-0.071319,-0.023250,0.285471,-0.071319,-0.023250,-0.305180,0.152590,-15.258790
15.916980,0.305287,-0.109676,-0.014813,0.305287,-0.109676,-0.014813,-0.427250,0.122070,-13.732910
15.927080,0.229848,-0.117426,-0.098100,0.229848,-0.117426,-0.098100,-0.122070,0.183110,-13.214110
15.937170,0.121448,-0.140185,-0.039436,0.121448,-0.140185,-0.039436,0.122070,-0.030520,-12.939450
15.947310,-0.116249,-0.244956,0.037278,-0.116249,-0.244956,0.037278,-0.549320,0.061040,-12.969970
15.957410,0.061607,-0.237206,-0.008829,0.061607,-0.237206,-0.008829,-0.244140,-0.030520,-12.634280
15.967370,0.065727,-0.246820,0.018050,0.065727,-0.246820,0.018050,-0.274660,-0.274660,-12.268070
15.977110,0.111245,-0.295870,0.001962,0.111245,-0.295870,0.001962,-0.396730,-0.152590,-12.146000
15.987210,0.062195,-0.238383,0.007259,0.062195,-0.238383,0.007259,-0.396730,-0.061040,-12.084960
15.997390,0.154409,-0.301854,-0.002845,0.154409,-0.301854,-0.002845,-0.274660,-0.213620,-12.023930
16.007410,0.205814,-0.308426,-0.047775,0.205814,-0.308426,-0.047775,-0.122070,-0.244140,-10.986330
16.017490,0.171086,-0.245544,0.001962,0.171086,-0.245544,0.001962,-0.122070,-0.366210,-10.040280
16.027580,0.192080,-0.152153,0.031883,0.192080,-0.152153,0.031883,-0.061040,-0.122070,-9.674070
16.037670,0.169909,-0.171381,-0.008240,0.169909,-0.171381,-0.008240,0.152590,-0.305180,-9.552000
16.047760,0.177757,-0.088094,-0.018443,0.177757,-0.088094,-0.018443,0.152590,-0.030520,-9.490970
16.057850,0.134593,-0.116837,0.012066,0.134593,-0.116837,0.012066,0.305180,-0.335690,-9.033200
16.067980,0.202282,-0.102514,-0.029822,0.202282,-0.102514,-0.029822,0.091550,-0.335690,-8.666990
16.078070,0.134005,-0.035414,0.003139,0.134005,-0.035414,0.003139,-0.061040,-0.091550,-8.453370
16.088250,0.257316,-0.085739,-0.020209,0.257316,-0.085739,-0.020209,0.183110,-0.183110,-8.422850
16.098280,0.182466,-0.034826,-0.015402,0.182466,-0.034826,-0.015402,0.305180,-0.152590,-8.514400
16.108360,0.122036,0.054936,0.003728,0.122036,0.054936,0.003728,0.366210,-0.183110,-9.063720
16.118450,0.169321,0.016088,0.036689,0.169321,0.016088,0.036689,0.427250,-0.244140,-9.643550
16.128550,0.171086,0.012459,0.009712,0.171086,0.012459,0.009712,0.183110,-0.122070,-10.559080
16.138630,0.178346,-0.010301,-0.000491,0.178346,-0.010301,-0.000491,-0.152590,-0.122070,-10.955810
16.148730,0.099866,0.047186,0.001962,0.099866,0.047186,0.001962,-0.213620,-0.030520,-11.169430
16.158820,0.066904,0.040613,-0.022072,0.066904,0.040613,-0.022072,-0.457760,-0.122070,-10.986330
16.169310,0.123214,0.067002,-0.008829,0.123214,0.067002,-0.008829,-0.183110,-0.091550,-10.589600
16.179680,0.149602,0.075341,0.043851,0.149602,0.075341,0.043851,-0.366210,-0.122070,-10.284420
16.189790,0.104084,-0.009123,0.009712,0.104084,-0.009123,0.009712,-0.427250,-0.091550,-10.192870
16.199880,0.071123,0.017266,-0.013047,0.071123,0.017266,-0.013047,0.122070,-0.061040,-9.613040
16.209980,0.017854,-0.014519,0.096530,0.017854,-0.014519,0.096530,0.061040,-0.305180,-9.521480
16.220070,0.025016,-0.034826,-0.025604,0.025016,-0.034826,-0.025604,-0.305180,-0.061040,-9.307860
16.230170,0.081325,-0.009712,-0.000491,0.081325,-0.009712,-0.000491,-0.091550,-0.030520,-9.063720
16.240260,-0.025898,-0.030607,-0.028057,-0.025898,-0.030607,-0.028057,-0.457760,-0.122070,-8.666990
16.250360,-0.066610,-0.041987,-0.009418,-0.066610,-0.041987,-0.009418,-0.488280,0.061040,-8.636470
16.260460,-0.047971,-0.039632,-0.009418,-0.047971,-0.039632,-0.009418,-0.274660,-0.183110,-7.904050
16.270400,0.074752,-0.029430,-0.001079,0.074752,-0.029430,-0.001079,-0.061040,-0.061040,-7.751460
16.280130,-0.028253,-0.025800,-0.001079,-0.028253,-0.025800,-0.001079,0.061040,-0.183110,-7.415770
16.290230,-0.020503,-0.009712,-0.051404,-0.020503,-0.009712,-0.051404,0.030520,-0.122070,-7.080080
16.300330,0.007063,0.045420,-0.005886,0.007063,0.045420,-0.005886,0.335690,-0.213620,-6.866460
16.310400,0.016088,0.012459,-0.019620,0.016088,0.012459,-0.019620,0.366210,-0.213620,-5.798340
16.320490,-0.043262,-0.077303,-0.028057,-0.043262,-0.077303,-0.028057,0.183110,-0.152590,-5.920410
16.330770,0.011870,-0.055819,-0.041791,0.011870,-0.055819,-0.041791,0.244140,-0.091550,-6.439210
16.340700,-0.003139,-0.019228,0.012066,-0.003139,-0.019228,0.012066,0.244140,-0.152590,-6.988530
16.350820,0.043556,-0.083287,0.001275,0.043556,-0.083287,0.001275,0.061040,-0.152590,-7.781980
16.360990,0.116641,-0.143226,-0.031000,0.116641,-0.143226,-0.031000,-0.274660,0.030520,-8.911130
16.371020,0.183153,-0.141362,0.048658,0.183153,-0.141362,0.048658,-0.244140,-0.091550,-9.094240
16.381100,0.178346,-0.143815,-0.026193,0.178346,-0.143815,-0.026193,-0.091550,-0.122070,-8.178710
16.391210,0.192668,-0.170792,0.064157,0.192668,-0.170792,0.064157,-0.244140,-0.122070,-7.873540
16.401380,0.238187,-0.055819,0.030019,0.238187,-0.055819,0.030019,0.000000,-0.030520,-6.713870
16.411720,0.231614,-0.162944,-0.022661,0.231614,-0.162944,-0.022661,-0.183110,-0.061040,-6.317140
16.421530,0.287923,-0.161178,0.032471,0.287923,-0.161178,0.032471,0.274660,-0.213620,-5.798340
16.431600,0.368758,-0.152742,-0.019620,0.368758,-0.152742,-0.019620,0.061040,-0.061040,-5.249020
16.441690,0.335796,-0.131846,0.019914,0.335796,-0.131846,0.019914,-0.091550,0.030520,-5.371090
16.451780,0.409469,-0.110853,0.012655,0.409469,-0.110853,0.012655,0.122070,-0.061040,-6.011960
16.461870,0.282528,-0.082110,0.000098,0.282528,-0.082110,0.000098,0.000000,0.030520,-6.103520
16.472000,0.424969,-0.030607,0.016873,0.424969,-0.030607,0.016873,0.091550,0.030520,-5.523680
16.482090,0.493835,0.067591,-0.019620,0.493835,0.067591,-0.019620,-0.091550,-0.091550,-5.828860
16.492180,0.303423,0.023838,0.007259,0.303423,0.023838,0.007259,0.213620,-0.366210,-5.462650
16.502270,0.174127,0.054936,-0.031588,0.174127,0.054936,-0.031588,-0.213620,0.152590,-6.195070
16.512360,0.302246,0.023838,0.021680,0.302246,0.023838,0.021680,0.122070,0.030520,-5.340580
16.522460,0.186684,0.150780,-0.006475,0.186684,0.150780,-0.006475,-0.122070,0.091550,-6.256100
16.532550,0.237598,0.102907,0.019326,0.237598,0.102907,0.019326,0.000000,0.152590,-6.164550
16.542640,0.180700,0.114875,0.003728,0.180700,0.114875,0.003728,-0.335690,0.183110,-5.798340
16.552730,0.199241,0.061018,-0.007652,0.199241,0.061018,-0.007652,-0.091550,0.061040,-5.218510
16.562820,0.158530,0.063373,-0.005886,0.158530,0.063373,-0.005886,-0.274660,0.030520,-4.730220
16.573420,0.159707,0.112423,-0.029234,0.159707,0.112423,-0.029234,-0.305180,0.030520,-4.791260
16.583710,0.110657,0.145384,-0.015402,0.110657,0.145384,-0.015402,-0.244140,-0.030520,-5.065920
16.593820,0.025016,0.139989,-0.042379,0.025016,0.139989,-0.042379,-0.213620,0.091550,-6.011960
16.603890,0.171773,0.068768,0.001275,0.171773,0.068768,0.001275,-0.305180,0.091550,-6.439210
16.614000,0.239364,0.090350,-0.021484,0.239364,0.090350,-0.021484,-0.152590,0.030520,-6.286620
16.624080,0.314803,0.089075,-0.010693,0.314803,0.089075,-0.010693,0.030520,0.091550,-5.950930
16.634190,0.271737,0.082502,-0.001079,0.271737,0.082502,-0.001079,-0.122070,0.152590,-5.798340
16.644280,0.265164,0.038259,-0.004709,0.265164,0.038259,-0.004709,-0.061040,0.122070,-5.645750
16.654380,0.212485,-0.033648,-0.011870,0.212485,-0.033648,-0.011870,0.122070,0.030520,-5.401610
16.664480,0.298028,-0.044439,-0.020209,0.298028,-0.044439,-0.020209,0.213620,0.183110,-4.547120
16.674410,0.264576,-0.072594,-0.014813,0.264576,-0.072594,-0.014813,0.122070,0.274660,-4.913330
16.684170,0.416631,-0.083287,-0.023250,0.416631,-0.083287,-0.023250,0.152590,0.152590,-5.676270
16.694280,0.350806,-0.068376,-0.006475,0.350806,-0.068376,-0.006475,-0.030520,0.244140,-6.408690
16.704370,0.286648,-0.170792,0.000098,0.286648,-0.170792,0.000098,-0.061040,0.152590,-6.225590
16.714460,0.408881,-0.135378,0.004316,0.408881,-0.135378,0.004316,0.274660,0.091550,-6.134030
16.724550,0.550145,-0.143226,-0.026781,0.550145,-0.143226,-0.026781,0.183110,0.061040,-5.554200
16.734640,0.354337,-0.087505,0.004316,0.354337,-0.087505,0.004316,0.152590,0.030520,-6.134030
16.744740,0.386122,-0.091135,0.001275,0.386122,-0.091135,0.001275,-0.183110,0.091550,-5.798340
16.754830,0.422615,-0.031196,-0.017266,0.422615,-0.031196,-0.017266,0.030520,0.091550,-6.561280
16.764910,0.290867,0.010104,0.001275,0.290867,0.010104,0.001275,0.091550,0.152590,-7.415770
16.775360,0.311860,-0.007259,-0.017854,0.311860,-0.007259,-0.017854,0.152590,0.122070,-8.087160
16.785840,0.355514,-0.110264,-0.001079,0.355514,-0.110264,-0.001079,0.091550,0.061040,-7.812500
16.795910,0.444785,-0.103692,-0.014813,0.444785,-0.103692,-0.014813,0.000000,0.061040,-7.080080
16.806000,0.475295,-0.109676,-0.013636,0.475295,-0.109676,-0.013636,-0.061040,0.061040,-6.042480
16.816080,0.408194,-0.108499,-0.017854,0.408194,-0.108499,-0.017854,0.061040,0.030520,-5.157470
16.826180,0.349530,-0.051012,-0.020209,0.349530,-0.051012,-0.020209,0.244140,0.000000,-3.784180
16.836370,0.341192,-0.022857,-0.008829,0.341192,-0.022857,-0.008829,0.305180,0.000000,-3.601070
16.846430,0.265164,-0.005494,-0.001668,0.265164,-0.005494,-0.001668,0.305180,0.061040,-4.180910
16.856520,0.184918,-0.042575,-0.009418,0.184918,-0.042575,-0.009418,0.213620,0.061040,-4.455570
16.866630,0.251332,-0.082698,-0.011281,0.251332,-0.082698,-0.011281,0.213620,0.030520,-4.364010
16.876570,0.322062,-0.132435,-0.014224,0.322062,-0.132435,-0.014224,0.335690,-0.030520,-3.112790
16.886310,0.262123,-0.119878,-0.004709,0.262123,-0.119878,-0.004709,0.274660,-0.030520,-2.380370
16.896400,0.156175,-0.092901,-0.003434,0.156175,-0.092901,-0.003434,0.091550,-0.030520,-1.373290
16.906710,0.118995,-0.083974,-0.004120,0.118995,-0.083974,-0.004120,0.030520,-0.061040,-1.068120
16.916770,0.092116,-0.076126,-0.010693,0.092116,-0.076126,-0.010693,-0.030520,0.000000,-0.640870
16.926700,0.046009,-0.062392,-0.007063,0.046009,-0.062392,-0.007063,-0.061040,0.000000,-0.488280
16.936790,0.029822,-0.056996,-0.006475,0.029822,-0.056996,-0.006475,-0.061040,0.000000,-0.335690
16.946870,0.011870,-0.049246,-0.009418,0.011870,-0.049246,-0.009418,-0.061040,-0.030520,-0.152590
16.956970,0.005886,-0.040810,-0.006475,0.005886,-0.040810,-0.006475,-0.061040,0.000000,-0.091550
16.967060,-0.012066,-0.044439,-0.013047,-0.012066,-0.044439,-0.013047,-0.061040,-0.030520,-0.030520
16.977190,-0.011478,-0.042575,-0.010693,-0.011478,-0.042575,-0.010693,-0.091550,-0.030520,0.000000
16.987290,-0.008535,-0.041987,-0.011870,-0.008535,-0.041987,-0.011870,-0.122070,0.000000,0.030520
16.997390,-0.013244,-0.039044,-0.015402,-0.013244,-0.039044,-0.015402,-0.091550,0.000000,0.030520
17.007460,-0.010301,-0.038455,-0.010104,-0.010301,-0.038455,-0.010104,-0.061040,0.061040,0.000000
17.017580,-0.010301,-0.045028,-0.001079,-0.010301,-0.045028,-0.001079,0.000000,0.427250,0.061040
17.027640,-0.022269,-0.047971,-0.029234,-0.022269,-0.047971,-0.029234,-0.030520,0.640870,0.091550
17.037740,-0.032471,-0.045028,-0.019620,-0.032471,-0.045028,-0.019620,0.000000,0.152590,0.061040
17.047820,-0.018639,-0.045616,0.000687,-0.018639,-0.045616,0.000687,0.000000,0.061040,0.061040
17.057910,-0.016873,-0.045028,0.007946,-0.016873,-0.045028,0.007946,0.000000,0.305180,0.091550
17.068000,-0.029430,-0.039044,-0.017266,-0.029430,-0.039044,-0.017266,0.030520,0.335690,0.061040
17.078470,-0.045028,-0.048560,-0.031588,-0.045028,-0.048560,-0.031588,-0.030520,-0.091550,0.030520
17.089070,-0.030019,-0.052778,-0.007063,-0.030019,-0.052778,-0.007063,-0.061040,-0.366210,0.061040
17.098990,-0.016873,-0.056407,0.002551,-0.016873,-0.056407,0.002551,-0.091550,-0.366210,0.122070
17.109080,-0.027076,-0.056996,-0.026781,-0.027076,-0.056996,-0.026781,-0.091550,-0.244140,0.366210
17.119170,-0.010301,-0.039044,0.001962,-0.010301,-0.039044,0.001962,0.000000,-0.427250,0.518800
17.129320,-0.024035,-0.041987,-0.006475,-0.024035,-0.041987,-0.006475,-0.061040,-0.213620,0.427250
17.139370,-0.018639,-0.045028,0.003139,-0.018639,-0.045028,0.003139,0.000000,-0.183110,0.518800
17.149460,-0.022857,-0.051012,-0.005886,-0.022857,-0.051012,-0.005886,0.030520,-0.091550,0.457760
17.159570,-0.027076,-0.048560,-0.013047,-0.027076,-0.048560,-0.013047,0.030520,-0.122070,0.396730
17.169660,-0.018639,-0.053955,-0.017266,-0.018639,-0.053955,-0.017266,0.000000,-0.122070,0.335690
17.179600,-0.021092,-0.048560,-0.008829,-0.021092,-0.048560,-0.008829,0.061040,-0.152590,0.366210
17.189380,-0.022269,-0.074948,-0.014224,-0.022269,-0.074948,-0.014224,0.091550,-0.122070,0.427250
17.199450,-0.019228,-0.059351,-0.010104,-0.019228,-0.059351,-0.010104,0.152590,-0.122070,0.610350
17.209530,-0.022857,-0.046205,-0.010104,-0.022857,-0.046205,-0.010104,0.152590,-0.091550,0.488280
17.219620,-0.025310,-0.043164,-0.012459,-0.025310,-0.043164,-0.012459,0.122070,0.000000,0.274660
17.229710,-0.018050,-0.048560,-0.005297,-0.018050,-0.048560,-0.005297,0.122070,-0.030520,0.244140
17.239800,-0.024035,-0.051601,-0.002256,-0.024035,-0.051601,-0.002256,0.122070,-0.030520,0.213620
17.249890,-0.026487,-0.063569,-0.008829,-0.026487,-0.063569,-0.008829,0.061040,0.000000,0.366210
17.259980,-0.021092,-0.062980,-0.007652,-0.021092,-0.062980,-0.007652,0.030520,-0.061040,0.518800
17.270070,-0.020503,-0.050423,-0.013047,-0.020503,-0.050423,-0.013047,0.030520,0.000000,0.732420
17.280520,-0.013930,-0.047382,-0.007652,-0.013930,-0.047382,-0.007652,0.030520,-0.030520,0.610350
17.290940,-0.015107,-0.051012,-0.005886,-0.015107,-0.051012,-0.005886,0.061040,-0.030520,0.396730
17.301030,-0.009123,-0.043851,-0.008829,-0.009123,-0.043851,-0.008829,0.122070,0.000000,0.305180
17.311130,-0.010301,-0.045028,-0.011281,-0.010301,-0.045028,-0.011281,0.091550,0.000000,0.274660
17.321220,-0.010301,-0.038455,-0.016088,-0.010301,-0.038455,-0.016088,0.091550,-0.030520,0.183110
17.331670,-0.014519,-0.041987,-0.013047,-0.014519,-0.041987,-0.013047,0.091550,-0.030520,0.122070
17.341450,-0.007946,-0.045616,-0.010104,-0.007946,-0.045616,-0.010104,0.122070,-0.030520,0.091550
17.351550,-0.009123,-0.041987,-0.016677,-0.009123,-0.041987,-0.016677,0.122070,-0.030520,0.030520
17.361640,-0.010301,-0.041398,-0.019031,-0.010301,-0.041398,-0.019031,0.183110,-0.030520,-0.030520
17.371840,-0.021680,-0.031196,-0.017266,-0.021680,-0.031196,-0.017266,0.183110,-0.030520,-0.030520
17.381710,-0.016873,-0.038455,-0.010693,-0.016873,-0.038455,-0.010693,0.213620,-0.030520,-0.030520
17.391440,-0.010889,-0.037180,-0.004709,-0.010889,-0.037180,-0.004709,0.152590,-0.030520,-0.061040
17.401590,-0.019228,-0.035414,-0.008240,-0.019228,-0.035414,-0.008240,0.091550,-0.030520,-0.030520
17.412900,-0.018050,-0.045616,-0.008829,-0.018050,-0.045616,-0.008829,0.030520,-0.061040,0.000000
17.421890,-0.018050,-0.040810,-0.014224,-0.018050,-0.040810,-0.014224,0.030520,-0.061040,0.000000
17.431860,-0.018050,-0.047971,-0.010104,-0.018050,-0.047971,-0.010104,0.000000,-0.061040,0.061040
17.441960,-0.024623,-0.052189,-0.014224,-0.024623,-0.052189,-0.014224,-0.030520,-0.091550,0.030520
17.452040,-0.026487,-0.061803,-0.019031,-0.026487,-0.061803,-0.019031,0.000000,-0.030520,0.030520
17.462150,-0.035414,-0.062980,-0.022072,-0.035414,-0.062980,-0.022072,0.030520,-0.030520,0.000000
17.472220,-0.034237,-0.061803,-0.023250,-0.034237,-0.061803,-0.023250,0.000000,-0.030520,-0.030520
17.482350,-0.036591,-0.059351,-0.019031,-0.036591,-0.059351,-0.019031,0.061040,-0.030520,-0.030520
17.492430,-0.036003,-0.056407,-0.025016,-0.036003,-0.056407,-0.025016,0.061040,-0.030520,-0.030520
17.502530,-0.036003,-0.056407,-0.026781,-0.036003,-0.056407,-0.026781,0.030520,0.000000,0.000000
17.512620,-0.041987,-0.051012,-0.026193,-0.041987,-0.051012,-0.026193,0.061040,0.000000,-0.061040
17.522710,-0.039044,-0.055819,-0.023250,-0.039044,-0.055819,-0.023250,0.030520,0.000000,0.000000
17.532800,-0.036003,-0.055230,-0.008240,-0.036003,-0.055230,-0.008240,0.030520,0.030520,-0.030520
17.542890,-0.022857,-0.055230,-0.014224,-0.022857,-0.055230,-0.014224,0.000000,0.000000,0.000000
17.552980,-0.025310,-0.049246,-0.013636,-0.025310,-0.049246,-0.013636,0.030520,-0.030520,0.061040
17.563070,-0.026487,-0.052189,-0.016088,-0.026487,-0.052189,-0.016088,0.030520,-0.030520,0.030520
17.573170,-0.024623,-0.047382,-0.011281,-0.024623,-0.047382,-0.011281,-0.030520,0.000000,0.030520
17.583620,-0.025310,-0.047971,-0.009418,-0.025310,-0.047971,-0.009418,-0.030520,-0.030520,0.000000
17.594100,-0.024035,-0.047382,-0.011281,-0.024035,-0.047382,-0.011281,-0.091550,-0.030520,0.000000
17.604140,-0.030019,-0.058173,-0.022661,-0.030019,-0.058173,-0.022661,-0.061040,-0.030520,0.000000
17.614230,-0.034237,-0.055230,-0.024427,-0.034237,-0.055230,-0.024427,-0.061040,-0.061040,0.000000
17.624320,-0.040810,-0.058173,-0.019031,-0.040810,-0.058173,-0.019031,0.000000,-0.061040,0.000000
17.634420,-0.041987,-0.058762,-0.017266,-0.041987,-0.058762,-0.017266,0.030520,-0.030520,0.000000
17.644520,-0.034826,-0.049246,-0.017266,-0.034826,-0.049246,-0.017266,0.061040,-0.061040,0.000000
17.654610,-0.036003,-0.052189,-0.016088,-0.036003,-0.052189,-0.016088,0.122070,-0.030520,0.000000
17.664710,-0.029430,-0.051012,-0.017266,-0.029430,-0.051012,-0.017266,0.122070,-0.030520,0.000000
17.674810,-0.027664,-0.049835,-0.010104,-0.027664,-0.049835,-0.010104,0.091550,-0.061040,-0.030520
17.684740,-0.030019,-0.055230,-0.005886,-0.030019,-0.055230,-0.005886,0.061040,-0.030520,-0.030520
17.694480,-0.033060,-0.051012,-0.011281,-0.033060,-0.051012,-0.011281,0.000000,-0.030520,0.000000
17.704570,-0.025898,-0.049246,-0.016677,-0.025898,-0.049246,-0.016677,0.030520,-0.030520,-0.030520
17.714660,-0.021092,-0.058762,-0.017854,-0.021092,-0.058762,-0.017854,0.030520,-0.030520,0.000000
17.724760,-0.021680,-0.056996,-0.019620,-0.021680,-0.056996,-0.019620,0.030520,-0.030520,0.030520
17.734850,-0.027076,-0.050423,-0.014224,-0.027076,-0.050423,-0.014224,0.061040,0.000000,-0.091550
17.744940,-0.027076,-0.049835,-0.015402,-0.027076,-0.049835,-0.015402,0.091550,0.000000,-0.091550
17.755030,-0.020503,-0.057585,-0.011870,-0.020503,-0.057585,-0.011870,0.122070,0.000000,-0.061040
17.765120,-0.023446,-0.061803,-0.016088,-0.023446,-0.061803,-0.016088,0.091550,0.030520,-0.061040
17.775210,-0.023446,-0.058173,-0.019031,-0.023446,-0.058173,-0.019031,0.061040,0.030520,-0.061040
17.785610,-0.024035,-0.055819,-0.010693,-0.024035,-0.055819,-0.010693,0.030520,0.000000,-0.030520
17.796070,-0.018639,-0.053955,-0.003434,-0.018639,-0.053955,-0.003434,0.030520,0.030520,-0.061040
17.806180,-0.015696,-0.053366,-0.005297,-0.015696,-0.053366,-0.005297,-0.030520,0.030520,0.000000
17.816370,-0.019914,-0.046205,-0.014813,-0.019914,-0.046205,-0.014813,-0.061040,0.000000,0.000000
17.826380,-0.027076,-0.047971,-0.014813,-0.027076,-0.047971,-0.014813,-0.091550,0.000000,-0.030520
17.836480,-0.022857,-0.053955,-0.011281,-0.022857,-0.053955,-0.011281,-0.091550,0.000000,-0.030520
17.846570,-0.019914,-0.056407,-0.014813,-0.019914,-0.056407,-0.014813,-0.061040,0.000000,-0.030520
17.856670,-0.018050,-0.051012,-0.021484,-0.018050,-0.051012,-0.021484,-0.061040,0.000000,0.000000
17.866830,-0.017462,-0.053366,-0.019620,-0.017462,-0.053366,-0.019620,-0.030520,-0.030520,0.000000
17.876880,-0.020503,-0.047971,-0.014813,-0.020503,-0.047971,-0.014813,0.000000,0.000000,0.000000
17.887320,-0.017462,-0.045616,-0.007652,-0.017462,-0.045616,-0.007652,0.000000,-0.030520,0.030520
17.896780,-0.016873,-0.048560,-0.017266,-0.016873,-0.048560,-0.017266,-0.030520,0.000000,0.000000
17.906870,-0.024035,-0.058173,-0.019620,-0.024035,-0.058173,-0.019620,0.000000,0.030520,0.030520
17.916960,-0.030607,-0.064746,-0.017266,-0.030607,-0.064746,-0.017266,-0.030520,0.030520,0.030520
17.927040,-0.023446,-0.061214,-0.002256,-0.023446,-0.061214,-0.002256,0.000000,0.000000,0.030520
17.937430,-0.021092,-0.057585,-0.001079,-0.021092,-0.057585,-0.001079,0.000000,0.000000,0.000000
17.947730,-0.025898,-0.056407,-0.019620,-0.025898,-0.056407,-0.019620,0.030520,0.030520,0.000000
17.957640,-0.022269,-0.058173,-0.017854,-0.022269,-0.058173,-0.017854,0.030520,0.000000,0.000000
17.967730,-0.022857,-0.053366,-0.011870,-0.022857,-0.053366,-0.011870,-0.061040,-0.030520,0.061040
17.977810,-0.023446,-0.055230,-0.011281,-0.023446,-0.055230,-0.011281,-0.061040,-0.030520,0.091550
17.987950,-0.017462,-0.052778,-0.010693,-0.017462,-0.052778,-0.010693,-0.061040,-0.030520,0.091550
17.998070,-0.018050,-0.049835,-0.011870,-0.018050,-0.049835,-0.011870,-0.030520,-0.030520,0.091550
18.008130,-0.016873,-0.050423,-0.012459,-0.016873,-0.050423,-0.012459,0.000000,-0.061040,0.122070
18.018250,-0.023446,-0.051012,-0.008829,-0.023446,-0.051012,-0.008829,0.030520,-0.061040,0.091550
18.028310,-0.022269,-0.051601,-0.004120,-0.022269,-0.051601,-0.004120,0.030520,-0.061040,0.091550
18.038400,-0.027076,-0.052778,-0.011281,-0.027076,-0.052778,-0.011281,-0.030520,0.000000,0.091550
18.048490,-0.022857,-0.054544,-0.011281,-0.022857,-0.054544,-0.011281,-0.030520,0.000000,0.091550
18.058580,-0.017462,-0.055819,-0.011281,-0.017462,-0.055819,-0.011281,-0.030520,0.030520,0.152590
18.068680,-0.010889,-0.059351,-0.016088,-0.010889,-0.059351,-0.016088,0.000000,0.000000,0.152590
18.078760,-0.017462,-0.053955,-0.012459,-0.017462,-0.053955,-0.012459,0.000000,0.000000,0.122070
18.089240,-0.020503,-0.053366,-0.016088,-0.020503,-0.053366,-0.016088,0.030520,0.000000,0.091550
18.099640,-0.024623,-0.044439,-0.016677,-0.024623,-0.044439,-0.016677,0.030520,0.000000,0.061040
18.109740,-0.025310,-0.043851,-0.012459,-0.025310,-0.043851,-0.012459,0.030520,0.000000,0.030520
18.119830,-0.030019,-0.048560,-0.012459,-0.030019,-0.048560,-0.012459,0.030520,0.000000,0.061040
18.129940,-0.025310,-0.055819,-0.007063,-0.025310,-0.055819,-0.007063,-0.030520,-0.030520,0.061040
18.140030,-0.029430,-0.056407,-0.016088,-0.029430,-0.056407,-0.016088,-0.030520,-0.030520,0.030520
18.150120,-0.031294,-0.056407,-0.020209,-0.031294,-0.056407,-0.020209,0.000000,-0.061040,0.030520
18.160280,-0.027664,-0.051012,-0.013047,-0.027664,-0.051012,-0.013047,0.061040,0.000000,0.030520
18.170360,-0.022269,-0.049246,-0.008240,-0.022269,-0.049246,-0.008240,0.030520,0.000000,0.030520
18.180420,-0.024035,-0.047971,-0.005886,-0.024035,-0.047971,-0.005886,0.061040,-0.030520,-0.030520
18.190350,-0.021092,-0.052778,-0.009418,-0.021092,-0.052778,-0.009418,0.061040,-0.030520,-0.030520
18.200110,-0.022857,-0.049835,-0.012459,-0.022857,-0.049835,-0.012459,0.030520,-0.030520,-0.030520
18.210310,-0.019914,-0.050423,-0.007652,-0.019914,-0.050423,-0.007652,0.030520,-0.030520,0.000000
18.220380,-0.028253,-0.050423,-0.011281,-0.028253,-0.050423,-0.011281,0.030520,-0.030520,0.000000
18.230470,-0.027076,-0.047971,-0.006475,-0.027076,-0.047971,-0.006475,-0.030520,0.000000,0.000000
18.240550,-0.019914,-0.041987,-0.006475,-0.019914,-0.041987,-0.006475,-0.030520,-0.030520,0.000000
18.250640,-0.019228,-0.040810,0.003139,-0.019228,-0.040810,0.003139,0.030520,-0.030520,0.000000
18.260760,-0.015107,-0.044439,-0.004120,-0.015107,-0.044439,-0.004120,0.030520,-0.061040,0.000000
18.270830,-0.015696,-0.043851,-0.007063,-0.015696,-0.043851,-0.007063,0.000000,-0.030520,0.030520
18.280920,-0.021680,-0.042575,-0.002845,-0.021680,-0.042575,-0.002845,0.000000,-0.030520,0.030520
18.291380,-0.022857,-0.044439,0.003139,-0.022857,-0.044439,0.003139,0.000000,-0.030520,0.030520
18.301810,-0.019914,-0.050423,-0.005297,-0.019914,-0.050423,-0.005297,0.030520,0.000000,0.061040
18.311880,-0.027664,-0.053955,-0.014224,-0.027664,-0.053955,-0.014224,-0.030520,0.000000,0.061040
18.321980,-0.015107,-0.048560,-0.004120,-0.015107,-0.048560,-0.004120,-0.030520,0.000000,0.122070
18.332650,-0.013244,-0.047382,-0.002256,-0.013244,-0.047382,-0.002256,-0.030520,0.030520,0.122070
18.342450,-0.014519,-0.045616,-0.001668,-0.014519,-0.045616,-0.001668,-0.030520,0.030520,0.152590
18.352630,-0.016873,-0.049835,-0.013047,-0.016873,-0.049835,-0.013047,-0.030520,0.030520,0.122070
18.362650,-0.019228,-0.047971,-0.012459,-0.019228,-0.047971,-0.012459,-0.030520,0.000000,0.152590
18.372740,-0.020503,-0.044439,-0.005297,-0.020503,-0.044439,-0.005297,0.000000,0.000000,0.122070
18.382910,-0.022857,-0.041398,0.000098,-0.022857,-0.041398,0.000098,0.030520,0.000000,0.091550
18.392800,-0.018050,-0.042575,-0.011870,-0.018050,-0.042575,-0.011870,0.030520,0.030520,0.091550
18.402590,-0.016873,-0.041987,-0.011870,-0.016873,-0.041987,-0.011870,0.000000,0.000000,0.061040
18.412630,-0.024035,-0.042575,-0.014224,-0.024035,-0.042575,-0.014224,0.000000,0.030520,0.061040
18.422720,-0.024623,-0.052778,-0.013636,-0.024623,-0.052778,-0.013636,0.000000,0.030520,0.030520
18.432800,-0.018050,-0.053366,-0.013636,-0.018050,-0.053366,-0.013636,0.091550,0.000000,0.030520
18.442900,-0.019228,-0.060528,-0.010693,-0.019228,-0.060528,-0.010693,0.091550,0.030520,0.030520
18.452990,-0.016873,-0.057585,-0.007063,-0.016873,-0.057585,-0.007063,0.091550,0.061040,0.030520
18.463380,-0.006082,-0.049835,-0.007652,-0.006082,-0.049835,-0.007652,0.091550,0.030520,0.030520
18.473230,-0.008535,-0.051012,-0.006475,-0.008535,-0.051012,-0.006475,0.061040,0.030520,0.030520
18.483360,-0.010301,-0.047971,-0.002256,-0.010301,-0.047971,-0.002256,0.030520,0.000000,0.061040
18.493460,-0.012655,-0.050423,-0.005297,-0.012655,-0.050423,-0.005297,0.030520,-0.030520,0.061040
18.503540,-0.014519,-0.039632,-0.002256,-0.014519,-0.039632,-0.002256,0.061040,-0.030520,0.061040
18.513630,-0.011478,-0.039044,-0.009418,-0.011478,-0.039044,-0.009418,0.061040,-0.030520,0.091550
18.523720,-0.012655,-0.040221,-0.008829,-0.012655,-0.040221,-0.008829,0.061040,-0.030520,0.061040
18.533810,-0.012655,-0.033648,-0.005297,-0.012655,-0.033648,-0.005297,0.061040,0.000000,0.061040
18.543900,-0.009712,-0.031196,0.001275,-0.009712,-0.031196,0.001275,0.091550,-0.061040,0.061040
18.553990,-0.010889,-0.039044,-0.014813,-0.010889,-0.039044,-0.014813,0.061040,-0.030520,0.061040
18.564080,-0.012655,-0.046205,-0.017854,-0.012655,-0.046205,-0.017854,0.061040,-0.030520,0.030520
18.574170,-0.014519,-0.052189,-0.013636,-0.014519,-0.052189,-0.013636,0.061040,0.000000,0.000000
18.584260,-0.013930,-0.052778,-0.004120,-0.013930,-0.052778,-0.004120,0.091550,0.000000,0.000000
18.594770,-0.015107,-0.053366,-0.003434,-0.015107,-0.053366,-0.003434,0.122070,0.000000,0.000000
18.605140,-0.014519,-0.049835,-0.007063,-0.014519,-0.049835,-0.007063,0.091550,-0.030520,0.061040
18.615230,-0.019914,-0.043851,-0.008829,-0.019914,-0.043851,-0.008829,0.091550,-0.061040,0.030520
18.625380,-0.023446,-0.037867,0.004905,-0.023446,-0.037867,0.004905,0.030520,-0.091550,0.030520
18.635430,-0.027076,-0.045616,0.006082,-0.027076,-0.045616,0.006082,0.000000,-0.091550,0.030520
18.645560,-0.025310,-0.047971,-0.002256,-0.025310,-0.047971,-0.002256,-0.030520,-0.122070,0.000000
18.655620,-0.015107,-0.050423,-0.010104,-0.015107,-0.050423,-0.010104,0.000000,-0.122070,0.030520
18.665720,-0.013930,-0.053955,-0.007063,-0.013930,-0.053955,-0.007063,0.061040,-0.061040,0.030520
18.675810,-0.019228,-0.055819,-0.008240,-0.019228,-0.055819,-0.008240,0.061040,-0.030520,0.000000
18.685930,-0.016873,-0.056407,-0.008829,-0.016873,-0.056407,-0.008829,0.091550,-0.030520,0.000000
18.695840,-0.019228,-0.052778,-0.016677,-0.019228,-0.052778,-0.016677,0.091550,-0.030520,0.030520
18.705590,-0.016285,-0.055819,-0.016677,-0.016285,-0.055819,-0.016677,0.091550,-0.030520,0.030520
18.715680,-0.015107,-0.052189,-0.014813,-0.015107,-0.052189,-0.014813,0.122070,0.000000,0.000000
18.725760,-0.022269,-0.047971,-0.007652,-0.022269,-0.047971,-0.007652,0.152590,-0.030520,0.000000
18.735850,-0.024623,-0.051601,-0.002845,-0.024623,-0.051601,-0.002845,0.152590,-0.091550,0.030520
18.745950,-0.019228,-0.059939,-0.009418,-0.019228,-0.059939,-0.009418,0.152590,-0.091550,0.000000
18.756030,-0.021680,-0.058762,-0.007063,-0.021680,-0.058762,-0.007063,0.091550,-0.061040,-0.030520
18.766130,-0.018639,-0.046794,-0.010104,-0.018639,-0.046794,-0.010104,0.061040,-0.061040,-0.030520
18.776210,-0.019228,-0.047382,-0.007652,-0.019228,-0.047382,-0.007652,0.061040,-0.030520,0.000000
18.786310,-0.022269,-0.047971,-0.008240,-0.022269,-0.047971,-0.008240,0.000000,0.000000,0.030520
18.796750,-0.018639,-0.040810,-0.010104,-0.018639,-0.040810,-0.010104,-0.030520,0.000000,0.030520
18.807160,-0.020503,-0.034826,-0.014813,-0.020503,-0.034826,-0.014813,-0.061040,0.000000,0.000000
18.817290,-0.018050,-0.041398,-0.018443,-0.018050,-0.041398,-0.018443,-0.030520,-0.030520,0.000000
18.827350,-0.021680,-0.050423,-0.015402,-0.021680,-0.050423,-0.015402,-0.030520,-0.030520,0.030520
18.837450,-0.028253,-0.046205,-0.019620,-0.028253,-0.046205,-0.019620,0.000000,-0.061040,-0.030520
18.847650,-0.031883,-0.047971,-0.022072,-0.031883,-0.047971,-0.022072,0.030520,-0.061040,0.000000
18.857670,-0.027076,-0.056996,-0.022661,-0.027076,-0.056996,-0.022661,0.091550,-0.030520,0.000000
18.867760,-0.027076,-0.056996,-0.020209,-0.027076,-0.056996,-0.020209,0.061040,0.000000,0.000000
18.877900,-0.025898,-0.051601,-0.016677,-0.025898,-0.051601,-0.016677,0.061040,0.000000,-0.030520
18.887950,-0.026487,-0.061214,-0.014813,-0.026487,-0.061214,-0.014813,0.030520,0.000000,-0.030520
18.897980,-0.022857,-0.053955,-0.016677,-0.022857,-0.053955,-0.016677,0.091550,0.000000,0.000000
18.907670,-0.024035,-0.052189,-0.008240,-0.024035,-0.052189,-0.008240,0.091550,-0.030520,0.000000
18.917810,-0.025898,-0.047971,-0.010104,-0.025898,-0.047971,-0.010104,0.091550,-0.030520,0.000000
18.927860,-0.026487,-0.051012,-0.013636,-0.026487,-0.051012,-0.013636,0.061040,-0.030520,-0.030520
18.937950,-0.021092,-0.047382,-0.017266,-0.021092,-0.047382,-0.017266,0.061040,0.000000,-0.030520
18.948030,-0.023446,-0.053366,-0.017854,-0.023446,-0.053366,-0.017854,0.000000,-0.030520,0.000000
18.958130,-0.013244,-0.053955,-0.020209,-0.013244,-0.053955,-0.020209,0.030520,-0.061040,0.000000
18.968410,-0.018050,-0.053366,-0.028645,-0.018050,-0.053366,-0.028645,0.000000,-0.030520,0.030520
18.978510,-0.018050,-0.056407,-0.025604,-0.018050,-0.056407,-0.025604,0.030520,-0.061040,0.000000
18.988500,-0.016873,-0.055230,-0.023838,-0.016873,-0.055230,-0.023838,0.030520,-0.061040,0.000000
18.998650,-0.019228,-0.053955,-0.020209,-0.019228,-0.053955,-0.020209,0.000000,-0.061040,0.030520
19.008710,-0.020503,-0.053955,-0.029234,-0.020503,-0.053955,-0.029234,-0.030520,-0.061040,0.030520
19.018800,-0.022857,-0.054544,-0.025604,-0.022857,-0.054544,-0.025604,0.030520,-0.061040,0.061040
19.028890,-0.027664,-0.047971,-0.007063,-0.027664,-0.047971,-0.007063,0.030520,-0.061040,0.030520
19.038980,-0.028841,-0.048560,-0.007652,-0.028841,-0.048560,-0.007652,0.061040,-0.030520,0.030520
19.049070,-0.021680,-0.048560,-0.020797,-0.021680,-0.048560,-0.020797,0.061040,-0.030520,0.000000
19.059160,-0.029430,-0.053366,-0.023838,-0.029430,-0.053366,-0.023838,0.122070,-0.030520,0.000000
19.069290,-0.027664,-0.052778,-0.010104,-0.027664,-0.052778,-0.010104,0.061040,-0.030520,0.000000
19.079340,-0.027664,-0.047382,-0.001079,-0.027664,-0.047382,-0.001079,0.091550,-0.030520,0.000000
19.089470,-0.027076,-0.044439,-0.005297,-0.027076,-0.044439,-0.005297,0.061040,-0.030520,-0.030520
19.099910,-0.025898,-0.045028,-0.007652,-0.025898,-0.045028,-0.007652,0.030520,-0.061040,-0.030520
19.110360,-0.025310,-0.043851,-0.001668,-0.025310,-0.043851,-0.001668,0.000000,-0.030520,0.030520
19.120420,-0.030019,-0.043851,0.000098,-0.030019,-0.043851,0.000098,-0.030520,-0.030520,0.000000
19.130520,-0.019228,-0.046794,-0.005886,-0.019228,-0.046794,-0.005886,-0.061040,-0.030520,0.000000
19.140610,-0.021092,-0.046205,-0.009418,-0.021092,-0.046205,-0.009418,-0.122070,-0.030520,0.091550
19.150710,-0.017462,-0.050423,-0.005886,-0.017462,-0.050423,-0.005886,-0.091550,-0.030520,0.061040
19.160860,-0.020503,-0.047971,0.003728,-0.020503,-0.047971,0.003728,-0.061040,0.000000,0.061040
19.170920,-0.018639,-0.045028,0.003139,-0.018639,-0.045028,0.003139,-0.030520,0.000000,0.030520
19.181010,-0.018050,-0.045028,0.004316,-0.018050,-0.045028,0.004316,0.000000,0.000000,0.030520
19.191110,-0.016285,-0.049246,0.002551,-0.016285,-0.049246,0.002551,0.000000,0.000000,0.000000
19.200890,-0.019228,-0.051601,-0.002256,-0.019228,-0.051601,-0.002256,0.030520,0.030520,0.030520
19.210700,-0.010889,-0.044439,-0.010104,-0.010889,-0.044439,-0.010104,0.030520,-0.030520,0.030520
19.220790,-0.007259,-0.046794,-0.003434,-0.007259,-0.046794,-0.003434,0.000000,-0.030520,0.000000
19.230880,-0.010889,-0.046794,0.004316,-0.010889,-0.046794,0.004316,0.030520,-0.061040,0.030520
19.240970,-0.012655,-0.045616,0.001962,-0.012655,-0.045616,0.001962,0.000000,-0.030520,0.030520
19.251140,-0.009123,-0.046205,0.000098,-0.009123,-0.046205,0.000098,0.030520,0.000000,0.061040
19.261160,-0.007259,-0.047971,-0.007652,-0.007259,-0.047971,-0.007652,0.030520,0.000000,0.061040
19.271250,-0.005494,-0.049246,-0.001079,-0.005494,-0.049246,-0.001079,0.061040,0.000000,0.061040
19.281350,-0.012066,-0.046794,0.005494,-0.012066,-0.046794,0.005494,0.061040,0.000000,0.030520
19.291470,-0.015107,-0.048560,0.002551,-0.015107,-0.048560,0.002551,0.091550,0.000000,0.000000
19.301560,-0.022269,-0.046205,0.000098,-0.022269,-0.046205,0.000098,0.122070,0.000000,-0.030520
19.311650,-0.017462,-0.047971,-0.005886,-0.017462,-0.047971,-0.005886,0.122070,0.000000,-0.030520
19.321740,-0.013930,-0.044439,-0.001079,-0.013930,-0.044439,-0.001079,0.091550,-0.030520,0.030520
19.332010,-0.016285,-0.046205,-0.002845,-0.016285,-0.046205,-0.002845,0.091550,0.000000,0.030520
19.341960,-0.018050,-0.048560,-0.005886,-0.018050,-0.048560,-0.005886,0.091550,-0.030520,0.030520
19.352040,-0.020503,-0.043851,-0.005886,-0.020503,-0.043851,-0.005886,0.122070,-0.030520,0.030520
19.362140,-0.022269,-0.042575,-0.007652,-0.022269,-0.042575,-0.007652,0.122070,0.000000,-0.030520
19.372220,-0.017462,-0.045616,0.002551,-0.017462,-0.045616,0.002551,0.122070,0.030520,-0.061040
19.382420,-0.012066,-0.046205,-0.004709,-0.012066,-0.046205,-0.004709,0.122070,0.030520,-0.061040
19.392480,-0.014519,-0.052189,-0.002845,-0.014519,-0.052189,-0.002845,0.091550,0.000000,-0.061040
19.402590,-0.019228,-0.047382,-0.008829,-0.019228,-0.047382,-0.008829,0.061040,-0.030520,-0.030520
19.412650,-0.021680,-0.049835,-0.008240,-0.021680,-0.049835,-0.008240,0.091550,-0.061040,0.000000
19.422750,-0.016873,-0.043164,-0.008240,-0.016873,-0.043164,-0.008240,0.061040,-0.061040,0.000000
19.432830,-0.021680,-0.045616,-0.011870,-0.021680,-0.045616,-0.011870,0.030520,-0.091550,0.000000
19.442920,-0.025898,-0.041987,-0.012459,-0.025898,-0.041987,-0.012459,-0.030520,-0.091550,0.000000
19.453030,-0.024035,-0.040810,-0.012459,-0.024035,-0.040810,-0.012459,-0.030520,-0.061040,0.030520
19.463760,-0.027664,-0.041987,-0.011870,-0.027664,-0.041987,-0.011870,-0.061040,-0.030520,0.061040
19.473330,-0.025310,-0.043851,-0.008240,-0.025310,-0.043851,-0.008240,-0.061040,-0.061040,0.091550
19.483350,-0.028841,-0.043164,-0.003434,-0.028841,-0.043164,-0.003434,-0.091550,-0.061040,0.061040
19.493450,-0.029430,-0.046205,-0.007652,-0.029430,-0.046205,-0.007652,-0.061040,-0.061040,0.030520
19.503570,-0.020503,-0.044439,-0.013047,-0.020503,-0.044439,-0.013047,-0.061040,-0.030520,0.000000
19.513670,-0.018050,-0.051012,-0.008829,-0.018050,-0.051012,-0.008829,0.000000,-0.030520,0.000000
19.523750,-0.013930,-0.048560,0.000098,-0.013930,-0.048560,0.000098,0.030520,-0.030520,0.000000
19.533840,-0.013930,-0.050423,0.001275,-0.013930,-0.050423,0.001275,0.030520,-0.061040,0.000000
19.543930,-0.018050,-0.049246,-0.002256,-0.018050,-0.049246,-0.002256,0.030520,-0.061040,0.000000
19.554030,-0.018639,-0.049835,-0.003434,-0.018639,-0.049835,-0.003434,0.061040,-0.030520,0.000000
19.564110,-0.018050,-0.047382,0.000687,-0.018050,-0.047382,0.000687,0.061040,-0.030520,0.000000
19.574240,-0.022269,-0.044439,-0.002845,-0.022269,-0.044439,-0.002845,0.061040,-0.030520,0.000000
19.584300,-0.022857,-0.044439,-0.022072,-0.022857,-0.044439,-0.022072,0.061040,-0.030520,0.030520
19.594390,-0.023446,-0.038455,-0.019620,-0.023446,-0.038455,-0.019620,0.061040,0.000000,0.030520
19.604870,-0.025310,-0.040810,-0.007652,-0.025310,-0.040810,-0.007652,0.061040,-0.030520,0.061040
19.615270,-0.024035,-0.040221,-0.008240,-0.024035,-0.040221,-0.008240,0.091550,-0.061040,0.030520
19.625360,-0.022857,-0.038455,-0.005886,-0.022857,-0.038455,-0.005886,0.091550,-0.030520,0.061040
19.635460,-0.033648,-0.036591,-0.006475,-0.033648,-0.036591,-0.006475,0.061040,0.000000,0.061040
19.645560,-0.034237,-0.044439,-0.007652,-0.034237,-0.044439,-0.007652,0.061040,0.000000,0.030520
19.655650,-0.034826,-0.043164,-0.003434,-0.034826,-0.043164,-0.003434,0.030520,0.000000,0.061040
19.665750,-0.031294,-0.040810,-0.005297,-0.031294,-0.040810,-0.005297,0.030520,-0.030520,0.061040
19.675840,-0.027664,-0.049246,-0.002845,-0.027664,-0.049246,-0.002845,0.030520,-0.030520,0.061040
19.685990,-0.032471,-0.047382,-0.002845,-0.032471,-0.047382,-0.002845,0.000000,-0.030520,0.061040
19.696040,-0.036003,-0.043851,0.001275,-0.036003,-0.043851,0.001275,0.000000,-0.030520,0.061040
19.705970,-0.028841,-0.053366,-0.005297,-0.028841,-0.053366,-0.005297,0.030520,-0.030520,0.000000
19.715700,-0.024035,-0.053955,-0.008240,-0.024035,-0.053955,-0.008240,0.061040,-0.030520,0.000000
19.725800,-0.029430,-0.058762,-0.002845,-0.029430,-0.058762,-0.002845,0.091550,-0.091550,0.030520
19.735880,-0.030607,-0.056996,-0.001079,-0.030607,-0.056996,-0.001079,0.091550,-0.061040,0.000000
19.745980,-0.024035,-0.053955,-0.008240,-0.024035,-0.053955,-0.008240,0.061040,-0.061040,0.000000
19.756070,-0.026487,-0.052778,-0.008240,-0.026487,-0.052778,-0.008240,0.030520,-0.061040,-0.030520
19.766160,-0.025310,-0.055819,-0.010693,-0.025310,-0.055819,-0.010693,0.000000,-0.091550,0.000000
19.776250,-0.020503,-0.051012,0.000098,-0.020503,-0.051012,0.000098,0.000000,-0.091550,0.030520
19.786340,-0.024035,-0.050423,0.000098,-0.024035,-0.050423,0.000098,0.000000,-0.061040,0.000000
19.796440,-0.022857,-0.045616,-0.005297,-0.022857,-0.045616,-0.005297,0.000000,-0.061040,-0.061040
19.806890,-0.019914,-0.045616,-0.001079,-0.019914,-0.045616,-0.001079,0.000000,-0.030520,-0.061040
19.817330,-0.017462,-0.049835,0.008535,-0.017462,-0.049835,0.008535,0.000000,-0.030520,-0.030520
19.827370,-0.016285,-0.049246,0.006671,-0.016285,-0.049246,0.006671,0.000000,-0.030520,0.000000
19.837470,-0.015107,-0.047382,-0.001079,-0.015107,-0.047382,-0.001079,-0.030520,-0.030520,0.000000
19.847570,-0.022269,-0.043164,-0.004709,-0.022269,-0.043164,-0.004709,-0.030520,-0.030520,0.000000
19.857670,-0.020503,-0.049246,-0.004120,-0.020503,-0.049246,-0.004120,-0.030520,0.000000,0.000000
19.867760,-0.024623,-0.052778,-0.005297,-0.024623,-0.052778,-0.005297,0.000000,0.000000,-0.030520
19.878010,-0.023446,-0.051601,-0.003434,-0.023446,-0.051601,-0.003434,-0.030520,0.000000,0.000000
19.888000,-0.023446,-0.051012,-0.004120,-0.023446,-0.051012,-0.004120,0.000000,-0.030520,0.000000
19.898120,-0.024035,-0.046794,0.002551,-0.024035,-0.046794,0.002551,0.061040,-0.030520,0.000000
19.908040,-0.025310,-0.043851,0.000687,-0.025310,-0.043851,0.000687,0.030520,-0.030520,0.000000
19.917780,-0.021680,-0.034237,-0.005886,-0.021680,-0.034237,-0.005886,0.000000,0.000000,-0.030520
19.927930,-0.024035,-0.037867,-0.004709,-0.024035,-0.037867,-0.004709,0.000000,-0.030520,-0.030520
19.937980,-0.015107,-0.053366,-0.001668,-0.015107,-0.053366,-0.001668,0.000000,0.000000,0.000000
19.948070,-0.017462,-0.056407,-0.002845,-0.017462,-0.056407,-0.002845,0.000000,-0.030520,0.000000
19.958160,-0.024623,-0.049835,-0.011281,-0.024623,-0.049835,-0.011281,-0.030520,-0.061040,0.030520
19.968260,-0.025310,-0.052189,-0.008829,-0.025310,-0.052189,-0.008829,-0.030520,-0.030520,0.030520
19.978340,-0.013930,-0.051601,-0.004709,-0.013930,-0.051601,-0.004709,0.030520,0.000000,0.061040
