time,ax_raw,ay_raw,az_raw,ax,ay,az,gx,gy,gz
0.001796,-0.150287,-0.736469,10.061477,-0.024794,-0.012437,0.004384,0.000000,0.030518,-0.091553
0.011884,-0.146695,-0.735271,10.056687,-0.021202,-0.011239,-0.000406,0.000000,0.000000,-0.091553
0.021978,-0.143701,-0.736469,10.060280,-0.018208,-0.012437,0.003187,-0.030518,0.061035,-0.030518
0.032072,-0.138911,-0.731080,10.067465,-0.013418,-0.007048,0.010372,-0.061035,0.091553,0.000000
0.042164,-0.138911,-0.729882,10.068063,-0.013418,-0.005851,0.010971,-0.091553,0.122070,0.000000
0.052260,-0.136516,-0.732277,10.069860,-0.011023,-0.008246,0.012767,-0.152588,0.152588,0.030518
0.062353,-0.139510,-0.732277,10.067465,-0.014017,-0.008246,0.010372,-0.152588,0.183105,0.030518
0.072445,-0.137714,-0.726290,10.066267,-0.012221,-0.002258,0.009174,-0.152588,0.213623,0.030518
0.082536,-0.144300,-0.727487,10.073452,-0.018807,-0.003456,0.016359,-0.152588,0.213623,0.030518
0.092628,-0.156874,-0.729882,10.074650,-0.031381,-0.005851,0.017557,-0.122070,0.244141,0.030518
0.102754,-0.152084,-0.736469,10.068063,-0.026591,-0.012437,0.010971,-0.122070,0.274658,0.061035
0.112845,-0.152682,-0.735271,10.062076,-0.027189,-0.011239,0.004983,-0.183105,0.335693,0.122070
0.122943,-0.147892,-0.737666,10.059681,-0.022399,-0.013634,0.002588,-0.183105,0.305176,0.122070
0.133033,-0.146695,-0.736469,10.068063,-0.021202,-0.012437,0.010971,-0.183105,0.305176,0.152588
0.143125,-0.145497,-0.738265,10.064471,-0.020004,-0.014233,0.007378,-0.183105,0.244141,0.152588
0.153217,-0.145497,-0.744252,10.063273,-0.020004,-0.020221,0.006181,-0.061035,0.122070,0.061035
0.163309,-0.144899,-0.734672,10.058483,-0.019406,-0.010641,0.001391,-0.061035,0.091553,0.030518
0.173404,-0.150886,-0.737666,10.062675,-0.025393,-0.013634,0.005582,0.000000,0.061035,0.030518
0.183495,-0.144300,-0.737666,10.075847,-0.018807,-0.013634,0.018754,0.122070,-0.091553,0.000000
0.193587,-0.148491,-0.742456,10.071656,-0.022998,-0.018424,0.014563,0.122070,-0.061035,-0.030518
0.203714,-0.149689,-0.743055,10.068662,-0.024196,-0.019023,0.011569,0.183105,-0.152588,-0.091553
0.213805,-0.142504,-0.742456,10.065668,-0.017011,-0.018424,0.008576,0.183105,-0.152588,-0.122070
0.223896,-0.144300,-0.742456,10.065070,-0.018807,-0.018424,0.007977,0.213623,-0.183105,-0.183105
0.233986,-0.147892,-0.741857,10.069860,-0.022399,-0.017826,0.012767,0.244141,-0.274658,-0.274658
0.244078,-0.147294,-0.743654,10.068662,-0.021801,-0.019622,0.011569,0.305176,-0.335693,-0.335693
0.254169,-0.137115,-0.740061,10.058483,-0.011622,-0.016029,0.001391,0.396729,-0.427246,-0.488281
0.264260,-0.134121,-0.733475,10.053693,-0.008628,-0.009443,-0.003399,0.396729,-0.427246,-0.488281
0.274351,-0.132924,-0.734073,10.063872,-0.007431,-0.010042,0.006779,0.305176,-0.335693,-0.427246
0.284442,-0.131127,-0.736469,10.073452,-0.005634,-0.012437,0.016359,0.244141,-0.305176,-0.366211
0.294534,-0.128732,-0.736469,10.077045,-0.003239,-0.012437,0.019952,0.152588,-0.183105,-0.213623
0.304716,-0.132325,-0.731080,10.068662,-0.006832,-0.007048,0.011569,0.122070,-0.152588,-0.183105
0.314813,-0.131726,-0.726888,10.065070,-0.006233,-0.002857,0.007977,0.061035,-0.061035,-0.091553
0.324911,-0.132924,-0.729283,10.062076,-0.007431,-0.005252,0.004983,0.000000,-0.030518,-0.061035
0.335008,-0.126936,-0.730481,10.064471,-0.001443,-0.006449,0.007378,0.000000,0.000000,-0.091553
0.345114,-0.127535,-0.725691,10.063273,-0.002042,-0.001659,0.006181,-0.122070,0.183105,-0.030518
0.355213,-0.132924,-0.731678,10.061477,-0.007431,-0.007647,0.004384,-0.152588,0.213623,0.000000
0.365312,-0.140707,-0.741857,10.060280,-0.015214,-0.017826,0.003187,-0.213623,0.274658,0.122070
0.375410,-0.140109,-0.738265,10.062076,-0.014616,-0.014233,0.004983,-0.213623,0.335693,0.122070
0.385521,-0.141905,-0.735271,10.063273,-0.016412,-0.011239,0.006181,-0.244141,0.396729,0.183105
0.395620,-0.141905,-0.735870,10.065070,-0.016412,-0.011838,0.007977,-0.244141,0.396729,0.244141
0.405818,-0.145497,-0.733475,10.063872,-0.020004,-0.009443,0.006779,-0.274658,0.396729,0.244141
0.415910,-0.142504,-0.736469,10.057286,-0.017011,-0.012437,0.000193,-0.274658,0.427246,0.244141
0.426003,-0.139510,-0.732277,10.055490,-0.014017,-0.008246,-0.001603,-0.305176,0.427246,0.213623
0.436093,-0.141306,-0.736469,10.062675,-0.015813,-0.012437,0.005582,-0.366211,0.488281,0.274658
0.446187,-0.149090,-0.744851,10.060280,-0.023597,-0.020819,0.003187,-0.305176,0.488281,0.274658
0.456277,-0.152682,-0.744851,10.057286,-0.027189,-0.020819,0.000193,-0.213623,0.335693,0.183105
0.466369,-0.152084,-0.747246,10.053693,-0.026591,-0.023214,-0.003399,-0.152588,0.274658,0.122070
0.476461,-0.151485,-0.746647,10.052496,-0.025992,-0.022616,-0.004597,-0.152588,0.183105,0.091553
0.486552,-0.147892,-0.743654,10.064471,-0.022399,-0.019622,0.007378,-0.091553,0.091553,0.030518
0.496639,-0.147892,-0.743055,10.061477,-0.022399,-0.019023,0.004384,-0.061035,0.091553,0.030518
0.506765,-0.146695,-0.746647,10.053693,-0.021202,-0.022616,-0.003399,0.030518,0.000000,0.030518
0.516852,-0.141905,-0.747845,10.048304,-0.016412,-0.023813,-0.008788,0.030518,-0.030518,0.000000
0.526940,-0.143102,-0.746049,10.052496,-0.017609,-0.022017,-0.004597,0.183105,-0.152588,-0.122070
0.537027,-0.150287,-0.731080,10.063273,-0.024794,-0.007048,0.006181,0.213623,-0.213623,-0.213623
0.547114,-0.145497,-0.730481,10.060878,-0.020004,-0.006449,0.003786,0.244141,-0.274658,-0.305176
0.557201,-0.145497,-0.727487,10.051298,-0.020004,-0.003456,-0.005794,0.274658,-0.305176,-0.305176
0.567289,-0.149090,-0.741259,10.052496,-0.023597,-0.017227,-0.004597,0.305176,-0.366211,-0.366211
0.577374,-0.150287,-0.737067,10.056687,-0.024794,-0.013036,-0.000406,0.396729,-0.457764,-0.396729
0.587462,-0.146096,-0.735870,10.055490,-0.020603,-0.011838,-0.001603,0.396729,-0.488281,-0.427246
0.597550,-0.149090,-0.734672,10.063273,-0.023597,-0.010641,0.006181,0.366211,-0.457764,-0.366211
0.607671,-0.140707,-0.738265,10.064471,-0.015214,-0.014233,0.007378,0.366211,-0.427246,-0.274658
0.617759,-0.145497,-0.740061,10.065668,-0.020004,-0.016029,0.008576,0.579834,-0.640869,-0.213623
0.627847,-0.134121,-0.726290,10.068662,-0.008628,-0.002258,0.011569,0.549316,-0.640869,-0.152588
0.637936,-0.130529,-0.725691,10.068063,-0.005036,-0.001659,0.010971,0.457764,-0.549316,-0.091553
0.648022,-0.135917,-0.721500,10.065070,-0.010424,0.002532,0.007977,0.274658,-0.335693,-0.061035
0.658109,-0.127535,-0.726290,10.064471,-0.002042,-0.002258,0.007378,0.213623,-0.274658,-0.061035
0.668199,-0.123942,-0.723296,10.062675,0.001551,0.000736,0.005582,0.061035,-0.061035,0.000000
0.678287,-0.126337,-0.727487,10.061477,-0.000844,-0.003456,0.004384,0.000000,0.030518,0.000000
0.688375,-0.126337,-0.725092,10.063872,-0.000844,-0.001061,0.006779,-0.061035,0.152588,0.030518
0.698463,-0.127535,-0.720901,10.060878,-0.002042,0.003131,0.003786,-0.122070,0.183105,0.030518
0.708637,-0.131127,-0.717907,10.062076,-0.005634,0.006125,0.004983,-0.152588,0.244141,0.061035
0.718734,-0.129331,-0.720901,10.057885,-0.003838,0.003131,0.000792,-0.274658,0.366211,0.152588
0.728827,-0.135319,-0.716111,10.059681,-0.009826,0.007921,0.002588,-0.274658,0.427246,0.213623
0.738927,-0.132924,-0.722098,10.058483,-0.007431,0.001933,0.001391,-0.396729,0.457764,0.335693
0.749021,-0.141905,-0.729283,10.056088,-0.016412,-0.005252,-0.001004,-0.366211,0.488281,0.335693
0.759118,-0.143701,-0.732277,10.053094,-0.018208,-0.008246,-0.003998,-0.335693,0.396729,0.274658
0.769212,-0.131726,-0.723296,10.048903,-0.006233,0.000736,-0.008189,-0.274658,0.335693,0.213623
0.779308,-0.135319,-0.728685,10.052496,-0.009826,-0.004653,-0.004597,-0.305176,0.366211,0.183105
0.789400,-0.135917,-0.728685,10.056088,-0.010424,-0.004653,-0.001004,-0.213623,0.274658,0.091553
0.799500,-0.135917,-0.729882,10.052496,-0.010424,-0.005851,-0.004597,-0.183105,0.183105,0.122070
0.809683,-0.135917,-0.738864,10.051298,-0.010424,-0.014832,-0.005794,-0.183105,0.183105,0.030518
0.819776,-0.136516,-0.745450,10.050101,-0.011023,-0.021418,-0.006992,-0.122070,0.183105,0.030518
0.829864,-0.134720,-0.748444,10.058483,-0.009227,-0.024412,0.001391,-0.061035,0.152588,0.030518
0.839954,-0.140109,-0.744252,10.064471,-0.014616,-0.020221,0.007378,-0.030518,0.122070,0.030518
0.850042,-0.136516,-0.745450,10.059082,-0.011023,-0.021418,0.001989,0.000000,0.000000,-0.030518
0.860134,-0.140707,-0.739462,10.060878,-0.015214,-0.015431,0.003786,0.030518,-0.030518,-0.030518
0.870222,-0.140109,-0.741259,10.060280,-0.014616,-0.017227,0.003187,0.091553,-0.061035,-0.061035
0.880311,-0.137115,-0.732876,10.060878,-0.011622,-0.008844,0.003786,0.091553,-0.061035,-0.091553
0.890401,-0.130529,-0.733475,10.063273,-0.005036,-0.009443,0.006181,0.091553,-0.061035,-0.061035
0.900491,-0.137714,-0.738864,10.056687,-0.012221,-0.014832,-0.000406,0.030518,-0.030518,-0.061035
0.910612,-0.143701,-0.739462,10.056687,-0.018208,-0.015431,-0.000406,0.000000,0.030518,-0.061035
0.920700,-0.141905,-0.738864,10.057286,-0.016412,-0.014832,0.000193,-0.061035,0.122070,-0.061035
0.930790,-0.152682,-0.735271,10.059082,-0.027189,-0.011239,0.001989,-0.030518,0.091553,-0.030518
0.940881,-0.143102,-0.738864,10.061477,-0.017609,-0.014832,0.004384,0.000000,0.122070,-0.030518
0.950969,-0.147892,-0.746647,10.054891,-0.022399,-0.022616,-0.002202,-0.091553,0.152588,-0.030518
0.961059,-0.146695,-0.746049,10.060280,-0.021202,-0.022017,0.003187,-0.091553,0.152588,0.000000
0.971148,-0.138911,-0.741259,10.051897,-0.013418,-0.017227,-0.005196,-0.152588,0.244141,0.030518
0.981238,-0.140707,-0.746647,10.057885,-0.015214,-0.022616,0.000792,-0.183105,0.274658,0.091553
0.991331,-0.146695,-0.746647,10.064471,-0.021202,-0.022616,0.007378,-0.183105,0.274658,0.122070
1.001421,-0.153281,-0.744851,10.053693,-0.027788,-0.020819,-0.003399,-0.213623,0.244141,0.152588
1.011593,-0.150886,-0.735271,10.050699,-0.025393,-0.011239,-0.006393,-0.183105,0.244141,0.122070
1.021688,-0.144899,-0.741857,10.044113,-0.019406,-0.017826,-0.012980,-0.122070,0.213623,0.091553
1.031787,-0.146096,-0.746049,10.047706,-0.020603,-0.022017,-0.009387,-0.091553,0.183105,0.091553
1.041885,-0.152682,-0.744851,10.052496,-0.027189,-0.020819,-0.004597,-0.091553,0.213623,0.030518
1.051991,-0.159269,-0.749042,10.049502,-0.033776,-0.025011,-0.007591,-0.091553,0.183105,0.030518
1.062101,-0.159269,-0.752036,10.044712,-0.033776,-0.028005,-0.012381,-0.122070,0.183105,0.000000
1.072200,-0.164059,-0.747246,10.039922,-0.038566,-0.023214,-0.017171,-0.061035,0.152588,0.030518
1.082311,-0.159868,-0.745450,10.046508,-0.034375,-0.021418,-0.010584,-0.061035,0.152588,-0.030518
1.092410,-0.156275,-0.740061,10.048903,-0.030782,-0.016029,-0.008189,-0.061035,0.122070,-0.061035
1.102508,-0.155078,-0.740061,10.050101,-0.029584,-0.016029,-0.006992,-0.030518,0.091553,-0.061035
1.112738,-0.155078,-0.743055,10.047706,-0.029584,-0.019023,-0.009387,0.030518,0.030518,-0.122070
1.122911,-0.151485,-0.744851,10.047107,-0.025992,-0.020819,-0.009986,0.091553,0.030518,-0.122070
1.133056,-0.152682,-0.740660,10.054292,-0.027189,-0.016628,-0.002801,0.091553,0.000000,-0.152588
1.143143,-0.149689,-0.737067,10.057885,-0.024196,-0.013036,0.000792,0.061035,0.000000,-0.122070
1.153239,-0.144300,-0.734073,10.056687,-0.018807,-0.010042,-0.000406,0.000000,0.061035,-0.061035
1.163325,-0.146695,-0.731678,10.058483,-0.021202,-0.007647,0.001391,0.030518,0.091553,-0.030518
1.173430,-0.146695,-0.728685,10.058483,-0.021202,-0.004653,0.001391,0.000000,0.122070,0.000000
1.183523,-0.147892,-0.722697,10.060878,-0.022399,0.001334,0.003786,-0.061035,0.122070,-0.030518
1.193614,-0.147892,-0.732277,10.062076,-0.022399,-0.008246,0.004983,-0.030518,0.122070,-0.030518
1.203707,-0.141905,-0.735870,10.047107,-0.016412,-0.011838,-0.009986,-0.061035,0.152588,-0.030518
1.213895,-0.141306,-0.735271,10.048903,-0.015813,-0.011239,-0.008189,-0.061035,0.152588,-0.061035
1.223978,-0.145497,-0.734073,10.047107,-0.020004,-0.010042,-0.009986,-0.122070,0.213623,0.030518
1.234059,-0.141306,-0.732876,10.057885,-0.015813,-0.008844,0.000792,-0.122070,0.244141,0.030518
1.244142,-0.146096,-0.732277,10.060280,-0.020603,-0.008246,0.003187,-0.152588,0.244141,0.061035
1.254223,-0.151485,-0.732277,10.057286,-0.025992,-0.008246,0.000193,-0.183105,0.305176,0.122070
1.264304,-0.150287,-0.738265,10.060280,-0.024794,-0.014233,0.003187,-0.183105,0.274658,0.122070
1.274386,-0.146096,-0.744252,10.065070,-0.020603,-0.020221,0.007977,-0.183105,0.305176,0.122070
1.284468,-0.144899,-0.736469,10.065668,-0.019406,-0.012437,0.008576,-0.213623,0.274658,0.122070
1.294549,-0.141905,-0.738265,10.065668,-0.016412,-0.014233,0.008576,-0.122070,0.244141,0.061035
1.304630,-0.149090,-0.740061,10.056687,-0.023597,-0.016029,-0.000406,-0.091553,0.213623,0.061035
1.314725,-0.142504,-0.744252,10.052496,-0.017011,-0.020221,-0.004597,-0.061035,0.122070,0.030518
1.324824,-0.147294,-0.737666,10.053693,-0.021801,-0.013634,-0.003399,-0.061035,0.091553,0.030518
1.334922,-0.146096,-0.734672,10.057286,-0.020603,-0.010641,0.000193,-0.030518,0.030518,-0.030518
1.345019,-0.151485,-0.742456,10.056687,-0.025992,-0.018424,-0.000406,0.030518,0.030518,-0.030518
1.355116,-0.154479,-0.744851,10.048903,-0.028986,-0.020819,-0.008189,0.000000,0.030518,-0.030518
1.365214,-0.153880,-0.750839,10.052496,-0.028387,-0.026807,-0.004597,0.000000,0.000000,-0.061035
1.375310,-0.147294,-0.746049,10.056088,-0.021801,-0.022017,-0.001004,0.061035,-0.061035,-0.091553
1.385406,-0.152084,-0.744851,10.056687,-0.026591,-0.020819,-0.000406,0.122070,-0.091553,-0.122070
1.395503,-0.148491,-0.741857,10.047107,-0.022998,-0.017826,-0.009986,0.152588,-0.152588,-0.152588
1.405599,-0.146695,-0.740061,10.047706,-0.021202,-0.016029,-0.009387,0.213623,-0.183105,-0.183105
1.415776,-0.153880,-0.744851,10.052496,-0.028387,-0.020819,-0.004597,0.305176,-0.305176,-0.244141
1.425871,-0.158670,-0.742456,10.057286,-0.033177,-0.018424,0.000193,0.335693,-0.396729,-0.274658
1.435961,-0.149689,-0.742456,10.059082,-0.024196,-0.018424,0.001989,0.427246,-0.518799,-0.396729
1.446051,-0.147294,-0.737666,10.057286,-0.021801,-0.013634,0.000193,0.457764,-0.549316,-0.396729
1.456142,-0.159269,-0.749641,10.056088,-0.033776,-0.025609,-0.001004,0.762939,-0.854492,-0.244141
1.466232,-0.137115,-0.732876,10.051298,-0.011622,-0.008844,-0.005794,0.915527,-1.098633,-0.244141
1.476322,-0.129331,-0.728086,10.054891,-0.003838,-0.004054,-0.002202,0.946045,-1.098633,-0.213623
1.486412,-0.143701,-0.740061,10.065668,-0.018208,-0.016029,0.008576,0.885010,-1.129150,-0.152588
1.496500,-0.150886,-0.745450,10.066267,-0.025393,-0.021418,0.009174,1.068115,-1.342773,-0.213623
1.506589,-0.135917,-0.735870,10.060280,-0.010424,-0.011838,0.003187,1.525879,-1.922607,-0.213623
1.516676,-0.125140,-0.726290,10.060878,0.000353,-0.002258,0.003786,1.586914,-1.983643,-0.183105
1.526769,-0.114362,-0.717308,10.068662,0.011131,0.006723,0.011569,1.586914,-1.892090,-0.183105
1.536866,-0.113165,-0.708327,10.072853,0.012328,0.015705,0.015761,1.495361,-1.770020,-0.152588
1.546959,-0.111967,-0.708327,10.065668,0.013526,0.015705,0.008576,1.251221,-1.556396,-0.122070
1.557054,-0.115560,-0.705932,10.061477,0.009933,0.018100,0.004384,1.159668,-1.495361,-0.152588
1.567151,-0.113165,-0.699346,10.059082,0.012328,0.024686,0.001989,1.098633,-1.403809,-0.152588
1.577248,-0.108375,-0.699944,10.065070,0.017118,0.024087,0.007977,0.671387,-0.885010,-0.122070
1.587357,-0.109572,-0.704734,10.059681,0.015921,0.019297,0.002588,0.579834,-0.671387,-0.091553
1.597454,-0.110770,-0.706531,10.067465,0.014723,0.017501,0.010372,0.366211,-0.396729,-0.061035
1.607547,-0.110171,-0.707130,10.070458,0.015322,0.016902,0.013366,0.244141,-0.305176,-0.061035
1.617640,-0.110171,-0.709525,10.069860,0.015322,0.014507,0.012767,0.122070,-0.091553,-0.091553
1.627726,-0.106578,-0.715512,10.069860,0.018915,0.008520,0.012767,0.091553,-0.061035,-0.061035
1.637813,-0.105381,-0.712518,10.070458,0.020112,0.011513,0.013366,0.061035,-0.061035,-0.061035
1.647899,-0.109572,-0.714315,10.062076,0.015921,0.009717,0.004983,0.030518,0.000000,-0.030518
1.657986,-0.105381,-0.708926,10.058483,0.020112,0.015106,0.001391,0.030518,0.000000,-0.030518
1.668073,-0.102387,-0.699944,10.059681,0.023106,0.024087,0.002588,0.030518,0.030518,0.030518
1.678160,-0.098795,-0.702339,10.066866,0.026698,0.021692,0.009773,-0.030518,0.061035,0.030518
1.688247,-0.102986,-0.701142,10.064471,0.022507,0.022890,0.007378,-0.030518,0.152588,0.122070
1.698335,-0.102986,-0.694556,10.066267,0.022507,0.029476,0.009174,-0.091553,0.183105,0.152588
1.708424,-0.111368,-0.693358,10.068063,0.014125,0.030673,0.010971,-0.061035,0.152588,0.213623
1.718514,-0.108375,-0.687969,10.063872,0.017118,0.036062,0.006779,0.000000,0.061035,0.305176
1.728608,-0.113165,-0.689766,10.066866,0.012328,0.034266,0.009773,-0.030518,0.122070,0.305176
1.738706,-0.111967,-0.708926,10.068063,0.013526,0.015106,0.010971,-0.091553,0.244141,0.244141
1.748799,-0.111967,-0.714913,10.064471,0.013526,0.009118,0.007378,-0.091553,0.244141,0.183105
1.758895,-0.116757,-0.710722,10.063872,0.008736,0.013310,0.006779,-0.030518,0.122070,0.091553
1.768988,-0.115560,-0.714913,10.054292,0.009933,0.009118,-0.002801,0.030518,0.061035,0.030518
1.779083,-0.121547,-0.716710,10.068063,0.003946,0.007322,0.010971,0.030518,0.030518,0.000000
1.789177,-0.107776,-0.706531,10.060878,0.017717,0.017501,0.003786,0.061035,-0.091553,-0.091553
1.799275,-0.111967,-0.704136,10.053693,0.013526,0.019896,-0.003399,0.091553,-0.091553,-0.091553
1.809368,-0.111368,-0.704136,10.057286,0.014125,0.019896,0.000193,0.091553,-0.030518,-0.091553
1.819465,-0.109572,-0.703537,10.052496,0.015921,0.020495,-0.004597,0.091553,-0.030518,-0.061035
1.829552,-0.110171,-0.704734,10.056088,0.015322,0.019297,-0.001004,0.091553,-0.030518,-0.091553
1.839641,-0.108973,-0.703537,10.065668,0.016520,0.020495,0.008576,0.091553,0.000000,-0.061035
1.849728,-0.103585,-0.700543,10.061477,0.021908,0.023488,0.004384,0.061035,0.000000,-0.030518
1.859817,-0.107776,-0.701142,10.054292,0.017717,0.022890,-0.002801,0.030518,0.000000,-0.030518
1.869905,-0.106578,-0.696352,10.057286,0.018915,0.027680,0.000193,0.000000,0.000000,-0.061035
1.879995,-0.110770,-0.698148,10.067465,0.014723,0.025883,0.010372,-0.030518,0.061035,0.000000
1.890081,-0.111967,-0.705333,10.071057,0.013526,0.018698,0.013964,0.000000,0.030518,0.000000
1.900176,-0.114362,-0.710722,10.071057,0.011131,0.013310,0.013964,0.000000,0.030518,0.000000
1.910265,-0.112566,-0.708926,10.072255,0.012927,0.015106,0.015162,0.000000,0.061035,0.000000
1.920441,-0.110770,-0.702938,10.063273,0.014723,0.021093,0.006181,0.030518,0.030518,-0.030518
1.930537,-0.116158,-0.698148,10.065668,0.009335,0.025883,0.008576,0.030518,0.030518,-0.030518
1.940632,-0.108973,-0.694556,10.066866,0.016520,0.029476,0.009773,0.000000,0.030518,0.000000
1.950729,-0.111368,-0.693957,10.056088,0.014125,0.030075,-0.001004,0.000000,0.091553,0.030518
1.960826,-0.105980,-0.690364,10.056088,0.019513,0.033667,-0.001004,0.000000,0.091553,0.030518
1.970923,-0.101190,-0.698148,10.054891,0.024303,0.025883,-0.002202,-0.030518,0.091553,0.152588
1.981020,-0.101190,-0.705932,10.056088,0.024303,0.018100,-0.001004,-0.061035,0.091553,0.274658
1.991116,-0.101788,-0.708926,10.056687,0.023705,0.015106,-0.000406,-0.030518,0.030518,0.427246
2.001214,-0.094603,-0.705333,10.057885,0.030890,0.018698,0.000792,-0.030518,0.030518,0.518799
2.011311,-0.101788,-0.702339,10.056088,0.023705,0.021692,-0.001004,-0.030518,0.030518,0.640869
2.021485,-0.107776,-0.704734,10.066267,0.017717,0.019297,0.009174,0.000000,0.000000,0.701904
2.031576,-0.111368,-0.703537,10.072255,0.014125,0.020495,0.015162,-0.030518,0.000000,0.671387
2.041666,-0.110770,-0.703537,10.066866,0.014723,0.020495,0.009773,0.030518,0.000000,0.579834
2.051755,-0.110770,-0.710123,10.062675,0.014723,0.013908,0.005582,0.030518,0.030518,0.488281
2.061845,-0.109572,-0.707130,10.057286,0.015921,0.016902,0.000193,0.030518,0.061035,0.427246
2.071934,-0.098795,-0.705932,10.056088,0.026698,0.018100,-0.001004,-0.030518,0.091553,0.427246
2.082023,-0.092208,-0.702339,10.057286,0.033285,0.021692,0.000193,-0.030518,0.091553,0.457764
2.092113,-0.091011,-0.701142,10.057885,0.034482,0.022890,0.000792,0.000000,0.061035,0.610352
2.102202,-0.096400,-0.696951,10.054891,0.029093,0.027081,-0.002202,0.000000,0.030518,0.732422
2.112293,-0.095801,-0.695753,10.060878,0.029692,0.028278,0.003786,0.000000,0.000000,0.762939
2.122460,-0.094603,-0.702339,10.061477,0.030890,0.021692,0.004384,0.000000,0.000000,0.793457
2.132555,-0.093406,-0.710722,10.060280,0.032087,0.013310,0.003187,0.030518,-0.061035,0.793457
2.142655,-0.091011,-0.705333,10.054292,0.034482,0.018698,-0.002801,0.030518,-0.091553,0.732422
2.152770,-0.095202,-0.699346,10.055490,0.030291,0.024686,-0.001603,0.000000,-0.030518,0.610352
2.162868,-0.105980,-0.696352,10.050699,0.019513,0.027680,-0.006393,-0.061035,0.000000,0.579834
2.172967,-0.102986,-0.689167,10.059082,0.022507,0.034865,0.001989,-0.061035,0.030518,0.640869
2.183065,-0.094005,-0.686173,10.065668,0.031489,0.037859,0.008576,-0.061035,0.000000,0.915527
2.193163,-0.095202,-0.691562,10.066267,0.030291,0.032470,0.009174,-0.061035,-0.030518,1.220703
2.203263,-0.095202,-0.702339,10.062076,0.030291,0.021692,0.004983,-0.091553,-0.030518,1.586914
2.213361,-0.097597,-0.710123,10.056687,0.027896,0.013908,-0.000406,-0.091553,0.000000,1.770020
2.223569,-0.099393,-0.711321,10.061477,0.026100,0.012711,0.004384,-0.061035,-0.061035,1.922607
2.233663,-0.105980,-0.708926,10.068063,0.019513,0.015106,0.010971,-0.091553,-0.061035,1.800537
2.243751,-0.101788,-0.704734,10.070458,0.023705,0.019297,0.013366,-0.122070,-0.030518,1.770020
2.253842,-0.098795,-0.699944,10.074051,0.026698,0.024087,0.016958,-0.091553,-0.061035,1.861572
2.263933,-0.101788,-0.702339,10.066267,0.023705,0.021692,0.009174,-0.061035,-0.061035,1.922607
2.274022,-0.108375,-0.714913,10.071057,0.017118,0.009118,0.013964,-0.030518,-0.030518,2.014160
2.284113,-0.111368,-0.716710,10.072255,0.014125,0.007322,0.015162,-0.030518,0.000000,1.983643
2.294205,-0.113763,-0.714913,10.067465,0.011730,0.009118,0.010372,0.030518,0.000000,1.678467
2.304296,-0.114961,-0.712518,10.062675,0.010532,0.011513,0.005582,0.030518,0.000000,1.495361
2.314387,-0.114362,-0.712518,10.062675,0.011131,0.011513,0.005582,0.030518,0.000000,1.312256
2.324550,-0.117955,-0.710123,10.061477,0.007538,0.013908,0.004384,0.030518,0.000000,1.007080
2.334648,-0.112566,-0.708327,10.068063,0.012927,0.015705,0.010971,0.030518,0.030518,0.915527
2.344739,-0.111368,-0.716710,10.052496,0.014125,0.007322,-0.004597,-0.030518,0.030518,0.701904
2.354832,-0.107776,-0.717907,10.051897,0.017717,0.006125,-0.005196,-0.061035,0.030518,0.579834
2.364929,-0.105980,-0.714315,10.054891,0.019513,0.009717,-0.002202,-0.030518,0.030518,0.396729
2.375026,-0.108375,-0.704734,10.060280,0.017118,0.019297,0.003187,0.000000,0.030518,0.305176
2.385124,-0.107177,-0.702339,10.064471,0.018316,0.021692,0.007378,-0.061035,0.030518,0.183105
2.395221,-0.101788,-0.701142,10.056687,0.023705,0.022890,-0.000406,-0.030518,0.061035,0.152588
2.405320,-0.104782,-0.702339,10.052496,0.020711,0.021692,-0.004597,-0.030518,0.030518,0.091553
2.415417,-0.104183,-0.704734,10.042317,0.021310,0.019297,-0.014776,-0.030518,0.030518,0.122070
2.425595,-0.105381,-0.703537,10.054891,0.020112,0.020495,-0.002202,-0.030518,0.061035,0.183105
2.435686,-0.102387,-0.699346,10.055490,0.023106,0.024686,-0.001603,-0.030518,0.061035,0.244141
2.445777,-0.098196,-0.698747,10.056088,0.027297,0.025285,-0.001004,-0.030518,0.030518,0.305176
2.455868,-0.092208,-0.693957,10.053693,0.033285,0.030075,-0.003399,0.000000,0.000000,0.732422
2.465960,-0.082628,-0.689766,10.048903,0.042865,0.034266,-0.008189,0.000000,0.030518,1.098633
2.476051,-0.091011,-0.686173,10.053693,0.034482,0.037859,-0.003399,0.030518,0.030518,1.556396
2.486142,-0.094603,-0.700543,10.053693,0.030890,0.023488,-0.003399,0.030518,-0.030518,2.349854
2.496233,-0.098196,-0.711321,10.051897,0.027297,0.012711,-0.005196,0.061035,-0.061035,2.655029
2.506324,-0.103585,-0.721500,10.047706,0.021908,0.002532,-0.009387,0.061035,-0.030518,2.624512
2.516415,-0.108973,-0.711920,10.047706,0.016520,0.012112,-0.009387,0.061035,-0.030518,2.471924
2.526575,-0.111967,-0.713117,10.054891,0.013526,0.010915,-0.002202,0.030518,-0.030518,2.166748
2.536672,-0.108973,-0.711321,10.056687,0.016520,0.012711,-0.000406,0.030518,-0.061035,2.105713
2.546765,-0.107776,-0.705932,10.055490,0.017717,0.018100,-0.001603,0.061035,-0.030518,2.258301
2.556863,-0.105381,-0.699346,10.048304,0.020112,0.024686,-0.008788,0.061035,-0.030518,2.349854
2.566955,-0.099992,-0.701142,10.048903,0.025501,0.022890,-0.008189,0.061035,-0.030518,2.441406
2.577049,-0.107177,-0.703537,10.053094,0.018316,0.020495,-0.003998,0.122070,-0.061035,2.716064
2.587143,-0.110171,-0.711321,10.059082,0.015322,0.012711,0.001989,0.122070,-0.061035,2.807617
2.597234,-0.128732,-0.715512,10.050101,-0.003239,0.008520,-0.006992,0.152588,-0.061035,2.258301
2.607328,-0.125739,-0.712518,10.046508,-0.000245,0.011513,-0.010584,0.152588,-0.061035,1.922607
2.617421,-0.125739,-0.712518,10.047107,-0.000245,0.011513,-0.009986,0.091553,-0.030518,1.464844
2.627514,-0.120350,-0.704136,10.056687,0.005143,0.019896,-0.000406,0.091553,-0.030518,1.281738
2.637602,-0.123344,-0.705333,10.053693,0.002150,0.018698,-0.003399,0.061035,0.000000,1.129150
2.647687,-0.114362,-0.710123,10.041718,0.011131,0.013908,-0.015375,0.000000,0.000000,0.976562
2.657774,-0.113763,-0.713117,10.042916,0.011730,0.010915,-0.014177,0.000000,0.000000,0.885010
2.667862,-0.118553,-0.717907,10.045909,0.006940,0.006125,-0.011183,0.000000,0.000000,0.610352
2.677949,-0.114362,-0.720901,10.056687,0.011131,0.003131,-0.000406,0.030518,0.000000,0.457764
2.688035,-0.113165,-0.718506,10.057885,0.012328,0.005526,0.000792,0.030518,0.000000,0.244141
2.698122,-0.113165,-0.713117,10.053693,0.012328,0.010915,-0.003399,0.061035,0.000000,0.183105
2.708210,-0.116757,-0.714913,10.048903,0.008736,0.009118,-0.008189,0.061035,-0.030518,0.152588
2.718297,-0.111368,-0.708327,10.059082,0.014125,0.015705,0.001989,0.030518,-0.030518,0.061035
2.728413,-0.108375,-0.710722,10.066267,0.017118,0.013310,0.009174,0.000000,-0.030518,0.030518
2.738503,-0.102387,-0.709525,10.061477,0.023106,0.014507,0.004384,-0.030518,0.000000,0.030518
2.748589,-0.104183,-0.714315,10.058483,0.021310,0.009717,0.001391,-0.030518,0.000000,0.000000
2.758681,-0.104782,-0.718506,10.062675,0.020711,0.005526,0.005582,-0.030518,0.000000,-0.061035
2.768769,-0.113165,-0.704734,10.065070,0.012328,0.019297,0.007977,-0.030518,0.030518,-0.030518
2.778858,-0.109572,-0.707728,10.071656,0.015921,0.016303,0.014563,-0.030518,0.030518,-0.030518
2.788945,-0.103585,-0.710123,10.068662,0.021908,0.013908,0.011569,0.030518,0.030518,0.000000
2.799035,-0.108375,-0.711321,10.064471,0.017118,0.012711,0.007378,0.030518,0.000000,-0.030518
2.809123,-0.102986,-0.710722,10.057885,0.022507,0.013310,0.000792,0.091553,0.061035,0.000000
2.819212,-0.097597,-0.710722,10.059082,0.027896,0.013310,0.001989,0.030518,0.061035,0.000000
2.829375,-0.101788,-0.706531,10.065070,0.023705,0.017501,0.007977,0.030518,0.030518,0.000000
2.839472,-0.105381,-0.709525,10.061477,0.020112,0.014507,0.004384,0.030518,0.061035,0.000000
2.849561,-0.103585,-0.710722,10.056687,0.021908,0.013310,-0.000406,0.000000,0.061035,0.030518
2.859658,-0.101788,-0.709525,10.059681,0.023705,0.014507,0.002588,0.000000,0.091553,0.000000
2.869750,-0.104183,-0.709525,10.057286,0.021310,0.014507,0.000193,0.000000,0.091553,0.000000
2.879846,-0.102387,-0.702339,10.063872,0.023106,0.021692,0.006779,0.000000,0.061035,-0.061035
2.889939,-0.104782,-0.704136,10.065070,0.020711,0.019896,0.007977,0.000000,0.061035,0.000000
2.900049,-0.095801,-0.696951,10.060878,0.029692,0.027081,0.003786,-0.030518,0.122070,0.000000
2.910143,-0.098795,-0.701142,10.058483,0.026698,0.022890,0.001391,-0.030518,0.091553,0.000000
2.920241,-0.099393,-0.699944,10.059082,0.026100,0.024087,0.001989,0.000000,0.091553,0.000000
2.930414,-0.100591,-0.702339,10.062076,0.024902,0.021692,0.004983,0.030518,0.061035,0.030518
2.940503,-0.101788,-0.701142,10.066267,0.023705,0.022890,0.009174,0.030518,0.061035,0.000000
2.950592,-0.096998,-0.705932,10.059681,0.028495,0.018100,0.002588,0.030518,0.091553,-0.030518
2.960682,-0.101788,-0.702339,10.053693,0.023705,0.021692,-0.003399,0.061035,0.030518,0.000000
2.970771,-0.101788,-0.699346,10.061477,0.023705,0.024686,0.004384,0.061035,0.030518,0.030518
2.980860,-0.102986,-0.698747,10.060878,0.022507,0.025285,0.003786,0.061035,0.061035,0.030518
2.990947,-0.107776,-0.698148,10.057286,0.017717,0.025883,0.000193,0.030518,0.091553,0.030518
3.001033,-0.109572,-0.697549,10.051897,0.015921,0.026482,-0.005196,0.030518,0.091553,0.030518
3.011125,-0.107776,-0.701142,10.054891,0.017717,0.022890,-0.002202,0.000000,0.091553,0.030518
3.021214,-0.109572,-0.698148,10.061477,0.015921,0.025883,0.004384,0.000000,0.030518,0.030518
3.031375,-0.108375,-0.701142,10.061477,0.017118,0.022890,0.004384,-0.030518,0.091553,0.030518
3.041472,-0.113165,-0.698148,10.062675,0.012328,0.025883,0.005582,0.030518,0.091553,0.030518
3.051569,-0.108973,-0.694556,10.062675,0.016520,0.029476,0.005582,0.000000,0.122070,0.030518
3.061667,-0.102986,-0.695753,10.062675,0.022507,0.028278,0.005582,-0.030518,0.091553,0.030518
3.071765,-0.101190,-0.685574,10.066267,0.024303,0.038457,0.009174,-0.061035,0.091553,0.030518
3.081862,-0.096400,-0.687371,10.072255,0.029093,0.036661,0.015162,-0.061035,0.091553,0.030518
3.091960,-0.086819,-0.690963,10.068063,0.038674,0.033068,0.010971,-0.061035,0.061035,0.152588
3.102057,-0.091011,-0.690963,10.060878,0.034482,0.033068,0.003786,-0.091553,0.061035,0.213623
3.112155,-0.098795,-0.696352,10.057286,0.026698,0.027680,0.000193,-0.122070,0.030518,0.335693
3.122252,-0.101788,-0.702339,10.059082,0.023705,0.021692,0.001989,-0.152588,0.061035,0.305176
3.132478,-0.102986,-0.713117,10.064471,0.022507,0.010915,0.007378,-0.122070,0.030518,0.274658
3.142567,-0.105980,-0.708327,10.064471,0.019513,0.015705,0.007378,-0.091553,0.061035,0.244141
3.152657,-0.106578,-0.702339,10.061477,0.018915,0.021692,0.004384,-0.091553,0.030518,0.335693
3.162750,-0.106578,-0.697549,10.056687,0.018915,0.026482,-0.000406,-0.091553,0.030518,0.518799
3.172841,-0.111368,-0.707130,10.056687,0.014125,0.016902,-0.000406,-0.122070,0.000000,0.701904
3.182932,-0.114362,-0.716710,10.060280,0.011131,0.007322,0.003187,-0.061035,0.030518,0.579834
3.193026,-0.105980,-0.713716,10.056687,0.019513,0.010316,-0.000406,0.000000,0.030518,0.488281
3.203118,-0.111368,-0.711321,10.054891,0.014125,0.012711,-0.002202,-0.030518,0.030518,0.244141
3.213210,-0.116158,-0.711920,10.051298,0.009335,0.012112,-0.005794,-0.030518,0.030518,0.152588
3.223301,-0.113763,-0.707130,10.058483,0.011730,0.016902,0.001391,-0.030518,0.061035,0.030518
3.233422,-0.111967,-0.795146,10.063273,0.013526,-0.071115,0.006181,0.030518,0.061035,-0.183105
3.243513,-0.141306,-0.871188,10.074051,-0.015813,-0.147157,0.016958,0.183105,0.091553,-1.220703
3.253604,-0.098196,-0.767005,10.057286,0.027297,-0.042973,0.000193,0.091553,0.030518,-2.868652
3.263695,-0.088017,-0.920885,10.049502,0.037476,-0.196853,-0.007591,0.091553,0.000000,-3.387451
3.273784,-0.183219,-1.211281,10.051897,-0.057726,-0.487250,-0.005196,-0.061035,0.213623,-7.324219
3.283875,-0.181423,-1.128054,10.041119,-0.055930,-0.404023,-0.015973,-0.274658,0.549316,-8.636475
3.293967,-0.143701,-1.148412,10.062675,-0.018208,-0.424380,0.005582,-1.708984,0.244141,-8.941650
3.304057,0.000000,-0.490979,10.060280,0.125493,0.233053,0.003187,-1.281738,0.244141,-8.819580
3.314177,0.042512,-0.123942,10.078841,0.168005,0.600089,0.021748,-0.976562,0.244141,-6.958008
3.324268,0.207768,-0.243693,10.086026,0.333261,0.480338,0.028933,-0.518799,-0.091553,3.326416
3.334384,0.253872,-0.267643,10.074650,0.379365,0.456388,0.017557,-0.213623,-0.366211,8.148193
3.344476,-0.374222,-0.674198,10.071656,-0.248729,0.049834,0.014563,0.244141,-0.366211,8.300781
3.354568,-0.308359,-0.670605,10.074650,-0.182866,0.053426,0.017557,0.244141,-0.274658,6.042480
3.364657,-0.301174,-0.693358,10.072853,-0.175681,0.030673,0.015761,0.213623,-0.061035,2.655029
3.374749,-0.298779,-0.679587,10.074051,-0.173286,0.044445,0.016958,0.213623,0.030518,1.220703
3.384840,-0.216151,-0.684976,10.077045,-0.090657,0.039056,0.019952,0.274658,0.122070,-0.213623
3.394931,-0.098196,-0.716111,10.065668,0.027297,0.007921,0.008576,0.335693,0.122070,-0.305176
3.405022,-0.095202,-0.712518,10.069860,0.030291,0.011513,0.012767,0.366211,0.152588,-0.274658
3.415113,-0.088616,-0.716111,10.059681,0.036877,0.007921,0.002588,0.335693,0.091553,-0.183105
3.425204,-0.089813,-0.713716,10.065070,0.035680,0.010316,0.007977,0.305176,0.091553,-0.183105
3.435325,-0.094603,-0.717308,10.063273,0.030890,0.006723,0.006181,0.152588,0.091553,-0.244141
3.445417,-0.098795,-0.722697,10.062675,0.026698,0.001334,0.005582,0.122070,0.122070,-0.305176
3.455509,-0.100591,-0.726290,10.060280,0.024902,-0.002258,0.003187,0.091553,0.122070,-0.549316
3.465601,-0.153880,-0.729283,10.057286,-0.028387,-0.005252,0.000193,0.000000,0.183105,-1.007080
3.475692,-0.211360,-0.755030,10.069860,-0.085867,-0.030998,0.012767,-0.091553,0.213623,-2.044678
3.485784,-0.315544,-0.884361,10.057885,-0.190051,-0.160329,0.000792,-0.579834,0.335693,-5.859375
3.495875,-0.305365,-0.899330,10.053094,-0.179872,-0.175298,-0.003998,-0.793457,0.457764,-8.605957
3.505967,-0.266446,-0.743055,10.047107,-0.140953,-0.019023,-0.009986,-0.854492,0.732422,-12.115479
3.516058,-0.283810,-0.671803,10.081835,-0.158317,0.052229,0.024742,-0.579834,1.068115,-13.397217
3.526177,-0.301772,-0.609532,10.062076,-0.176279,0.114499,0.004983,-0.732422,0.915527,-13.793945
3.536295,-0.490979,-0.674797,10.069860,-0.365486,0.049235,0.012767,-0.640869,1.251221,-13.366699
3.546582,-0.244891,-0.810714,10.054292,-0.119398,-0.086682,-0.002801,-0.274658,1.251221,-12.664795
3.556674,-0.828078,-0.868793,10.067465,-0.702585,-0.144762,0.010372,-1.129150,2.532959,-11.199951
3.566763,-0.683778,-0.805325,10.012379,-0.558285,-0.081294,-0.044714,-1.129150,2.410889,-10.681152
3.576864,-0.545466,-0.990341,10.019564,-0.419973,-0.266309,-0.037528,-1.342773,0.762939,-7.812500
3.587094,-0.279619,-0.778381,10.064471,-0.154125,-0.054350,0.007378,0.183105,-0.793457,-7.965088
3.597183,-0.441881,-0.724493,10.072255,-0.316388,-0.000462,0.015162,-0.061035,-0.549316,-9.338379
3.607284,-0.497565,-0.782573,10.071057,-0.372072,-0.058541,0.013964,-0.244141,-0.274658,-10.559082
3.617385,-0.271236,-0.864003,10.060878,-0.145743,-0.139972,0.003786,0.427246,1.007080,-11.260986
3.627475,-0.538281,-0.607137,10.103390,-0.412788,0.116894,0.046297,0.183105,0.762939,-11.322021
3.637576,-0.541274,-0.635279,10.096804,-0.415781,0.088753,0.039711,0.427246,-0.274658,-11.260986
3.647668,-0.371228,-0.614921,10.173444,-0.245735,0.109110,0.116352,-0.152588,-0.091553,-11.840820
3.657757,-0.247286,-0.598755,10.130334,-0.121793,0.125277,0.073241,0.427246,-0.579834,-12.237549
3.667858,-0.707728,-0.745450,10.068662,-0.582235,-0.021418,0.011569,0.152588,-1.037598,-9.735107
3.677958,-0.520318,-0.842448,10.095606,-0.394825,-0.118417,0.038513,-1.007080,-1.098633,-8.453369
3.688047,-0.341889,-0.816103,9.988429,-0.216396,-0.092071,-0.068664,0.488281,-0.823975,-7.598877
3.698175,0.070054,-0.848436,10.073452,0.195547,-0.124404,0.016359,1.129150,-1.159668,-7.965088
3.708276,-0.302970,-0.825084,10.074051,-0.177477,-0.101053,0.016958,1.434326,-1.098633,-8.697510
3.718366,-0.467628,-0.971779,10.171049,-0.342135,-0.247748,0.113957,-0.091553,-1.129150,-8.575439
3.728469,-0.277224,-1.055605,10.024354,-0.151730,-0.331573,-0.032738,-0.793457,-1.159668,-9.552002
3.738571,0.069456,-0.788560,10.082433,0.194949,-0.064529,0.025341,0.335693,-0.823975,-10.131836
3.748660,-0.143701,-0.637674,10.094409,-0.018208,0.086358,0.037316,1.525879,-0.549316,-11.383057
3.758763,-0.347278,-0.843646,10.087822,-0.221785,-0.119614,0.030730,2.593994,-0.457764,-9.918213
3.768865,-0.428110,-0.844843,9.996812,-0.302617,-0.120812,-0.060281,0.885010,-0.366211,-9.765625
3.778954,0.024549,-0.747246,10.102791,0.150042,-0.023214,0.045698,-0.427246,-0.152588,-9.613037
3.789055,-0.213755,-0.622705,10.084828,-0.088262,0.101327,0.027736,2.319336,-0.030518,-11.199951
3.799158,-0.376018,-0.687371,10.033336,-0.250525,0.036661,-0.023757,3.601074,-0.122070,-10.192871
3.809247,-0.482596,-0.895139,9.987231,-0.357103,-0.171107,-0.069861,1.678467,-0.488281,-10.437012
3.819350,-0.376018,-0.889750,9.994417,-0.250525,-0.165718,-0.062676,0.000000,-0.488281,-10.467529
3.829451,-0.289797,-1.007704,10.078242,-0.164304,-0.283673,0.021150,0.396729,-0.671387,-9.185791
3.839567,-0.264650,-1.024470,10.010583,-0.139157,-0.300438,-0.046510,1.251221,-0.518799,-7.568359
3.849669,-0.126337,-0.890947,10.048903,-0.000844,-0.166916,-0.008189,3.387451,-0.305176,-5.218506
3.859772,-0.361049,-0.780776,10.023157,-0.235556,-0.056745,-0.033936,3.875732,-0.244141,-4.516602
3.869861,-0.357457,-0.836461,10.055490,-0.231964,-0.112429,-0.001603,2.777100,-0.274658,-4.669189
3.879963,-0.271236,-0.769999,10.003398,-0.145743,-0.045967,-0.053695,1.617432,-0.091553,-4.852295
3.890065,-0.187410,-0.775986,10.009984,-0.061917,-0.051955,-0.047109,1.007080,0.061035,-5.096436
3.900156,-0.315544,-0.868793,10.059082,-0.190051,-0.144762,0.001989,0.488281,-0.274658,-4.730225
3.910259,-0.408351,-0.952020,10.033934,-0.282858,-0.227989,-0.023158,0.793457,-0.213623,-4.638672
3.920362,-0.241897,-0.907712,10.077045,-0.116404,-0.183681,0.019952,1.068115,-0.061035,-2.441406
3.930451,-0.267045,-0.815504,10.068662,-0.141552,-0.091473,0.011569,-0.274658,-0.396729,-2.105713
3.940581,-0.161065,-0.674198,10.074051,-0.035572,0.049834,0.016958,-1.007080,-0.305176,-2.655029
3.950685,-0.341290,-0.748444,10.006990,-0.215797,-0.024412,-0.050102,-0.213623,-0.030518,-3.631592
3.960776,-0.371827,-0.778980,10.044712,-0.246334,-0.054948,-0.012381,0.152588,-0.274658,-3.265381
3.970879,-0.167651,-0.883163,9.980645,-0.042158,-0.159132,-0.076448,0.579834,0.030518,-4.455566
3.980982,-0.117356,-0.492775,10.073452,0.008137,0.231256,0.016359,1.647949,0.152588,-5.126953
3.991073,-0.285007,-0.502954,10.042916,-0.159514,0.221078,-0.014177,-0.549316,-0.946045,-6.805420
4.001177,-0.165256,-0.576601,9.993219,-0.039763,0.147431,-0.063874,-0.549316,-0.305176,-8.270264
4.011282,-0.245490,-0.295785,9.978849,-0.119996,0.428247,-0.078244,-0.061035,0.061035,-9.307861
4.021374,-0.325723,-0.416733,10.181827,-0.200230,0.307298,0.124734,0.091553,-0.549316,-8.453369
4.031467,-0.361648,-0.517923,10.123748,-0.236155,0.206109,0.066655,-0.366211,-0.701904,-7.843018
4.041597,-0.661624,-0.408351,9.959090,-0.536131,0.315681,-0.098003,0.244141,0.640869,-7.324219
4.051688,-0.817300,-0.371228,9.923763,-0.691807,0.352804,-0.133329,0.976562,1.190186,-8.270264
4.061780,-0.743055,-0.505349,10.001602,-0.617562,0.218682,-0.055491,-0.366211,1.403809,-8.666992
4.072115,-0.547861,-0.529898,10.051298,-0.422368,0.194134,-0.005794,-0.183105,1.007080,-8.697510
4.082206,-0.573607,-0.540077,10.103390,-0.448114,0.183955,0.046297,-0.305176,0.823975,-10.314941
4.092298,-0.555046,-0.731678,10.124945,-0.429553,-0.007647,0.067852,-0.732422,0.793457,-10.803223
4.102403,-0.526904,-0.555046,9.968670,-0.401411,0.168986,-0.088423,0.183105,1.281738,-11.901855
4.112494,-0.408950,-0.986149,10.170450,-0.283457,-0.262118,0.113358,-1.586914,1.068115,-12.298584
4.122588,-0.406555,-0.899929,10.152488,-0.281062,-0.175897,0.095395,-2.502441,1.312256,-12.969971
4.132684,-0.621508,-1.220861,10.171648,-0.496015,-0.496830,0.114555,-0.396729,1.068115,-14.312744
4.142802,-0.606539,-0.883762,9.975855,-0.481046,-0.159731,-0.081238,1.983643,0.946045,-14.282227
4.152891,-0.331710,-0.946631,10.121951,-0.206217,-0.222600,0.064859,1.708984,0.122070,-12.115479
4.162983,-0.862207,-0.544867,9.981843,-0.736714,0.179165,-0.075250,1.922607,0.427246,-11.383057
4.173074,-0.493374,-0.296384,9.854907,-0.367881,0.427648,-0.202186,2.166748,0.885010,-11.108398
4.183167,-0.404758,-0.818498,10.203981,-0.279265,-0.094466,0.146888,-0.274658,0.427246,-13.610840
4.193258,-0.596360,-0.877176,10.096205,-0.470867,-0.153144,0.039112,-1.129150,0.671387,-14.434814
4.203350,-0.741259,-0.798140,10.077643,-0.615766,-0.074109,0.020551,-0.762939,1.434326,-14.831543
4.213441,-0.781974,-0.372426,9.869277,-0.656481,0.351606,-0.187816,0.549316,1.708984,-15.472412
4.223532,-0.985551,-0.251477,9.901011,-0.860058,0.472555,-0.156082,-2.563477,1.159668,-15.777588
4.233623,-0.704734,-0.581990,9.904005,-0.579241,0.142042,-0.153088,-0.915527,1.373291,-17.669678
4.243745,-0.803529,-0.495769,9.990225,-0.678036,0.228263,-0.066867,-1.342773,0.183105,-17.517090
4.253836,-0.737067,-1.066981,10.051897,-0.611574,-0.342950,-0.005196,-3.875732,-0.549316,-19.439697
4.263926,-0.528102,-0.991538,10.212962,-0.402609,-0.267506,0.155869,-1.861572,0.610352,-18.798828
4.274015,-0.933459,-1.102906,10.035132,-0.807966,-0.378875,-0.021961,-2.410889,-0.274658,-18.768311
4.284106,-0.571212,-1.146017,10.151290,-0.445719,-0.421985,0.094198,-1.708984,0.030518,-16.723633
4.294198,-0.332309,-1.084944,10.065070,-0.206816,-0.360912,0.007977,-0.915527,-0.366211,-12.817383
4.304292,-0.819695,-0.976569,10.049502,-0.694202,-0.252538,-0.007591,-0.946045,0.427246,-11.230469
4.314384,-0.417931,-0.869392,10.244097,-0.292438,-0.145360,0.187005,-1.495361,2.105713,-9.521484
4.324476,-0.611329,-0.826282,9.777667,-0.485836,-0.102250,-0.279425,-0.854492,2.136230,-9.277344
4.334568,-0.909509,-1.033451,10.331516,-0.784016,-0.309419,0.274423,-2.319336,1.892090,-9.765625
4.344688,-0.440684,-0.769400,9.422007,-0.315191,-0.045368,-0.635086,-1.892090,1.739502,-8.056641
4.354779,-0.530497,-0.764610,9.944121,-0.405004,-0.040578,-0.112972,-0.366211,1.312256,-8.544922
4.364871,-0.107776,-0.622106,10.217752,0.017717,0.101925,0.160659,1.617432,0.152588,-11.535645
4.374962,-0.226928,-0.091609,10.005194,-0.101435,0.632422,-0.051899,2.899170,-0.213623,-14.587402
4.385053,-0.690963,-0.228724,9.946516,-0.565470,0.495307,-0.110577,3.387451,0.823975,-18.402100
4.395143,-0.331710,-0.232916,9.636361,-0.206217,0.491116,-0.420732,2.624512,0.671387,-19.104004
4.405235,-0.398172,-0.349074,10.144105,-0.272679,0.374958,0.087013,2.990723,0.640869,-21.514893
4.415327,-0.632285,-0.339494,10.115964,-0.506792,0.384538,0.058871,2.166748,2.349854,-27.038574
4.425418,-0.559237,-0.132924,10.333911,-0.433744,0.591108,0.276818,1.251221,0.274658,-27.679443
4.435511,-0.509540,-0.522114,9.980645,-0.384047,0.201917,-0.076448,-3.509521,0.274658,-29.724121
4.445627,-0.100591,-0.490979,9.946516,0.024902,0.233053,-0.110577,-3.265381,0.640869,-30.395508
4.455718,-0.081431,-0.631088,10.024354,0.044062,0.092944,-0.032738,0.579834,2.777100,-28.167725
4.465810,0.081431,-0.558638,9.954899,0.206924,0.165393,-0.102194,4.394531,3.967285,-26.123047
4.475901,-0.262853,-0.529299,9.874067,-0.137360,0.194732,-0.183026,2.838135,3.540039,-22.918701
4.485992,-0.084424,-0.869392,10.304572,0.041069,-0.145360,0.247479,2.868652,3.295898,-19.989014
4.496083,-0.003593,-0.518522,9.927955,0.121901,0.205510,-0.129138,2.349854,4.150391,-18.310547
4.506175,-0.336500,-0.533491,10.090816,-0.211007,0.190541,0.033723,0.823975,3.784180,-16.784668
4.516266,-0.024549,-0.695753,10.136920,0.100944,0.028278,0.079827,1.586914,2.380371,-16.204834
4.526358,-0.327519,-0.421523,10.193203,-0.202026,0.302508,0.136110,0.122070,2.746582,-13.427734
4.536589,-0.220941,-0.803529,10.301578,-0.095448,-0.079497,0.244485,-0.671387,1.953125,-13.183594
4.546703,-0.001796,-0.721500,9.983639,0.123697,0.002532,-0.073454,-0.457764,1.007080,-11.138916
4.556793,-0.024549,-0.485590,10.295590,0.100944,0.238441,0.238498,-0.366211,1.495361,-10.467529
4.566895,-0.001796,-0.630489,9.990225,0.123697,0.093543,-0.066867,-0.854492,1.403809,-10.223389
4.576988,-0.401765,-0.907114,9.991423,-0.276271,-0.183082,-0.065670,-1.922607,1.373291,-8.117676
4.587080,-0.116757,-1.136437,10.019564,0.008736,-0.412405,-0.037528,-2.105713,2.075195,-6.713867
4.597182,-0.217348,-1.123863,10.109377,-0.091855,-0.399831,0.052285,-3.417969,3.234863,-1.312256
4.607304,-0.391586,-1.023871,10.431508,-0.266093,-0.299839,0.374415,-2.227783,1.708984,1.739502
4.617393,-0.108375,-1.104703,10.260862,0.017118,-0.380671,0.203770,-0.976562,-0.976562,7.202148
4.627495,-0.138911,-0.819097,10.222542,-0.013418,-0.095065,0.165449,-0.976562,-0.152588,8.117676
4.637596,0.071851,-0.880170,9.949510,0.197344,-0.156138,-0.107583,-1.129150,-0.396729,10.040283
4.647711,0.541274,-0.777783,10.494377,0.666767,-0.053751,0.437284,1.098633,-0.152588,11.962891
4.657813,0.010778,-0.656834,10.538685,0.136271,0.067198,0.481592,0.152588,-0.091553,12.847900
4.667915,0.096998,-0.656834,10.358459,0.222491,0.067198,0.301367,2.105713,-1.190186,13.610840
4.678004,0.044308,-1.337020,10.130933,0.169801,-0.612988,0.073840,2.868652,-1.708984,14.587402
4.688106,0.465233,-0.595761,10.036329,0.590726,0.128271,-0.020763,2.197266,-0.793457,14.831543
4.698208,0.092208,-0.668809,9.962682,0.217701,0.055222,-0.094410,2.960205,-1.098633,13.641357
4.708369,0.114362,-0.387993,10.138118,0.239855,0.336038,0.081025,2.227783,-0.457764,13.824463
4.718472,-0.137115,-0.180225,10.158475,-0.011622,0.543806,0.101383,2.044678,-0.488281,12.023926
4.728573,-0.147892,-0.370629,9.983639,-0.022399,0.353402,-0.073454,0.427246,-0.915527,11.535645
4.738665,-0.274230,-0.341290,9.896221,-0.148737,0.382741,-0.160872,1.312256,0.122070,11.108398
4.748794,-0.432900,-0.600551,10.138716,-0.307407,0.123480,0.081624,-0.122070,0.549316,11.566162
4.758897,-0.244891,-0.564027,9.798624,-0.119398,0.160005,-0.258469,-0.305176,0.976562,8.666992
4.768986,-0.076042,-0.637075,10.162667,0.049451,0.086956,0.105574,-0.244141,0.732422,7.415771
4.779090,-0.056882,-0.729283,10.253079,0.068611,-0.005252,0.195986,-1.953125,2.044678,4.882812
4.789191,-0.030536,-0.859213,10.130334,0.094957,-0.135182,0.073241,0.152588,1.159668,3.295898
4.799282,-0.244292,-0.781375,10.064471,-0.118799,-0.057344,0.007378,0.213623,1.831055,3.845215
4.809383,0.149689,-1.025667,9.960287,0.275182,-0.301635,-0.096805,-2.044678,2.197266,5.157471
4.819485,-0.195793,-0.874781,10.037527,-0.070300,-0.150749,-0.019566,-1.159668,1.586914,4.913330
4.829573,0.019160,-0.521516,10.039922,0.144653,0.202516,-0.017171,-0.427246,1.281738,6.744385
4.839676,-0.017963,-0.832269,9.894424,0.107530,-0.108238,-0.162668,-0.518799,0.640869,6.805420
4.849801,-0.073048,-0.629890,10.105785,0.052445,0.094141,0.048692,1.495361,0.823975,7.019043
4.859891,-0.079634,-0.510738,10.009984,0.045859,0.213294,-0.047109,2.014160,0.732422,7.354736
4.869992,-0.079634,-0.614921,10.268047,0.045859,0.109110,0.210955,1.464844,1.708984,5.828857
4.880095,-0.072449,-0.744252,10.269245,0.053044,-0.020221,0.212152,0.671387,1.953125,3.540039
4.890184,-0.449665,-0.720302,9.991423,-0.324172,0.003729,-0.065670,1.708984,2.044678,4.089355
4.900285,-0.120948,-1.253194,9.994417,0.004545,-0.529162,-0.062676,-1.800537,1.953125,3.753662
4.910396,-0.011975,-1.156196,9.831555,0.113518,-0.432164,-0.225537,-1.129150,1.098633,3.631592
4.920485,-0.361648,-0.941841,10.003398,-0.236155,-0.217810,-0.053695,-0.518799,0.427246,4.425049
4.930589,0.047302,-1.254391,10.128538,0.172795,-0.530360,0.071445,-1.678467,0.732422,3.540039
4.940691,0.179626,-1.277743,10.008787,0.305120,-0.553711,-0.048306,0.183105,0.457764,2.685547
4.950814,0.131726,-0.858016,10.288405,0.257219,-0.133984,0.231312,2.899170,0.610352,4.760742
4.960917,-0.188608,-0.958607,10.262060,-0.063115,-0.234575,0.204967,3.326416,0.946045,6.072998
4.971020,-0.038320,-0.964594,10.114167,0.087173,-0.240562,0.057075,1.800537,1.129150,7.110596
4.981112,0.229922,-0.660427,10.112970,0.355415,0.063605,0.055877,2.777100,0.976562,7.232666
4.991215,-0.092208,-0.622705,10.036329,0.033285,0.101327,-0.020763,1.892090,-0.061035,7.934570
5.001318,0.074844,-0.628693,10.129735,0.200337,0.095339,0.072642,2.349854,-0.244141,7.385254
5.011409,-0.059875,-0.687371,10.010583,0.065618,0.036661,-0.046510,3.204346,0.305176,5.767822
5.021503,0.048499,-0.536484,10.103390,0.173992,0.187547,0.046297,3.112793,-0.762939,5.187988
5.031607,0.013771,-0.567620,10.089619,0.139264,0.156412,0.032526,2.227783,-0.823975,5.035400
5.041710,0.027543,-0.597557,10.053693,0.153036,0.126474,-0.003399,0.915527,0.213623,3.906250
5.051829,-0.001198,-0.595162,10.147698,0.124296,0.128869,0.090605,0.335693,0.396729,3.051758
5.061919,-0.187410,-0.338297,10.113569,-0.061917,0.385735,0.056476,1.007080,1.159668,2.838135
5.072008,-0.049697,-0.389789,10.262659,0.075796,0.334242,0.205566,1.739502,0.793457,2.838135
5.082100,-0.067659,-0.412542,10.223740,0.057834,0.311490,0.166647,1.098633,0.427246,3.021240
5.092190,-0.191003,-0.346679,10.272239,-0.065510,0.377353,0.215146,1.586914,0.366211,1.495361
5.102281,0.000000,-0.498164,9.918375,0.125493,0.225868,-0.138718,2.563477,0.610352,0.488281
5.112372,-0.349074,-0.196990,9.893227,-0.223581,0.527041,-0.163866,4.791260,-0.183105,-1.220703
5.122463,0.070653,-0.619711,10.275233,0.196146,0.104320,0.218140,2.807617,-0.976562,-1.953125
5.132556,-0.169448,-0.649649,9.937535,-0.043955,0.074383,-0.119558,2.899170,-0.305176,-5.187988
5.142645,-0.403561,-0.377814,9.991423,-0.278068,0.346217,-0.065670,1.098633,0.427246,-6.286621
5.152770,-0.361648,-0.443677,10.099797,-0.236155,0.280354,0.042705,-1.129150,0.061035,-6.256104
5.162865,-0.261656,-0.480201,10.344688,-0.136163,0.243830,0.287595,-4.577637,0.549316,-5.035400
5.172956,-0.538281,-0.675396,10.139914,-0.412788,0.048636,0.082821,-1.708984,0.518799,-5.798340
5.183046,-0.401765,-0.213755,10.180031,-0.276271,0.510276,0.122938,-0.366211,-0.244141,-4.180908
5.193135,-0.333506,-0.661025,9.977053,-0.208013,0.063006,-0.080040,-0.885010,-0.244141,-1.403809
5.203225,-0.222737,-0.617915,9.780661,-0.097244,0.106117,-0.276432,0.823975,0.366211,-1.953125
5.213315,-0.366438,-0.883163,9.725576,-0.240945,-0.159132,-0.331517,-0.885010,-0.610352,-1.617432
5.223406,-0.145497,-0.691562,9.927955,-0.020004,0.032470,-0.129138,-0.183105,-0.610352,-1.403809
5.233496,-0.037123,-0.762215,10.091415,0.088370,-0.038183,0.034322,-1.861572,-1.586914,0.305176
5.243588,0.133522,-0.884960,10.049502,0.259015,-0.160928,-0.007591,-1.007080,-1.098633,0.000000
5.253710,-0.217947,-0.835263,9.969868,-0.092454,-0.111231,-0.087225,0.274658,-0.488281,0.823975
5.263801,-0.387394,-1.253194,10.104587,-0.261901,-0.529162,0.047495,0.488281,-0.061035,1.251221
5.273889,-0.415536,-1.256786,10.099797,-0.290043,-0.532755,0.042705,2.716064,-1.281738,5.157471
5.283981,-0.296384,-0.805325,10.171648,-0.170891,-0.081294,0.114555,0.427246,-1.159668,6.347656
5.294072,-0.237107,-0.806523,10.369237,-0.111614,-0.082491,0.312144,0.000000,-1.220703,4.974365
5.304164,-0.642464,-1.269959,10.587783,-0.516971,-0.545927,0.530690,0.244141,-0.854492,3.875732
5.314252,-0.197589,-1.005908,9.998608,-0.072096,-0.281877,-0.058485,6.195068,1.068115,5.615234
5.324343,-0.540676,-0.559836,9.717193,-0.415183,0.164196,-0.339900,4.882812,1.586914,6.774902
5.334434,-0.617915,-0.398172,9.938134,-0.492422,0.325860,-0.118959,4.058838,1.770020,5.584717
5.344525,-0.362247,-1.120869,9.743538,-0.236754,-0.396838,-0.313554,-1.312256,1.770020,3.051758
5.354642,-0.196392,-0.703537,9.982441,-0.070899,0.020495,-0.074651,-3.417969,-0.518799,2.136230
5.364730,-0.553848,-0.640069,10.024354,-0.428355,0.083963,-0.032738,-3.234863,0.549316,-1.373291
5.374821,-0.218546,-0.811912,9.850715,-0.093052,-0.087880,-0.206377,-2.349854,1.434326,-2.655029
5.384913,-0.018561,-0.928669,10.207573,0.106932,-0.204637,0.150481,-1.342773,0.183105,-3.662109
5.395005,-0.402363,-0.453856,10.192604,-0.276870,0.270175,0.135512,-0.701904,0.061035,-3.509521
5.405096,-0.354463,-0.555645,10.042317,-0.228970,0.168387,-0.014776,-1.037598,0.274658,-3.814697
5.415195,-0.248483,-0.425116,9.852512,-0.122990,0.298916,-0.204581,-0.946045,0.427246,-6.195068
5.425285,-0.243693,0.093406,10.579999,-0.118200,0.817437,0.522906,-1.953125,0.305176,-7.415771
5.435376,-0.559836,-0.547861,10.054891,-0.434343,0.176171,-0.002202,-5.462646,0.579834,-7.293701
5.445467,-0.189207,-0.372426,9.971065,-0.063714,0.351606,-0.086028,-3.906250,0.885010,-7.934570
5.455583,-0.407153,-0.507744,10.162667,-0.281660,0.216287,0.105574,-2.471924,-0.030518,-7.690430
5.465670,-0.589175,-0.484393,10.059681,-0.463682,0.239639,0.002588,-1.647949,0.000000,-5.432129
5.475762,-0.456251,-0.441282,10.294991,-0.330758,0.282749,0.237899,1.342773,0.793457,-3.967285
5.485854,-1.080753,-0.435295,10.250684,-0.955260,0.288737,0.193591,2.502441,0.213623,0.640869
5.495945,-0.830473,-0.573607,10.129735,-0.704980,0.150424,0.072642,0.640869,0.976562,0.701904
5.506036,-0.472418,-0.690364,10.136920,-0.346925,0.033667,0.079827,3.509521,0.122070,1.800537
5.516127,-0.675396,-0.521516,10.044712,-0.549902,0.202516,-0.012381,4.211426,-1.373291,2.014160
5.526218,-0.465831,-0.414338,10.432106,-0.340338,0.309693,0.375014,1.770020,-0.457764,4.211426
5.536309,-0.235311,-0.782573,10.269844,-0.109818,-0.058541,0.212751,6.469727,0.549316,5.126953
5.546400,-0.332908,-1.202300,10.468032,-0.207415,-0.478268,0.410939,3.204346,-0.976562,9.063721
5.556576,-0.471819,-0.073048,10.227931,-0.346326,0.650984,0.170838,5.004883,0.396729,11.962891
5.566670,-0.409548,-0.887953,10.206376,-0.284055,-0.163922,0.149283,1.220703,-0.061035,13.549805
5.576768,-0.340692,-0.435894,9.796229,-0.215198,0.288138,-0.260864,1.281738,0.671387,14.282227
5.586862,-0.161664,-0.414937,10.092014,-0.036171,0.309094,0.034921,-0.640869,0.274658,16.204834
5.596956,-0.089813,-0.773591,9.852512,0.035680,-0.049560,-0.204581,-0.305176,-1.068115,16.998291
5.607050,-0.025148,-0.650847,9.847722,0.100345,0.073185,-0.209371,-0.030518,0.213623,17.517090
5.617144,0.158071,-0.697549,10.016570,0.283564,0.026482,-0.040522,-0.244141,0.549316,17.395020
5.627238,0.017963,-0.821492,9.903406,0.143456,-0.097460,-0.153687,0.579834,0.244141,18.005371
5.637332,-0.121547,-0.746049,9.802815,0.003946,-0.022017,-0.254278,0.946045,0.244141,19.134521
5.647426,-0.222737,-1.043031,10.395582,-0.097244,-0.318999,0.338490,-0.427246,-0.152588,20.599365
5.657519,0.261656,-0.841251,9.533974,0.387149,-0.117219,-0.523119,-0.457764,-0.823975,21.392822
5.667613,0.010179,-0.625100,9.866283,0.135672,0.098932,-0.190810,-0.335693,0.152588,22.399902
5.677709,-0.016166,-0.620310,10.029743,0.109327,0.103722,-0.027350,-2.624512,0.671387,22.644043
5.687803,0.267643,-0.528701,9.972263,0.393136,0.195331,-0.084830,-1.892090,-0.518799,20.385742
5.697900,-0.002395,-0.238903,9.919572,0.123098,0.485128,-0.137521,-1.342773,-0.701904,19.531250
5.707994,-0.389789,-0.620909,10.574610,-0.264296,0.103123,0.517517,-1.281738,0.244141,20.355225
5.718088,-0.096400,-0.666414,9.923763,0.029093,0.057617,-0.133329,0.061035,-1.556396,18.402100
5.728182,-0.093406,-0.670007,9.762100,0.032087,0.054025,-0.294993,1.281738,-1.647949,16.845703
5.738277,-0.386796,-0.342488,10.092014,-0.261303,0.381544,0.034921,1.403809,-1.800537,15.655518
5.748370,-0.261057,-0.548459,10.029743,-0.135564,0.175572,-0.027350,-0.518799,-1.525879,14.923096
5.758466,-0.289199,-0.426912,10.236313,-0.163706,0.297119,0.179221,-0.457764,-1.251221,13.397217
5.768561,-0.221539,-0.443079,10.084230,-0.096046,0.280953,0.027137,1.647949,-1.251221,13.366699
5.778658,-0.511935,-0.243693,9.727372,-0.386442,0.480338,-0.329721,0.610352,0.244141,14.709473
5.788752,-0.064666,-1.117277,10.416539,0.060828,-0.393245,0.359446,3.295898,-1.586914,14.068604
5.798850,0.238903,-0.670007,9.941726,0.364396,0.054025,-0.115367,2.655029,-1.159668,16.143799
5.808944,-0.050295,-1.083148,10.003997,0.075198,-0.359116,-0.053096,2.319336,-0.732422,18.920898
5.819042,-0.015568,-1.050216,9.883647,0.109925,-0.326184,-0.173446,0.579834,-0.335693,18.463135
5.829136,0.544867,-0.962199,10.250085,0.670360,-0.238167,0.192992,-0.244141,0.152588,17.150879
5.839233,0.121547,-0.587379,10.387798,0.247040,0.136653,0.330706,0.610352,0.213623,18.157959
5.849327,0.035925,-0.878972,10.015373,0.161418,-0.154941,-0.041720,0.793457,0.946045,19.439697
5.859458,-0.117955,-0.587977,10.291998,0.007538,0.136054,0.234905,4.699707,1.495361,20.050049
5.869552,-0.143102,-0.429307,10.060280,-0.017609,0.294724,0.003187,3.112793,1.312256,21.636963
5.879650,0.258662,0.371228,9.902807,0.384155,1.095260,-0.154286,2.685547,0.823975,20.996094
5.889744,-0.387394,-0.109572,9.886641,-0.261901,0.614459,-0.170452,1.190186,0.671387,20.294189
5.899841,0.000000,-0.102387,9.602232,0.125493,0.621645,-0.454861,0.366211,1.525879,18.585205
5.909935,-0.091011,-0.538281,9.751921,0.034482,0.185751,-0.305172,-0.610352,1.678467,17.517090
5.920032,-0.333506,-0.120948,9.983040,-0.208013,0.603083,-0.074053,-3.570557,1.831055,17.333984
5.930126,-0.387394,-0.990939,10.509346,-0.261901,-0.266908,0.452253,-2.502441,2.105713,13.916016
5.940219,0.059277,-0.371228,9.914183,0.184770,0.352804,-0.142909,-1.800537,1.190186,14.312744
5.950315,-0.218546,-0.290995,9.754915,-0.093052,0.433037,-0.302178,-0.396729,0.000000,15.289307
5.960440,-0.136516,-0.531096,9.698632,-0.011023,0.192936,-0.358461,0.915527,-0.762939,16.235352
5.970535,-0.175435,-1.004112,10.053693,-0.049942,-0.280080,-0.003399,-1.281738,-2.105713,16.448975
5.980633,0.030536,-0.723895,10.308763,0.156030,0.000137,0.251670,0.061035,-2.777100,15.533447
5.990731,0.000599,-0.202379,10.149494,0.126092,0.521652,0.092401,-2.288818,0.122070,18.127441
6.000828,0.441282,-0.149090,9.874067,0.566775,0.574942,-0.183026,-2.410889,-0.396729,17.578125
6.010924,-0.226329,-0.394579,10.457853,-0.100836,0.329452,0.400760,-0.366211,-0.274658,18.096924
6.021021,-0.281415,-0.832269,9.939331,-0.155922,-0.108238,-0.117762,4.699707,-2.044678,15.411377
6.031120,0.154479,-0.513133,10.342892,0.279972,0.210899,0.285799,3.204346,-2.044678,15.625000
6.041218,0.062869,-0.282612,10.002200,0.188362,0.441419,-0.054892,1.525879,-1.373291,15.228271
6.051315,0.037722,0.073647,10.209968,0.163215,0.797678,0.152876,2.349854,-0.122070,14.709473
6.061506,0.189805,-0.702938,10.166259,0.315298,0.021093,0.109166,-3.234863,-3.112793,12.084961
6.071597,0.299377,-0.617915,10.417137,0.424870,0.106117,0.360045,-2.777100,-2.319336,10.986328
6.081687,0.146096,-0.756826,10.121353,0.271589,-0.032795,0.064260,-0.305176,-1.007080,9.185791
6.091777,-0.077838,0.002994,10.084230,0.047655,0.727025,0.027137,-0.274658,-0.640869,9.552002
6.101866,-0.085023,-0.288600,10.013577,0.040470,0.435432,-0.043516,-0.274658,0.244141,8.422852
6.111957,-0.058079,-0.628094,10.428514,0.067414,0.095938,0.371421,2.655029,0.640869,5.767822
6.122343,-0.362247,-0.550256,10.159074,-0.236754,0.173776,0.101981,5.706787,0.244141,3.601074
6.132466,-0.422721,-0.431702,9.915980,-0.297228,0.292329,-0.141113,5.615234,-1.007080,5.645752
6.142569,-0.492775,-0.328118,9.902208,-0.367282,0.395914,-0.154884,4.364014,-0.793457,6.958008
6.152658,-0.414937,-0.246088,9.913585,-0.289444,0.477943,-0.143508,-0.030518,-1.556396,5.462646
6.162847,-0.085023,-0.476010,10.267449,0.040470,0.248021,0.210356,-1.892090,-1.647949,4.791260
6.172934,-0.468825,-0.562830,10.309362,-0.343332,0.161202,0.252269,-2.044678,-0.671387,3.723145
6.183019,-0.107177,-0.650847,10.215357,0.018316,0.073185,0.158264,-2.990723,0.457764,3.417969
6.193105,-0.009580,-0.357457,9.624985,0.115913,0.366575,-0.432108,-1.953125,1.678467,3.814697
6.203193,-0.134121,-0.374222,9.999805,-0.008628,0.349810,-0.057287,-2.441406,0.854492,2.380371
6.213278,-0.318538,-0.236508,9.889634,-0.193045,0.487523,-0.167458,-1.922607,0.091553,2.380371
6.223364,-0.025148,0.289797,9.685459,0.100345,1.013829,-0.371634,-5.004883,-0.946045,0.640869
6.233449,0.108375,-0.425715,10.141111,0.233868,0.298317,0.084019,-2.807617,-0.671387,-1.159668
6.243531,0.067659,-0.573008,10.186018,0.193152,0.151023,0.128925,-2.319336,-1.068115,-0.762939
6.253617,-0.152682,-0.453856,10.394385,-0.027189,0.270175,0.337292,-1.281738,-0.885010,-2.136230
6.263763,0.149689,-0.325723,10.157278,0.275182,0.398309,0.100185,-0.640869,-0.488281,-2.563477
6.273860,-0.167651,-0.462838,10.162068,-0.042158,0.261194,0.104975,-1.586914,0.457764,-4.394531
6.283957,-0.288001,-0.620310,10.237511,-0.162508,0.103722,0.180418,-1.068115,0.793457,-5.493164
6.294054,-0.022154,-0.734073,10.260264,0.103339,-0.010042,0.203171,3.356934,0.640869,-4.516602
6.304151,-0.293390,-0.407752,9.849518,-0.167897,0.316280,-0.207575,7.476807,0.518799,-3.601074
6.314250,-0.651445,0.007185,9.700428,-0.525952,0.731217,-0.356665,4.730225,0.854492,1.403809
6.324347,-0.675994,-0.464035,9.859098,-0.550501,0.259997,-0.197995,0.946045,0.091553,0.000000
6.334444,-0.179626,-1.101709,9.607022,-0.054133,-0.377677,-0.450071,2.044678,-0.213623,-0.427246
6.344541,-0.587977,-0.269440,10.059681,-0.462484,0.454592,0.002588,1.037598,-0.762939,-0.244141
6.354639,-0.464035,-0.705932,10.245894,-0.338542,0.018100,0.188801,-0.732422,-0.518799,0.366211
6.364829,-0.541873,-0.496368,10.159074,-0.416380,0.227664,0.101981,0.427246,0.030518,1.556396
6.374918,-0.558040,-0.485590,10.177037,-0.432547,0.238441,0.119944,2.899170,1.251221,1.312256
6.385009,-0.608934,-0.432900,9.982441,-0.483441,0.291132,-0.074651,3.814697,0.518799,3.570557
6.395099,-0.184417,-0.420925,9.744137,-0.058923,0.303107,-0.312956,3.326416,-0.152588,4.943848
6.405189,-0.276026,-1.137634,9.877061,-0.150533,-0.413603,-0.180032,1.342773,-0.274658,5.340576
6.415280,-0.644260,-1.065784,10.054292,-0.518767,-0.341752,-0.002801,-5.584717,-1.312256,2.075195
6.425371,-0.207768,-0.576601,10.524913,-0.082275,0.147431,0.467821,-1.281738,-0.091553,-0.244141
6.435464,-0.673599,-0.670007,9.981843,-0.548106,0.054025,-0.075250,-0.946045,-1.342773,1.831055
6.445559,-0.274828,-0.536484,10.042317,-0.149335,0.187547,-0.014776,0.183105,-0.335693,2.929688
6.455651,-0.403561,-0.806523,9.858499,-0.278068,-0.082491,-0.198594,-2.349854,1.495361,3.692627
6.465817,-0.567620,-0.708926,10.673405,-0.442127,0.015106,0.616312,-1.525879,3.112793,1.678467
6.475915,-0.733475,-0.653840,10.111772,-0.607982,0.070191,0.054680,6.439209,1.129150,0.701904
6.486011,-0.699944,-0.338895,10.230925,-0.574451,0.385136,0.173832,3.753662,0.823975,-0.122070
6.496108,-0.764011,-0.796943,9.799821,-0.638518,-0.072911,-0.257272,2.471924,1.678467,-1.281738
6.506204,-0.746647,-1.051414,9.530381,-0.621154,-0.327382,-0.526711,0.762939,0.671387,-2.319336
6.516301,-0.512534,-1.041235,10.085427,-0.387041,-0.317203,0.028335,0.183105,0.427246,-2.258301
6.526397,-0.589774,-0.772394,10.143506,-0.464281,-0.048362,0.086414,-2.899170,2.105713,-0.823975
6.536494,-0.267045,-1.357976,10.000404,-0.141552,-0.633944,-0.056689,-4.608154,0.305176,-1.922607
6.546591,-0.538281,-0.875380,10.184222,-0.412788,-0.151348,0.127129,-3.356934,0.488281,-3.387451
6.556689,-0.306563,-0.686772,10.219548,-0.181069,0.037260,0.162456,-1.861572,-0.366211,-3.631592
6.566854,-0.527503,-0.984952,10.294991,-0.402010,-0.260920,0.237899,-1.647949,0.152588,-4.119873
6.576945,-0.764011,-0.690364,9.966275,-0.638518,0.033667,-0.090818,-2.990723,0.885010,-5.157471
6.587035,-0.899330,-0.760419,10.051298,-0.773837,-0.036387,-0.005794,-2.563477,0.396729,-4.516602
6.597126,-0.434097,-1.002316,9.825568,-0.308604,-0.278284,-0.231525,-2.685547,0.610352,-3.662109
6.607215,-0.861010,-0.547262,10.259066,-0.735516,0.176770,0.201973,-1.129150,-0.793457,-4.089355
6.617305,0.217348,-0.286804,9.373508,0.342841,0.437228,-0.683585,-3.173828,-1.556396,-8.605957
6.627396,-0.855621,-0.096998,10.814711,-0.730128,0.627033,0.757618,1.281738,-0.976562,-8.361816
6.637487,-0.439486,-0.645458,10.204579,-0.313993,0.078574,0.147487,-0.885010,-0.244141,-7.690430
6.647578,-0.498164,-0.774190,9.998009,-0.372671,-0.050158,-0.059084,3.356934,-2.655029,-8.697510
6.657667,-0.322130,-0.557441,9.616602,-0.196637,0.166591,-0.440490,2.685547,-1.922607,-7.385254
6.667824,-0.378413,-1.484912,9.999207,-0.252920,-0.760880,-0.057886,4.882812,-0.427246,-6.958008
6.677921,-0.109572,-0.610131,10.190808,0.015921,0.113900,0.133715,5.371094,0.030518,-5.432129
6.688018,-1.127455,0.170645,10.241104,-1.001962,0.894677,0.184011,-0.335693,0.579834,-2.746582
6.698115,-0.616119,-0.547861,9.999805,-0.490626,0.176171,-0.057287,-1.251221,0.823975,-4.577637
6.708211,-0.251477,-0.923280,9.984238,-0.125984,-0.199248,-0.072855,-1.892090,0.122070,-5.432129
6.718307,-0.655038,-0.314346,10.022558,-0.529545,0.409685,-0.034535,1.129150,1.708984,-4.302979
6.728402,-0.901725,-0.646655,10.306967,-0.776232,0.077376,0.249874,-0.183105,2.746582,-2.075195
6.738499,-0.455652,-0.374821,10.157278,-0.330159,0.349211,0.100185,2.655029,2.166748,-0.213623
6.748596,-0.897534,-0.528102,10.278226,-0.772041,0.195930,0.221134,2.746582,2.288818,1.037598
6.758693,-0.272433,-0.243094,9.875264,-0.146940,0.480937,-0.181828,1.281738,0.671387,2.532959
6.768868,-0.426313,-0.770598,9.871073,-0.300820,-0.046566,-0.186020,-0.579834,0.823975,2.166748
6.778959,0.098795,-0.859812,9.730964,0.224288,-0.135780,-0.326128,1.068115,-0.274658,2.227783
6.789058,-0.117356,-0.747845,10.177635,0.008137,-0.023813,0.120543,-0.274658,1.495361,4.821777
6.799148,-0.177231,-0.513133,10.081236,-0.051738,0.210899,0.024143,-0.854492,0.183105,2.685547
6.809239,-0.392184,0.000000,9.928553,-0.266691,0.724032,-0.128539,1.098633,-0.061035,4.455566
6.819330,-0.031135,-0.696951,10.023755,0.094358,0.027081,-0.033337,-3.479004,0.823975,4.089355
6.829420,0.034129,-0.843646,10.140513,0.159622,-0.119614,0.083420,-1.251221,2.166748,0.579834
6.839511,0.223336,-0.521516,10.401570,0.348829,0.202516,0.344477,0.732422,1.281738,3.479004
6.849602,-0.265847,-0.555046,10.278825,-0.140354,0.168986,0.221732,1.586914,-0.579834,4.364014
6.859692,-0.143102,-0.385598,9.736353,-0.017609,0.338433,-0.320740,0.701904,1.251221,4.058838
6.869877,-0.083826,-0.564027,9.898017,0.041667,0.160005,-0.159076,0.488281,1.525879,2.410889
6.879974,0.314346,-0.803529,10.484198,0.439839,-0.079497,0.427105,-3.204346,-0.030518,1.434326
6.890071,0.046703,-0.378413,10.636880,0.172196,0.345619,0.579788,-4.302979,1.434326,0.152588
6.900170,-0.165855,-0.251477,9.799222,-0.040362,0.472555,-0.257870,0.244141,1.403809,-0.244141
6.910266,0.028740,-0.503553,10.049502,0.154233,0.220479,-0.007591,-0.152588,0.213623,1.068115
6.920363,0.040117,-0.120350,9.753118,0.165610,0.603682,-0.303974,-0.244141,-0.396729,3.326416
6.930459,0.210163,-0.450264,10.020163,0.335656,0.273768,-0.036930,-0.793457,-0.457764,3.997803
6.940556,0.143701,-0.398172,9.927955,0.269194,0.325860,-0.129138,-1.068115,-0.061035,4.425049
6.950652,-0.168849,-0.082628,9.901011,-0.043356,0.641403,-0.156082,-0.793457,0.518799,4.974365
6.960752,0.193997,-0.517324,9.832753,0.319490,0.206707,-0.224340,0.579834,0.183105,4.852295
6.970933,0.019759,-0.377216,10.100396,0.145252,0.346816,0.043303,0.488281,0.183105,3.723145
6.981024,0.224533,-0.368234,10.080038,0.350026,0.355797,0.022946,0.305176,0.183105,2.838135
6.991114,0.380209,-0.210762,10.403366,0.505702,0.513270,0.346273,2.044678,0.457764,2.532959
7.001204,-0.125140,0.401765,10.072255,0.000353,1.125796,0.015162,-0.244141,-0.976562,1.647949
7.011296,-0.049697,-0.301174,9.853110,0.075796,0.422858,-0.203982,-1.739502,-0.152588,-0.427246
7.021386,0.080832,-0.326321,10.112371,0.206325,0.397710,0.055279,-0.823975,-0.732422,-1.159668
7.031477,-0.004790,-0.497565,10.163265,0.120703,0.226466,0.106173,-1.037598,-0.701904,0.030518
7.041567,0.417332,-0.094005,10.223141,0.542825,0.630027,0.166048,3.967285,-0.701904,1.220703
7.051657,0.239502,-0.082029,10.144704,0.364995,0.642002,0.087611,4.608154,-1.831055,1.953125
7.061748,-0.001198,-0.041913,9.819580,0.124296,0.682119,-0.237513,2.166748,-1.220703,-0.549316
7.071921,0.235311,-0.067061,9.589658,0.360804,0.656971,-0.467434,0.976562,-1.464844,-2.777100
7.082018,0.461640,-0.323926,10.407557,0.587133,0.400105,0.350465,-0.457764,-1.708984,-7.232666
7.092114,0.102387,-0.290995,10.457254,0.227880,0.433037,0.400161,-1.068115,-1.220703,-7.904053
7.102210,0.367037,-0.129331,10.347083,0.492530,0.594701,0.289990,-3.051758,-0.183105,-7.904053
7.112306,-0.083227,-0.588576,11.148217,0.042266,0.135456,1.091124,-3.051758,1.068115,-7.354736
7.122404,-0.082029,-0.190404,10.662627,0.043464,0.533628,0.605534,-1.678467,-0.030518,-7.263184
7.132505,-0.083826,-0.241298,10.028546,0.041667,0.482733,-0.028547,-0.732422,1.312256,-9.216309
7.142600,-0.059277,-0.064067,9.998608,0.066216,0.659965,-0.058485,-0.213623,1.281738,-8.239746
7.152696,-0.147294,-0.367037,10.309362,-0.021801,0.356995,0.252269,-0.793457,-0.457764,-5.889893
7.162791,-0.039518,0.119152,9.927955,0.085975,0.843184,-0.129138,0.854492,-0.518799,-4.608154
7.172983,0.065863,-0.201780,10.112371,0.191356,0.522251,0.055279,0.701904,-1.159668,-4.699707
7.183081,-0.241897,-0.306563,10.149494,-0.116404,0.417469,0.092401,0.671387,-0.793457,-3.540039
7.193172,-0.583187,-0.310754,9.944121,-0.457694,0.413278,-0.112972,-0.274658,-0.244141,-0.885010
7.203265,-0.083826,-0.377814,9.766291,0.041667,0.346217,-0.290802,0.000000,-0.213623,1.770020
7.213356,-0.210163,-0.617316,10.065668,-0.084670,0.106715,0.008576,0.274658,-0.030518,2.655029
7.223446,-0.095202,-0.322130,10.014774,0.030291,0.401901,-0.042318,-0.640869,0.030518,6.164551
7.233536,-0.086819,-0.644859,10.048903,0.038674,0.079173,-0.008189,-0.396729,1.251221,6.469727
7.243625,-0.163460,-0.516725,10.006990,-0.037967,0.207306,-0.050102,1.159668,0.610352,7.568359
7.253715,-0.026345,-0.450862,10.162667,0.099148,0.273169,0.105574,0.915527,0.305176,9.094238
7.263806,-0.117955,-0.450862,10.015972,0.007538,0.273169,-0.041121,1.586914,1.098633,9.399414
7.273970,-0.371827,-0.632884,10.363848,-0.246334,0.091148,0.306756,-0.213623,1.892090,10.803223
7.284067,-0.179626,-0.555046,9.966874,-0.054133,0.168986,-0.090219,0.427246,1.464844,12.359619
7.294165,-0.141306,-0.146096,9.801617,-0.015813,0.577935,-0.255475,3.204346,1.007080,13.397217
7.304263,-0.575403,-0.219743,9.938732,-0.449910,0.504289,-0.118360,0.061035,0.610352,14.404297
7.314360,-0.017364,-0.515528,9.744137,0.108129,0.208504,-0.312956,3.662109,0.549316,14.678955
7.324457,-0.189207,-0.772394,10.042916,-0.063714,-0.048362,-0.014177,3.204346,-0.396729,14.038086
7.334553,-0.458047,-0.793949,10.114766,-0.332554,-0.069917,0.057674,1.861572,0.396729,14.190674
7.344650,-0.344284,-0.722098,9.959090,-0.218791,0.001933,-0.098003,-0.335693,1.129150,16.784668
7.354748,-0.496967,-0.607736,9.708212,-0.371474,0.116295,-0.348881,-2.197266,1.342773,16.448975
7.364842,-0.142504,-0.626298,10.250684,-0.017011,0.097734,0.193591,-2.563477,2.075195,16.601562
7.375012,-0.228126,-0.759820,10.365645,-0.102633,-0.035788,0.308552,-1.312256,1.617432,16.052246
7.385102,-0.247286,-0.601150,10.144105,-0.121793,0.122882,0.087013,0.640869,0.366211,18.127441
7.395193,-0.446072,-0.746647,10.257270,-0.320579,-0.022616,0.200177,0.671387,0.396729,18.066406
7.405284,-0.316143,-0.836461,9.898017,-0.190650,-0.112429,-0.159076,0.640869,-0.152588,16.052246
7.415374,-0.301772,-0.801134,10.120754,-0.176279,-0.077102,0.063661,1.708984,-0.549316,15.075684
7.425464,-0.241897,-0.715512,10.140513,-0.116404,0.008520,0.083420,1.190186,-0.610352,14.526367
7.435554,-0.276625,-0.859213,10.277029,-0.151132,-0.135182,0.219936,0.854492,-0.061035,13.458252
7.445644,0.053289,-0.660427,10.069860,0.178782,0.063605,0.012767,2.410889,-0.366211,11.840820
7.455735,-0.389191,-0.401166,10.442285,-0.263698,0.322866,0.385192,1.861572,-0.152588,13.214111
7.465829,-0.177830,-0.436492,10.427316,-0.052337,0.287539,0.370224,1.068115,-0.671387,13.061523
7.475989,-0.399968,-0.544268,10.324929,-0.274475,0.179763,0.267837,1.770020,-0.640869,12.878418
7.486086,-0.225132,-0.695753,10.233320,-0.099639,0.028278,0.176227,3.753662,-1.068115,13.031006
7.496181,-0.118553,-0.671204,9.727372,0.006940,0.052827,-0.329721,3.662109,-0.976562,13.031006
7.506278,-0.168849,-0.700543,9.918973,-0.043356,0.023488,-0.138119,1.953125,-0.366211,12.664795
7.516374,0.003593,-0.454455,10.019564,0.129086,0.269577,-0.037528,2.685547,-0.915527,12.023926
7.526469,-0.119751,-0.258063,10.193203,0.005742,0.465968,0.136110,3.509521,-1.129150,10.528564
7.536566,0.019759,-0.040715,10.042916,0.145252,0.683316,-0.014177,3.265381,-0.366211,9.613037
7.546662,-0.231119,-0.173040,10.023755,-0.105626,0.550991,-0.033337,1.403809,0.976562,8.148193
7.556759,-0.286205,-0.340093,9.873468,-0.160712,0.383939,-0.183625,1.586914,1.098633,7.751465
7.566855,0.191003,-0.468825,9.936936,0.316496,0.255207,-0.120157,0.732422,0.091553,8.209229
7.577017,0.180824,-0.346080,10.098001,0.306317,0.377951,0.040908,1.281738,-0.762939,6.256104
7.587107,0.017963,-0.198188,9.935140,0.143456,0.525844,-0.121953,1.373291,-1.037598,5.645752
7.597198,0.047900,-0.397573,9.901011,0.173393,0.326458,-0.156082,0.183105,0.610352,5.798340
7.607288,0.037123,-0.257465,10.285411,0.162616,0.466567,0.228319,-0.122070,0.305176,5.249023
7.617377,-0.005389,-0.167651,10.257869,0.120104,0.556380,0.200776,-2.502441,0.793457,3.845215
7.627467,0.252076,-0.365240,10.248289,0.377569,0.358791,0.191196,-1.129150,1.159668,3.051758
7.637557,0.014969,-0.374222,10.055490,0.140462,0.349810,-0.001603,-1.525879,1.098633,3.082275
7.647646,0.335303,-0.554447,10.199789,0.460796,0.169585,0.142697,-0.579834,0.183105,2.929688
7.657736,0.044907,-0.275427,10.136920,0.170400,0.448604,0.079827,-0.793457,0.244141,4.241943
7.667827,0.043709,-0.147892,9.998009,0.169202,0.576139,-0.059084,0.091553,1.251221,1.770020
7.677989,-0.001198,-0.188009,9.877061,0.124296,0.536023,-0.180032,0.793457,1.556396,0.244141
7.688085,0.082628,-0.313748,10.261461,0.208121,0.410284,0.204369,-0.488281,0.335693,-1.831055
7.698181,0.191003,-0.407153,10.079440,0.316496,0.316878,0.022347,1.007080,0.885010,-1.312256
7.708277,-0.005389,-0.541274,10.338701,0.120104,0.182757,0.281608,3.173828,0.457764,-0.335693
7.718373,-0.194595,-0.562231,9.904603,-0.069102,0.161801,-0.152489,2.899170,0.762939,0.610352
7.728466,-0.120350,-0.420326,9.880054,0.005143,0.303706,-0.177038,3.234863,1.159668,1.495361
7.738562,0.004191,-0.140109,10.039323,0.129684,0.583923,-0.017770,1.190186,0.427246,1.037598
7.748657,0.110171,-0.176034,10.051897,0.235664,0.547998,-0.005196,1.129150,0.061035,0.427246
7.758754,-0.036524,-0.134121,9.866882,0.088969,0.589911,-0.190211,0.762939,0.976562,-1.007080
7.768851,0.059875,-0.251477,9.978250,0.185369,0.472555,-0.078843,0.946045,1.373291,-2.960205
7.778947,0.055085,-0.037123,10.106982,0.180578,0.686909,0.049890,0.488281,0.579834,-5.432129
7.789037,0.272433,-0.132325,10.173444,0.397927,0.591707,0.116352,-0.305176,-0.030518,-6.195068
7.799126,-0.018561,-0.038919,9.942325,0.106932,0.685113,-0.114768,-0.518799,0.335693,-7.202148
7.809216,0.080233,-0.287402,9.999207,0.205726,0.436629,-0.057886,1.037598,0.244141,-7.537842
7.819306,-0.162263,-0.358654,10.173444,-0.036770,0.365377,0.116352,-0.640869,0.244141,-6.805420
7.829396,-0.051493,-0.829276,10.566227,0.074000,-0.105244,0.509135,-1.342773,0.305176,-6.011963
7.839484,0.074246,-0.486788,10.206974,0.199739,0.237244,0.149882,-0.823975,0.885010,-4.974365
7.849573,0.144300,-0.226329,10.225536,0.269793,0.497702,0.168443,-0.671387,0.030518,-2.319336
7.859662,0.173040,-0.131127,10.009385,0.298533,0.592904,-0.047707,-0.579834,-0.183105,-2.655029
7.869751,0.067659,0.152682,10.105186,0.193152,0.876714,0.048093,-1.647949,-0.335693,-2.624512
7.879905,0.161664,-0.141905,10.168055,0.287157,0.582127,0.110963,-1.281738,-0.061035,-3.326416
7.890002,0.000599,-0.065264,10.138716,0.126092,0.658767,0.081624,-1.312256,-0.366211,-2.563477
7.900098,-0.055085,-0.192200,10.129735,0.070408,0.531831,0.072642,-0.610352,0.061035,-1.617432
7.910194,-0.258063,-0.505349,9.923763,-0.132570,0.218682,-0.133329,0.213623,-0.518799,-0.885010
7.920290,-0.037722,-0.493973,10.034533,0.087771,0.230059,-0.022560,-0.244141,-0.488281,1.464844
7.930386,0.001796,-0.477806,10.157877,0.127289,0.246225,0.100784,-1.678467,-0.427246,2.105713
7.940482,0.061672,-0.396974,10.127340,0.187165,0.327057,0.070247,-1.159668,0.000000,2.960205
7.950578,-0.112566,-0.068258,9.993219,0.012927,0.655774,-0.063874,0.152588,0.091553,2.746582
7.960676,0.118553,-0.150287,10.133926,0.244047,0.573744,0.076834,-0.915527,-0.244141,2.349854
7.970770,-0.002395,-0.142504,10.213561,0.123098,0.581528,0.156468,-0.427246,-1.556396,1.617432
7.980935,0.088017,-0.151485,9.966874,0.213510,0.572547,-0.090219,0.061035,-1.251221,1.983643
7.991026,-0.229323,-0.210762,10.080637,-0.103830,0.513270,0.023545,-0.366211,-0.701904,2.746582
8.001117,-0.067659,-0.262853,9.917776,0.057834,0.461178,-0.139317,-0.885010,-0.274658,3.112793
8.011210,-0.223336,-0.149689,10.123748,-0.097843,0.574343,0.066655,-0.732422,0.335693,2.471924
8.021300,-0.075443,-0.324525,10.185419,0.050050,0.399506,0.128327,-0.793457,-0.213623,1.220703
8.031391,0.097597,-0.242496,10.138118,0.223090,0.481536,0.081025,-0.549316,-0.335693,0.366211
8.041481,-0.104183,-0.121547,9.972263,0.021310,0.602484,-0.084830,-0.610352,0.152588,0.396729
8.051572,-0.337698,-0.162861,10.071656,-0.212205,0.561170,0.014563,-1.159668,-0.061035,-0.122070
8.061662,-0.246687,-0.128134,9.973460,-0.121194,0.595898,-0.083633,0.061035,-0.061035,-1.342773
8.071753,-0.326321,-0.241298,10.001003,-0.200828,0.482733,-0.056090,-0.305176,-0.183105,-0.366211
8.081904,-0.361648,-0.292791,9.940529,-0.236155,0.431240,-0.116564,-0.457764,-0.122070,-1.129150
8.092001,-0.188009,-0.407752,10.059082,-0.062516,0.316280,0.001989,-0.823975,-0.488281,-1.037598
8.102098,-0.030536,-0.238304,9.958491,0.094957,0.485727,-0.098601,1.495361,-0.915527,-1.647949
8.112195,-0.283810,-0.045505,9.963880,-0.158317,0.678526,-0.093213,0.518799,-1.495361,-2.990723
8.122290,0.028141,-0.388592,10.194401,0.153635,0.335440,0.137308,0.183105,-1.708984,-4.058838
8.132391,0.011975,-0.377814,10.044113,0.137468,0.346217,-0.012980,0.396729,-1.007080,-5.432129
8.142486,0.040117,-0.270038,9.904005,0.165610,0.453993,-0.153088,0.427246,-1.556396,-6.835938
8.152584,-0.058079,-0.422721,10.013577,0.067414,0.301311,-0.043516,0.640869,-1.800537,-6.317139
8.162681,-0.091011,-0.366438,10.205777,0.034482,0.357594,0.148684,0.885010,-1.800537,-5.645752
8.172778,0.199984,-0.578996,10.165660,0.325477,0.145036,0.108568,0.579834,-1.495361,-5.401611
8.182970,-0.047900,-0.542472,10.264455,0.077593,0.181560,0.207362,0.640869,0.030518,-4.364014
8.193060,-0.035327,-0.645458,10.109976,0.090166,0.078574,0.052884,0.946045,1.342773,-4.699707
8.203153,-0.016166,-0.375419,9.921368,0.109327,0.348612,-0.135724,1.037598,0.732422,-3.051758
8.213243,-0.073048,-0.442480,10.083631,0.052445,0.281552,0.026538,0.823975,0.305176,-2.075195
8.223334,-0.187410,-0.422721,9.995614,-0.061917,0.301311,-0.061479,0.305176,1.281738,0.823975
8.233424,0.145497,-0.444276,10.024354,0.270990,0.279755,-0.032738,-0.091553,1.190186,1.068115
8.243514,0.004790,-0.248483,9.933942,0.130283,0.475548,-0.123150,-0.885010,0.732422,0.946045
8.253604,0.123942,-0.156874,10.051298,0.249435,0.567158,-0.005794,-2.807617,0.091553,-0.030518
8.263694,0.168849,-0.681383,10.161469,0.294342,0.042649,0.104376,-2.960205,-0.854492,-0.915527
8.273784,0.143102,-0.001796,10.236313,0.268595,0.722235,0.179221,-1.525879,-0.823975,-2.929688
8.283950,0.091011,-0.183818,10.277628,0.216504,0.540214,0.220535,-1.586914,0.122070,-4.516602
8.294048,-0.179626,0.041913,9.865684,-0.054133,0.765944,-0.191408,-0.579834,1.495361,-6.286621
8.304144,0.162861,-0.288001,10.250085,0.288354,0.436031,0.192992,-0.946045,2.014160,-4.882812
8.314242,0.071252,-0.205972,10.009984,0.196745,0.518060,-0.047109,-0.610352,1.342773,-3.784180
8.324339,0.035327,-0.716111,9.990824,0.160820,0.007921,-0.066269,0.366211,2.075195,-3.936768
8.334436,-0.042512,-0.567021,9.977053,0.082981,0.157011,-0.080040,-0.183105,1.617432,-3.143311
8.344534,0.200583,-0.711321,10.039922,0.326076,0.012711,-0.017171,0.366211,1.220703,-1.251221
8.354630,0.204175,-0.419128,10.083032,0.329668,0.304903,0.025940,-0.823975,1.800537,0.183105
8.364727,0.452060,-0.775388,10.251282,0.577553,-0.051356,0.194190,-2.685547,1.525879,-0.640869
8.374824,0.164658,-0.332908,10.106384,0.290151,0.391124,0.049291,-0.518799,1.525879,-0.885010
8.384992,0.390388,-0.411943,10.044113,0.515881,0.312088,-0.012980,1.312256,1.892090,-1.373291
8.395082,0.374821,-0.523911,9.927356,0.500314,0.200121,-0.129737,1.556396,1.892090,-1.800537
8.405173,0.332309,-0.545466,9.975855,0.457802,0.178566,-0.081238,1.068115,1.647949,-3.417969
8.415263,0.283211,-0.529898,9.925560,0.408704,0.194134,-0.131533,1.037598,1.159668,-3.875732
8.425353,0.153880,-0.462239,10.160870,0.279373,0.261793,0.103778,1.190186,1.586914,-4.730225
8.435444,0.182021,-0.702938,9.739347,0.307515,0.021093,-0.317746,1.220703,1.647949,-1.708984
8.445534,0.361648,-0.877176,9.871672,0.487141,-0.153144,-0.185421,1.037598,1.678467,-2.227783
8.455625,0.189207,-0.584984,10.081835,0.314700,0.139048,0.024742,0.885010,0.915527,-2.746582
8.465715,0.020956,-0.527503,9.951905,0.146449,0.196529,-0.105188,1.098633,1.129150,-2.227783
8.475806,0.010179,-0.569416,9.974658,0.135672,0.154616,-0.082435,1.281738,0.854492,-0.244141
8.485950,0.253872,-0.659229,10.075847,0.379365,0.064802,0.018754,1.495361,0.854492,-0.366211
8.496047,0.073048,-0.620310,9.949510,0.198541,0.103722,-0.107583,1.983643,0.793457,-0.305176
8.506171,0.255070,-0.399370,9.932146,0.380563,0.324662,-0.124947,4.089355,1.251221,1.312256
8.516267,-0.283211,-0.470023,9.753118,-0.157718,0.254009,-0.303974,0.701904,1.281738,1.495361
8.526364,0.330513,-0.415536,10.160870,0.456006,0.308496,0.103778,4.302979,0.793457,0.946045
8.536461,-0.081431,-0.442480,10.131531,0.044062,0.281552,0.074439,4.241943,0.640869,2.288818
8.546557,0.078437,-0.380808,10.077643,0.203930,0.343224,0.020551,0.823975,0.152588,2.471924
8.556654,0.249681,-0.468825,10.103390,0.375174,0.255207,0.046297,-0.305176,-0.091553,1.403809
8.566751,-0.054487,-0.525108,10.017768,0.071006,0.198924,-0.039325,-0.610352,-0.061035,1.190186
8.576847,0.061672,-0.486189,10.177037,0.187165,0.237843,0.119944,-1.007080,-0.427246,1.647949
8.587012,0.250878,-0.398172,10.018965,0.376371,0.325860,-0.038127,0.885010,-0.030518,2.777100
8.597102,0.244292,-0.137714,10.158475,0.369785,0.586318,0.101383,3.631592,0.061035,3.356934
8.607192,-0.084424,-0.166454,10.023755,0.041069,0.557578,-0.033337,0.854492,-0.793457,4.547119
8.617283,0.080233,-0.385598,10.071656,0.205726,0.338433,0.014563,0.091553,-1.281738,2.746582
8.627373,-0.052092,-0.135917,10.084828,0.073401,0.588114,0.027736,0.061035,-0.976562,2.471924
8.637465,-0.052092,-0.235909,10.077045,0.073401,0.488122,0.019952,-0.183105,-0.762939,2.563477
8.647557,0.166454,-0.631088,10.049502,0.291947,0.092944,-0.007591,0.732422,0.518799,3.143311
8.657647,0.053289,-0.331111,10.105785,0.178782,0.392920,0.048692,0.000000,-0.122070,2.563477
8.667737,0.087418,-0.404160,9.998608,0.212911,0.319872,-0.058485,0.762939,0.183105,2.593994
8.677827,0.292192,-0.389789,10.157877,0.417685,0.334242,0.100784,1.861572,0.732422,2.441406
8.687991,-0.226329,-0.203577,10.085427,-0.100836,0.520455,0.028335,2.593994,0.488281,1.129150
8.698087,0.042512,-0.237107,10.104587,0.168005,0.486925,0.047495,2.105713,0.183105,0.183105
8.708184,0.028740,-0.210762,9.952504,0.154233,0.513270,-0.104589,1.647949,0.061035,-2.349854
8.718280,0.058678,-0.251477,10.032737,0.184171,0.472555,-0.024356,2.288818,0.244141,-3.753662
8.728374,-0.177830,-0.323926,10.147698,-0.052337,0.400105,0.090605,1.434326,0.122070,-2.929688
8.738472,0.022753,-0.788560,10.065668,0.148246,-0.064529,0.008576,1.007080,-0.366211,-3.570557
8.748568,-0.263452,-0.446671,10.022558,-0.137959,0.277360,-0.034535,1.068115,-0.183105,-2.563477
8.758665,0.080233,-0.337099,9.940529,0.205726,0.386933,-0.116564,1.739502,0.122070,-1.068115
8.768761,-0.184417,-0.426912,10.015373,-0.058923,0.297119,-0.041720,0.244141,-0.122070,-0.976562
8.778857,-0.074844,-0.367037,10.045909,0.050649,0.356995,-0.011183,1.525879,0.244141,-0.061035
8.789028,0.092208,-0.477806,10.134525,0.217701,0.246225,0.077432,1.312256,0.183105,0.671387
8.799119,-0.232916,-0.516725,10.084230,-0.107423,0.207306,0.027137,0.671387,0.335693,-0.762939
8.809209,-0.189207,-0.205972,10.142309,-0.063714,0.518060,0.085216,1.007080,0.549316,0.701904
8.819299,-0.237107,-0.299377,9.983040,-0.111614,0.424654,-0.074053,0.579834,0.701904,0.671387
8.829389,-0.138312,-0.425116,10.085427,-0.012819,0.298916,0.028335,1.129150,0.488281,2.716064
8.839478,-0.065863,-0.407153,10.207573,0.059630,0.316878,0.150481,-1.190186,0.152588,1.831055
8.849568,-0.233514,-0.289797,10.033934,-0.108021,0.434234,-0.023158,-2.197266,0.518799,2.899170
8.859658,-0.058678,-0.422122,10.179432,0.066815,0.301909,0.122339,-1.770020,0.335693,2.319336
8.869749,-0.428110,-0.277822,10.015373,-0.302617,0.446209,-0.041720,-2.624512,0.213623,2.044678
8.879839,-0.361648,-0.403561,9.942924,-0.236155,0.320471,-0.114169,-1.129150,0.183105,3.662109
8.890000,-0.050894,-0.514929,10.107581,0.074599,0.209102,0.050489,-0.854492,-0.213623,4.730225
8.900094,-0.350272,-0.500559,10.001003,-0.224779,0.223473,-0.056090,-0.885010,0.213623,5.004883
8.910191,0.088017,-0.554447,10.159673,0.213510,0.169585,0.102580,0.457764,-0.030518,5.523682
8.920287,-0.501158,-0.380209,10.230925,-0.375665,0.343822,0.173832,-1.953125,0.579834,5.371094
8.930383,-0.095801,-0.679587,10.065070,0.029692,0.044445,0.007977,-1.068115,0.274658,6.134033
8.940480,-0.338297,-0.620909,9.983040,-0.212803,0.103123,-0.074053,-3.173828,0.793457,6.072998
8.950576,-0.382006,-0.604144,10.081236,-0.256513,0.119888,0.024143,-3.082275,0.671387,6.622314
8.960673,-0.235909,-0.776585,10.010583,-0.110416,-0.052553,-0.046510,-3.112793,0.823975,7.873535
8.970769,-0.155676,-0.786764,10.038724,-0.030183,-0.062732,-0.018368,-2.502441,0.488281,8.666992
8.980866,-0.135917,-0.498164,10.029743,-0.010424,0.225868,-0.027350,-2.105713,0.457764,8.728027
8.991034,-0.064666,-0.459245,10.033934,0.060828,0.264787,-0.023158,-2.014160,0.335693,7.263184
9.001125,-0.083227,-0.477208,10.166259,0.042266,0.246824,0.109166,-1.617432,0.274658,6.927490
9.011216,-0.172441,-0.568817,10.006392,-0.046948,0.155214,-0.050701,-1.892090,0.366211,6.103516
9.021307,-0.231718,-0.573607,10.054292,-0.106225,0.150424,-0.002801,-1.739502,0.885010,6.103516
9.031397,-0.175435,-0.617915,10.021959,-0.049942,0.106117,-0.035133,-0.457764,0.335693,5.096436
9.041487,-0.180225,-0.719105,10.084828,-0.054732,0.004927,0.027736,-1.037598,0.335693,6.958008
9.051576,-0.269440,-0.493973,10.075248,-0.143947,0.230059,0.018156,-0.793457,0.427246,6.439209
9.061666,-0.122146,-0.525108,10.066866,0.003347,0.198924,0.009773,0.305176,-0.976562,6.622314
9.071756,-0.079036,-0.313149,10.121951,0.046457,0.410883,0.064859,0.244141,-0.305176,6.744385
9.081846,-0.185015,-0.429906,10.086625,-0.059522,0.294126,0.029532,0.427246,-0.762939,5.004883
9.091997,-0.024549,-0.377216,10.108180,0.100944,0.346816,0.051087,1.464844,-1.464844,4.516602
9.102094,-0.130529,-0.182021,10.080637,-0.005036,0.542010,0.023545,1.892090,-1.800537,4.516602
9.112190,0.109572,-0.319136,10.047107,0.235065,0.404895,-0.009986,2.014160,-0.946045,3.387451
9.122310,-0.071252,-0.147294,10.102791,0.054241,0.576738,0.045698,0.732422,0.000000,2.685547
9.132406,-0.038919,-0.337698,10.084230,0.086574,0.386334,0.027137,1.617432,-0.366211,-0.701904
9.142540,-0.123344,-0.401166,10.060280,0.002150,0.322866,0.003187,0.457764,-0.335693,-0.671387
9.152637,0.324525,-0.328716,10.031539,0.450018,0.395315,-0.025553,0.122070,-0.122070,-1.434326
9.162736,0.168849,-0.292791,10.078242,0.294342,0.431240,0.021150,0.732422,0.000000,-1.953125
9.172833,0.123942,-0.450264,10.072255,0.249435,0.273768,0.015162,1.007080,0.244141,-3.692627
9.182930,0.079036,-0.383203,10.085427,0.204529,0.340828,0.028335,0.305176,0.183105,-4.547119
9.193121,0.011975,-0.318538,10.063872,0.137468,0.405494,0.006779,0.244141,0.213623,-5.065918
9.203214,-0.023950,-0.464035,10.055490,0.101543,0.259997,-0.001603,0.701904,0.335693,-5.493164
9.213304,0.096998,-0.510738,10.071057,0.222491,0.213294,0.013964,0.762939,0.335693,-5.584717
9.223393,-0.218546,-0.446072,10.086026,-0.093052,0.277959,0.028933,0.183105,0.152588,-4.241943
9.233484,-0.107177,-0.454455,10.069261,0.018316,0.269577,0.012168,0.640869,0.213623,-3.326416
9.243574,-0.139510,-0.433499,10.060280,-0.014017,0.290533,0.003187,0.457764,0.061035,-1.342773
9.253664,-0.088616,-0.347877,10.080038,0.036877,0.376155,0.022946,0.152588,0.061035,-1.251221
9.263754,-0.200583,-0.318538,10.085427,-0.075090,0.405494,0.028335,0.427246,0.122070,-0.854492
9.273844,-0.152084,-0.422721,10.035731,-0.026591,0.301311,-0.021362,0.152588,0.061035,1.159668
9.283935,-0.120350,-0.413740,10.078242,0.005143,0.310292,0.021150,-0.152588,0.030518,1.281738
9.294089,0.102387,-0.545466,10.041718,0.227880,0.178566,-0.015375,-0.091553,0.061035,0.427246
9.304186,-0.135319,-0.419727,10.071057,-0.009826,0.304304,0.013964,-0.366211,0.061035,-0.762939
9.314283,-0.098196,-0.407752,10.077643,0.027297,0.316280,0.020551,-0.488281,0.091553,-1.800537
9.324380,-0.032932,-0.479004,10.056687,0.092562,0.245028,-0.000406,-0.335693,0.122070,-2.197266
9.334477,-0.113763,-0.456850,10.065668,0.011730,0.267182,0.008576,-0.183105,0.152588,-2.441406
9.344574,-0.028141,-0.489781,10.061477,0.097352,0.234250,0.004384,1.068115,0.274658,-1.586914
9.354673,-0.086221,-0.474214,10.066267,0.039272,0.249818,0.009174,1.068115,0.335693,-2.014160
9.364770,-0.234712,-0.408950,10.084828,-0.109219,0.315082,0.027736,1.037598,0.396729,-2.593994
9.374867,0.052092,-0.528102,10.071057,0.177585,0.195930,0.013964,0.885010,0.305176,-2.380371
9.384964,-0.098196,-0.453257,10.088421,0.027297,0.270774,0.031328,0.030518,0.183105,-2.899170
9.395137,-0.186812,-0.408351,10.079440,-0.061318,0.315681,0.022347,-0.518799,0.122070,-2.899170
9.405228,-0.186213,-0.443079,10.070458,-0.060720,0.280953,0.013366,-1.007080,0.152588,-2.502441
9.415319,-0.179028,-0.426912,10.086026,-0.053535,0.297119,0.028933,-1.037598,0.183105,-2.380371
9.425409,-0.093406,-0.475411,10.076446,0.032087,0.248620,0.019353,-1.007080,0.152588,-2.410889
9.435500,-0.107177,-0.493374,10.069261,0.018316,0.230658,0.012168,-0.671387,0.183105,-2.197266
9.445590,-0.105980,-0.491578,10.069860,0.019513,0.232454,0.012767,-0.518799,0.183105,-2.014160
9.455679,-0.144899,-0.483195,10.081835,-0.019406,0.240836,0.024742,-0.305176,0.122070,-1.434326
9.465770,-0.164658,-0.471819,10.083631,-0.039165,0.252213,0.026538,-0.213623,0.091553,-1.129150
9.475859,-0.187410,-0.458047,10.079440,-0.061917,0.265984,0.022347,-0.122070,0.091553,-0.671387
9.485950,-0.215552,-0.440684,10.081835,-0.090059,0.283348,0.024742,-0.061035,0.091553,-0.549316
9.496108,-0.223336,-0.434696,10.075847,-0.097843,0.289336,0.018754,-0.091553,0.061035,-0.427246
9.506368,-0.238304,-0.435894,10.084828,-0.112811,0.288138,0.027736,-0.091553,0.061035,-0.305176
9.516465,-0.241298,-0.429906,10.081835,-0.115805,0.294126,0.024742,-0.122070,0.061035,-0.213623
9.526562,-0.241298,-0.422122,10.072853,-0.115805,0.301909,0.015761,-0.122070,0.030518,-0.183105
9.536659,-0.216749,-0.425116,10.068063,-0.091256,0.298916,0.010971,-0.091553,0.061035,-0.152588
9.546755,-0.120948,-0.432900,10.063872,0.004545,0.291132,0.006779,0.061035,0.061035,-0.793457
9.556852,-0.213755,-0.419128,10.069860,-0.088262,0.304903,0.012767,0.122070,0.122070,-1.098633
9.566948,-0.275427,-0.422721,10.071057,-0.149934,0.301311,0.013964,0.152588,0.091553,-1.220703
9.577044,-0.306563,-0.412542,10.057286,-0.181069,0.311490,0.000193,0.152588,0.091553,-0.915527
9.587141,-0.292192,-0.416135,10.056088,-0.166699,0.307897,-0.001004,0.122070,0.091553,-0.701904
9.597315,-0.280816,-0.415536,10.060280,-0.155323,0.308496,0.003187,0.122070,0.030518,-0.427246
9.607404,-0.276026,-0.417931,10.064471,-0.150533,0.306101,0.007378,0.061035,0.061035,-0.335693
9.617494,-0.274828,-0.416135,10.060878,-0.149335,0.307897,0.003786,0.030518,0.061035,-0.213623
9.627584,-0.267643,-0.422122,10.062675,-0.142150,0.301909,0.005582,0.000000,0.030518,-0.183105
9.637673,-0.262853,-0.419727,10.063273,-0.137360,0.304304,0.006181,0.000000,0.030518,-0.091553
9.647777,-0.262255,-0.425116,10.059082,-0.136762,0.298916,0.001989,-0.030518,0.030518,-0.061035
9.657864,-0.263452,-0.422122,10.073452,-0.137959,0.301909,0.016359,-0.061035,0.030518,-0.030518
9.667952,-0.257465,-0.418530,10.076446,-0.131972,0.305502,0.019353,-0.061035,0.030518,-0.061035
9.678042,-0.257465,-0.422122,10.077643,-0.131972,0.301909,0.020551,-0.030518,0.030518,-0.061035
9.688133,-0.243094,-0.426313,10.077045,-0.117601,0.297718,0.019952,-0.061035,0.061035,0.030518
9.698254,-0.243094,-0.428110,10.069261,-0.117601,0.295922,0.012168,-0.061035,0.061035,0.000000
9.708344,-0.248483,-0.431104,10.067465,-0.122990,0.292928,0.010372,-0.122070,0.061035,-0.030518
9.718434,-0.250280,-0.425116,10.069261,-0.124787,0.298916,0.012168,-0.152588,0.061035,0.000000
9.728523,-0.250878,-0.422122,10.067465,-0.125385,0.301909,0.010372,-0.152588,0.091553,0.000000
9.738614,0.009580,-0.511935,10.051897,0.135073,0.212096,-0.005196,-0.122070,0.091553,0.000000
9.748703,-0.087418,-0.469424,10.056088,0.038075,0.254608,-0.001004,0.183105,0.091553,0.061035
9.758793,-0.194595,-0.446072,10.075248,-0.069102,0.277959,0.018156,0.457764,0.122070,-0.427246
9.768883,-0.269440,-0.425116,10.074650,-0.143947,0.298916,0.017557,0.610352,0.152588,-0.579834
9.778973,-0.296384,-0.412542,10.071656,-0.170891,0.311490,0.014563,0.701904,0.152588,-0.457764
9.789063,-0.302371,-0.411345,10.066267,-0.176878,0.312687,0.009174,0.701904,0.183105,-0.274658
9.799235,-0.305964,-0.410147,10.060878,-0.180471,0.313885,0.003786,0.701904,0.183105,-0.061035
9.809332,-0.286804,-0.403561,10.071057,-0.161311,0.320471,0.013964,0.579834,0.122070,0.213623
9.819428,-0.280217,-0.401166,10.072255,-0.154724,0.322866,0.015162,0.518799,0.091553,0.244141
9.829522,-0.310155,-0.393981,10.067465,-0.184662,0.330051,0.010372,0.396729,0.061035,0.213623
9.839618,-0.307161,-0.398172,10.060878,-0.181668,0.325860,0.003786,0.366211,0.061035,0.183105
9.849714,-0.308958,-0.395178,10.059082,-0.183464,0.328853,0.001989,0.244141,0.061035,0.152588
9.859810,-0.300575,-0.402962,10.068063,-0.175082,0.321070,0.010971,0.183105,0.061035,0.122070
9.869906,-0.298180,-0.405357,10.072255,-0.172687,0.318675,0.015162,0.091553,0.030518,0.061035
9.880002,-0.280816,-0.411345,10.061477,-0.155323,0.312687,0.004384,0.091553,0.030518,0.030518
9.890098,-0.276026,-0.411345,10.063872,-0.150533,0.312687,0.006779,0.091553,0.061035,0.030518
9.900268,-0.268242,-0.411345,10.070458,-0.142749,0.312687,0.013366,0.061035,0.061035,0.030518
9.910358,-0.269440,-0.406555,10.071057,-0.143947,0.317477,0.013964,0.061035,0.061035,0.000000
9.920449,-0.263452,-0.417931,10.065668,-0.137959,0.306101,0.008576,0.030518,0.030518,0.000000
9.930539,-0.266446,-0.418530,10.062675,-0.140953,0.305502,0.005582,0.030518,0.000000,-0.030518
9.940628,-0.262255,-0.420925,10.064471,-0.136762,0.303107,0.007378,0.030518,0.000000,-0.030518
9.950718,-0.267643,-0.419727,10.056088,-0.142150,0.304304,-0.001004,0.030518,0.030518,-0.030518
9.960810,-0.264650,-0.417332,10.065070,-0.139157,0.306699,0.007977,-0.030518,0.061035,-0.030518
9.970900,-0.271236,-0.405357,10.072255,-0.145743,0.318675,0.015162,-0.030518,0.061035,0.000000
9.980989,-0.267045,-0.405357,10.077045,-0.141552,0.318675,0.019952,-0.030518,0.091553,0.000000
9.991079,-0.265847,-0.408950,10.074650,-0.140354,0.315082,0.017557,-0.061035,0.061035,0.000000
10.001253,-0.266446,-0.411345,10.066866,-0.140953,0.312687,0.009773,-0.030518,0.091553,0.000000
10.011351,-0.265847,-0.411345,10.072255,-0.140354,0.312687,0.015162,-0.030518,0.061035,0.030518
10.021444,-0.270637,-0.409548,10.061477,-0.145144,0.314483,0.004384,-0.030518,0.061035,0.030518
10.031540,-0.267045,-0.411345,10.062076,-0.141552,0.312687,0.004983,-0.030518,0.061035,0.000000
10.041636,-0.271236,-0.408351,10.062076,-0.145743,0.315681,0.004983,0.030518,0.061035,-0.030518
10.051733,-0.274230,-0.405956,10.068063,-0.148737,0.318076,0.010971,0.030518,0.030518,-0.061035
10.061828,-0.270637,-0.407752,10.066866,-0.145144,0.316280,0.009773,0.091553,0.000000,-0.030518
10.071924,-0.268242,-0.408950,10.075248,-0.142749,0.315082,0.018156,0.091553,0.061035,-0.030518
10.082021,-0.269440,-0.409548,10.078242,-0.143947,0.314483,0.021150,0.091553,0.030518,-0.030518
10.092117,-0.267643,-0.410147,10.064471,-0.142150,0.313885,0.007378,0.091553,0.061035,-0.030518
10.102288,-0.262255,-0.407752,10.066866,-0.136762,0.316280,0.009773,0.091553,0.061035,-0.061035
10.112378,-0.261656,-0.411943,10.068063,-0.136163,0.312088,0.010971,0.091553,0.061035,-0.061035
10.122468,-0.260458,-0.405956,10.066866,-0.134965,0.318076,0.009773,0.061035,0.061035,-0.061035
10.132558,-0.257465,-0.402962,10.065070,-0.131972,0.321070,0.007977,0.030518,0.091553,-0.030518
10.142647,-0.255070,-0.404160,10.059681,-0.129577,0.319872,0.002588,0.030518,0.091553,-0.030518
10.152734,-0.258662,-0.412542,10.063872,-0.133169,0.311490,0.006779,0.030518,0.091553,-0.030518
10.162824,-0.257465,-0.405357,10.060280,-0.131972,0.318675,0.003187,0.000000,0.061035,-0.030518
10.172913,-0.253872,-0.408351,10.063872,-0.128379,0.315681,0.006779,0.000000,0.030518,-0.030518
10.183021,-0.255668,-0.411943,10.064471,-0.130175,0.312088,0.007378,0.030518,0.030518,-0.030518
10.193113,-0.251477,-0.408351,10.059681,-0.125984,0.315681,0.002588,0.030518,0.030518,-0.030518
10.203297,-0.258662,-0.415536,10.059082,-0.133169,0.308496,0.001989,0.061035,0.030518,-0.030518
10.213396,-0.259261,-0.417332,10.060280,-0.133768,0.306699,0.003187,0.030518,0.030518,-0.030518
10.223494,-0.258063,-0.417332,10.066267,-0.132570,0.306699,0.009174,0.000000,0.061035,-0.030518
10.233591,-0.256866,-0.418530,10.064471,-0.131373,0.305502,0.007378,0.030518,0.061035,-0.030518
10.243689,-0.257465,-0.422122,10.063872,-0.131972,0.301909,0.006779,-0.030518,0.061035,-0.030518
10.253787,-0.259261,-0.417332,10.071656,-0.133768,0.306699,0.014563,0.000000,0.061035,-0.061035
10.263884,-0.257465,-0.419128,10.075248,-0.131972,0.304903,0.018156,0.000000,0.030518,-0.030518
10.273981,-0.257465,-0.412542,10.067465,-0.131972,0.311490,0.010372,0.000000,0.091553,-0.030518
10.284080,-0.250878,-0.407752,10.064471,-0.125385,0.316280,0.007378,-0.030518,0.061035,-0.061035
10.294178,-0.252675,-0.414338,10.070458,-0.127182,0.309693,0.013366,-0.061035,0.061035,-0.030518
10.304353,-0.252675,-0.413740,10.070458,-0.127182,0.310292,0.013366,-0.061035,0.030518,-0.030518
10.314444,-0.249681,-0.410147,10.065070,-0.124188,0.313885,0.007977,-0.061035,0.030518,-0.030518
10.324534,-0.247286,-0.414937,10.062675,-0.121793,0.309094,0.005582,-0.030518,0.061035,0.000000
10.334625,-0.249082,-0.416733,10.063273,-0.123589,0.307298,0.006181,-0.061035,0.061035,0.000000
10.344715,-0.252675,-0.412542,10.058483,-0.127182,0.311490,0.001391,0.000000,0.061035,-0.030518
10.354806,-0.255070,-0.413740,10.056687,-0.129577,0.310292,-0.000406,0.000000,0.061035,-0.030518
10.364899,-0.256267,-0.414937,10.071057,-0.130774,0.309094,0.013964,0.030518,0.122070,-0.030518
10.374991,-0.262255,-0.413141,10.067465,-0.136762,0.310891,0.010372,0.030518,0.122070,-0.030518
10.385082,-0.255668,-0.413141,10.059681,-0.130175,0.310891,0.002588,0.000000,0.122070,0.000000
10.395172,-0.255070,-0.410147,10.067465,-0.129577,0.313885,0.010372,-0.030518,0.091553,0.030518
10.405326,-0.254471,-0.408351,10.069261,-0.128978,0.315681,0.012168,0.000000,0.061035,0.030518
10.415423,-0.244891,-0.407752,10.080637,-0.119398,0.316280,0.023545,-0.030518,0.061035,-0.030518
10.425521,-0.164059,-0.432900,10.080038,-0.038566,0.291132,0.022946,-0.030518,0.061035,0.000000
10.435615,-0.324525,-0.384999,10.060878,-0.199032,0.339032,0.003786,0.030518,0.030518,-0.030518
10.445712,-0.305365,-0.393382,10.074051,-0.179872,0.330650,0.016958,0.030518,0.030518,-0.030518
10.455808,-0.285007,-0.385598,10.072255,-0.159514,0.338433,0.015162,0.000000,0.061035,-0.030518
10.465905,-0.279619,-0.387993,10.078242,-0.154125,0.336038,0.021150,-0.061035,0.030518,0.000000
10.476002,-0.276026,-0.392184,10.078242,-0.150533,0.331847,0.021150,-0.061035,0.061035,-0.030518
10.486099,-0.176633,-0.413141,10.057885,-0.051140,0.310891,0.000792,-0.122070,0.061035,-0.152588
10.496197,-0.198188,-0.418530,10.059082,-0.072695,0.305502,0.001989,-0.122070,0.091553,-0.335693
10.506391,-0.198188,-0.428708,10.063273,-0.072695,0.295323,0.006181,-0.152588,0.091553,-0.610352
10.516483,-0.202379,-0.425116,10.064471,-0.076886,0.298916,0.007378,-0.091553,0.030518,-0.701904
10.526573,-0.249082,-0.396376,10.064471,-0.123589,0.327656,0.007378,-0.030518,0.030518,-0.701904
10.536664,-0.290396,-0.382604,10.065668,-0.164903,0.341427,0.008576,-0.061035,0.061035,-0.701904
10.546755,-0.257465,-0.385598,10.060280,-0.131972,0.338433,0.003187,-0.122070,0.030518,-0.610352
10.556845,-0.212558,-0.384401,10.071057,-0.087065,0.339631,0.013964,-0.183105,0.030518,-0.732422
10.566935,-0.219743,-0.390987,10.072853,-0.094250,0.333045,0.015761,-0.244141,0.061035,-0.854492
10.577026,-0.267643,-0.404758,10.066866,-0.142150,0.319273,0.009773,-0.244141,0.030518,-0.610352
10.587116,-0.191602,-0.405357,10.066866,-0.066109,0.318675,0.009773,-0.274658,0.000000,-0.396729
10.597207,-0.156275,-0.409548,10.068662,-0.030782,0.314483,0.011569,-0.366211,-0.030518,-0.091553
10.607372,-0.112566,-0.404758,10.072853,0.012927,0.319273,0.015761,-0.427246,-0.030518,-0.091553
10.617469,0.108375,-0.390987,10.071656,0.233868,0.333045,0.014563,-0.701904,-0.061035,-1.037598
10.627566,0.060474,-0.370629,10.074051,0.185967,0.353402,0.016958,-0.518799,0.000000,-1.800537
10.637663,-0.119152,-0.400567,10.075248,0.006341,0.323465,0.018156,-0.396729,0.091553,-2.685547
10.647760,0.131127,-0.542472,10.054891,0.256620,0.181560,-0.002202,0.122070,0.183105,-3.112793
10.657857,-0.026944,-0.405956,10.059082,0.098549,0.318076,0.001989,0.640869,0.305176,-3.723145
10.667953,-0.068857,-0.503553,10.062675,0.056636,0.220479,0.005582,0.122070,0.244141,-3.295898
10.678050,-0.126936,-0.498763,10.072255,-0.001443,0.225269,0.015162,-0.030518,0.213623,-3.356934
10.688147,0.007784,-0.653242,10.054891,0.133277,0.070790,-0.002202,-0.274658,0.152588,-2.014160
10.698244,-0.197589,-0.387993,10.071057,-0.072096,0.336038,0.013964,0.793457,0.244141,-1.434326
10.708406,0.000000,-0.407752,10.072853,0.125493,0.316280,0.015761,0.152588,0.122070,-1.525879
10.718496,-0.038320,-0.520917,10.057885,0.087173,0.203115,0.000792,-0.305176,0.061035,-1.434326
10.728586,0.064666,-0.543669,10.056687,0.190159,0.180362,-0.000406,-0.457764,0.000000,-0.640869
10.738677,0.123344,-0.610730,10.053094,0.248837,0.113302,-0.003998,-0.671387,-0.030518,1.098633
10.748767,0.212558,-0.525707,10.055490,0.338051,0.198325,-0.001603,0.518799,0.122070,1.068115
10.758858,0.364642,-0.632884,10.003997,0.490135,0.091148,-0.053096,-0.762939,-0.274658,2.868652
10.768948,0.253273,-0.637674,10.035132,0.378766,0.086358,-0.021961,-0.152588,-0.122070,3.997803
10.779038,0.087418,-0.381407,10.025552,0.212911,0.342625,-0.031541,-0.335693,0.061035,2.593994
10.789128,0.044308,-0.392783,10.106982,0.169801,0.331248,0.049890,-0.274658,-0.030518,4.180908
10.799217,0.404758,-0.370629,10.023755,0.530251,0.353402,-0.033337,0.549316,-0.305176,4.302979
10.809373,-0.071851,-0.269440,10.068662,0.053642,0.454592,0.011569,0.030518,-0.030518,2.166748
10.819469,0.499362,-0.523312,9.947115,0.624855,0.200720,-0.109978,-0.549316,0.244141,3.723145
10.829570,0.577798,-0.512534,9.983040,0.703291,0.211497,-0.074053,-0.030518,-0.823975,2.136230
10.839666,0.075443,-0.421523,10.121951,0.200936,0.302508,0.064859,-0.610352,-0.488281,0.518799
10.849763,0.095202,-0.423918,10.123149,0.220695,0.300113,0.066056,0.701904,-0.488281,3.204346
10.859860,0.462239,-0.542472,10.041718,0.587732,0.181560,-0.015375,0.671387,-0.610352,2.716064
10.869957,0.053888,-0.437690,9.975855,0.179381,0.286342,-0.081238,0.457764,-0.488281,2.380371
10.880053,0.219743,-0.552651,10.002200,0.345236,0.171381,-0.054892,0.488281,-0.915527,3.265381
10.890176,-0.060474,-0.423918,10.411749,0.065019,0.300113,0.354656,1.220703,-0.610352,3.875732
10.900273,0.192799,-0.673000,10.123748,0.318292,0.051031,0.066655,-1.617432,0.793457,3.997803
10.910437,-0.024549,-0.390388,10.244097,0.100944,0.333643,0.187005,0.274658,0.030518,4.943848
10.920527,-0.132924,-0.572410,10.230925,-0.007431,0.151622,0.173832,-0.122070,0.305176,4.180908
10.930617,0.502954,-0.778980,10.093810,0.628447,-0.054948,0.036717,0.335693,0.000000,6.744385
10.940707,0.084424,-0.426313,10.086026,0.209917,0.297718,0.028933,2.716064,-1.129150,6.378174
10.950798,1.006507,-0.620310,9.967473,1.132000,0.103722,-0.089620,2.441406,-1.281738,5.676270
10.960890,0.155676,-0.329315,9.968670,0.281169,0.394716,-0.088423,1.312256,-1.098633,3.326416
10.970981,0.427511,-0.321531,10.051897,0.553004,0.402500,-0.005196,1.251221,-0.122070,-0.915527
10.981071,-0.107776,-0.487985,10.147099,0.017717,0.236046,0.090006,0.335693,-0.274658,-1.403809
10.991161,0.500559,-0.599952,9.924362,0.626052,0.124079,-0.132730,3.479004,-0.457764,0.183105
11.001251,0.125739,-0.546663,10.123149,0.251232,0.177368,0.066056,3.051758,-0.549316,0.091553
11.011415,-0.035327,-0.583786,10.141111,0.090166,0.140246,0.084019,3.723145,-0.274658,-0.518799
11.021514,0.071252,-0.671803,10.193203,0.196745,0.052229,0.136110,-0.152588,-1.068115,-0.427246
11.031612,0.020956,-0.564626,9.905202,0.146449,0.159406,-0.151891,-0.335693,-0.762939,-0.976562
11.041709,0.174238,-0.314346,10.174043,0.299731,0.409685,0.116950,-1.861572,-0.976562,-1.434326
11.051806,0.064666,-0.475411,10.062675,0.190159,0.248620,0.005582,-2.166748,-0.671387,-1.556396
11.061904,-0.104782,0.093406,9.724378,0.020711,0.817437,-0.332715,-0.244141,0.549316,-0.793457
11.072001,-0.014370,-0.084424,10.018965,0.111123,0.639607,-0.038127,-1.647949,0.366211,-0.549316
11.082098,0.139510,-0.396376,10.092014,0.265003,0.327656,0.034921,-0.213623,0.396729,-0.457764
11.092195,-0.133522,-0.438289,10.403366,-0.008029,0.285743,0.346273,-2.990723,-0.915527,-0.061035
11.102292,0.251477,-0.499362,10.332114,0.376970,0.224670,0.275022,-2.288818,-0.488281,-2.136230
11.112455,0.086819,-0.541274,9.757908,0.212312,0.182757,-0.299184,-2.746582,-0.610352,-0.701904
11.122545,-0.620310,0.339494,10.397977,-0.494817,1.063526,0.340885,2.288818,0.915527,-1.403809
11.132636,0.130529,-0.303569,10.309362,0.256022,0.420463,0.252269,-0.946045,0.488281,-1.281738
11.142727,0.128732,-0.343087,10.005793,0.254225,0.380945,-0.051300,-1.037598,0.640869,-2.075195
11.152816,-0.264650,0.055085,10.213561,-0.139157,0.779117,0.156468,0.823975,1.586914,-1.678467
11.162906,0.288001,-0.250280,10.038126,0.413494,0.473752,-0.018967,-1.251221,1.281738,-1.678467
11.172996,0.315544,-0.560435,10.018965,0.441037,0.163597,-0.038127,1.068115,1.464844,-2.471924
11.183086,0.073048,-0.783171,10.217752,0.198541,-0.059140,0.160659,0.915527,1.037598,-1.251221
11.193177,0.285007,-0.329914,10.022558,0.410500,0.394118,-0.034535,0.885010,0.549316,-1.007080
11.203270,-0.124541,-0.502954,10.259665,0.000952,0.221078,0.202572,-2.593994,1.586914,-2.838135
11.213435,0.282612,-0.597557,9.730366,0.408105,0.126474,-0.326727,-1.434326,0.305176,-1.190186
11.223535,0.483195,-0.428110,10.099199,0.608688,0.295922,0.042106,-2.410889,-0.610352,-2.258301
11.233632,0.413141,-0.277224,10.109377,0.538634,0.446808,0.052285,-1.770020,-0.579834,-3.662109
11.243728,0.395178,-0.281415,9.995015,0.520671,0.442617,-0.062077,-2.929688,0.091553,-4.852295
11.253826,0.493973,-0.483195,10.021959,0.619466,0.240836,-0.035133,-0.579834,-1.190186,-4.882812
11.263922,0.335303,-0.477806,9.893227,0.460796,0.246225,-0.163866,-1.129150,-0.946045,-6.561279
11.274020,0.040715,-0.559836,10.334509,0.166208,0.164196,0.277417,-1.556396,0.244141,-6.378174
11.284118,0.644859,-0.757425,10.023157,0.770352,-0.033393,-0.033936,-2.532959,-1.525879,-6.072998
11.294214,0.433499,-0.877775,10.117760,0.558992,-0.153743,0.060667,-2.868652,-1.983643,-6.591797
11.304309,0.135917,-0.844843,10.041119,0.261410,-0.120812,-0.015973,-1.525879,-2.288818,-5.401611
11.314408,0.530497,-0.781375,10.022558,0.655990,-0.057344,-0.034535,0.549316,-2.593994,-2.899170
11.324499,0.309556,-0.558638,10.069261,0.435049,0.165393,0.012168,-0.488281,-2.105713,-2.502441
11.334589,0.449665,-0.429307,9.990824,0.575158,0.294724,-0.066269,-1.129150,-0.671387,-2.288818
11.344680,0.168250,-0.536484,10.274634,0.293743,0.187547,0.217541,0.793457,-1.708984,-1.403809
11.354770,0.520917,-0.296982,10.089020,0.646410,0.427049,0.031927,0.976562,-1.586914,-1.953125
11.364861,0.461640,-0.343087,10.315349,0.587133,0.380945,0.258256,1.129150,-2.258301,-0.457764
11.374950,0.455054,-0.343087,9.848919,0.580547,0.380945,-0.208174,0.030518,-1.342773,-1.098633
11.385041,0.270637,-0.357457,10.073452,0.396130,0.366575,0.016359,-0.244141,-0.457764,0.305176
11.395131,0.306563,-0.664618,10.046508,0.432056,0.059414,-0.010584,0.671387,-0.335693,1.037598
11.405221,0.059875,-0.436492,10.047107,0.185369,0.287539,-0.009986,0.640869,0.091553,0.488281
11.415377,0.262255,-0.324525,9.905801,0.387748,0.399506,-0.151292,0.488281,-0.854492,1.220703
11.425475,0.364642,-0.274828,10.251282,0.490135,0.449203,0.194190,-0.793457,-1.770020,2.380371
11.435572,-0.053289,-0.198787,9.823173,0.072204,0.525245,-0.233920,0.946045,-0.579834,1.312256
11.445669,0.094603,-0.028740,10.015972,0.220096,0.695291,-0.041121,2.410889,-0.854492,3.723145
11.455766,0.251477,0.052092,10.075248,0.376970,0.776123,0.018156,0.854492,-0.915527,3.295898
11.465864,0.357457,-0.452659,10.180031,0.482950,0.271373,0.122938,-1.800537,0.427246,2.716064
11.475961,0.389789,-0.435295,10.360854,0.515282,0.288737,0.303762,0.335693,-0.518799,0.854492
11.486058,0.258063,-0.502355,10.214160,0.383556,0.221676,0.157067,0.335693,-0.213623,1.129150
11.496156,0.413740,-0.367037,9.859098,0.539233,0.356995,-0.197995,0.671387,0.366211,1.281738
11.506252,-0.060474,-0.548459,10.469828,0.065019,0.175572,0.412735,-0.579834,0.488281,1.129150
11.516416,0.311951,-0.407752,10.063872,0.437444,0.316280,0.006779,0.091553,1.037598,2.349854
11.526506,0.223934,-0.513732,10.443483,0.349427,0.210300,0.386390,0.000000,1.647949,2.197266
11.536597,0.178429,-0.082628,9.968670,0.303922,0.641403,-0.088423,2.441406,1.373291,2.227783
11.546687,0.229323,-0.002395,9.952504,0.354816,0.721637,-0.104589,2.075195,0.579834,1.251221
11.556774,0.188608,-0.486189,10.220746,0.314101,0.237843,0.163653,1.068115,0.183105,0.488281
11.566865,-0.110770,-0.595761,10.278825,0.014723,0.128271,0.221732,0.823975,0.793457,0.366211
11.576954,0.170645,-0.423918,9.946516,0.296138,0.300113,-0.110577,-0.671387,0.457764,0.213623
11.587044,-0.040715,-0.356858,10.287806,0.084778,0.367174,0.230714,-0.793457,0.610352,-0.610352
11.597133,-0.019160,-0.522713,9.891431,0.106333,0.201319,-0.165662,-0.885010,1.190186,-0.488281
11.607222,0.292192,-0.447270,9.955497,0.417685,0.276762,-0.101595,-0.335693,1.678467,-0.183105
11.617378,0.082029,-0.564027,10.045909,0.207522,0.160005,-0.011183,0.030518,1.403809,-0.091553
11.627475,0.283211,-0.569416,9.987830,0.408704,0.154616,-0.069262,-0.152588,1.556396,0.518799
11.637571,0.390987,-0.578996,9.933344,0.516480,0.145036,-0.123749,-0.213623,1.342773,-1.464844
11.647667,-0.182021,-0.952020,10.335707,-0.056528,-0.227989,0.278614,-0.152588,0.427246,-2.532959
11.657763,0.075443,-0.818498,10.484797,0.200936,-0.094466,0.427704,1.098633,-0.122070,-1.007080
11.667860,0.208367,-0.271236,9.924362,0.333860,0.452796,-0.132730,3.662109,0.061035,-0.793457
11.677956,-0.107177,-0.182620,9.989028,0.018316,0.541411,-0.068065,3.570557,0.335693,-0.885010
11.688053,0.033530,-0.100591,10.088421,0.159023,0.623441,0.031328,1.678467,0.030518,-2.258301
11.698174,0.149689,-0.296982,9.811198,0.275182,0.427049,-0.245895,2.593994,0.457764,-2.502441
11.708271,0.050894,-0.475411,9.893826,0.176387,0.248620,-0.163267,2.868652,-0.244141,-3.448486
11.718432,0.061073,-0.355062,10.284214,0.186566,0.368970,0.227121,1.831055,0.000000,-3.295898
11.728522,0.013771,-0.348475,10.133328,0.139264,0.375556,0.076235,3.692627,0.030518,-3.479004
11.738613,0.113165,0.116158,9.687854,0.238658,0.840190,-0.369239,4.028320,0.823975,-4.150391
11.748703,-0.154479,0.153880,9.898616,-0.028986,0.877912,-0.158477,3.265381,0.244141,-5.340576
11.758792,0.268242,-0.229922,10.251881,0.393735,0.494110,0.194788,-0.183105,0.488281,-6.713867
11.768881,0.487985,-0.455054,9.966874,0.613478,0.268978,-0.090219,-0.396729,0.946045,-7.781982
11.778970,0.122745,-0.079036,10.360256,0.248238,0.644996,0.303163,-0.122070,0.885010,-9.368896
11.789060,0.237706,-0.193398,10.044712,0.363199,0.530634,-0.012381,-1.403809,-0.030518,-9.399414
11.799151,0.319136,-0.395777,10.078242,0.444629,0.328255,0.021150,-1.098633,0.091553,-9.002686
11.809240,0.100591,-0.390987,10.378218,0.226084,0.333045,0.321126,-3.173828,0.183105,-9.948730
11.819428,0.325124,-0.179028,9.566906,0.450617,0.545004,-0.490187,-0.915527,-0.122070,-8.270264
11.829524,0.441282,-0.030536,9.901609,0.566775,0.693495,-0.155483,-1.556396,-0.610352,-7.904053
11.839621,0.487386,-0.079634,9.793235,0.612880,0.644397,-0.263858,-1.617432,-1.098633,-8.148193
11.849717,0.081431,-0.292791,10.111174,0.206924,0.431240,0.054081,-2.868652,-0.427246,-9.552002
11.859813,0.466430,-0.061073,9.951905,0.591923,0.662959,-0.105188,-2.410889,-0.152588,-8.850098
11.869909,0.258063,-0.365839,10.142309,0.383556,0.358192,0.085216,-0.732422,0.549316,-8.422852
11.880005,0.282612,-0.489183,9.924362,0.408105,0.234849,-0.132730,-0.244141,-0.457764,-7.781982
11.890101,0.301772,-0.445474,9.925560,0.427265,0.278558,-0.131533,0.640869,-0.854492,-8.819580
11.900197,0.248483,-0.317340,10.039922,0.373976,0.406692,-0.017171,0.701904,0.305176,-7.965088
11.910294,0.058079,-0.285606,10.272838,0.183572,0.438426,0.215745,-0.793457,-0.152588,-8.575439
11.920459,-0.298779,-0.357457,10.032737,-0.173286,0.366575,-0.024356,1.892090,0.457764,-7.843018
11.930550,-0.164059,-0.491578,10.035132,-0.038566,0.232454,-0.021961,0.762939,-0.335693,-4.852295
11.940639,0.070054,-0.596959,9.759106,0.195547,0.127073,-0.297987,-2.380371,-1.953125,-5.340576
11.950729,0.056882,-0.792751,9.825568,0.182375,-0.068720,-0.231525,-1.617432,0.030518,-3.631592
11.960821,0.094005,-0.670605,10.168654,0.219498,0.053426,0.111562,-2.563477,-0.030518,-3.387451
11.970908,-0.123942,-0.678389,10.415341,0.001551,0.045642,0.358249,-3.631592,-0.091553,-2.410889
11.980999,-0.458047,-0.166454,10.381811,-0.332554,0.557578,0.324718,-4.882812,0.091553,-2.929688
11.991089,-0.180225,-0.540676,10.388397,-0.054732,0.183356,0.331305,-4.028320,-0.610352,-3.204346
12.001178,-0.165256,-0.427511,9.851314,-0.039763,0.296521,-0.205779,-2.105713,0.000000,-2.899170
12.011271,0.156874,-0.241298,9.881851,0.282367,0.482733,-0.175242,-3.875732,0.732422,-3.570557
12.021426,-0.422721,-0.277224,10.158475,-0.297228,0.446808,0.101383,-4.486084,0.091553,-4.058838
12.031522,-0.302371,-0.464035,9.897418,-0.176878,0.259997,-0.159674,-1.495361,-0.122070,-1.434326
12.041618,-0.321531,-0.072449,10.129136,-0.196038,0.651582,0.072044,-2.716064,0.152588,-2.746582
12.051714,-0.099393,-0.135917,10.089020,0.026100,0.588114,0.031927,-4.028320,0.213623,-3.845215
12.061810,-0.790955,-0.777783,10.068063,-0.665462,-0.053751,0.010971,-2.868652,0.305176,-4.333496
12.071907,-0.495170,-0.544867,9.861493,-0.369677,0.179165,-0.195600,-1.892090,-0.091553,-3.875732
12.082005,-0.536484,-0.363444,9.791439,-0.410991,0.360587,-0.265654,2.716064,-1.647949,1.068115
12.092102,-0.758622,-0.435894,9.929152,-0.633129,0.288138,-0.127940,3.051758,-2.471924,0.915527
12.102199,-0.877775,-0.304167,10.332114,-0.752282,0.419864,0.275022,-1.220703,-2.777100,0.915527
12.112295,-0.805325,-0.703537,10.332114,-0.679832,0.020495,0.275022,-1.403809,-1.983643,1.007080
12.122411,-0.587379,-0.141306,9.851314,-0.461886,0.582725,-0.205779,-1.556396,-1.831055,1.495361
12.132549,-0.418530,-0.364642,10.343491,-0.293037,0.359390,0.286398,-2.777100,-1.403809,-2.044678
12.142659,-0.287402,-0.434097,9.972263,-0.161909,0.289934,-0.084830,-2.075195,-0.976562,-3.112793
12.152768,-0.802930,-0.719703,10.192604,-0.677437,0.004328,0.135512,-2.288818,-1.922607,-5.401611
12.162876,-0.392783,-0.653242,9.850715,-0.267290,0.070790,-0.206377,-1.586914,-1.708984,-4.180908
12.172974,-0.838856,-0.758024,10.132729,-0.713363,-0.033992,0.075636,-0.335693,-2.349854,-1.525879
12.183088,-0.224533,-0.823887,10.000404,-0.099040,-0.099855,-0.056689,-1.312256,-1.525879,-2.532959
12.193234,-0.680186,-0.778381,10.225536,-0.554693,-0.054350,0.168443,-1.831055,-1.739502,-4.150391
12.203351,-0.127535,-0.623304,9.921368,-0.002042,0.100728,-0.135724,0.762939,0.000000,-1.678467
12.213466,-0.805325,-0.750240,9.842932,-0.679832,-0.026208,-0.214161,1.403809,0.488281,-1.770020
12.223682,-0.558040,-0.756227,10.297386,-0.432547,-0.032196,0.240294,0.091553,-0.274658,0.946045
12.233805,-0.634081,-1.086740,9.814191,-0.508588,-0.362708,-0.242901,-0.366211,1.403809,0.640869
12.243904,-0.086819,-0.752635,9.530980,0.038674,-0.028603,-0.526112,0.518799,1.373291,2.166748
12.254015,-0.205972,-0.229323,9.786649,-0.080479,0.494708,-0.270444,0.915527,1.251221,2.105713
12.264341,-0.377216,-0.545466,9.691447,-0.251723,0.178566,-0.365646,0.488281,-0.244141,1.464844
12.274442,-0.399370,-0.556243,9.904603,-0.273876,0.167788,-0.152489,-0.274658,-0.061035,2.777100
12.284543,-0.331710,-0.364642,10.168654,-0.206217,0.359390,0.111562,0.823975,-1.556396,3.540039
12.294615,-0.213157,-0.480201,10.118958,-0.087664,0.243830,0.061865,1.373291,0.213623,2.624512
12.304697,-0.529299,-0.450862,10.261461,-0.403806,0.273169,0.204369,0.915527,0.244141,3.265381
12.314771,-0.228126,-0.191602,10.059082,-0.102633,0.532430,0.001989,4.119873,0.152588,6.958008
12.324918,-0.050894,-1.021476,10.092014,0.074599,-0.297444,0.034921,1.495361,-0.518799,5.401611
12.334996,-0.205373,-0.396376,10.193203,-0.079880,0.327656,0.136110,-0.518799,0.488281,5.096436
12.345083,0.123344,-0.631088,9.834549,0.248837,0.092944,-0.222544,-2.593994,0.091553,4.882812
12.355163,-0.214354,-0.778980,9.912986,-0.088861,-0.054948,-0.144107,-1.159668,0.274658,4.699707
12.365241,-0.226928,-0.690364,10.032737,-0.101435,0.033667,-0.024356,1.098633,0.732422,7.781982
12.375318,-0.079036,-0.710123,10.205777,0.046457,0.013908,0.148684,-2.502441,0.671387,6.530762
12.385393,-0.165256,-0.359852,10.442285,-0.039763,0.364180,0.385192,-1.129150,0.213623,5.828857
12.395469,-0.129930,-0.356259,10.567425,-0.004437,0.367772,0.510332,-1.586914,1.495361,5.218506
12.405552,0.077239,-0.664019,10.320139,0.202732,0.060012,0.263046,-0.122070,0.091553,5.828857
12.415625,0.248483,-0.295186,9.680669,0.373976,0.428845,-0.376424,-1.525879,1.220703,5.859375
12.425884,-0.179626,-0.684377,10.582993,-0.054133,0.039655,0.525900,-3.112793,-1.129150,5.340576
12.435977,-0.322130,-0.786764,10.239906,-0.196637,-0.062732,0.182813,1.678467,-0.793457,6.256104
12.446069,-0.037722,0.020956,9.904005,0.087771,0.744988,-0.153088,2.960205,-0.823975,7.141113
12.456160,-0.387394,-0.440085,9.860295,-0.261901,0.283947,-0.196797,1.312256,0.030518,7.293701
12.466251,-0.170046,-1.093925,10.500963,-0.044553,-0.369894,0.443870,-0.396729,1.220703,7.720947
12.476343,-0.186812,-0.729882,10.157877,-0.061318,-0.005851,0.100784,2.777100,0.549316,8.728027
12.486435,-0.319136,-0.608335,10.214758,-0.193643,0.115697,0.157666,2.563477,-0.305176,8.819580
12.496744,-0.027543,-0.385598,10.009385,0.097950,0.338433,-0.047707,0.152588,-0.274658,9.033203
12.506837,0.363444,-0.134121,9.949510,0.488937,0.589911,-0.107583,-1.678467,-2.075195,7.202148
12.516927,-0.056283,-0.587379,10.565030,0.069210,0.136653,0.507937,-3.448486,-2.532959,4.943848
12.527035,0.406555,-0.522114,9.872869,0.532048,0.201917,-0.184223,-1.892090,-0.885010,3.967285
12.537221,-0.231119,0.027543,9.783655,-0.105626,0.751574,-0.273438,0.335693,-0.671387,5.737305
12.547309,0.547861,-0.037123,9.147777,0.673354,0.686909,-0.909316,-1.739502,-0.305176,3.265381
12.557412,-0.692161,-0.383802,10.558444,-0.566668,0.340230,0.501351,-2.441406,-0.244141,0.946045
12.567515,-0.270637,-0.595162,10.941048,-0.145144,0.128869,0.883955,-0.610352,-1.220703,2.929688
12.577605,0.373623,-0.794548,9.839339,0.499116,-0.070516,-0.217754,-5.462646,-0.061035,3.295898
12.587709,-0.186213,-0.094603,10.609338,-0.060720,0.629428,0.552245,-2.838135,-0.213623,2.777100
12.597886,-0.050295,-0.659229,10.366243,0.075198,0.064802,0.309151,-0.061035,1.007080,2.746582
12.607975,-0.036524,-0.944835,10.139315,0.088969,-0.220804,0.082223,-1.098633,-0.335693,3.448486
12.618078,0.056283,-0.938249,9.936936,0.181776,-0.214217,-0.120157,-1.464844,-2.166748,3.845215
12.628180,0.601150,-0.692759,9.250164,0.726643,0.031272,-0.806928,-0.579834,-1.922607,4.699707
12.638271,0.149689,-0.748444,9.701027,0.275182,-0.024412,-0.356066,2.960205,-1.739502,3.723145
12.648375,0.333506,-0.002994,9.605226,0.459000,0.721038,-0.451867,1.281738,-1.403809,3.448486
12.658478,0.124541,-0.518522,9.951905,0.250034,0.205510,-0.105188,-4.913330,-2.075195,0.061035
12.668567,-0.083227,-0.019759,10.718311,0.042266,0.704273,0.661218,-3.509521,-1.220703,0.152588
12.678674,-0.189805,-0.555645,10.796748,-0.064312,0.168387,0.739655,-2.899170,-1.586914,1.251221
12.688776,-0.214354,0.125739,9.529184,-0.088861,0.849770,-0.527909,2.502441,0.976562,4.180908
12.698869,0.120350,-0.308359,9.575288,0.245843,0.415673,-0.481805,2.105713,-0.122070,4.913330
12.708973,0.202379,-0.182021,10.234517,0.327872,0.542010,0.177425,2.899170,-3.906250,7.476807
12.719080,0.034728,-0.006586,10.291998,0.160221,0.717445,0.234905,2.593994,-2.593994,6.622314
12.729200,-0.375419,-0.697549,10.497371,-0.249926,0.026482,0.440278,-0.549316,0.427246,6.958008
12.739306,-0.218546,0.032333,9.323811,-0.093052,0.756364,-0.733282,-0.305176,1.983643,6.744385
12.749408,0.349673,0.095202,9.933344,0.475166,0.819234,-0.123749,4.089355,0.549316,6.927490
12.759499,0.276026,-0.320334,10.132729,0.401519,0.403698,0.075636,1.098633,0.061035,5.371094
12.769605,-0.347877,0.538281,10.270443,-0.222384,1.262312,0.213350,5.004883,2.410889,4.730225
12.779711,-0.127535,-0.099393,10.124945,-0.002042,0.624638,0.067852,-1.129150,2.136230,1.525879
12.789800,0.039518,-0.114362,9.921368,0.165011,0.609669,-0.135724,-2.838135,2.105713,0.457764
12.799905,0.060474,-0.196990,9.908795,0.185967,0.527041,-0.148298,-1.220703,1.281738,-1.159668
12.810007,0.012574,-0.809517,10.142309,0.138067,-0.085485,0.085216,-0.488281,1.007080,-1.770020
12.820112,0.256267,0.001796,9.314231,0.381760,0.725828,-0.742862,6.683350,4.302979,-0.274658
12.830233,-0.374821,-0.229922,10.006392,-0.249328,0.494110,-0.050701,1.190186,1.770020,-1.464844
12.840341,-0.020956,-0.581990,10.190209,0.104537,0.142042,0.133117,-0.030518,2.838135,-0.946045
12.850444,-0.234712,-0.823887,9.835148,-0.109219,-0.099855,-0.221945,3.051758,2.288818,-0.732422
12.860537,-1.083746,-0.789159,10.170450,-0.958253,-0.065127,0.113358,-0.244141,-0.061035,-0.396729
12.870641,-0.249681,-0.932860,10.177037,-0.124188,-0.208828,0.119944,1.190186,-1.434326,2.441406
12.880733,-0.510738,-0.116158,10.496772,-0.385245,0.607873,0.439679,3.204346,-1.220703,4.302979
12.890838,-0.919687,-0.320334,10.324929,-0.794194,0.403698,0.267837,-2.166748,0.579834,5.065918
12.900944,-1.235830,-1.037043,10.906320,-1.110337,-0.313012,0.849228,-6.439209,-0.640869,2.349854
12.911036,-0.269440,-1.204695,9.666299,-0.143947,-0.480663,-0.390794,-7.385254,-2.410889,2.349854
12.921141,-0.299976,-0.932261,10.119556,-0.174483,-0.208230,0.062464,-1.220703,-1.983643,4.760742
12.931276,-0.354463,-0.516127,9.986633,-0.228970,0.207905,-0.070460,-0.915527,-1.770020,5.157471
12.941404,-0.177830,-0.961600,10.696756,-0.052337,-0.237569,0.639663,5.706787,-4.089355,6.317139
12.951497,-1.158591,-0.034129,10.943443,-1.033098,0.689903,0.886350,7.781982,-3.448486,6.713867
12.961602,-0.290396,-0.475411,10.411150,-0.164903,0.248620,0.354057,0.518799,-1.403809,-2.502441
12.971693,-0.116757,-0.189805,9.996812,0.008736,0.534226,-0.060281,3.051758,-1.312256,-4.882812
12.981785,-0.100591,-0.507145,10.278226,0.024902,0.216886,0.221134,1.464844,-0.793457,-6.134033
12.991874,0.329315,-0.977168,9.714199,0.454808,-0.253136,-0.342893,5.126953,0.610352,-7.781982
13.001961,-0.815504,-0.519120,9.972263,-0.690011,0.204911,-0.084830,5.004883,0.518799,-9.094238
13.012052,-0.521516,-0.972977,10.045909,-0.396022,-0.248945,-0.011183,-5.249023,1.220703,-13.519287
13.022263,-0.607137,-0.756227,9.929152,-0.481644,-0.032196,-0.127940,-5.218506,1.556396,-13.061523
13.032382,-0.244292,-0.242496,9.781859,-0.118799,0.481536,-0.275234,-5.371094,1.037598,-13.122559
13.042474,-0.418530,-0.742456,9.762698,-0.293037,-0.018424,-0.294394,-4.302979,1.281738,-12.481689
13.052563,-1.025068,-0.959205,10.124945,-0.899575,-0.235174,0.067852,-1.953125,-0.518799,-11.688232
13.062653,-0.299976,-1.137036,10.303973,-0.174483,-0.413004,0.246880,-4.943848,2.166748,-10.131836
13.072743,-0.442480,-0.900527,9.743538,-0.316987,-0.176496,-0.313554,-3.295898,3.662109,-9.704590
13.082836,-0.377814,-1.034648,9.962682,-0.252321,-0.310617,-0.094410,-3.540039,3.570557,-10.345459
13.092926,-0.362845,-0.668809,9.830358,-0.237352,0.055222,-0.226735,-0.427246,2.502441,-9.552002
13.103016,-0.623304,-0.473016,10.418335,-0.497811,0.251015,0.361242,-0.854492,0.854492,-9.582520
13.113107,-0.265847,-0.680186,9.673484,-0.140354,0.043846,-0.383609,0.305176,-0.915527,-9.948730
13.123199,-0.711321,-0.398771,10.758428,-0.585828,0.325261,0.701335,-0.396729,-1.129150,-9.582520
13.133375,-0.802332,-0.960403,10.174642,-0.676839,-0.236371,0.117549,-2.319336,-0.793457,-8.300781
13.143473,-0.359253,-0.966989,10.108180,-0.233760,-0.242958,0.051087,-0.915527,-0.823975,-6.835938
13.153569,-0.301772,-0.997526,10.079440,-0.176279,-0.273494,0.022347,0.152588,-1.037598,-4.913330
13.163666,-0.258063,-1.047821,9.911788,-0.132570,-0.323789,-0.145304,-3.601074,0.488281,-6.164551
13.173763,-0.495170,-0.807720,9.883048,-0.369677,-0.083689,-0.174045,-1.037598,0.885010,-6.286621
13.184182,-0.435295,-0.958008,9.939331,-0.309802,-0.233976,-0.117762,-1.831055,0.579834,-6.591797
13.194280,-0.328118,-0.335901,10.051298,-0.202625,0.388130,-0.005794,-3.753662,0.396729,-5.432129
13.204377,0.041913,-0.726290,9.635164,0.167406,-0.002258,-0.421929,-2.716064,-0.091553,-4.821777
13.214477,-0.983156,-0.384401,10.890154,-0.857662,0.339631,0.833061,-2.319336,-1.953125,-6.286621
13.224573,-0.422122,-0.718506,10.201586,-0.296629,0.005526,0.144493,-2.624512,-2.410889,-5.981445
13.234769,-0.091609,-1.122067,10.521321,0.033884,-0.398035,0.464228,1.953125,-2.777100,-5.889893
13.244859,-0.158670,-0.606539,10.340497,-0.033177,0.117493,0.283404,6.805420,-2.288818,-6.164551
13.254949,-1.330433,-0.374821,10.333911,-1.204940,0.349211,0.276818,6.286621,-1.739502,-5.401611
13.265039,-0.778381,-0.255070,10.035132,-0.652888,0.468962,-0.021961,2.288818,-1.800537,-6.286621
13.275132,-0.538281,-0.114362,9.724977,-0.412788,0.609669,-0.332116,0.854492,-1.922607,-6.927490
13.285223,-0.405357,-0.317939,10.304572,-0.279864,0.406093,0.247479,-1.831055,0.854492,-10.253906
13.295314,-0.625699,-0.974773,9.847722,-0.500206,-0.250741,-0.209371,-2.227783,1.739502,-9.826660
13.305404,-0.902324,-0.292192,10.242301,-0.776831,0.431839,0.185208,1.037598,1.770020,-7.080078
13.315495,-0.826282,-0.871188,10.103390,-0.700789,-0.147157,0.046297,2.197266,0.915527,-3.509521
13.325584,-0.682581,-0.764011,10.182426,-0.557088,-0.039980,0.125333,4.364014,0.000000,-1.586914
13.335710,-0.177830,0.182021,9.420809,-0.052337,0.906053,-0.636283,5.523682,0.488281,1.464844
13.345799,-0.443677,0.107177,9.724977,-0.318184,0.831209,-0.332116,2.502441,-0.518799,1.098633
13.355889,0.258063,-0.179626,9.801019,0.383556,0.544405,-0.256074,-0.915527,0.122070,-3.845215
13.365979,0.103585,-0.402363,9.870474,0.229078,0.321668,-0.186618,-3.082275,0.640869,-4.974365
13.376067,0.371827,-0.401765,10.145303,0.497320,0.322267,0.088210,-3.356934,0.823975,-6.011963
13.386184,0.185015,-0.692759,10.200987,0.310508,0.031272,0.143894,-3.570557,2.044678,-9.429932
13.396273,-0.098196,-0.893941,10.388397,0.027297,-0.169909,0.331305,-2.288818,1.770020,-9.185791
13.406363,-0.052690,-0.545466,10.423724,0.072803,0.178566,0.366631,-1.251221,1.770020,-10.772705
13.416455,0.271236,-0.778980,10.514734,0.396729,-0.054948,0.457642,-4.028320,1.403809,-10.284424
13.426544,-0.041913,-0.938848,10.327324,0.083580,-0.214816,0.270232,-0.579834,1.647949,-10.864258
13.436633,-0.225731,-0.342488,10.242900,-0.100238,0.381544,0.185807,0.396729,1.556396,-11.047363
13.446730,0.223336,-0.958607,10.001003,0.348829,-0.234575,-0.056090,1.708984,0.762939,-10.589600
13.456823,0.317939,-1.129850,10.250684,0.443432,-0.405819,0.193591,1.525879,0.244141,-11.260986
13.466931,0.120350,-0.777783,10.165062,0.245843,-0.053751,0.107969,4.028320,0.305176,-10.375977
13.477025,-0.237107,-1.257984,11.002720,-0.111614,-0.533952,0.945627,-1.190186,-1.708984,-9.490967
13.487118,0.582589,-1.098116,10.441088,0.708082,-0.374085,0.383995,0.579834,-1.922607,-8.483887
13.497209,0.396974,-0.954415,10.005194,0.522468,-0.230384,-0.051899,3.082275,-0.030518,-7.171631
13.507303,0.458646,-0.964594,10.026151,0.584139,-0.240562,-0.030942,-2.716064,1.525879,-9.246826
13.517399,0.319735,-0.662223,9.988429,0.445228,0.061809,-0.068664,-0.701904,1.190186,-8.697510
13.527493,0.218546,-0.564626,9.518406,0.344039,0.159406,-0.538686,-0.061035,1.220703,-7.080078
13.537718,0.273631,0.125739,10.405162,0.399124,0.849770,0.348070,2.014160,0.732422,-6.835938
13.547807,0.578397,-0.406555,10.339898,0.703890,0.317477,0.282805,-3.570557,0.061035,-8.636475
13.557895,-0.490979,-0.337099,10.929672,-0.365486,0.386933,0.872579,-3.662109,0.549316,-11.230469
13.567982,0.281415,-0.846639,10.195598,0.406908,-0.122608,0.138505,-5.828857,0.518799,-11.383057
13.578069,-0.252675,-0.330513,10.477013,-0.127182,0.393519,0.419920,-1.312256,0.000000,-12.237549
13.588172,-0.067061,-0.668210,10.296788,0.058432,0.055821,0.239695,0.091553,-0.122070,-10.894775
13.598262,0.049697,-0.590971,10.102192,0.175190,0.133061,0.045100,0.305176,-0.885010,-9.216309
13.608349,0.081431,-0.736469,10.011182,0.206924,-0.012437,-0.045911,2.288818,-0.671387,-9.155273
13.618437,-0.394579,-0.525108,10.741064,-0.269086,0.198924,0.683971,1.129150,0.213623,-9.399414
13.628524,-0.074246,-0.413740,10.262060,0.051247,0.310292,0.204967,1.007080,0.640869,-9.094238
13.638643,-0.155078,-0.783770,9.956096,-0.029584,-0.059739,-0.100996,-0.488281,0.030518,-9.246826
13.648746,-0.380209,-0.600551,10.202184,-0.254716,0.123480,0.145092,-0.823975,0.030518,-9.704590
13.658837,-0.400567,-0.957409,10.160870,-0.275074,-0.233377,0.103778,1.281738,1.007080,-9.796143
13.668922,-1.087339,-1.393901,10.168654,-0.961846,-0.669870,0.111562,0.457764,0.915527,-8.056641
13.679012,-0.516127,-0.669408,9.822574,-0.390634,0.054624,-0.234519,2.838135,0.732422,-5.859375
13.689098,-0.767005,-0.774190,9.799821,-0.641512,-0.050158,-0.257272,-0.122070,-0.366211,-4.974365
13.699228,-0.359852,-0.892145,10.119556,-0.234359,-0.168113,0.062464,-1.068115,-0.305176,-4.089355
13.709331,-0.884960,-1.067580,10.408755,-0.759467,-0.343548,0.351662,-0.183105,-1.495361,-3.234863
13.719421,-0.474813,-0.470621,9.890832,-0.349320,0.253410,-0.166261,0.610352,-1.678467,-2.136230
13.729507,-0.590372,-0.537083,9.998608,-0.464879,0.186948,-0.058485,0.122070,-0.762939,0.793457
13.739627,-0.417332,-0.585582,9.775871,-0.291839,0.138449,-0.281222,0.457764,-0.671387,1.892090
13.749715,-0.502355,-0.553848,10.251881,-0.376862,0.170183,0.194788,-2.593994,-1.434326,-1.739502
13.759804,0.179028,-0.739462,9.968670,0.304521,-0.015431,-0.088423,-4.577637,-0.640869,-1.770020
13.769909,-0.031135,-0.468825,9.912387,0.094358,0.255207,-0.144706,-4.669189,-0.488281,-2.349854
13.780000,-0.307161,-0.216151,10.245295,-0.181668,0.507881,0.188202,-3.356934,0.030518,-3.448486
13.790087,-0.067659,-0.601150,10.077045,0.057834,0.122882,0.019952,-4.089355,0.579834,-4.089355
13.800177,0.005988,-0.151485,10.133926,0.131481,0.572547,0.076834,-2.960205,0.488281,-3.631592
13.810265,-0.264650,-0.306563,9.930350,-0.139157,0.417469,-0.126743,-1.434326,0.091553,-4.028320
13.820355,-0.552651,-0.427511,10.081236,-0.427158,0.296521,0.024143,-1.831055,-0.457764,-4.241943
13.830461,0.213157,-0.647853,9.859098,0.338650,0.076179,-0.197995,-0.762939,0.335693,-2.807617
13.840582,-0.804128,-0.002395,10.759625,-0.678635,0.721637,0.702533,-3.723145,3.234863,-1.403809
13.850670,-0.038919,-0.288600,9.987830,0.086574,0.435432,-0.069262,-3.021240,0.579834,-1.098633
13.860760,-0.140707,-0.501757,9.858499,-0.015214,0.222275,-0.198594,-2.899170,0.366211,-0.305176
13.870849,-0.353265,-0.728685,10.174642,-0.227772,-0.004653,0.117549,-0.885010,-0.244141,1.464844
13.880939,-0.324525,-0.726290,10.215357,-0.199032,-0.002258,0.158264,-0.823975,-1.434326,2.746582
13.891028,-0.439486,0.026345,10.298584,-0.313993,0.750377,0.241491,-0.518799,-2.349854,4.821777
13.901135,-0.054487,-0.032333,10.194999,0.071006,0.691699,0.137907,1.159668,-2.441406,5.249023
13.911225,0.145497,-0.245490,10.211765,0.270990,0.478542,0.154672,-0.152588,-2.777100,3.540039
13.921315,-0.270038,-0.329914,10.147698,-0.144545,0.394118,0.090605,-5.828857,1.098633,-1.647949
13.931405,-0.204774,-0.313149,10.153087,-0.079281,0.410883,0.095994,-4.516602,-0.518799,-2.441406
13.941578,0.240699,-0.091609,9.920770,0.366192,0.632422,-0.136323,1.251221,-0.732422,1.220703
13.951677,0.282612,0.102986,9.767488,0.408105,0.827017,-0.289604,3.021240,0.030518,-1.800537
13.961788,-0.119152,0.520318,10.182426,0.006341,1.244350,0.125333,5.615234,-0.518799,-1.861572
13.971885,-0.041314,-0.557441,9.999805,0.084179,0.166591,-0.057287,3.326416,-2.746582,-2.441406
13.981984,0.217348,0.000599,10.062675,0.342841,0.724630,0.005582,4.516602,-0.854492,-1.983643
13.992081,-0.950224,0.961600,10.621313,-0.824731,1.685632,0.564220,9.582520,0.549316,-1.098633
14.002177,-0.200583,0.094603,9.568103,-0.075090,0.818635,-0.488990,8.026123,0.732422,-1.403809
14.012285,-0.380808,-0.369432,9.747131,-0.255315,0.354600,-0.309962,3.509521,-0.305176,-2.471924
14.022389,-0.060474,0.023950,9.624985,0.065019,0.747982,-0.432108,1.922607,-0.946045,-5.035400
14.032488,-0.355062,-0.435295,10.067465,-0.229569,0.288737,0.010372,-6.652832,0.152588,-6.835938
14.042675,-0.345482,-0.759221,9.971664,-0.219989,-0.035190,-0.085429,-5.035400,-0.640869,-6.958008
14.052767,-0.820294,-0.675994,10.356663,-0.694801,0.048037,0.299571,-4.608154,-0.366211,-4.180908
14.062858,-0.316143,-0.461041,10.239906,-0.190650,0.262990,0.182813,-5.493164,-0.213623,-2.593994
14.072949,-0.215552,-0.311353,10.236912,-0.090059,0.412679,0.179820,-1.708984,-0.335693,0.579834
14.083041,-0.196990,-0.792153,9.793235,-0.071497,-0.068121,-0.263858,-0.854492,-1.556396,5.004883
14.093132,-0.239502,-0.675396,10.115365,-0.114009,0.048636,0.058272,1.190186,-0.915527,5.584717
14.103223,-0.456850,-0.538281,10.059681,-0.331357,0.185751,0.002588,-1.800537,-1.281738,5.615234
14.113314,-0.174836,-0.607736,9.889036,-0.049343,0.116295,-0.168057,0.213623,-0.915527,7.263184
14.123406,-0.212558,-0.729283,10.023755,-0.087065,-0.005252,-0.033337,-0.457764,-0.885010,6.561279
14.133496,-0.405956,-0.540077,10.180031,-0.280463,0.183955,0.122938,-3.784180,-0.549316,4.791260
14.143629,-0.585582,-0.713117,10.309960,-0.460089,0.010915,0.252868,-3.356934,-1.251221,3.173828
14.153718,-0.118553,-0.413740,9.547147,0.006940,0.310292,-0.509946,-3.479004,0.122070,1.617432
14.163812,-0.510738,-0.695154,10.326127,-0.385245,0.028877,0.269034,-2.319336,0.061035,1.708984
14.173903,-0.693358,-0.922083,10.015972,-0.567865,-0.198051,-0.041121,-0.518799,-0.579834,1.129150
14.183994,-0.734672,-0.737067,10.236313,-0.609179,-0.013036,0.179221,0.915527,-0.823975,2.899170
14.194086,-0.550256,-0.668809,9.808802,-0.424763,0.055222,-0.248290,1.342773,-1.190186,5.249023
14.204193,-0.649050,-1.393303,9.890832,-0.523557,-0.669271,-0.166261,-0.946045,-1.068115,3.082275
14.214285,-0.428708,-1.294508,9.897418,-0.303215,-0.570476,-0.159674,-0.457764,-1.007080,2.807617
14.224377,-0.883762,-1.582509,10.020163,-0.758269,-0.858478,-0.036930,-1.739502,0.030518,2.624512
14.234469,-0.712518,-1.700464,10.052496,-0.587025,-0.976432,-0.004597,-1.831055,0.000000,2.593994
14.244593,-0.841849,-1.482517,9.749526,-0.716356,-0.758485,-0.307567,0.000000,0.152588,6.652832
14.254684,-1.219065,-1.483715,10.028546,-1.093572,-0.759683,-0.028547,0.457764,-0.366211,8.026123
14.264775,-0.988544,-1.315464,10.007589,-0.863051,-0.591433,-0.049504,-1.464844,-0.854492,10.772705
14.274866,-0.971779,-1.184936,10.139315,-0.846286,-0.460904,0.082223,-1.770020,-0.549316,11.627197
14.284956,-0.783171,-0.933459,10.047107,-0.657678,-0.209427,-0.009986,-0.030518,-0.274658,14.404297
14.295048,-0.869392,-0.615520,10.061477,-0.743899,0.108512,0.004384,0.518799,-0.335693,15.136719
14.305140,-0.870590,-0.474214,10.027947,-0.745097,0.249818,-0.029146,-0.366211,-0.335693,15.167236
14.315231,-0.720901,-0.416733,10.003398,-0.595408,0.307298,-0.053695,-2.685547,-0.671387,14.007568
14.325322,-0.485590,-0.432301,9.880653,-0.360097,0.291731,-0.176440,-2.960205,-0.579834,14.221191
14.335412,-0.765807,-0.519120,10.081835,-0.640314,0.204911,0.024742,-1.159668,-0.518799,13.732910
14.345538,-0.477208,-0.561632,10.133926,-0.351715,0.162400,0.076834,-0.366211,-0.671387,14.160156
14.355630,-0.574805,-0.573008,10.068662,-0.449312,0.151023,0.011569,0.335693,-0.488281,13.458252
14.365722,-0.377216,-0.681383,10.172247,-0.251723,0.042649,0.115154,0.335693,-1.190186,12.481689
14.375813,-0.418530,-0.754431,10.010583,-0.293037,-0.030400,-0.046510,1.007080,-0.854492,11.047363
14.385905,-0.317340,-1.172961,9.926757,-0.191847,-0.448929,-0.130335,1.129150,-0.335693,10.467529
14.395996,-0.559836,-1.354384,10.142908,-0.434343,-0.630352,0.085815,1.190186,-0.030518,11.352539
14.406089,-0.536484,-1.257984,10.075248,-0.410991,-0.533952,0.018156,0.671387,-0.610352,14.801025
14.416181,-0.147294,-1.061592,9.902208,-0.021801,-0.337561,-0.154884,-0.274658,-0.213623,16.418457
14.426272,-0.253273,-1.084944,10.109377,-0.127780,-0.360912,0.052285,2.716064,0.305176,18.920898
14.436364,-0.321531,-0.949625,10.330318,-0.196038,-0.225594,0.273225,0.762939,-0.732422,19.256592
14.446486,0.561632,-0.978964,10.072853,0.687125,-0.254933,0.015761,0.366211,-0.762939,19.744873
14.456576,0.376018,-0.615520,9.988429,0.501511,0.108512,-0.068664,2.136230,-0.305176,19.561768
14.466668,0.209564,-0.613125,9.991423,0.335057,0.110907,-0.065670,0.640869,-0.213623,19.622803
14.476756,0.498763,0.308359,10.221345,0.624256,1.032390,0.164252,3.021240,0.091553,19.439697
14.486858,0.719703,-0.438887,9.862092,0.845196,0.285144,-0.195001,-1.129150,0.488281,16.754150
14.497200,0.795146,-0.434696,10.066866,0.920640,0.289336,0.009773,0.091553,0.793457,14.068604
14.507289,0.440684,-0.866997,10.045909,0.566177,-0.142965,-0.011183,1.159668,0.518799,12.573242
14.517393,0.752036,-0.733475,9.918375,0.877529,-0.009443,-0.138718,0.885010,-0.366211,11.352539
14.527496,0.565823,-0.413141,10.071656,0.691316,0.310891,0.014563,-0.213623,0.762939,8.544922
14.537585,0.620909,-0.432900,10.052496,0.746402,0.291132,-0.004597,-0.488281,1.007080,7.293701
14.547687,0.651445,-0.524509,9.881252,0.776938,0.199522,-0.175841,-2.319336,0.885010,3.814697
14.557787,0.282612,-0.546663,9.960287,0.408105,0.177368,-0.096805,-2.075195,0.823975,0.305176
14.567876,0.065264,-0.686772,10.263257,0.190757,0.037260,0.206165,-3.875732,-0.030518,-0.671387
14.577978,0.100591,-0.531096,9.878857,0.226084,0.192936,-0.178236,-3.570557,0.579834,0.549316
14.588079,0.004191,-0.700543,10.178234,0.129684,0.023488,0.121142,-3.326416,0.305176,1.525879
14.598169,0.038919,-0.571811,10.102791,0.164412,0.152221,0.045698,-1.251221,-0.122070,1.708984
14.608270,-0.224533,-0.608934,10.108180,-0.099040,0.115098,0.051087,0.244141,-0.152588,2.136230
14.618371,0.099393,-0.451461,9.775871,0.224886,0.272570,-0.281222,-0.091553,0.061035,1.770020
14.628460,-0.231119,-0.471819,9.874067,-0.105626,0.252213,-0.183026,-0.610352,0.244141,1.464844
14.638562,-0.185614,-0.567021,10.180629,-0.060121,0.157011,0.123537,0.976562,-0.549316,2.288818
14.648669,-0.288001,-0.526306,10.189611,-0.162508,0.197726,0.132518,0.732422,-0.640869,2.166748
14.658761,-0.272433,-0.435295,10.029743,-0.146940,0.288737,-0.027350,1.922607,-0.549316,3.143311
14.668864,-0.247885,-0.741857,10.031539,-0.122391,-0.017826,-0.025553,1.739502,-0.671387,4.364014
14.678968,-0.430505,-0.767005,10.200987,-0.305012,-0.042973,0.143894,-0.518799,-1.037598,3.753662
14.689056,-0.161065,-0.768801,10.008188,-0.035572,-0.044770,-0.048905,-1.831055,-1.312256,2.197266
14.699161,-0.100591,-0.594564,9.986633,0.024902,0.129468,-0.070460,-0.823975,-0.793457,1.251221
14.709327,-0.412542,-0.603545,10.040521,-0.287049,0.120487,-0.016572,1.220703,-1.312256,1.129150
14.719417,-0.780776,-0.775986,10.085427,-0.655283,-0.051955,0.028335,-3.051758,-1.953125,0.244141
14.729520,0.016166,-0.976569,10.221943,0.141659,-0.252538,0.164851,-3.723145,-1.037598,-1.586914
14.739626,-0.393382,-0.604144,10.109976,-0.267889,0.119888,0.052884,-0.640869,0.061035,1.281738
14.749748,-0.486189,-0.768203,9.723181,-0.360696,-0.044171,-0.333912,2.746582,-1.831055,5.004883
14.759853,-0.227527,-0.623903,10.253079,-0.102034,0.100129,0.195986,3.570557,-2.868652,4.669189
14.769959,-0.188608,-0.513732,9.849518,-0.063115,0.210300,-0.207575,2.746582,-1.892090,4.150391
14.780051,-0.301772,-0.726290,10.182426,-0.176279,-0.002258,0.125333,3.784180,-1.922607,2.960205
14.790200,-0.150886,-0.470023,10.151290,-0.025393,0.254009,0.094198,3.967285,-1.525879,2.655029
14.800305,-0.297581,-0.617915,9.957294,-0.172088,0.106117,-0.099799,4.180908,-1.464844,-0.091553
14.810395,-0.303569,-0.367037,9.992620,-0.178076,0.356995,-0.064472,2.166748,-1.586914,-2.685547
14.820502,-0.218546,-0.771795,10.132729,-0.093052,-0.047763,0.075636,1.098633,-1.922607,-5.615234
14.830607,-0.319136,-1.152603,10.380613,-0.193643,-0.428572,0.323521,0.152588,-1.922607,-6.835938
14.840699,-0.191003,-1.007106,10.245894,-0.065510,-0.283074,0.188801,-0.213623,-0.915527,-6.805420
14.850838,-0.688568,-0.701142,10.111772,-0.563075,0.022890,0.054680,0.183105,0.427246,-7.629395
14.860943,-0.302371,-0.825084,9.891431,-0.176878,-0.101053,-0.165662,-0.335693,0.305176,-6.622314
14.871035,-0.362845,-1.107697,9.883647,-0.237352,-0.383665,-0.173446,-0.305176,0.152588,-6.439209
14.881139,-0.383802,-1.070574,10.035132,-0.258309,-0.346542,-0.021961,-1.373291,0.213623,-5.554199
14.891245,-0.462838,-0.973575,10.218950,-0.337344,-0.249544,0.161857,-0.762939,0.335693,-3.509521
14.901337,-0.495769,-1.020877,10.076446,-0.370276,-0.296845,0.019353,-1.464844,1.190186,-4.516602
14.911446,-0.486788,-0.966390,10.176438,-0.361295,-0.242359,0.119345,-0.152588,0.823975,-3.845215
14.921553,-0.163460,-0.499960,9.806407,-0.037967,0.224071,-0.250685,-1.129150,0.976562,-3.814697
14.931645,-0.276625,-0.735870,10.118958,-0.151132,-0.011838,0.061865,-1.647949,1.190186,-5.859375
14.941741,-0.457449,-0.654439,10.162667,-0.331956,0.069593,0.105574,0.823975,-0.061035,-4.425049
14.951873,-0.313748,-1.005309,10.093810,-0.188255,-0.281278,0.036717,-0.610352,-0.396729,-5.859375
14.961964,-0.173639,-0.992137,9.932146,-0.048146,-0.268105,-0.124947,0.885010,0.640869,-5.432129
14.972057,-0.560435,-0.666414,10.077045,-0.434942,0.057617,0.019952,0.885010,0.183105,-5.889893
14.982189,-0.560435,-1.013093,9.858499,-0.434942,-0.289062,-0.198594,0.244141,0.488281,-3.753662
14.992348,-0.340692,-1.040037,10.216555,-0.215198,-0.316006,0.159462,-0.518799,-0.549316,-2.838135
15.002486,-0.510139,-1.042432,9.984836,-0.384646,-0.318401,-0.072256,-0.762939,0.427246,-2.593994
15.012643,-0.545466,-0.907712,10.110575,-0.419973,-0.183681,0.053482,-1.190186,1.098633,-1.800537
15.022755,-0.599952,-1.072370,10.378817,-0.474459,-0.348338,0.321724,-1.739502,1.159668,-0.976562
15.032895,-0.312550,-0.778381,10.054891,-0.187057,-0.054350,-0.002202,0.976562,0.762939,-1.922607
15.042999,-0.501158,-0.620310,10.111174,-0.375665,0.103722,0.054081,-0.305176,0.671387,-1.831055
15.053187,-0.438887,-0.635878,9.956096,-0.313394,0.088154,-0.100996,-0.213623,0.671387,-3.387451
15.063269,-0.541873,-0.659229,10.144704,-0.416380,0.064802,0.087611,-1.831055,0.732422,-4.211426
15.073353,-0.310754,-0.641266,9.966874,-0.185261,0.082765,-0.090219,0.061035,1.007080,-3.967285
15.083435,-0.691562,-0.673000,10.267449,-0.566069,0.051031,0.210356,-3.051758,1.129150,-3.417969
15.093519,-0.514929,-0.912502,10.220147,-0.389436,-0.188471,0.163054,-1.922607,0.946045,-2.502441
15.103603,-0.671803,-0.868195,10.141710,-0.546310,-0.144163,0.084618,-0.091553,0.732422,-0.457764
15.113685,-0.503553,-1.017883,10.063273,-0.378060,-0.293852,0.006181,0.427246,0.793457,-0.091553
15.123769,-0.586780,-0.628094,10.054891,-0.461287,0.095938,-0.002202,0.396729,0.457764,1.678467
15.133849,-0.320933,-0.670605,9.951905,-0.195440,0.053426,-0.105188,0.610352,0.610352,2.014160
15.143936,-0.416135,-0.602347,9.992021,-0.290642,0.121684,-0.065071,0.610352,0.793457,1.403809
15.154100,-0.326321,-0.666414,10.125544,-0.200828,0.057617,0.068451,-0.640869,0.396729,-1.159668
15.164188,-0.309556,-0.667612,10.083032,-0.184063,0.056420,0.025940,0.091553,0.427246,-1.190186
15.174279,-0.397573,-0.134121,10.081236,-0.272080,0.589911,0.024143,5.676270,1.678467,-0.061035
15.184371,-0.808319,-0.316741,10.405162,-0.682826,0.407290,0.348070,3.204346,1.739502,-1.220703
15.194463,-0.557441,-0.631686,10.074051,-0.431948,0.092345,0.016958,-0.518799,0.915527,-2.380371
15.204552,-0.476010,-0.852627,10.104587,-0.350517,-0.128595,0.047495,-1.129150,0.885010,-3.753662
15.214646,-0.473615,-0.831072,10.015373,-0.348122,-0.107040,-0.041720,-0.885010,0.793457,-0.366211
15.224736,-0.366438,-0.688568,10.018367,-0.240945,0.035464,-0.038726,-1.831055,0.366211,-1.464844
15.234827,-0.239502,-0.733475,10.035731,-0.114009,-0.009443,-0.021362,-1.953125,0.366211,-1.831055
15.244918,-0.296982,-0.835862,9.943522,-0.171489,-0.111830,-0.113570,-2.044678,0.183105,-1.983643
15.255105,-0.270637,-0.661624,10.095606,-0.145144,0.062407,0.038513,-0.335693,0.579834,-0.396729
15.265187,-0.088017,-0.760419,10.108180,0.037476,-0.036387,0.051087,-1.861572,0.030518,1.190186
15.275277,-0.606539,-0.528102,9.940529,-0.481046,0.195930,-0.116564,-3.601074,-0.091553,-2.532959
15.285362,-0.150886,-0.893941,10.069860,-0.025393,-0.169909,0.012767,-0.335693,0.610352,-0.183105
15.295445,-0.422721,-0.780178,10.048304,-0.297228,-0.056146,-0.008788,-0.579834,0.457764,1.220703
15.305532,-0.344284,-0.966390,10.044712,-0.218791,-0.242359,-0.012381,-0.244141,0.793457,1.403809
15.315618,-0.306563,-0.853824,9.954300,-0.181069,-0.129793,-0.102793,-1.983643,0.946045,0.152588
15.325703,-0.498763,-0.780178,10.081835,-0.373270,-0.056146,0.024742,-1.678467,0.762939,0.305176
15.335789,-0.404160,-0.778381,10.037527,-0.278667,-0.054350,-0.019566,-1.403809,0.762939,0.091553
15.345873,-0.381407,-0.923879,10.059681,-0.255914,-0.199847,0.002588,-1.434326,0.885010,-0.213623
15.355998,-0.440085,-0.772993,10.026749,-0.314592,-0.048961,-0.030343,-1.525879,0.885010,-0.274658
15.366095,-0.495769,-0.800535,10.084828,-0.370276,-0.076504,0.027736,-0.976562,1.342773,0.152588
15.376183,-0.455054,-0.819097,10.123748,-0.329561,-0.095065,0.066655,-1.190186,1.434326,0.793457
15.386270,-0.456850,-0.699944,10.024354,-0.331357,0.024087,-0.032738,-2.502441,2.136230,1.678467
15.396353,-0.162263,-0.863405,9.983040,-0.036770,-0.139373,-0.074053,-2.166748,1.525879,1.800537
15.406451,-0.211959,-0.801733,10.014774,-0.086466,-0.077701,-0.042318,-2.258301,2.105713,1.892090
15.416538,-0.222138,-0.849633,10.036928,-0.096645,-0.125602,-0.020165,-0.488281,2.532959,2.014160
15.426755,-0.500559,-0.713117,10.026151,-0.375066,0.010915,-0.030942,-2.960205,3.631592,2.105713
15.437088,-0.544867,-0.622705,10.103989,-0.419374,0.101327,0.046896,-2.777100,3.143311,3.570557
15.447172,-0.290995,-1.001717,10.111772,-0.165502,-0.277685,0.054680,-3.723145,4.730225,2.868652
15.457271,-0.536484,-1.148412,10.040521,-0.410991,-0.424380,-0.016572,-3.692627,4.180908,3.051758
15.467378,-0.790955,-1.128653,10.115964,-0.665462,-0.404621,0.058871,-4.547119,5.340576,2.624512
15.477465,-0.633483,-1.310076,9.952504,-0.507990,-0.586044,-0.104589,-3.845215,5.584717,5.706787
15.487554,-0.601749,-1.153202,9.970466,-0.476256,-0.429170,-0.086626,-1.708984,3.540039,8.270264
15.497646,-0.535287,-1.054407,10.002799,-0.409794,-0.330376,-0.054294,-2.044678,3.509521,10.681152
15.507735,-0.159868,-1.095721,9.956695,-0.034375,-0.371690,-0.100398,-1.281738,3.112793,9.918213
15.517827,-0.453856,-0.895737,10.072255,-0.328363,-0.171706,0.015162,0.091553,2.227783,10.498047
15.527917,-0.531694,-0.556243,10.065070,-0.406201,0.167788,0.007977,-0.305176,2.441406,9.399414
15.538006,-0.310754,-0.529898,10.053094,-0.185261,0.194134,-0.003998,-0.396729,2.044678,9.368896
15.548094,-0.373024,-0.839454,10.053094,-0.247531,-0.115423,-0.003998,-1.129150,2.227783,7.446289
15.558185,-0.344883,-0.809517,10.141710,-0.219390,-0.085485,0.084618,-0.915527,2.166748,5.249023
15.568273,-0.456251,-0.643063,10.042916,-0.330758,0.080969,-0.014177,-1.037598,2.899170,1.739502
15.578365,-0.356858,-0.537083,10.071057,-0.231365,0.186948,0.013964,-1.129150,2.929688,0.488281
15.588454,-0.404758,-0.502355,10.101594,-0.279265,0.221676,0.044501,-0.793457,2.685547,-2.014160
15.598541,-0.285606,-0.768203,10.047107,-0.160113,-0.044171,-0.009986,-1.007080,2.899170,-4.211426
15.608630,-0.365240,-0.724493,10.098001,-0.239747,-0.000462,0.040908,-0.518799,2.685547,-7.080078
15.618720,-0.451461,-0.786764,10.062675,-0.325968,-0.062732,0.005582,-0.518799,2.563477,-8.300781
15.628809,-0.306563,-0.928070,10.044712,-0.181069,-0.204038,-0.012381,-0.579834,2.410889,-9.674072
15.638899,-0.409548,-0.966390,10.044113,-0.284055,-0.242359,-0.012980,-0.488281,2.044678,-10.345459
15.648992,-0.555046,-0.922083,10.014175,-0.429553,-0.198051,-0.042917,-0.671387,2.044678,-10.223389
15.659229,-0.547262,-0.926873,10.035731,-0.421769,-0.202841,-0.021362,-0.213623,1.190186,-7.904053
15.669326,-0.458047,-1.007704,10.092612,-0.332554,-0.283673,0.035520,-0.335693,1.312256,-6.774902
15.679422,-0.456850,-1.078358,10.053693,-0.331357,-0.354326,-0.003399,-0.396729,1.617432,-5.340576
15.689520,-0.546064,-1.111888,10.039323,-0.420571,-0.387856,-0.017770,-0.488281,1.831055,-4.425049
15.699621,-0.555046,-1.066382,10.046508,-0.429553,-0.342351,-0.010584,-0.457764,1.800537,-3.601074
15.709717,-0.434696,-0.961002,10.039323,-0.309203,-0.236970,-0.017770,-0.274658,1.434326,-1.892090
15.719811,-0.380209,-0.990341,10.038724,-0.254716,-0.266309,-0.018368,-0.183105,1.281738,-1.403809
15.729906,-0.698148,-1.008902,10.042916,-0.572655,-0.284870,-0.014177,0.061035,0.915527,-1.190186
15.740004,-0.727487,-1.005908,10.047706,-0.601994,-0.281877,-0.009387,0.152588,0.640869,-0.457764
15.750097,-0.661025,-0.980760,10.051897,-0.535532,-0.256729,-0.005196,0.152588,0.274658,0.793457
15.760197,-0.519120,-0.899330,10.055490,-0.393627,-0.175298,-0.001603,0.183105,0.183105,1.190186
15.770288,-0.465233,-0.867596,10.048903,-0.339740,-0.143564,-0.008189,0.152588,0.122070,1.281738
15.780376,-0.365839,-0.826880,10.048304,-0.240346,-0.102849,-0.008788,0.122070,0.091553,1.037598
15.790468,-0.334704,-0.817300,10.057286,-0.209211,-0.093269,0.000193,0.061035,0.091553,0.823975
15.800559,-0.306563,-0.812510,10.064471,-0.181069,-0.088479,0.007378,0.030518,0.122070,0.457764
15.810650,-0.291594,-0.813109,10.061477,-0.166101,-0.089078,0.004384,0.000000,0.091553,0.366211
15.820741,-0.289199,-0.809517,10.049502,-0.163706,-0.085485,-0.007591,0.030518,0.122070,0.213623
15.830832,-0.274230,-0.803529,10.047107,-0.148737,-0.079497,-0.009986,0.030518,0.122070,0.152588
15.840924,-0.288600,-0.808319,10.054292,-0.163107,-0.084287,-0.002801,0.030518,0.122070,0.122070
15.851015,-0.323926,-0.807122,10.058483,-0.198433,-0.083090,0.001391,-0.030518,0.091553,0.030518
15.861208,-0.311353,-0.805924,10.060280,-0.185860,-0.081892,0.003187,-0.061035,0.061035,0.000000
15.871306,-0.213755,-0.798140,10.053693,-0.088262,-0.074109,-0.003399,-0.183105,0.061035,0.152588
15.881403,-0.230521,-0.798140,10.056088,-0.105028,-0.074109,-0.001004,-0.091553,0.030518,0.122070
15.891501,-0.238304,-0.790356,10.059082,-0.112811,-0.066325,0.001989,-0.091553,0.030518,0.030518
15.901597,-0.237706,-0.791554,10.063872,-0.112213,-0.067522,0.006779,-0.061035,0.000000,0.030518
15.911699,-0.237706,-0.792751,10.059082,-0.112213,-0.068720,0.001989,-0.030518,0.030518,0.030518
15.921811,-0.244292,-0.792751,10.051897,-0.118799,-0.068720,-0.005196,0.000000,0.061035,0.030518
15.931911,-0.247885,-0.793949,10.048304,-0.122391,-0.069917,-0.008788,0.000000,0.091553,0.030518
15.942005,-0.250280,-0.793949,10.050699,-0.124787,-0.069917,-0.006393,0.000000,0.091553,0.030518
15.952101,-0.253273,-0.796943,10.047107,-0.127780,-0.072911,-0.009986,0.000000,0.061035,0.000000
15.962196,-0.258662,-0.806523,10.051897,-0.133169,-0.082491,-0.005196,0.000000,0.091553,0.000000
15.972284,-0.258063,-0.811313,10.048903,-0.132570,-0.087281,-0.008189,0.000000,0.061035,0.000000
15.982374,-0.254471,-0.807122,10.050101,-0.128978,-0.083090,-0.006992,-0.030518,0.061035,0.000000
15.992465,-0.253273,-0.806523,10.059082,-0.127780,-0.082491,0.001989,0.000000,0.091553,0.030518
16.002557,-0.251477,-0.808918,10.059082,-0.125984,-0.084886,0.001989,-0.030518,0.091553,0.030518
16.012645,-0.252076,-0.807720,10.057885,-0.126583,-0.083689,0.000792,0.000000,0.030518,0.061035
16.022734,-0.252076,-0.806523,10.053094,-0.126583,-0.082491,-0.003998,0.000000,0.030518,0.061035
16.032827,-0.252675,-0.793949,10.053693,-0.127182,-0.069917,-0.003399,0.030518,0.091553,0.030518
16.042944,-0.248483,-0.801134,10.060280,-0.122990,-0.077102,0.003187,0.000000,0.061035,0.030518
16.053044,-0.247885,-0.797542,10.070458,-0.122391,-0.073510,0.013366,0.030518,0.091553,0.030518
16.063166,-0.247885,-0.794548,10.070458,-0.122391,-0.070516,0.013366,0.030518,0.061035,0.030518
16.073284,-0.247885,-0.795745,10.061477,-0.122391,-0.071714,0.004384,0.030518,0.091553,0.030518
16.083367,-0.257465,-0.802332,10.063273,-0.131972,-0.078300,0.006181,0.030518,0.091553,0.030518
16.093791,-0.257465,-0.804128,10.068662,-0.131972,-0.080096,0.011569,0.030518,0.091553,0.030518
16.103901,-0.261656,-0.804128,10.059681,-0.136163,-0.080096,0.002588,-0.030518,0.091553,0.061035
16.114020,-0.262853,-0.802930,10.057286,-0.137360,-0.078899,0.000193,-0.030518,0.091553,0.091553
16.124145,-0.258063,-0.804128,10.056088,-0.132570,-0.080096,-0.001004,-0.030518,0.061035,0.122070
16.134231,-0.255070,-0.799338,10.054292,-0.129577,-0.075306,-0.002801,0.000000,0.061035,0.122070
16.144346,-0.250280,-0.796943,10.053693,-0.124787,-0.072911,-0.003399,0.000000,0.030518,0.091553
16.154456,-0.261057,-0.805924,10.053693,-0.135564,-0.081892,-0.003399,0.030518,0.030518,0.061035
16.164563,-0.256267,-0.799338,10.054891,-0.130774,-0.075306,-0.002202,0.030518,0.030518,0.061035
16.174713,-0.250280,-0.798140,10.056088,-0.124787,-0.074109,-0.001004,0.000000,0.030518,0.091553
16.184875,-0.244891,-0.795745,10.063872,-0.119398,-0.071714,0.006779,0.000000,0.061035,0.061035
16.195029,-0.256267,-0.793350,10.067465,-0.130774,-0.069319,0.010372,0.030518,0.061035,0.061035
16.205151,-0.261057,-0.793949,10.066267,-0.135564,-0.069917,0.009174,0.000000,0.061035,0.061035
16.215302,-0.259860,-0.796943,10.066267,-0.134367,-0.072911,0.009174,0.000000,0.061035,0.030518
16.225449,-0.265248,-0.792153,10.065668,-0.139755,-0.068121,0.008576,0.030518,0.061035,0.030518
16.235600,-0.257465,-0.795146,10.063872,-0.131972,-0.071115,0.006779,0.000000,0.061035,0.030518
16.245724,-0.244891,-0.793350,10.066267,-0.119398,-0.069319,0.009174,-0.030518,0.061035,0.030518
16.255856,-0.238903,-0.795745,10.066866,-0.113410,-0.071714,0.009773,0.000000,0.061035,0.030518
16.265980,-0.241298,-0.799937,10.066267,-0.115805,-0.075905,0.009174,0.030518,0.061035,0.030518
16.276137,-0.243693,-0.797542,10.059681,-0.118200,-0.073510,0.002588,0.061035,0.061035,0.030518
16.286244,-0.246088,-0.798140,10.063273,-0.120595,-0.074109,0.006181,0.000000,0.061035,0.091553
16.296387,-0.247286,-0.803529,10.067465,-0.121793,-0.079497,0.010372,0.030518,0.061035,0.061035
16.306522,-0.248483,-0.804128,10.068662,-0.122990,-0.080096,0.011569,0.000000,0.091553,0.061035
16.316646,-0.253872,-0.810115,10.053094,-0.128379,-0.086084,-0.003998,-0.030518,0.061035,0.030518
16.326800,-0.260458,-0.806523,10.048304,-0.134965,-0.082491,-0.008788,0.000000,0.091553,0.061035
16.336969,-0.259860,-0.801733,10.053693,-0.134367,-0.077701,-0.003399,0.000000,0.091553,0.091553
16.347084,-0.249681,-0.806523,10.059681,-0.124188,-0.082491,0.002588,0.000000,0.091553,0.091553
16.357191,-0.255668,-0.808918,10.048903,-0.130175,-0.084886,-0.008189,0.030518,0.091553,0.061035
16.367291,-0.258662,-0.808319,10.059681,-0.133169,-0.084287,0.002588,-0.030518,0.091553,0.061035
16.377375,-0.255070,-0.804128,10.057885,-0.129577,-0.080096,0.000792,0.000000,0.061035,0.091553
16.387464,-0.255668,-0.799338,10.060878,-0.130175,-0.075306,0.003786,0.030518,0.030518,0.091553
16.397564,-0.252675,-0.805325,10.069261,-0.127182,-0.081294,0.012168,0.030518,0.061035,0.091553
16.407658,-0.252076,-0.804128,10.070458,-0.126583,-0.080096,0.013366,0.000000,0.061035,0.061035
16.417754,-0.247885,-0.802332,10.070458,-0.122391,-0.078300,0.013366,0.030518,0.061035,0.030518
16.427858,-0.247286,-0.793350,10.060280,-0.121793,-0.069319,0.003187,0.030518,0.091553,0.030518
16.437957,-0.245490,-0.790955,10.068662,-0.119996,-0.066924,0.011569,0.000000,0.061035,0.030518
16.448051,-0.244891,-0.790356,10.072255,-0.119398,-0.066325,0.015162,0.000000,0.091553,0.000000
16.458173,-0.248483,-0.804128,10.063872,-0.122990,-0.080096,0.006779,0.030518,0.091553,-0.030518
16.468271,-0.250280,-0.809517,10.061477,-0.124787,-0.085485,0.004384,0.030518,0.091553,-0.030518
16.478364,-0.250280,-0.810115,10.058483,-0.124787,-0.086084,0.001391,0.030518,0.122070,-0.030518
16.488498,-0.250878,-0.803529,10.062076,-0.125385,-0.079497,0.004983,0.030518,0.091553,0.000000
16.498607,-0.253273,-0.807122,10.072255,-0.127780,-0.083090,0.015162,0.061035,0.091553,-0.030518
16.508722,-0.258063,-0.807720,10.068662,-0.132570,-0.083689,0.011569,0.030518,0.091553,0.000000
16.518862,-0.259261,-0.801134,10.059681,-0.133768,-0.077102,0.002588,0.000000,0.091553,0.000000
16.528929,-0.263452,-0.799937,10.059082,-0.137959,-0.075905,0.001989,0.030518,0.061035,-0.030518
16.539000,-0.262255,-0.804128,10.057286,-0.136762,-0.080096,0.000193,0.000000,0.030518,0.000000
16.549071,-0.268242,-0.805325,10.062675,-0.142749,-0.081294,0.005582,-0.030518,0.030518,0.030518
16.559148,-0.268841,-0.807122,10.059681,-0.143348,-0.083090,0.002588,-0.030518,0.030518,0.030518
16.569228,-0.263452,-0.808319,10.054891,-0.137959,-0.084287,-0.002202,0.000000,0.061035,0.030518
16.579300,-0.259261,-0.808319,10.048903,-0.133768,-0.084287,-0.008189,0.000000,0.030518,0.030518
16.589367,-0.257465,-0.811313,10.053094,-0.131972,-0.087281,-0.003998,0.000000,0.061035,0.030518
16.599438,-0.256267,-0.809517,10.049502,-0.130774,-0.085485,-0.007591,0.000000,0.061035,0.000000
16.609511,-0.257465,-0.814905,10.053693,-0.131972,-0.090874,-0.003399,-0.030518,0.061035,0.000000
16.619578,-0.260458,-0.798140,10.047107,-0.134965,-0.074109,-0.009986,0.000000,0.091553,0.030518
16.629648,-0.259261,-0.792751,10.047107,-0.133768,-0.068720,-0.009986,-0.030518,0.091553,0.000000
16.639748,-0.262255,-0.799338,10.051897,-0.136762,-0.075306,-0.005196,0.000000,0.091553,0.000000
16.649838,-0.264650,-0.805325,10.055490,-0.139157,-0.081294,-0.001603,0.030518,0.091553,0.030518
16.659944,-0.270637,-0.811313,10.051298,-0.145144,-0.087281,-0.005794,0.030518,0.091553,0.000000
16.670020,-0.266446,-0.809517,10.051897,-0.140953,-0.085485,-0.005196,0.000000,0.091553,0.000000
16.680087,-0.265847,-0.811313,10.053094,-0.140354,-0.087281,-0.003998,0.000000,0.030518,0.030518
16.690158,-0.258063,-0.810714,10.059082,-0.132570,-0.086682,0.001989,0.030518,0.061035,0.030518
16.700229,-0.258662,-0.815504,10.062675,-0.133169,-0.091473,0.005582,0.000000,0.061035,0.030518
16.710296,-0.254471,-0.811912,10.056088,-0.128978,-0.087880,-0.001004,-0.030518,0.091553,0.030518
16.720375,-0.254471,-0.811912,10.051897,-0.128978,-0.087880,-0.005196,-0.061035,0.061035,0.030518
16.730451,-0.253273,-0.807122,10.053693,-0.127780,-0.083090,-0.003399,-0.030518,0.061035,0.030518
16.740523,-0.254471,-0.803529,10.056088,-0.128978,-0.079497,-0.001004,0.000000,0.091553,0.030518
16.750596,-0.258662,-0.805924,10.055490,-0.133169,-0.081892,-0.001603,-0.030518,0.061035,0.030518
16.760667,-0.254471,-0.802930,10.055490,-0.128978,-0.078899,-0.001603,-0.030518,0.061035,0.030518
16.770734,-0.257465,-0.808918,10.054891,-0.131972,-0.084886,-0.002202,-0.091553,0.061035,0.030518
16.780806,-0.247885,-0.817300,10.057885,-0.122391,-0.093269,0.000792,-0.061035,0.061035,0.274658
16.790878,-0.244891,-0.815504,10.062675,-0.119398,-0.091473,0.005582,-0.061035,0.030518,0.457764
16.800953,-0.248483,-0.813708,10.059681,-0.122990,-0.089676,0.002588,-0.091553,0.061035,0.793457
16.811027,-0.244891,-0.813708,10.054292,-0.119398,-0.089676,-0.002801,-0.091553,0.061035,0.976562
16.821103,-0.244891,-0.819097,10.048903,-0.119398,-0.095065,-0.008189,-0.091553,0.000000,1.586914
16.831183,-0.262255,-0.804727,10.053693,-0.136762,-0.080695,-0.003399,-0.091553,-0.030518,1.739502
16.841271,-0.270038,-0.792751,10.062675,-0.144545,-0.068720,0.005582,-0.030518,-0.030518,1.342773
16.851343,-0.253273,-0.790955,10.062076,-0.127780,-0.066924,0.004983,-0.061035,-0.030518,1.129150
16.861410,-0.253273,-0.796943,10.057286,-0.127780,-0.072911,0.000193,-0.061035,0.000000,0.946045
16.871482,-0.251477,-0.799937,10.050699,-0.125984,-0.075905,-0.006393,-0.061035,0.030518,0.671387
16.881553,-0.246687,-0.805924,10.047706,-0.121194,-0.081892,-0.009387,-0.091553,0.030518,0.640869
16.891620,-0.253273,-0.802332,10.051897,-0.127780,-0.078300,-0.005196,-0.061035,0.030518,0.549316
16.901691,-0.254471,-0.805924,10.066267,-0.128978,-0.081892,0.009174,-0.061035,0.000000,0.488281
16.911777,-0.248483,-0.803529,10.067465,-0.122990,-0.079497,0.010372,-0.061035,0.000000,0.427246
16.921844,-0.251477,-0.801733,10.062076,-0.125984,-0.077701,0.004983,-0.030518,0.000000,0.396729
16.931935,-0.254471,-0.804128,10.062675,-0.128978,-0.080096,0.005582,0.000000,0.000000,0.366211
16.942006,-0.248483,-0.807720,10.061477,-0.122990,-0.083689,0.004384,0.000000,0.000000,0.213623
16.952074,-0.253273,-0.799937,10.057286,-0.127780,-0.075905,0.000193,0.000000,0.030518,0.183105
16.962166,-0.253872,-0.792153,10.055490,-0.128379,-0.068121,-0.001603,0.000000,0.030518,0.122070
16.972256,-0.255070,-0.795146,10.052496,-0.129577,-0.071115,-0.004597,-0.030518,0.030518,0.091553
16.982324,-0.256866,-0.801134,10.047107,-0.131373,-0.077102,-0.009986,-0.030518,0.000000,0.091553
16.992396,-0.255070,-0.798140,10.047107,-0.129577,-0.074109,-0.009986,0.000000,0.030518,0.061035
17.002470,-0.256267,-0.795745,10.051897,-0.130774,-0.071714,-0.005196,0.030518,0.000000,0.030518
17.012535,-0.259860,-0.801134,10.051897,-0.134367,-0.077102,-0.005196,0.030518,0.061035,0.030518
17.022607,-0.259860,-0.806523,10.051298,-0.134367,-0.082491,-0.005794,0.030518,0.122070,0.061035
17.032677,-0.253273,-0.810714,10.056088,-0.127780,-0.086682,-0.001004,0.030518,0.061035,0.061035
17.042746,-0.249681,-0.813708,10.058483,-0.124188,-0.089676,0.001391,0.000000,0.061035,0.091553
17.052815,-0.249681,-0.811912,10.059082,-0.124188,-0.087880,0.001989,0.091553,0.061035,0.091553
17.062886,-0.254471,-0.807720,10.059681,-0.128978,-0.083689,0.002588,0.061035,0.061035,0.091553
17.072953,-0.255668,-0.807720,10.053693,-0.130175,-0.083689,-0.003399,0.091553,0.061035,0.061035
17.083023,-0.247885,-0.805325,10.059681,-0.122391,-0.081294,0.002588,0.091553,0.030518,0.091553
17.093094,-0.245490,-0.811912,10.057286,-0.119996,-0.087880,0.000193,0.061035,0.030518,0.091553
17.103161,-0.246088,-0.803529,10.061477,-0.120595,-0.079497,0.004384,0.000000,0.030518,0.091553
17.113233,-0.249681,-0.801733,10.054292,-0.124188,-0.077701,-0.002801,0.000000,0.030518,0.091553
17.123306,-0.248483,-0.803529,10.048304,-0.122990,-0.079497,-0.008788,0.000000,0.030518,0.091553
17.133373,-0.245490,-0.799937,10.053693,-0.119996,-0.075905,-0.003399,0.000000,0.061035,0.091553
17.143454,-0.247286,-0.803529,10.058483,-0.121793,-0.079497,0.001391,0.000000,0.030518,0.091553
17.153526,-0.250878,-0.807720,10.053693,-0.125385,-0.083689,-0.003399,0.000000,0.030518,0.030518
17.163593,-0.252076,-0.805924,10.051897,-0.126583,-0.081892,-0.005196,0.000000,0.030518,0.061035
17.173666,-0.253273,-0.805924,10.050101,-0.127780,-0.081892,-0.006992,-0.030518,0.030518,0.152588
17.183801,-0.253273,-0.803529,10.053094,-0.127780,-0.079497,-0.003998,-0.030518,0.030518,0.122070
17.193868,-0.252675,-0.801733,10.053693,-0.127182,-0.077701,-0.003399,-0.030518,0.061035,0.122070
17.203938,-0.247885,-0.794548,10.059082,-0.122391,-0.070516,0.001989,0.030518,0.030518,0.122070
17.214011,-0.249681,-0.798739,10.059082,-0.124188,-0.074707,0.001989,0.030518,0.030518,0.091553
17.224077,-0.252675,-0.800535,10.060280,-0.127182,-0.076504,0.003187,-0.030518,0.030518,0.091553
17.234165,-0.256866,-0.796943,10.068662,-0.131373,-0.072911,0.011569,-0.061035,0.030518,0.061035
17.244236,-0.254471,-0.799937,10.066866,-0.128978,-0.075905,0.009773,0.000000,0.030518,0.030518
17.254302,-0.252076,-0.799338,10.069261,-0.126583,-0.075306,0.012168,-0.030518,0.091553,0.030518
17.264369,-0.248483,-0.801134,10.063273,-0.122990,-0.077102,0.006181,0.000000,0.061035,0.030518
17.274436,-0.248483,-0.807720,10.055490,-0.122990,-0.083689,-0.001603,-0.030518,0.061035,0.030518
17.284502,-0.251477,-0.807122,10.055490,-0.125984,-0.083090,-0.001603,0.000000,0.091553,0.030518
17.294568,-0.251477,-0.799338,10.063872,-0.125984,-0.075306,0.006779,0.000000,0.091553,0.030518
17.304634,-0.248483,-0.804727,10.065070,-0.122990,-0.080695,0.007977,0.000000,0.091553,0.030518
17.314700,-0.247885,-0.808319,10.057885,-0.122391,-0.084287,0.000792,-0.030518,0.091553,0.030518
17.324767,-0.249082,-0.805325,10.058483,-0.123589,-0.081294,0.001391,-0.030518,0.091553,0.030518
17.334833,-0.246088,-0.802332,10.060280,-0.120595,-0.078300,0.003187,0.000000,0.091553,0.061035
