time,ax_raw,ay_raw,az_raw,ax,ay,az,gx,gy,gz
0.001484,-0.157473,-0.825084,10.054292,-0.007208,0.000996,-0.009870,0.000000,0.091553,0.000000
0.011570,-0.156874,-0.823288,10.060878,-0.006609,0.002792,-0.003283,0.061035,0.091553,0.000000
0.021663,-0.155078,-0.829276,10.054292,-0.004812,-0.003195,-0.009870,0.030518,0.091553,0.030518
0.031755,-0.150287,-0.826282,10.047706,-0.000022,-0.000201,-0.016456,0.030518,0.091553,0.030518
0.041848,-0.150287,-0.820294,10.045909,-0.000022,0.005786,-0.018252,0.030518,0.091553,0.030518
0.051939,-0.150886,-0.825683,10.052496,-0.000621,0.000397,-0.011666,0.030518,0.091553,-0.030518
0.062030,-0.150287,-0.830473,10.058483,-0.000022,-0.004393,-0.005678,0.061035,0.122070,-0.091553
0.072120,-0.144899,-0.835263,10.060878,0.005366,-0.009183,-0.003283,0.000000,0.091553,-0.061035
0.082210,-0.150287,-0.833467,10.054891,-0.000022,-0.007386,-0.009271,-0.030518,0.091553,-0.030518
0.092300,-0.147892,-0.834066,10.057885,0.002373,-0.007985,-0.006277,0.030518,0.091553,-0.030518
0.102390,-0.150886,-0.840053,10.058483,-0.000621,-0.013973,-0.005678,0.030518,0.091553,0.000000
0.112480,-0.149090,-0.838257,10.056687,0.001175,-0.012176,-0.007475,0.061035,0.091553,0.030518
0.122571,-0.153880,-0.835263,10.060280,-0.003615,-0.009183,-0.003882,0.030518,0.061035,0.000000
0.132660,-0.156275,-0.832868,10.057885,-0.006010,-0.006788,-0.006277,0.030518,0.061035,-0.030518
0.142750,-0.163460,-0.828078,10.057286,-0.013195,-0.001998,-0.006876,0.000000,0.061035,0.000000
0.152840,-0.161065,-0.821492,10.052496,-0.010800,0.004589,-0.011666,0.030518,0.061035,0.000000
0.162930,-0.158071,-0.825084,10.053094,-0.007806,0.000996,-0.011067,0.000000,0.061035,0.000000
0.173020,-0.155078,-0.828677,10.044712,-0.004812,-0.002596,-0.019450,0.000000,0.061035,0.000000
0.183110,-0.156275,-0.832269,10.042317,-0.006010,-0.006189,-0.021845,0.000000,0.061035,0.030518
0.193200,-0.154479,-0.832868,10.051897,-0.004214,-0.006788,-0.012265,0.061035,0.091553,0.030518
0.203290,-0.155676,-0.832868,10.054292,-0.005411,-0.006788,-0.009870,0.000000,0.091553,0.030518
0.213380,-0.157473,-0.838257,10.050699,-0.007208,-0.012176,-0.013462,0.000000,0.061035,0.000000
0.223470,-0.153281,-0.834066,10.047706,-0.003016,-0.007985,-0.016456,0.030518,0.091553,0.000000
0.233605,-0.152682,-0.833467,10.050699,-0.002417,-0.007386,-0.013462,0.030518,0.061035,0.000000
0.243702,-0.154479,-0.832269,10.057286,-0.004214,-0.006189,-0.006876,0.061035,0.091553,0.030518
0.253794,-0.152084,-0.831671,10.059082,-0.001819,-0.005590,-0.005080,0.061035,0.091553,0.000000
0.263886,-0.149689,-0.831072,10.060280,0.000576,-0.004991,-0.003882,0.030518,0.061035,-0.030518
0.273981,-0.153281,-0.837658,10.054891,-0.003016,-0.011578,-0.009271,0.030518,0.091553,0.000000
0.284073,-0.154479,-0.833467,10.051897,-0.004214,-0.007386,-0.012265,0.000000,0.091553,0.000000
0.294165,-0.152682,-0.831671,10.056088,-0.002417,-0.005590,-0.008073,0.030518,0.091553,0.000000
0.304261,-0.153880,-0.829276,10.060280,-0.003615,-0.003195,-0.003882,0.061035,0.061035,0.030518
0.314357,-0.154479,-0.830473,10.056088,-0.004214,-0.004393,-0.008073,0.061035,0.030518,0.030518
0.324449,-0.156275,-0.834066,10.057286,-0.006010,-0.007985,-0.006876,0.030518,0.030518,0.030518
0.334537,-0.150287,-0.829874,10.059082,-0.000022,-0.003794,-0.005080,0.091553,0.061035,0.030518
0.344622,-0.151485,-0.827479,10.066267,-0.001220,-0.001399,0.002105,0.061035,0.061035,0.000000
0.354708,-0.150886,-0.828677,10.066267,-0.000621,-0.002596,0.002105,0.030518,0.030518,-0.030518
0.364793,-0.149090,-0.829874,10.059681,0.001175,-0.003794,-0.004481,0.030518,0.000000,-0.030518
0.374879,-0.149689,-0.828078,10.057286,0.000576,-0.001998,-0.006876,0.030518,0.030518,-0.030518
0.384964,-0.149090,-0.830473,10.056088,0.001175,-0.004393,-0.008073,0.000000,0.061035,-0.030518
0.395050,-0.150886,-0.822689,10.069261,-0.000621,0.003391,0.005099,0.030518,0.030518,-0.030518
0.405135,-0.153880,-0.819695,10.070458,-0.003615,0.006385,0.006297,0.030518,0.061035,-0.030518
0.415221,-0.150287,-0.822689,10.065668,-0.000022,0.003391,0.001507,0.000000,0.061035,-0.030518
0.425307,-0.147892,-0.824485,10.062675,0.002373,0.001595,-0.001487,0.091553,0.061035,-0.030518
0.435435,-0.141905,-0.831671,10.065070,0.008360,-0.005590,0.000908,0.091553,0.030518,-0.030518
0.445529,-0.150886,-0.832868,10.071057,-0.000621,-0.006788,0.006895,0.061035,0.061035,0.030518
0.455623,-0.152682,-0.835862,10.066866,-0.002417,-0.009781,0.002704,0.091553,0.091553,0.030518
0.465714,-0.149689,-0.838856,10.061477,0.000576,-0.012775,-0.002685,0.091553,0.061035,0.030518
0.475808,-0.147892,-0.838856,10.057885,0.002373,-0.012775,-0.006277,0.061035,0.061035,0.030518
0.485899,-0.149689,-0.834664,10.050699,0.000576,-0.008584,-0.013462,0.061035,0.061035,0.030518
0.495994,-0.154479,-0.836461,10.054891,-0.004214,-0.010380,-0.009271,0.061035,0.061035,0.030518
0.506087,-0.153880,-0.829874,10.054292,-0.003615,-0.003794,-0.009870,0.061035,0.091553,0.030518
0.516182,-0.150886,-0.837059,10.059681,-0.000621,-0.010979,-0.004481,0.030518,0.091553,0.000000
0.526273,-0.144899,-0.831671,10.052496,0.005366,-0.005590,-0.011666,0.030518,0.091553,0.030518
0.536369,-0.148491,-0.832868,10.051897,0.001774,-0.006788,-0.012265,0.030518,0.061035,0.030518
0.546457,-0.161664,-0.824485,10.063872,-0.011399,0.001595,-0.000290,0.030518,0.061035,0.030518
0.556547,-0.159868,-0.825084,10.062675,-0.009603,0.000996,-0.001487,0.000000,0.061035,0.030518
0.566633,-0.152682,-0.828078,10.059082,-0.002417,-0.001998,-0.005080,0.000000,0.122070,0.030518
0.576721,-0.156874,-0.832269,10.056088,-0.006609,-0.006189,-0.008073,0.000000,0.122070,0.061035
0.586807,-0.154479,-0.826880,10.062675,-0.004214,-0.000800,-0.001487,0.000000,0.061035,0.030518
0.596896,-0.149090,-0.826282,10.070458,0.001175,-0.000201,0.006297,0.000000,0.061035,0.030518
0.606982,-0.149689,-0.827479,10.071656,0.000576,-0.001399,0.007494,0.000000,0.061035,0.030518
0.617070,-0.140707,-0.828677,10.066866,0.009558,-0.002596,0.002704,0.000000,0.091553,0.000000
0.627156,-0.141905,-0.828677,10.065668,0.008360,-0.002596,0.001507,0.030518,0.061035,-0.030518
0.637246,-0.150886,-0.825683,10.065668,-0.000621,0.000397,0.001507,0.030518,0.091553,-0.030518
0.647332,-0.155078,-0.827479,10.071656,-0.004812,-0.001399,0.007494,0.030518,0.091553,-0.030518
0.657421,-0.139510,-0.826880,10.068662,0.010755,-0.000800,0.004500,0.000000,0.091553,-0.030518
0.667509,-0.143701,-0.829874,10.066267,0.006564,-0.003794,0.002105,0.030518,0.091553,-0.030518
0.677598,-0.145497,-0.822689,10.062076,0.004768,0.003391,-0.002086,0.030518,0.091553,0.000000
0.687686,-0.146096,-0.826880,10.062675,0.004169,-0.000800,-0.001487,0.000000,0.061035,0.000000
0.697775,-0.152682,-0.829276,10.071057,-0.002417,-0.003195,0.006895,0.000000,0.061035,0.000000
0.707863,-0.150287,-0.825683,10.066866,-0.000022,0.000397,0.002704,0.000000,0.061035,0.030518
0.717951,-0.153281,-0.830473,10.065668,-0.003016,-0.004393,0.001507,0.030518,0.061035,0.030518
0.728040,-0.149689,-0.838257,10.060878,0.000576,-0.012176,-0.003283,0.000000,0.061035,0.030518
0.738131,-0.145497,-0.843047,10.062675,0.004768,-0.016966,-0.001487,0.000000,0.091553,0.030518
0.748229,-0.146695,-0.838856,10.058483,0.003570,-0.012775,-0.005678,-0.030518,0.061035,0.000000
0.758325,-0.143102,-0.838856,10.061477,0.007163,-0.012775,-0.002685,0.000000,0.061035,-0.030518
0.768419,-0.146695,-0.841849,10.062076,0.003570,-0.015769,-0.002086,0.000000,0.061035,-0.061035
0.778576,-0.150287,-0.837059,10.060878,-0.000022,-0.010979,-0.003283,0.000000,0.061035,-0.030518
0.788670,-0.152084,-0.838856,10.059082,-0.001819,-0.012775,-0.005080,-0.030518,0.091553,0.000000
0.798768,-0.153281,-0.832868,10.071057,-0.003016,-0.006788,0.006895,0.000000,0.091553,0.000000
0.808864,-0.149090,-0.832868,10.072255,0.001175,-0.006788,0.008093,-0.030518,0.030518,-0.030518
0.818959,-0.143102,-0.834066,10.065668,0.007163,-0.007985,0.001507,0.000000,0.091553,-0.030518
0.829060,-0.148491,-0.832868,10.065668,0.001774,-0.006788,0.001507,0.000000,0.091553,-0.030518
0.839147,-0.143701,-0.834664,10.067465,0.006564,-0.008584,0.003303,0.000000,0.091553,0.030518
0.849239,-0.140707,-0.835862,10.071656,0.009558,-0.009781,0.007494,0.030518,0.091553,0.030518
0.859333,-0.144300,-0.834664,10.074051,0.005965,-0.008584,0.009889,0.030518,0.091553,0.000000
0.869423,-0.147294,-0.838257,10.060280,0.002971,-0.012176,-0.003882,0.030518,0.091553,-0.030518
0.879514,-0.143102,-0.834664,10.062076,0.007163,-0.008584,-0.002086,0.030518,0.091553,-0.030518
0.889603,-0.139510,-0.831671,10.062076,0.010755,-0.005590,-0.002086,0.061035,0.091553,-0.030518
0.899693,-0.145497,-0.826880,10.063273,0.004768,-0.000800,-0.000888,0.061035,0.122070,-0.030518
0.909781,-0.146695,-0.829276,10.057286,0.003570,-0.003195,-0.006876,0.091553,0.091553,-0.030518
0.919871,-0.155078,-0.827479,10.050699,-0.004812,-0.001399,-0.013462,0.091553,0.091553,0.000000
0.929961,-0.163460,-0.831671,10.050699,-0.013195,-0.005590,-0.013462,0.061035,0.061035,0.030518
0.940051,-0.167651,-0.837658,10.062076,-0.017386,-0.011578,-0.002086,0.091553,0.061035,0.030518
0.950140,-0.171843,-0.835862,10.069860,-0.021578,-0.009781,0.005698,0.061035,0.061035,0.030518
0.960226,-0.164059,-0.835263,10.066866,-0.013794,-0.009183,0.002704,0.030518,0.091553,0.030518
0.970316,-0.163460,-0.834066,10.064471,-0.013195,-0.007985,0.000309,0.030518,0.091553,0.030518
0.980405,-0.165256,-0.834664,10.062076,-0.014991,-0.008584,-0.002086,0.061035,0.091553,-0.030518
0.990494,-0.167651,-0.846639,10.092612,-0.017386,-0.020559,0.028451,0.183105,0.061035,-0.061035
1.000583,-0.161065,-0.851429,10.104587,-0.010800,-0.025349,0.040426,1.068115,-0.366211,-0.061035
1.010673,-0.145497,-0.809517,10.063273,0.004768,0.016564,-0.000888,1.220703,-0.427246,-0.061035
1.020763,-0.143701,-0.804128,10.051298,0.006564,0.021953,-0.012864,1.037598,-0.366211,-0.061035
1.030853,-0.153281,-0.820294,10.068063,-0.003016,0.005786,0.003902,0.793457,-0.183105,-0.061035
1.040960,-0.159868,-0.828677,10.076446,-0.009603,-0.002596,0.012284,0.854492,-0.213623,-0.061035
1.051056,-0.153281,-0.810714,10.061477,-0.003016,0.015366,-0.002685,1.190186,-0.366211,-0.061035
1.061153,-0.143102,-0.796943,10.049502,0.007163,0.029138,-0.014660,1.129150,-0.335693,-0.030518
1.071249,-0.144300,-0.802930,10.050101,0.005965,0.023150,-0.014061,0.854492,-0.244141,-0.030518
1.081344,-0.144899,-0.818498,10.069261,0.005366,0.007582,0.005099,0.976562,-0.244141,-0.030518
1.091440,-0.143701,-0.830473,10.086026,0.006564,-0.004393,0.021864,1.220703,-0.366211,-0.030518
1.101535,-0.159868,-0.874781,10.142309,-0.009603,-0.048700,0.078147,2.624512,-0.823975,-0.091553
1.111632,-0.162861,-0.884960,10.156080,-0.012596,-0.058879,0.091919,3.906250,-1.251221,-0.122070
1.121728,-0.148491,-0.861010,10.133328,0.001774,-0.034929,0.069166,6.530762,-2.014160,-0.213623
1.131823,-0.141306,-0.836461,10.105785,0.008959,-0.010380,0.041623,7.537842,-2.319336,-0.213623
1.141928,-0.137115,-0.817899,10.097402,0.013150,0.008181,0.033241,8.789062,-2.655029,-0.244141
1.152021,-0.132325,-0.779579,10.083032,0.017940,0.046502,0.018871,9.246826,-2.746582,-0.244141
1.162110,-0.125140,-0.767005,10.077045,0.025125,0.059075,0.012883,9.582520,-2.838135,-0.274658
1.172200,-0.117955,-0.718506,10.064471,0.032310,0.107575,0.000309,10.070801,-2.960205,-0.274658
1.182290,-0.107177,-0.695154,10.045311,0.043088,0.130926,-0.018851,10.162354,-2.960205,-0.305176
1.192379,-0.082628,-0.650847,10.018965,0.067637,0.175234,-0.045196,9.674072,-2.777100,-0.366211
1.202468,-0.077239,-0.626298,10.006990,0.073026,0.199783,-0.057171,9.124756,-2.593994,-0.366211
1.212559,-0.067659,-0.607736,10.001003,0.082606,0.218344,-0.063159,7.629395,-2.075195,-0.427246
1.222648,-0.030536,-0.563428,10.008787,0.119729,0.262652,-0.055375,6.805420,-1.861572,-0.640869
1.232737,0.017963,-0.535886,10.023755,0.168228,0.290195,-0.040406,6.134033,-1.617432,-1.251221
1.242826,0.054487,-0.508942,10.054292,0.204752,0.317139,-0.009870,5.218506,-1.251221,-3.662109
1.252916,0.076042,-0.492775,10.055490,0.226307,0.333305,-0.008672,4.913330,-1.129150,-5.218506
1.263006,0.048499,-0.468226,10.010583,0.198764,0.357854,-0.053579,3.875732,-0.762939,-8.209229
1.273096,0.036524,-0.453257,9.980645,0.186789,0.372823,-0.083517,2.838135,-0.396729,-9.338379
1.283183,0.019160,-0.436492,9.951306,0.169425,0.389588,-0.112856,-0.488281,0.671387,-10.711670
1.293273,0.021555,-0.405357,9.921368,0.171820,0.420723,-0.142793,-2.593994,1.312256,-11.230469
1.303363,0.010179,-0.404758,9.902807,0.160444,0.421322,-0.161355,-7.476807,2.777100,-12.237549
1.313448,-0.033530,-0.458646,9.900412,0.116735,0.367434,-0.163750,-10.009766,3.540039,-12.390137
1.323538,-0.065264,-0.506547,9.921368,0.085001,0.319534,-0.142793,-12.359619,4.272461,-12.268066
1.333629,-0.116757,-0.616718,9.965676,0.033508,0.209363,-0.098485,-15.960693,5.310059,-11.535645
1.343720,-0.191602,-0.693957,10.022558,-0.041337,0.132123,-0.041604,-17.150879,5.584717,-10.833740
1.353817,-0.312550,-0.971779,10.209968,-0.162285,-0.145699,0.145807,-17.120361,5.493164,-7.171631
1.363909,-0.319735,-1.080154,10.317145,-0.169470,-0.254073,0.252984,-14.617920,4.699707,-5.493164
1.374001,-0.305365,-1.096919,10.340497,-0.155100,-0.270839,0.276335,-7.019043,2.227783,-3.326416
1.384093,-0.217947,-0.901725,10.144704,-0.067682,-0.075644,0.080542,-4.486084,1.434326,-2.593994
1.394184,-0.177231,-0.811912,10.059082,-0.026966,0.014169,-0.005080,-3.631592,1.190186,-2.044678
1.404277,-0.156874,-0.777184,10.029743,-0.006609,0.048897,-0.034419,-4.638672,1.617432,-1.129150
1.414369,-0.165256,-0.829276,10.074650,-0.014991,-0.003195,0.010488,-5.004883,1.770020,-0.793457
1.424461,-0.177231,-0.874182,10.104587,-0.026966,-0.048102,0.040426,-2.929688,1.007080,-0.488281
1.434558,-0.159269,-0.841849,10.063872,-0.009004,-0.015769,-0.000290,-2.258301,0.793457,-0.366211
1.444651,-0.158670,-0.859812,10.098600,-0.008405,-0.033732,0.034438,-1.556396,0.579834,-0.244141
1.454738,-0.149689,-0.852028,10.084230,0.000576,-0.025948,0.020068,-1.251221,0.488281,-0.152588
1.464823,-0.152084,-0.844244,10.075248,-0.001819,-0.018164,0.011087,-0.946045,0.396729,-0.152588
1.474909,-0.149689,-0.843047,10.066267,0.000576,-0.016966,0.002105,-0.549316,0.244141,-0.091553
1.484996,-0.150287,-0.841849,10.064471,-0.000022,-0.015769,0.000309,-0.396729,0.152588,-0.091553
1.495082,-0.158670,-0.850232,10.085427,-0.008405,-0.024152,0.021266,0.183105,0.000000,-0.061035
1.505167,-0.158670,-0.847238,10.087822,-0.008405,-0.021158,0.023661,0.640869,-0.152588,-0.061035
1.515253,-0.156874,-0.836461,10.081236,-0.006609,-0.010380,0.017074,1.373291,-0.396729,-0.091553
1.525339,-0.140109,-0.832868,10.071656,0.010156,-0.006788,0.007494,1.617432,-0.488281,-0.061035
1.535426,-0.137714,-0.828078,10.069860,0.012551,-0.001998,0.005698,1.831055,-0.518799,-0.061035
1.545519,-0.138312,-0.808918,10.063273,0.011953,0.017163,-0.000888,2.136230,-0.579834,-0.122070
1.555613,-0.132924,-0.802930,10.061477,0.017341,0.023150,-0.002685,2.166748,-0.640869,-0.122070
1.565704,-0.128732,-0.810714,10.058483,0.021533,0.015366,-0.005678,2.136230,-0.610352,-0.091553
1.575798,-0.124541,-0.782573,10.025552,0.025724,0.043508,-0.038610,2.105713,-0.549316,-0.152588
1.585891,-0.105381,-0.724493,9.968670,0.044884,0.101587,-0.095492,0.000000,0.152588,-0.152588
1.595986,-0.088017,-0.704734,9.902807,0.062248,0.121346,-0.161355,-2.136230,0.854492,-0.427246
1.606078,-0.217348,-0.796344,10.117161,-0.067083,0.029736,0.053000,-3.448486,1.251221,-0.579834
1.616173,-0.170046,-0.838856,10.100995,-0.019781,-0.012775,0.036833,-2.838135,1.098633,-0.457764
1.626265,-0.156874,-0.835263,10.086625,-0.006609,-0.009183,0.022463,-2.227783,0.854492,-0.366211
1.636360,-0.150287,-0.828677,10.081835,-0.000022,-0.002596,0.017673,-1.312256,0.549316,-0.213623
1.646450,-0.151485,-0.830473,10.075847,-0.001220,-0.004393,0.011685,-1.007080,0.457764,-0.183105
1.656539,-0.150287,-0.829276,10.071656,-0.000022,-0.003195,0.007494,-0.610352,0.305176,-0.122070
1.666625,-0.150287,-0.831072,10.065668,-0.000022,-0.004991,0.001507,-0.427246,0.244141,-0.091553
1.676718,-0.151485,-0.834066,10.054292,-0.001220,-0.007985,-0.009870,-0.213623,0.183105,-0.061035
1.686804,-0.153281,-0.834664,10.046508,-0.003016,-0.008584,-0.017654,-0.152588,0.152588,-0.061035
1.696893,-0.152084,-0.831671,10.052496,-0.001819,-0.005590,-0.011666,-0.091553,0.091553,-0.061035
1.706979,-0.155676,-0.844244,10.066866,-0.005411,-0.018164,0.002704,0.244141,-0.091553,-0.061035
1.717069,-0.151485,-0.837059,10.059082,-0.001220,-0.010979,-0.005080,0.488281,-0.152588,-0.061035
1.727155,-0.162263,-0.858615,10.081835,-0.011998,-0.032534,0.017673,1.007080,-0.335693,-0.091553
1.737244,-0.153281,-0.847837,10.077643,-0.003016,-0.021757,0.013482,1.586914,-0.518799,-0.061035
1.747331,-0.147294,-0.831072,10.071656,0.002971,-0.004991,0.007494,2.380371,-0.762939,-0.061035
1.757420,-0.113763,-0.699944,9.944121,0.036502,0.126136,-0.120041,1.892090,-0.549316,0.030518
1.767509,-0.099393,-0.659828,9.910591,0.050872,0.166253,-0.153571,0.000000,0.091553,0.091553
1.777601,-0.136516,-0.786764,10.076446,0.013749,0.039316,0.012284,-1.647949,0.671387,0.244141
1.787686,-0.174836,-0.759221,10.086625,-0.024571,0.066859,0.022463,-1.312256,0.579834,0.518799
1.797776,-0.151485,-0.855022,10.066267,-0.001220,-0.028942,0.002105,-0.823975,0.335693,0.823975
1.807864,-0.157473,-0.851429,10.061477,-0.007208,-0.025349,-0.002685,-0.640869,0.335693,0.610352
1.817952,-0.150886,-0.855022,10.061477,-0.000621,-0.028942,-0.002685,-0.427246,0.213623,0.396729
1.828040,-0.149090,-0.850831,10.054891,0.001175,-0.024750,-0.009271,-0.305176,0.152588,0.305176
1.838129,-0.149689,-0.844244,10.055490,0.000576,-0.018164,-0.008672,-0.183105,0.122070,0.213623
1.848219,-0.144899,-0.835862,10.054891,0.005366,-0.009781,-0.009271,-0.091553,0.122070,0.091553
1.858308,-0.146695,-0.831671,10.056687,0.003570,-0.005590,-0.007475,-0.030518,0.122070,0.091553
1.868397,-0.142504,-0.832269,10.050101,0.007761,-0.006189,-0.014061,-0.061035,0.183105,0.061035
1.878484,-0.141306,-0.831072,10.045909,0.008959,-0.004991,-0.018252,-0.030518,0.152588,0.030518
1.888571,-0.147294,-0.829874,10.048304,0.002971,-0.003794,-0.015857,0.000000,0.122070,0.000000
1.898660,-0.152682,-0.829276,10.046508,-0.002417,-0.003195,-0.017654,0.030518,0.122070,0.000000
1.908749,-0.153880,-0.828677,10.046508,-0.003615,-0.002596,-0.017654,0.091553,0.061035,0.030518
1.918838,-0.158071,-0.839454,10.056687,-0.007806,-0.013374,-0.007475,0.152588,0.030518,0.000000
1.928926,-0.179626,-0.874182,10.093810,-0.029361,-0.048102,0.029648,0.366211,-0.061035,0.000000
1.939015,-0.619113,-0.583786,10.089619,-0.468848,0.242294,0.025457,1.953125,-0.579834,-0.396729
1.949111,-0.611329,-0.507744,10.024953,-0.461064,0.318336,-0.039209,1.434326,-0.610352,-1.403809
1.959207,-0.589175,-0.400567,10.024953,-0.438910,0.425513,-0.039209,-0.396729,-0.030518,-4.791260
1.969304,-0.591570,-0.526306,10.030342,-0.441305,0.299775,-0.033820,-0.854492,0.274658,-6.683350
1.979434,-0.483195,-0.701741,10.028546,-0.332930,0.124340,-0.035616,-1.373291,0.885010,-10.742188
1.989531,-0.379611,-0.886756,10.092014,-0.229346,-0.060676,0.027852,-1.312256,0.946045,-11.779785
1.999627,-0.346679,-0.938848,10.082433,-0.196414,-0.112767,0.018272,-0.854492,0.823975,-11.566162
2.009723,-0.535886,-0.865800,10.153087,-0.385621,-0.039719,0.088925,0.518799,0.305176,-10.375977
2.019817,-0.614921,-0.832868,10.165660,-0.464656,-0.006788,0.101499,1.678467,-0.244141,-9.521484
2.029915,-0.591570,-0.834664,10.163864,-0.441305,-0.008584,0.099702,5.035400,-1.434326,-8.850098
2.040027,-0.586780,-0.807122,10.112970,-0.436515,0.018959,0.048808,6.134033,-1.892090,-8.239746
2.050116,-0.519719,-0.799338,10.044712,-0.369454,0.026743,-0.019450,6.225586,-1.861572,-6.866455
2.060205,-0.356259,-0.671204,9.929751,-0.205994,0.154876,-0.134411,4.943848,-1.495361,-6.225586
2.070295,-0.283810,-0.714315,9.951306,-0.133545,0.111766,-0.112856,3.265381,-0.915527,-5.828857
2.080385,-0.200583,-0.649649,9.932146,-0.050318,0.176431,-0.132016,0.640869,0.183105,-5.981445
2.090474,-0.182620,-0.668809,9.920770,-0.032355,0.157271,-0.143392,-1.190186,0.732422,-5.950928
2.100565,-0.410746,-0.733475,9.947115,-0.260481,0.092606,-0.117047,-4.913330,2.044678,-6.347656
2.110655,-0.425116,-0.816702,10.061477,-0.274851,0.009379,-0.002685,-6.011963,2.716064,-7.080078
2.120745,-0.359253,-0.847238,10.081835,-0.208988,-0.021158,0.017673,-5.096436,2.258301,-7.995605
2.130834,-0.354463,-0.890947,10.056687,-0.204198,-0.064867,-0.007475,-3.967285,1.983643,-8.270264
2.140924,-0.368234,-1.014890,10.147698,-0.217969,-0.188809,0.083536,-3.417969,1.739502,-8.941650
2.151014,-0.544867,-1.032253,10.072853,-0.394602,-0.206173,0.008692,-2.288818,1.770020,-10.742188
2.161104,-0.628693,-1.065185,10.063872,-0.478428,-0.239105,-0.000290,-1.983643,1.861572,-12.115479
2.171193,-0.566422,-1.119672,10.042916,-0.416157,-0.293591,-0.021246,-1.495361,1.739502,-14.556885
2.181282,-0.511337,-1.148412,10.123149,-0.361072,-0.322331,0.058987,-0.946045,1.586914,-15.625000
2.191372,-0.454455,-1.028661,10.051897,-0.304190,-0.202580,-0.012265,0.030518,1.434326,-16.448975
2.201461,-0.388592,-0.966989,10.058483,-0.238327,-0.140909,-0.005678,0.488281,1.556396,-16.876221
2.211550,-0.430505,-0.778980,10.039323,-0.280240,0.047100,-0.024839,0.701904,1.647949,-17.059326
2.221640,-0.455652,-0.822090,10.066866,-0.305387,0.003990,0.002704,0.244141,1.617432,-14.617920
2.231729,-0.586780,-0.831671,10.041119,-0.436515,-0.005590,-0.023042,0.305176,1.495361,-13.061523
2.241818,-0.534688,-0.924478,10.095007,-0.384423,-0.098397,0.030846,0.549316,0.915527,-9.979248
2.251911,-0.683179,-0.877176,10.031539,-0.532914,-0.051095,-0.032622,0.823975,0.762939,-8.117676
2.262007,-0.556842,-0.976569,10.060878,-0.406577,-0.150489,-0.003283,0.701904,0.305176,-3.997803
2.272102,-0.483195,-0.910706,9.999207,-0.332930,-0.084626,-0.064955,0.976562,0.152588,-2.746582
2.282198,-0.328118,-0.932261,10.062675,-0.177853,-0.106181,-0.001487,0.915527,-0.152588,-0.244141
2.292294,-0.296384,-0.923879,10.047706,-0.146119,-0.097798,-0.016456,1.190186,-0.305176,0.640869
2.302391,-0.250280,-0.744252,10.032737,-0.100015,0.081828,-0.031425,1.586914,-0.244141,1.403809
2.312487,-0.290396,-0.827479,10.015373,-0.140131,-0.001399,-0.048789,0.549316,-0.518799,3.601074
2.322583,-0.100591,-0.787961,10.020762,0.049674,0.038119,-0.043400,-0.061035,-0.366211,3.784180
2.332681,-0.048499,-0.616718,10.053693,0.101766,0.209363,-0.010468,-1.129150,-0.457764,4.028320
2.342792,-0.237107,-0.606539,10.060280,-0.086842,0.219542,-0.003882,-1.098633,-0.213623,3.753662
2.352882,-0.165855,-0.667612,10.114766,-0.015590,0.158469,0.050605,-0.854492,-0.183105,3.112793
2.362972,-0.258063,-0.722098,10.098001,-0.107798,0.103982,0.033839,-0.366211,-0.030518,3.356934
2.373062,-0.369432,-0.659229,10.064471,-0.219167,0.166851,0.000309,-0.152588,0.091553,3.936768
2.383152,-0.232916,-0.718506,10.096804,-0.082651,0.107575,0.032642,-0.549316,0.091553,5.401611
2.393241,0.096400,-0.737666,10.065070,0.246665,0.088414,0.000908,-0.488281,0.061035,5.523682
2.403328,-0.202978,-0.781375,10.028546,-0.052713,0.044705,-0.035616,-0.518799,0.091553,5.096436
2.413418,-0.253273,-0.749641,10.047107,-0.103008,0.076439,-0.017055,-0.122070,0.183105,5.310059
2.423508,-0.196990,-0.834066,10.053693,-0.046725,-0.007985,-0.010468,0.122070,0.030518,4.974365
2.433607,-0.373024,-0.872985,10.086625,-0.222759,-0.046904,0.022463,-0.122070,-0.122070,5.065918
2.443698,-0.305365,-0.894540,10.095007,-0.155100,-0.068459,0.030846,0.000000,-0.427246,5.126953
2.453784,-0.361648,-0.913101,10.035731,-0.211383,-0.087021,-0.028431,-0.305176,-1.007080,5.157471
2.463870,-0.233514,-0.938249,10.080038,-0.083249,-0.112168,0.015877,0.213623,-1.098633,5.615234
2.473956,-0.231718,-0.922681,9.975855,-0.081453,-0.096601,-0.088307,-0.091553,-1.251221,5.187988
2.484040,-0.285007,-0.945434,9.933344,-0.134742,-0.119354,-0.130818,1.708984,-0.793457,4.028320
2.494126,-0.051493,-0.987347,10.321935,0.098772,-0.161266,0.257774,1.892090,-1.617432,3.784180
2.504211,-0.509540,-0.711321,10.030342,-0.359275,0.114760,-0.033820,2.593994,-1.373291,4.730225
2.514297,-0.493374,-0.782573,10.033934,-0.343109,0.043508,-0.030227,1.892090,-1.098633,5.065918
2.524383,-0.320933,-1.001118,10.000404,-0.170668,-0.175038,-0.063758,2.349854,-0.396729,4.333496
2.534469,-0.450862,-0.944236,9.981244,-0.300597,-0.118156,-0.082918,1.770020,-0.030518,3.753662
2.544555,-0.332908,-1.147214,9.932146,-0.182643,-0.321134,-0.132016,1.312256,0.030518,5.798340
2.554647,-0.097597,-1.124462,9.990824,0.052668,-0.298381,-0.073338,0.030518,0.213623,5.035400
2.564740,-0.428110,-1.076561,10.064471,-0.277845,-0.250481,0.000309,0.091553,0.305176,3.387451
2.574833,-1.007106,-0.738265,10.001602,-0.856841,0.087816,-0.062560,-0.671387,-0.122070,5.371094
2.584925,-0.492177,-0.750240,10.056088,-0.341911,0.075841,-0.008073,-1.281738,-0.335693,6.103516
2.595013,-0.341290,-0.981958,10.024953,-0.191025,-0.155878,-0.039209,-1.831055,-0.274658,5.279541
2.605105,-0.466430,-0.848436,10.077643,-0.316165,-0.022355,0.013482,-2.349854,-0.183105,3.997803
2.615196,-0.353265,-0.899929,10.207573,-0.203000,-0.073848,0.143412,0.793457,-0.793457,1.525879
2.625288,-0.291594,-0.838856,10.178833,-0.141329,-0.012775,0.114671,-0.854492,-1.220703,2.136230
2.635379,-0.631088,-0.853824,9.992620,-0.480823,-0.027744,-0.071541,-0.061035,-0.946045,-0.640869
2.645471,-0.588576,-0.903521,10.033336,-0.438311,-0.077441,-0.030826,-0.274658,-0.640869,-1.403809
2.655560,-0.471220,-0.822689,10.004595,-0.320955,0.003391,-0.059566,1.190186,0.366211,-1.129150
2.665645,-0.416733,-0.805924,10.037527,-0.266468,0.020156,-0.026635,0.305176,0.579834,-0.549316
2.675732,-0.692161,-0.961600,9.995015,-0.541896,-0.135520,-0.069146,-0.213623,1.220703,-0.579834
2.685818,-0.227527,-0.947829,10.058483,-0.077262,-0.121749,-0.005678,-0.885010,1.953125,-2.044678
2.695905,-0.400567,-0.969983,10.079440,-0.250302,-0.143903,0.015278,-0.274658,2.136230,-3.204346
2.705991,-0.573008,-0.869392,9.999207,-0.422743,-0.043312,-0.064955,0.427246,1.892090,-3.997803
2.716078,-0.394579,-0.779579,10.053094,-0.244314,0.046502,-0.011067,0.671387,1.464844,-3.570557
2.726163,-0.535287,-0.878972,10.105186,-0.385022,-0.052892,0.041024,-0.213623,1.007080,-3.479004
2.736250,-0.483195,-0.824485,9.977053,-0.332930,0.001595,-0.087109,0.671387,0.823975,-4.333496
2.746336,-0.344284,-0.758622,10.003997,-0.194019,0.067458,-0.060165,0.640869,0.518799,-3.936768
2.756433,-0.546663,-0.787961,9.990824,-0.396398,0.038119,-0.073338,0.946045,-0.030518,-2.624512
2.766526,-0.423918,-0.883163,10.038126,-0.273653,-0.057083,-0.026036,1.312256,-0.091553,-3.173828
2.776617,-0.485590,-0.726290,10.047107,-0.335325,0.099791,-0.017055,0.366211,-0.122070,-3.051758
2.786709,-0.568817,-0.761017,10.119556,-0.418552,0.065063,0.055395,-0.213623,-0.091553,-1.617432
2.796803,-0.503553,-0.846639,10.025552,-0.353288,-0.020559,-0.038610,0.671387,0.244141,0.640869
2.806895,-0.315544,-1.050815,10.106384,-0.165279,-0.224734,0.042222,-0.183105,0.305176,0.518799
2.816989,-0.168250,-1.305286,10.109377,-0.017985,-0.479205,0.045216,0.946045,0.488281,-0.488281
2.827080,-0.149090,-0.846041,10.009385,0.001175,-0.019960,-0.054776,1.037598,0.183105,3.967285
2.837175,-0.210762,-0.766406,10.115964,-0.060497,0.059674,0.051802,0.427246,0.091553,5.187988
2.847267,0.058079,-1.149609,10.113569,0.208344,-0.323529,0.049407,0.030518,0.366211,6.652832
2.857356,0.096998,-1.181343,10.114766,0.247263,-0.355263,0.050605,0.122070,0.854492,6.805420
2.867445,-0.125140,-1.214275,10.036928,0.025125,-0.388194,-0.027234,0.854492,1.190186,8.636475
2.877535,-0.023950,-1.096320,10.007589,0.126315,-0.270240,-0.056573,0.091553,0.946045,10.345459
2.887623,0.113763,-1.058599,10.085427,0.264028,-0.232518,0.021266,-0.762939,0.152588,13.885498
2.897711,0.015568,-0.777184,10.034533,0.165833,0.048897,-0.029629,-0.976562,0.213623,13.549805
2.907800,0.198188,-0.705932,9.899214,0.348453,0.120148,-0.164947,-1.068115,0.183105,11.688232
2.917888,0.256866,0.120948,10.219548,0.407131,0.947029,0.155387,1.129150,-0.366211,7.354736
2.927977,0.244891,-0.116158,10.064471,0.395156,0.709922,0.000309,-0.885010,-1.129150,6.774902
2.938065,0.176633,-0.229922,10.102192,0.326898,0.596159,0.038031,-0.396729,-0.457764,-0.061035
2.948158,0.391586,-0.434097,9.977651,0.541851,0.391983,-0.086510,-1.312256,0.335693,-4.333496
2.958247,0.204774,-0.392184,10.065070,0.355039,0.433896,0.000908,-1.251221,1.983643,-11.871338
2.968337,-0.125739,-0.949026,10.100396,0.024526,-0.122946,0.036234,-0.305176,1.861572,-17.395020
2.978426,0.086819,-0.572410,10.117760,0.237084,0.253671,0.053598,2.014160,1.129150,-22.216797
2.988516,-0.357457,-0.762814,10.099797,-0.207192,0.063267,0.035636,-1.464844,1.342773,-23.193359
2.998605,-0.396376,-0.835862,10.164463,-0.246111,-0.009781,0.100301,-1.953125,1.159668,-24.658203
3.008695,-0.360450,-1.388513,9.878258,-0.210185,-0.562432,-0.185904,-3.234863,1.953125,-27.648926
3.018785,-0.481399,-1.209485,10.091415,-0.331134,-0.383404,0.027253,-1.983643,1.434326,-28.106689
3.028875,-0.308359,-1.295706,10.289603,-0.158094,-0.469625,0.225441,1.617432,-1.403809,-23.040771
3.038976,-0.178429,-1.206491,10.086625,-0.028164,-0.380411,0.022463,-0.396729,-1.464844,-19.561768
3.049068,-0.527503,-1.029260,10.106384,-0.377238,-0.203179,0.042222,-0.823975,-1.129150,-17.028809
3.059160,-0.256267,-1.147214,9.975256,-0.106002,-0.321134,-0.088905,0.305176,-0.579834,-15.075684
3.069256,-0.262853,-1.132245,10.036329,-0.112588,-0.306165,-0.027832,0.488281,-0.366211,-13.977051
3.079352,-0.235311,-1.139431,10.012978,-0.085046,-0.313350,-0.051184,1.190186,-0.946045,-10.559082
3.089449,-0.370031,-0.939446,10.000404,-0.219765,-0.113366,-0.063758,1.464844,-1.220703,-9.063721
3.099545,-0.361049,-0.916095,9.933344,-0.210784,-0.090015,-0.130818,1.281738,-0.457764,-7.202148
3.109641,-0.046703,-0.711321,10.032737,0.103562,0.114760,-0.031425,0.946045,-0.183105,-6.958008
3.119738,-0.083227,-0.640069,10.045909,0.067038,0.186011,-0.018252,0.427246,0.427246,-6.286621
3.129833,-0.359253,-0.356858,9.987830,-0.208988,0.469222,-0.076332,0.335693,1.708984,-5.187988
3.139931,-0.474813,-0.408351,10.118958,-0.324548,0.417730,0.054796,1.098633,2.258301,-5.310059
3.150028,-0.384999,-0.448467,10.242900,-0.234734,0.377613,0.178738,1.342773,2.105713,-2.075195
3.160118,-0.459844,-0.474813,10.027947,-0.309579,0.351268,-0.036215,0.488281,1.892090,0.427246
3.170208,-0.480201,-0.402962,10.204579,-0.329936,0.423118,0.140418,0.610352,0.793457,3.753662
3.180297,-0.410147,-0.238304,10.063273,-0.259882,0.587776,-0.000888,0.030518,0.244141,3.448486
3.190387,-0.450264,-0.056882,10.068662,-0.299999,0.769199,0.004500,0.488281,-0.091553,3.448486
3.200475,-0.532892,-0.472418,10.084828,-0.382627,0.353663,0.020667,-0.854492,-2.014160,3.479004
3.210566,-0.513732,-0.437690,10.118359,-0.363467,0.388391,0.054197,0.305176,-2.105713,2.349854
3.220654,-0.329914,-0.668210,10.066267,-0.179649,0.157870,0.002105,0.610352,-1.220703,0.640869
3.230744,-0.163460,-0.731678,10.124346,-0.013195,0.094402,0.060185,0.518799,-0.640869,0.427246
3.240833,-0.172441,-0.644260,10.028546,-0.022176,0.181820,-0.035616,0.183105,0.396729,-2.227783
3.251483,-0.393382,-0.728685,10.057286,-0.243117,0.097396,-0.006876,-0.671387,0.457764,-3.234863
3.261615,-0.250878,-0.737067,9.956695,-0.100613,0.089013,-0.107467,-1.892090,1.068115,-4.913330
3.271719,-0.156275,-0.670605,9.966874,-0.006010,0.155475,-0.097288,-1.373291,1.373291,-5.126953
3.281807,-0.221539,-0.861010,10.051897,-0.071274,-0.034929,-0.012265,-1.007080,1.953125,-4.272461
3.291897,-0.546064,-1.071771,10.072853,-0.395799,-0.245691,0.008692,-1.007080,2.014160,-2.899170
3.301988,-0.385598,-1.135239,9.966275,-0.235333,-0.309159,-0.097887,-0.762939,1.586914,-1.770020
3.312078,-0.119751,-1.113684,10.098600,0.030514,-0.287604,0.034438,-1.831055,0.671387,1.220703
3.322170,-0.258662,-0.978365,9.874067,-0.108397,-0.152285,-0.190095,-0.091553,0.823975,1.190186
3.332261,-0.244891,-1.013692,10.017768,-0.094626,-0.187612,-0.046394,-0.305176,-0.091553,1.159668
3.342348,-0.246088,-1.147813,10.030342,-0.095823,-0.321733,-0.033820,0.671387,-0.030518,-0.122070
3.352439,-0.086819,-0.975970,10.108180,0.063446,-0.149890,0.044018,1.007080,-0.061035,-0.762939
3.362527,-0.271835,-0.404758,10.118359,-0.121570,0.421322,0.054197,1.556396,0.305176,-0.640869
3.372613,-0.347877,-0.927471,10.044113,-0.197612,-0.101391,-0.020049,2.655029,0.915527,0.885010
3.382696,-0.135917,-0.310155,10.057286,0.014348,0.515925,-0.006876,7.812500,2.532959,-1.556396
3.392781,-0.040715,-0.753234,9.798025,0.109550,0.072847,-0.266137,1.831055,0.610352,4.760742
3.402866,-0.467029,-1.104703,10.137519,-0.316764,-0.278622,0.073357,-2.105713,-0.457764,3.021240
3.412951,-0.250280,-0.921484,10.093810,-0.100015,-0.095403,0.029648,-2.349854,-0.671387,2.227783
3.423037,-0.237107,-0.898731,10.088421,-0.086842,-0.072651,0.024259,-1.098633,-0.396729,3.448486
3.433125,-0.198188,-0.910107,10.024953,-0.047923,-0.084027,-0.039209,2.288818,-0.518799,4.180908
3.443211,-0.279020,-0.532293,10.154284,-0.128755,0.293787,0.090122,1.861572,-1.159668,6.286621
3.453296,-0.333506,-0.904120,9.920171,-0.183241,-0.078039,-0.143991,0.946045,-1.586914,6.683350
3.463387,-0.046703,-0.832269,10.022558,0.103562,-0.006189,-0.041604,0.549316,-1.586914,6.988525
3.473499,-0.217348,-0.768801,9.987231,-0.067083,0.057279,-0.076930,-0.305176,-0.946045,8.422852
3.483597,-0.172441,-0.762215,9.850117,-0.022176,0.063865,-0.214045,0.793457,-0.335693,9.033203
3.493693,-0.031734,-0.643661,9.951905,0.118531,0.182419,-0.112257,-1.464844,0.183105,8.850098
3.503788,-0.041913,-0.788560,10.060878,0.108352,0.037520,-0.003283,-1.281738,0.274658,7.293701
3.513884,-0.043110,-0.759221,10.126143,0.107155,0.066859,0.061981,-1.037598,0.213623,6.072998
3.523981,-0.012574,-0.781375,10.038724,0.137691,0.044705,-0.025437,0.518799,-0.244141,4.699707
3.534077,0.042512,-0.708926,10.003398,0.192777,0.117155,-0.060764,0.549316,-0.366211,4.516602
3.544170,-0.182620,-0.902922,9.865684,-0.032355,-0.076842,-0.198478,-0.732422,-0.274658,3.082275
3.554267,-0.018561,-0.705333,10.026749,0.131704,0.120747,-0.037412,-0.244141,-0.396729,3.387451
3.564358,0.020358,-0.874182,10.302177,0.170623,-0.048102,0.238015,0.518799,-0.579834,3.295898
3.574447,0.021555,-0.884960,10.021360,0.171820,-0.058879,-0.042801,0.610352,-0.793457,4.028320
3.584538,0.195194,-0.847238,10.192604,0.345459,-0.021158,0.128443,0.549316,-1.037598,5.279541
3.594627,-0.020956,-0.843047,9.968670,0.129309,-0.016966,-0.095492,0.152588,-0.396729,4.333496
3.604717,-0.016166,-0.684976,9.811198,0.134099,0.141105,-0.252964,0.091553,-0.518799,4.302979
3.614806,0.048499,-0.885558,9.963281,0.198764,-0.059478,-0.100880,-1.129150,-0.610352,3.631592
3.624896,0.289797,-0.776585,10.151889,0.440062,0.049495,0.087727,-1.739502,-1.312256,3.601074
3.634986,0.065863,-0.714913,10.165062,0.216128,0.111167,0.100900,0.549316,-0.396729,3.967285
3.645075,-0.168849,-0.726888,10.023755,-0.018584,0.099192,-0.040406,0.396729,-0.335693,5.645752
3.655165,-0.121547,-0.978365,10.144704,0.028718,-0.152285,0.080542,-0.701904,-0.427246,6.378174
3.665259,-0.001198,-0.787363,10.047107,0.149068,0.038718,-0.017055,-0.091553,-0.244141,4.821777
3.675355,-0.117955,-0.719703,10.044712,0.032310,0.106377,-0.019450,1.037598,-0.274658,4.241943
3.685452,-0.379611,-0.858016,9.990824,-0.229346,-0.031935,-0.073338,-0.396729,-0.061035,5.065918
3.695548,-0.131127,-0.871188,9.911190,0.019138,-0.045108,-0.152972,-0.885010,-0.091553,5.432129
3.705642,-0.175435,-0.834066,10.144704,-0.025170,-0.007985,0.080542,-0.976562,0.152588,6.561279
3.715741,-0.553848,-0.983156,10.084828,-0.403583,-0.157075,0.020667,0.030518,0.274658,6.072998
3.725839,-0.540077,-0.950823,10.164463,-0.389812,-0.124742,0.100301,1.068115,-0.335693,5.859375
3.735937,-0.366438,-0.965193,10.020163,-0.216173,-0.139112,-0.043999,0.732422,-0.732422,7.049561
3.746035,-0.451461,-0.987946,9.961485,-0.301196,-0.161865,-0.102677,1.098633,-0.732422,7.446289
3.756131,-0.409548,-0.989742,10.095007,-0.259283,-0.163661,0.030846,-1.220703,-0.427246,7.812500
3.766227,-0.133522,-1.016087,10.115365,0.016743,-0.190007,0.051203,-1.068115,-0.061035,7.995605
3.776325,-0.325723,-0.815504,10.122550,-0.175458,0.010576,0.058388,-1.068115,-0.091553,8.270264
3.786422,-0.420326,-0.752036,9.984836,-0.270061,0.074044,-0.079325,-0.366211,0.183105,7.598877
3.796519,-0.517923,-1.052611,10.065668,-0.367658,-0.226531,0.001507,-0.579834,-0.244141,6.927490
3.806614,-0.430505,-0.869392,10.002200,-0.280240,-0.043312,-0.061961,0.030518,-0.305176,7.476807
3.816711,-0.253273,-0.708926,10.086625,-0.103008,0.117155,0.022463,1.373291,-1.007080,7.324219
3.826806,-0.557441,-0.756826,10.097402,-0.407176,0.069254,0.033241,0.152588,-1.220703,7.934570
3.836913,-0.581391,-0.680186,10.069860,-0.431126,0.145895,0.005698,0.244141,-0.732422,8.056641
3.847008,-0.442480,-0.652643,10.071656,-0.292215,0.173438,0.007494,-1.617432,-1.403809,6.652832
3.857106,-0.658032,-0.631088,10.203981,-0.507767,0.194993,0.139819,-1.678467,-1.708984,5.584717
3.867196,-0.580792,-0.848436,10.151889,-0.430527,-0.022355,0.087727,-0.274658,-1.922607,3.845215
3.877285,-0.282612,-0.714913,10.062076,-0.132347,0.111167,-0.002086,-0.213623,-1.861572,3.295898
3.887375,-0.383203,-0.670605,10.029144,-0.232938,0.155475,-0.035017,0.061035,-0.793457,2.807617
3.897465,-0.559836,-0.765807,9.812395,-0.409571,0.060273,-0.251767,0.488281,1.159668,2.227783
3.907554,-0.378413,-0.695753,10.053693,-0.228148,0.130327,-0.010468,2.197266,2.685547,2.227783
3.917643,-0.492775,-0.938848,10.197394,-0.342510,-0.112767,0.133233,-1.342773,0.915527,1.708984
3.927733,-0.458646,-0.872386,9.881851,-0.308381,-0.046305,-0.182311,-2.044678,1.708984,-0.305176
3.937819,-0.360450,-0.860411,9.979448,-0.210185,-0.034330,-0.084714,-0.427246,0.823975,-4.058838
3.947909,0.118553,-0.846639,10.043514,0.268818,-0.020559,-0.020647,-2.593994,-0.122070,-4.302979
3.957998,0.134720,-1.211880,10.150692,0.284985,-0.385799,0.086530,-1.647949,-0.457764,-4.211426
3.968091,-0.033530,-1.035846,10.138118,0.116735,-0.209766,0.073956,-2.044678,-0.762939,-4.364014
3.978188,0.010778,-1.177751,9.884844,0.161043,-0.351670,-0.179317,-1.312256,-0.915527,-4.333496
3.988285,0.322130,-1.113085,10.071057,0.472395,-0.287005,0.006895,-1.678467,-1.403809,-1.708984
3.998381,0.058079,-1.217269,10.117760,0.208344,-0.391188,0.053598,-2.136230,-1.220703,-1.190186
4.008477,0.199984,-1.362766,10.089020,0.350249,-0.536686,0.024858,-1.403809,0.091553,-1.464844
4.018574,0.322729,-1.176553,10.019564,0.472994,-0.350473,-0.044598,0.152588,0.274658,-0.671387
4.028672,0.215552,-0.998124,9.919572,0.365817,-0.172044,-0.144590,0.885010,0.213623,2.593994
4.038765,0.028740,-0.844843,10.092612,0.179005,-0.018763,0.028451,0.213623,0.122070,4.058838
4.048862,0.055684,-1.013093,10.100396,0.205949,-0.187013,0.036234,-0.244141,0.000000,4.882812
4.058959,0.198188,-0.740660,9.941127,0.348453,0.085421,-0.123034,-0.335693,-0.732422,4.760742
4.069052,0.211959,-1.061592,10.260862,0.362224,-0.235512,0.196701,-1.342773,-1.220703,5.126953
4.079142,0.073048,-0.660427,9.950707,0.223313,0.165654,-0.113454,1.098633,0.030518,3.387451
4.089232,0.010778,-0.781375,10.011182,0.161043,0.044705,-0.052980,1.281738,1.007080,3.540039
4.099321,0.194595,-0.680186,9.916578,0.344860,0.145895,-0.147583,0.396729,1.495361,2.532959
4.109411,-0.171244,-0.871787,10.008787,-0.020979,-0.045707,-0.055375,-0.549316,1.861572,2.380371
4.119501,-0.179028,-1.083746,10.003997,-0.028763,-0.257666,-0.060165,-1.037598,1.159668,1.678467
4.129591,-0.134121,-0.743654,9.782457,0.016144,0.082427,-0.281704,-0.976562,1.037598,1.892090
4.139681,0.043110,-0.807720,9.975256,0.193375,0.018360,-0.088905,-1.281738,1.647949,2.838135
4.149771,0.028141,-0.899330,10.209370,0.178407,-0.073249,0.145208,-0.976562,0.457764,2.197266
4.159861,-0.363444,-0.826880,10.078242,-0.213179,-0.000800,0.014080,0.061035,-0.152588,2.441406
4.169957,-0.327519,-0.820294,10.169852,-0.177254,0.005786,0.105690,0.976562,-0.854492,4.058838
4.180054,-0.118553,-0.969983,10.144704,0.031712,-0.143903,0.080542,0.427246,-1.159668,5.126953
4.190150,-0.325723,-0.801733,10.075847,-0.175458,0.024348,0.011685,0.671387,-0.793457,4.638672
4.200247,-0.428708,-0.811912,10.033336,-0.278443,0.014169,-0.030826,1.708984,-0.549316,5.676270
4.210344,-0.271236,-0.670605,10.017768,-0.120971,0.155475,-0.046394,2.075195,-0.091553,6.225586
4.220439,-0.543071,-0.452659,9.846524,-0.392806,0.373422,-0.217638,1.342773,0.183105,6.072998
4.230535,-0.575403,-0.556243,9.911190,-0.425138,0.269837,-0.152972,1.525879,0.244141,5.584717
4.240631,-0.455652,-0.645458,10.188413,-0.305387,0.180623,0.124251,1.922607,0.000000,3.875732
4.250728,-0.344284,-0.984952,9.983040,-0.194019,-0.158871,-0.081122,3.631592,0.396729,2.563477
4.260824,-0.234113,-0.658032,10.168654,-0.083848,0.168049,0.104492,1.953125,0.152588,0.030518
4.270920,-0.708926,-0.749042,9.869277,-0.558661,0.077038,-0.194885,0.640869,0.579834,-1.312256
4.281016,-0.566422,-0.531096,10.327324,-0.416157,0.294985,0.263163,-0.183105,0.427246,-3.448486
4.291112,-0.264650,-0.784369,10.080637,-0.114385,0.041712,0.016475,-2.746582,-0.396729,-10.620117
4.301212,-0.388592,-0.775986,9.926757,-0.238327,0.050094,-0.137405,-1.770020,1.068115,-11.901855
4.311310,-0.114961,-1.286724,10.304572,0.035304,-0.460644,0.240410,-1.190186,0.152588,-8.453369
4.321407,-0.290396,-1.253793,10.265054,-0.140131,-0.427712,0.200892,-0.427246,0.671387,-6.469727
4.331503,-0.282014,-1.232836,10.153087,-0.131749,-0.406756,0.088925,-0.213623,1.251221,-2.868652
4.341600,-0.328716,-0.816103,10.268646,-0.178451,0.009978,0.204485,-1.983643,1.495361,1.281738
4.351692,-0.114362,-0.822689,9.899813,0.035903,0.003391,-0.164348,-2.990723,0.427246,4.699707
4.361788,-0.259860,-0.890947,10.217153,-0.109595,-0.064867,0.152992,0.213623,-0.640869,6.134033
4.371881,-0.497565,-0.487386,10.000404,-0.347300,0.338694,-0.063758,2.288818,-0.427246,5.889893
4.381971,0.104183,-0.560435,10.081835,0.254448,0.265646,0.017673,0.732422,1.312256,8.087158
4.392060,0.010179,-0.827479,10.151889,0.160444,-0.001399,0.087727,-0.152588,0.701904,7.568359
4.402149,-0.057480,-0.977767,10.052496,0.092785,-0.151686,-0.011666,-1.373291,0.885010,7.019043
4.412237,0.040715,-0.820893,9.962084,0.190980,0.005187,-0.102078,1.068115,0.732422,6.866455
4.422326,-0.161065,-1.402284,9.773476,-0.010800,-0.576204,-0.290686,0.762939,0.396729,4.516602
4.432413,-0.535886,-1.069975,10.138118,-0.385621,-0.243895,0.073956,-2.929688,-1.129150,5.187988
4.442503,-0.226928,-1.161584,9.853110,-0.076663,-0.335504,-0.211051,-2.563477,-1.342773,4.699707
4.452593,-0.040117,-1.233435,10.014774,0.110148,-0.407355,-0.049388,-3.112793,-2.136230,4.943848
4.462683,-0.063468,-1.213676,9.994417,0.086797,-0.387596,-0.069745,-1.892090,-1.373291,5.279541
4.472778,-0.077239,-1.343606,9.956695,0.073026,-0.517526,-0.107467,-1.525879,-1.739502,6.958008
4.482874,-0.020956,-1.185535,10.048903,0.129309,-0.359454,-0.015259,-0.854492,-1.739502,8.575439
4.492970,-0.185015,-1.041235,10.013577,-0.034750,-0.215154,-0.050585,1.770020,-1.434326,11.871338
4.503066,0.333506,-0.802930,10.105186,0.483771,0.023150,0.041024,2.014160,-0.488281,13.122559
4.513159,0.307760,-0.858016,10.229727,0.458025,-0.031935,0.165565,1.831055,-0.579834,12.878418
4.523255,0.158071,-0.795745,10.172247,0.308336,0.030335,0.108085,1.434326,0.854492,13.275146
4.533351,0.171843,-0.682581,10.102791,0.322108,0.143500,0.038629,1.892090,1.190186,12.908936
4.543447,0.191003,-0.567021,10.072853,0.341268,0.259060,0.008692,1.403809,1.922607,12.695312
4.553542,0.225731,-0.711321,10.092014,0.375996,0.114760,0.027852,-0.366211,1.647949,10.742188
4.563639,-0.210762,-0.784369,10.129735,-0.060497,0.041712,0.065573,-1.983643,0.366211,6.072998
4.573735,-0.142504,-0.648452,10.060878,0.007761,0.177629,-0.003283,-0.823975,-0.457764,4.760742
4.583832,-0.047302,-0.733475,9.960287,0.102963,0.092606,-0.103874,0.305176,-1.037598,4.608154
4.593928,-0.181423,-0.731678,9.848919,-0.031158,0.094402,-0.215243,1.312256,-1.220703,3.753662
4.604023,-0.195793,-0.989742,9.747729,-0.045528,-0.163661,-0.316432,-0.213623,-1.098633,3.570557
4.614119,-0.340093,-0.866997,10.148895,-0.189828,-0.040917,0.084734,-1.831055,0.152588,1.892090
4.624215,-0.301772,-0.922083,10.036329,-0.151507,-0.096002,-0.027832,-2.502441,0.396729,1.373291
4.634310,-0.192799,-0.938848,9.930948,-0.042534,-0.112767,-0.133213,0.518799,0.030518,-0.854492
4.644406,-0.045505,-0.782573,10.066267,0.104760,0.043508,0.002105,2.716064,-0.427246,-1.373291
4.654501,-0.308958,-0.893342,9.901609,-0.158692,-0.067262,-0.162552,2.319336,-1.556396,-0.091553
4.664597,-0.222737,-1.000519,9.742939,-0.072472,-0.174439,-0.321222,0.854492,-1.281738,-1.800537
4.674690,-0.107776,-1.095123,10.189012,0.042489,-0.269042,0.124850,0.152588,-0.854492,-2.471924
4.684786,-0.402363,-0.801134,9.999805,-0.252098,0.024946,-0.064356,3.051758,-2.105713,-0.854492
4.694881,-0.105381,-0.792751,9.999207,0.044884,0.033329,-0.064955,2.197266,-1.800537,-0.396729
4.704977,0.165855,-0.675994,9.909992,0.316120,0.150086,-0.154170,-0.427246,-1.007080,-1.434326
4.715072,-0.043709,-0.814905,10.018367,0.106556,0.011175,-0.045795,0.488281,-0.122070,-1.373291
4.725167,0.040117,-0.876577,10.184821,0.190382,-0.050497,0.120659,-0.213623,0.061035,0.793457
4.735263,-0.073647,-1.004711,9.998608,0.076618,-0.178630,-0.065554,-1.129150,0.885010,2.838135
4.745358,-0.131726,-0.908311,10.051897,0.018539,-0.082231,-0.012265,-1.098633,1.220703,2.868652
4.755455,0.045505,-0.989742,10.041119,0.195770,-0.163661,-0.023042,-1.251221,1.251221,1.892090
4.765550,-0.069456,-0.871787,9.841135,0.080809,-0.045707,-0.223026,-1.098633,1.312256,0.152588
4.775646,-0.301772,-0.774789,9.982441,-0.151507,0.051292,-0.081720,0.000000,1.190186,-0.122070
4.785742,0.147294,-0.792751,10.087822,0.297559,0.033329,0.023661,-0.793457,1.342773,0.091553
4.795838,-0.274230,-1.168770,10.173444,-0.123965,-0.342689,0.109282,-0.762939,-0.305176,1.556396
4.805935,0.277224,-0.689167,10.232122,0.427489,0.136914,0.167960,1.007080,-1.098633,3.753662
4.816050,-0.434097,-1.116079,9.950707,-0.283832,-0.289999,-0.113454,-0.549316,-1.617432,3.204346
4.826146,-0.016166,-0.780178,10.415341,0.134099,0.045903,0.351179,-0.152588,-0.122070,0.732422
4.836265,-0.802332,-0.734672,9.984836,-0.652067,0.091408,-0.079325,3.204346,0.305176,-0.854492
4.846360,-0.216749,-0.811313,9.944720,-0.066484,0.014768,-0.119442,3.387451,0.793457,-3.997803
4.856456,0.012574,-0.998723,9.826765,0.162839,-0.172643,-0.237397,2.593994,0.305176,-5.523682
4.866551,-0.450264,-1.055605,10.055490,-0.299999,-0.229524,-0.008672,3.906250,0.701904,-4.547119
4.876643,-0.544867,-0.746049,10.104587,-0.394602,0.080032,0.040426,0.976562,-0.213623,-3.448486
4.886733,-0.260458,-1.168770,10.203981,-0.110193,-0.342689,0.139819,-3.173828,-1.831055,-4.028320
4.896821,-0.034129,-0.831671,10.094409,0.116136,-0.005590,0.030247,-0.274658,-0.427246,-6.774902
4.906911,-0.280217,-0.808918,10.155482,-0.129952,0.017163,0.091320,-0.366211,-0.061035,-6.317139
4.917000,-0.339494,-0.861608,9.970466,-0.189229,-0.035528,-0.093695,-0.640869,0.427246,-6.652832
4.927090,-0.185614,-0.952020,9.931547,-0.035349,-0.125940,-0.132614,-0.976562,0.640869,-6.042480
4.937180,-0.308958,-0.787363,10.051897,-0.158692,0.038718,-0.012265,-0.366211,1.556396,-3.295898
4.947270,-0.413740,-0.759221,9.850715,-0.263475,0.066859,-0.213446,-1.373291,2.044678,-2.014160
4.957360,-0.220342,-0.838257,10.058483,-0.070077,-0.012176,-0.005678,-1.983643,2.624512,-3.112793
4.967448,0.058079,-0.663420,10.174043,0.208344,0.162660,0.109881,0.915527,4.150391,-6.439209
4.977543,-0.184417,-1.562151,9.596245,-0.034151,-0.736071,-0.467917,-1.403809,3.448486,-7.476807
4.987639,-0.229323,-1.158591,10.033934,-0.079058,-0.332510,-0.030227,-1.861572,1.983643,-5.065918
4.997735,-0.309556,-0.407752,10.311158,-0.159291,0.418328,0.246996,-2.258301,0.823975,-2.868652
5.007830,-0.071851,-0.755030,10.178234,0.078414,0.071050,0.114073,-0.976562,-0.885010,-4.150391
5.017927,-0.235909,-0.822689,9.947714,-0.085644,0.003391,-0.116448,-0.396729,-0.671387,-5.889893
5.028025,-0.387993,-0.937650,9.984238,-0.237728,-0.111570,-0.079924,-1.098633,-0.061035,-6.652832
5.038119,-0.531096,-0.977168,9.998009,-0.380831,-0.151088,-0.066153,-0.396729,1.831055,-8.636475
5.048215,-0.247286,-0.858016,10.087822,-0.097021,-0.031935,0.023661,1.556396,1.678467,-8.697510
5.058309,-0.258063,-0.672402,10.007589,-0.107798,0.153679,-0.056573,3.723145,1.586914,-4.241943
5.068405,-0.289199,-0.737067,10.139315,-0.138934,0.089013,0.075153,2.166748,1.159668,-1.098633
5.078501,-0.363444,-0.565225,10.223141,-0.213179,0.260856,0.158979,-2.624512,-1.007080,1.739502
5.088598,-0.141905,-0.981359,9.907597,0.008360,-0.155279,-0.156565,-1.892090,-0.671387,-2.624512
5.098695,-0.326920,-0.948428,10.081835,-0.176655,-0.122347,0.017673,-0.488281,-0.274658,-7.415771
5.108791,-0.377216,-0.747845,10.006990,-0.226951,0.078236,-0.057171,-0.915527,-0.152588,-5.340576
5.118888,-0.386796,-0.877775,10.022558,-0.236531,-0.051694,-0.041604,-0.640869,0.122070,-4.486084
5.128983,-0.198787,-0.907114,10.021959,-0.048522,-0.081033,-0.042202,-0.732422,1.312256,-6.958008
5.139079,-0.303569,-0.869991,9.988429,-0.153304,-0.043910,-0.075733,-0.610352,1.220703,-8.636475
5.149175,-0.261656,-0.719703,10.075847,-0.111391,0.106377,0.011685,1.495361,0.488281,-6.896973
5.159274,-0.390987,-0.726888,10.052496,-0.240722,0.099192,-0.011666,1.220703,-0.091553,-4.516602
5.169371,-0.511935,-0.413141,9.954899,-0.361670,0.412940,-0.109263,-0.640869,0.823975,-3.601074
5.179468,-0.392783,-0.944236,9.991423,-0.242518,-0.118156,-0.072739,-1.678467,1.129150,-5.889893
5.189564,-0.478405,-0.927471,9.981843,-0.328140,-0.101391,-0.082319,-0.640869,0.854492,-8.392334
5.199661,-0.489183,-0.769999,9.808802,-0.338918,0.056082,-0.255359,1.800537,-0.885010,-6.652832
5.209757,-0.534688,-0.687969,9.919572,-0.384423,0.138111,-0.144590,1.708984,-1.281738,-5.035400
5.219856,-0.255070,-0.865201,10.093211,-0.104805,-0.039120,0.029049,0.396729,-2.166748,-3.509521
5.229954,-0.440085,-0.879571,10.054292,-0.289820,-0.053491,-0.009870,0.549316,-1.159668,-3.112793
5.240050,-0.749042,-0.941841,9.993818,-0.598777,-0.115761,-0.070344,-0.091553,0.030518,-3.814697
5.250147,-0.360450,-0.807720,9.911788,-0.210185,0.018360,-0.152373,-1.251221,1.037598,-2.777100
5.260244,-0.480201,-0.887953,10.168055,-0.329936,-0.061873,0.103894,-2.380371,0.640869,-0.579834
5.270339,-0.310754,-0.862806,9.866283,-0.160489,-0.036725,-0.197879,-0.122070,0.244141,2.258301
5.280435,-0.499960,-1.128054,9.803414,-0.349695,-0.301974,-0.260748,0.518799,0.091553,1.861572
5.290531,-0.269440,-0.989143,9.939930,-0.119175,-0.163063,-0.124232,2.563477,0.915527,2.075195
5.300628,-0.225132,-0.947230,9.867480,-0.074867,-0.121150,-0.196681,1.617432,1.007080,3.814697
5.310725,-0.015568,-0.550854,10.053693,0.134697,0.275226,-0.010468,2.532959,1.159668,6.011963
5.320821,0.092208,-1.153801,10.195598,0.242473,-0.327720,0.131436,0.335693,0.946045,4.516602
5.330918,-0.135917,-0.988544,10.206376,0.014348,-0.162464,0.142214,2.593994,1.007080,6.652832
5.341014,-0.374222,-0.599354,10.061477,-0.223957,0.226727,-0.002685,0.061035,1.159668,9.124756
5.351110,-0.738864,-0.386197,10.285411,-0.588599,0.439884,0.221250,0.823975,2.105713,7.812500
5.361206,-0.602946,-0.744851,10.055490,-0.452681,0.081229,-0.008672,2.838135,0.213623,6.347656
5.371301,-0.183219,-1.211880,10.056687,-0.032954,-0.385799,-0.007475,2.410889,0.000000,3.967285
5.381398,-0.062271,-1.271157,10.072255,0.087995,-0.445076,0.008093,1.281738,0.030518,-0.640869
5.391493,-0.292791,-0.812510,10.807526,-0.142526,0.013570,0.743364,3.051758,0.000000,-1.739502
5.401589,-0.523312,-1.592688,10.148297,-0.373047,-0.766608,0.084135,-2.593994,-2.441406,2.624512
5.411685,-0.649649,-0.944835,10.217153,-0.499384,-0.118755,0.152992,-2.227783,-2.227783,2.380371
5.421781,-0.130529,-0.737666,10.054292,0.019736,0.088414,-0.009870,-3.112793,-1.800537,1.098633
5.431873,-0.366438,-0.738864,10.203981,-0.216173,0.087217,0.139819,-2.532959,0.549316,-2.746582
5.441968,-0.018561,-0.736469,10.118958,0.131704,0.089612,0.054796,-2.593994,0.396729,-5.462646
5.452064,-0.300575,-0.856818,10.153685,-0.150310,-0.030738,0.089524,-6.042480,-0.122070,-7.385254
5.462159,-0.135319,-0.632285,10.097402,0.014946,0.193795,0.033241,-4.577637,0.122070,-9.643555
5.472251,0.010778,-1.157393,10.351873,0.161043,-0.331313,0.287711,1.373291,0.885010,-9.918213
5.482347,-0.110171,-0.802332,9.908795,0.040094,0.023749,-0.155367,1.281738,0.152588,-8.422852
5.492443,0.197589,-0.863405,9.895023,0.347854,-0.037324,-0.169139,2.288818,-0.427246,-6.958008
5.502539,0.104782,-0.934058,10.102192,0.255047,-0.107977,0.038031,0.946045,-0.793457,-4.425049
5.512634,-0.021555,-0.565823,9.966275,0.128710,0.260257,-0.097887,1.617432,0.335693,-3.753662
5.522729,0.186812,-0.878972,10.095007,0.337077,-0.052892,0.030846,0.183105,0.823975,-2.227783
5.532824,0.061672,-1.141227,9.957892,0.211937,-0.315146,-0.106269,0.122070,0.915527,-3.631592
5.542919,0.163460,-1.084944,9.867480,0.313725,-0.258863,-0.196681,3.356934,2.380371,-3.753662
5.553015,-0.086819,-0.974174,9.851314,0.063446,-0.148094,-0.212848,-1.159668,0.793457,-0.213623
5.563110,-0.555645,-0.782573,10.018965,-0.405380,0.043508,-0.045196,-3.326416,0.152588,0.305176
5.573206,0.171244,-0.950224,10.015373,0.321509,-0.124144,-0.048789,-1.190186,-0.427246,-1.525879
5.583302,0.040715,-1.140628,10.080637,0.190980,-0.314548,0.016475,-1.525879,-0.091553,-2.044678
5.593398,-0.292192,-1.165177,10.129136,-0.141927,-0.339097,0.064975,-1.098633,-0.091553,0.000000
5.603493,-0.064067,-1.139431,10.304572,0.086198,-0.313350,0.240410,-1.037598,-0.366211,1.251221
5.613589,-0.129930,-0.830473,10.151889,0.020335,-0.004393,0.087727,-0.610352,-0.061035,2.532959
5.623684,0.037123,-0.780776,9.942924,0.187388,0.045304,-0.121238,-0.152588,0.335693,1.403809
5.633779,0.014370,-0.535886,10.099797,0.164635,0.290195,0.035636,0.305176,0.518799,4.058838
5.643875,-0.223336,-0.572410,10.082433,-0.073071,0.253671,0.018272,1.342773,0.335693,4.119873
5.653970,0.179028,-0.456251,10.041119,0.329293,0.369829,-0.023042,1.068115,0.183105,4.272461
5.664065,0.092208,-0.576601,9.977651,0.242473,0.249479,-0.086510,2.685547,1.403809,1.617432
5.674163,-0.274230,-0.768801,9.760902,-0.123965,0.057279,-0.303260,1.129150,1.525879,0.885010
5.684253,0.561632,-0.308958,10.323732,0.711897,0.517123,0.259570,0.091553,0.396729,0.396729
5.694343,0.170645,-1.192121,10.143506,0.320910,-0.366041,0.079345,-0.610352,-0.183105,0.640869
5.704432,0.610730,-1.550176,10.148895,0.760995,-0.724096,0.084734,-2.685547,-1.159668,0.762939
5.714522,-0.013173,-1.101110,10.151290,0.137092,-0.275030,0.087129,-0.183105,-0.244141,-0.274658
5.724610,0.401765,-0.705333,9.951306,0.552030,0.120747,-0.112856,0.183105,0.823975,0.152588
5.734699,0.086819,-0.856818,10.017768,0.237084,-0.030738,-0.046394,-4.058838,1.129150,-2.899170
5.744789,0.137115,-0.725691,10.083631,0.287380,0.100389,0.019469,-2.349854,0.579834,-4.241943
5.754878,0.029938,-0.937650,10.169852,0.180203,-0.111570,0.105690,-0.122070,-0.976562,-4.791260
5.764968,0.228126,-0.764011,10.008188,0.378391,0.062069,-0.055974,-1.525879,-1.434326,-3.326416
5.775058,-0.037722,-0.774190,10.076446,0.112543,0.051890,0.012284,0.366211,-1.464844,-2.685547
5.785153,-0.578397,-0.632884,9.944720,-0.428132,0.193196,-0.119442,-0.213623,-1.007080,-3.173828
5.795248,-0.461041,-0.887953,9.923165,-0.310776,-0.061873,-0.140997,-0.213623,-0.762939,-4.058838
5.805344,-0.301772,-0.973575,10.152488,-0.151507,-0.147495,0.088326,-0.061035,-1.342773,-1.800537
5.815440,-0.156874,-1.063389,10.090217,-0.006609,-0.237308,0.026056,-0.732422,-1.129150,-0.122070
5.825535,-0.134720,-1.096919,10.114766,0.015545,-0.270839,0.050605,-0.366211,-0.976562,1.220703
5.835648,-0.212558,-1.113085,10.077643,-0.062293,-0.287005,0.013482,-0.091553,-0.366211,1.953125
5.845739,-0.444276,-0.945434,10.041119,-0.294011,-0.119354,-0.023042,0.122070,-0.213623,3.509521
5.855858,-0.149689,-0.956810,9.950109,0.000576,-0.130730,-0.114053,0.396729,-0.183105,4.211426
5.865954,-0.353864,-0.966390,10.062675,-0.203599,-0.140310,-0.001487,-0.183105,-0.213623,5.218506
5.876049,-0.207169,-0.984353,10.050699,-0.056904,-0.158273,-0.013462,-1.312256,-0.152588,6.134033
5.886138,0.010778,-0.947829,10.086625,0.161043,-0.121749,0.022463,-1.617432,-0.091553,5.981445
5.896229,-0.424517,-0.965193,10.012978,-0.274252,-0.139112,-0.051184,0.244141,-0.091553,6.195068
5.906317,-0.219144,-0.879571,10.060280,-0.068879,-0.053491,-0.003882,0.671387,0.457764,6.469727
5.916406,-0.034129,-0.789758,10.127939,0.116136,0.036323,0.063777,0.457764,0.335693,5.798340
5.926495,-0.167651,-0.968785,10.068063,-0.017386,-0.142705,0.003902,0.427246,0.335693,3.570557
5.936584,-0.178429,-0.992736,10.083631,-0.028164,-0.166655,0.019469,0.152588,-0.213623,3.540039
5.946673,-0.199984,-0.956212,10.086026,-0.049719,-0.130131,0.021864,0.427246,-0.152588,2.990723
5.956763,-0.281415,-0.835263,10.057885,-0.131150,-0.009183,-0.006277,-0.396729,-0.183105,3.204346
5.966852,-0.227527,-1.107098,9.971664,-0.077262,-0.281017,-0.092498,0.457764,-0.366211,2.227783
5.976941,-0.341290,-1.110690,10.040521,-0.191025,-0.284610,-0.023641,0.579834,-0.640869,2.288818
5.987031,-0.077239,-1.011297,9.976454,0.073026,-0.185217,-0.087708,0.183105,-0.091553,2.319336
5.997126,-0.362247,-1.199905,10.124945,-0.211982,-0.373824,0.060783,0.213623,0.183105,1.464844
6.007222,-0.267643,-1.051414,9.941127,-0.117378,-0.225333,-0.123034,-1.495361,0.396729,1.953125
6.017321,-0.038919,-1.053210,10.082433,0.111346,-0.227129,0.018272,-0.640869,0.396729,2.227783
6.027418,-0.234712,-1.251398,10.210567,-0.084447,-0.425317,0.146405,-0.091553,0.427246,3.570557
6.037511,-0.390987,-1.043031,9.850715,-0.240722,-0.216951,-0.213446,0.610352,1.251221,3.723145
6.047607,-0.238903,-1.026266,10.068662,-0.088638,-0.200185,0.004500,-0.030518,0.885010,4.364014
6.057703,-0.417931,-0.868195,9.910591,-0.267666,-0.042114,-0.153571,-1.037598,0.061035,6.195068
6.067799,-0.498164,-0.865201,10.101594,-0.347899,-0.039120,0.037432,-2.380371,-0.366211,5.676270
6.077895,-0.170046,-0.702339,9.810599,-0.019781,0.123741,-0.253563,-1.281738,-1.342773,6.347656
6.087986,-0.288600,-0.638871,9.956695,-0.138335,0.187209,-0.107467,0.976562,-2.075195,4.760742
6.098076,-0.408351,-0.902324,9.810000,-0.258086,-0.076243,-0.254162,3.723145,-1.342773,4.180908
6.108165,-0.395777,-0.711321,9.753717,-0.245512,0.114760,-0.310445,0.640869,-0.732422,3.997803
6.118254,-0.158670,-0.895737,10.012978,-0.008405,-0.069657,-0.051184,0.335693,-0.610352,4.119873
6.128342,-0.326920,-0.986149,10.254875,-0.176655,-0.160069,0.190713,0.427246,-0.854492,3.143311
6.138431,-0.154479,-1.005908,10.006990,-0.004214,-0.179828,-0.057171,1.007080,-0.122070,2.838135
6.148521,-0.091609,-0.787363,10.059681,0.058656,0.038718,-0.004481,0.366211,-0.091553,1.068115
6.158610,-0.154479,-0.974174,10.202783,-0.004214,-0.148094,0.138621,-0.122070,0.213623,0.000000
6.168699,-0.341889,-0.825084,10.138716,-0.191624,0.000996,0.074555,-0.457764,0.885010,-1.525879
6.178787,-0.335901,-0.784369,9.912387,-0.185636,0.041712,-0.151775,0.122070,1.251221,-3.143311
6.188882,-0.188009,-1.011297,10.014175,-0.037744,-0.185217,-0.049986,-0.976562,0.762939,-2.929688
6.198978,-0.167053,-0.892744,10.049502,-0.016788,-0.066663,-0.014660,-1.403809,0.457764,-5.310059
6.209074,-0.256267,-0.769400,9.980645,-0.106002,0.056680,-0.083517,-1.434326,0.854492,-5.218506
6.219170,-0.132924,-0.892744,10.089020,0.017341,-0.066663,0.024858,-1.251221,0.457764,-4.455566
6.229266,-0.383203,-0.998723,9.999207,-0.232938,-0.172643,-0.064955,-1.281738,0.671387,-3.204346
6.239363,-0.088017,-0.962199,10.182426,0.062248,-0.136119,0.118264,0.152588,0.030518,-0.885010
6.249459,-0.123344,-0.757425,10.007589,0.026922,0.068655,-0.056573,1.159668,-0.610352,0.061035
6.259554,-0.038320,-1.047821,10.230326,0.111945,-0.221741,0.166164,-0.152588,-0.854492,1.068115
6.269650,0.249681,-1.082549,10.193802,0.399946,-0.256468,0.129640,-1.770020,-0.335693,1.098633
6.279746,-0.051493,-0.830473,10.063273,0.098772,-0.004393,-0.000888,-1.251221,0.396729,0.579834
6.289841,0.090412,-0.852627,10.004595,0.240677,-0.026547,-0.059566,-0.976562,0.793457,0.213623
6.299938,0.026345,-0.719105,9.957892,0.176610,0.106976,-0.106269,-0.061035,1.098633,-0.335693
6.310033,0.005389,-0.977767,9.990824,0.155654,-0.151686,-0.073338,-0.518799,1.770020,-1.831055
6.320134,0.193997,-0.913700,10.102791,0.344262,-0.087620,0.038629,-1.495361,1.647949,-1.464844
6.330231,0.078437,-0.861608,9.971664,0.228702,-0.035528,-0.092498,-1.373291,1.647949,-1.525879
6.340327,0.082029,-0.935854,9.998009,0.232294,-0.109773,-0.066153,1.251221,1.190186,-2.441406
6.350424,-0.016765,-0.790955,10.068063,0.133500,0.035125,0.003902,2.227783,0.854492,-1.495361
6.360521,0.123344,-0.953218,10.011780,0.273609,-0.127137,-0.052381,0.976562,0.152588,-1.068115
6.370617,0.019160,-0.931663,9.997410,0.169425,-0.105582,-0.066751,0.579834,0.274658,-1.861572
6.380713,-0.225132,-0.805325,9.978250,-0.074867,0.020755,-0.085912,0.091553,0.183105,-3.570557
6.390809,-0.349673,-0.801733,9.928553,-0.199408,0.024348,-0.135608,0.091553,-0.518799,-2.655029
6.400902,-0.194595,-0.907712,10.116563,-0.044330,-0.081632,0.052401,0.366211,-1.464844,-1.983643
6.410998,-0.372426,-0.834066,10.132130,-0.222161,-0.007985,0.067968,1.068115,-1.708984,-0.671387
6.421094,-0.279020,-0.853824,10.275233,-0.128755,-0.027744,0.211071,0.305176,-1.312256,0.122070
6.431190,-0.278421,-0.848436,10.194999,-0.128156,-0.022355,0.130838,-0.305176,1.312256,1.739502
6.441286,-0.381407,-1.323248,10.055490,-0.231142,-0.497168,-0.008672,-0.366211,2.014160,1.342773
6.451382,-0.249082,-0.990341,9.957892,-0.098817,-0.164260,-0.106269,1.617432,1.434326,3.387451
6.461478,0.165855,-1.278342,10.200388,0.316120,-0.452261,0.136226,-1.892090,0.701904,4.577637
6.471573,0.113763,-1.457968,10.197993,0.264028,-0.631888,0.133831,-2.624512,-0.366211,3.051758
6.481668,0.026345,-0.864003,10.331516,0.176610,-0.037923,0.267354,-0.396729,-0.946045,3.601074
6.491765,0.258662,-1.031655,10.012379,0.408927,-0.205574,-0.051783,-0.366211,-0.213623,5.065918
6.501860,-0.085622,-1.060994,10.052496,0.064643,-0.234913,-0.011666,1.007080,1.495361,4.180908
6.511955,-0.173040,-1.195115,10.177635,-0.022775,-0.369034,0.113474,1.464844,2.014160,5.157471
6.522051,-0.140707,-0.940045,10.034533,0.009558,-0.113965,-0.029629,0.396729,0.701904,8.209229
6.532148,0.013771,-1.144221,10.060878,0.164036,-0.318140,-0.003283,0.183105,0.335693,8.239746
6.542244,-0.077838,-1.008303,10.091415,0.072427,-0.182223,0.027253,-0.061035,-0.885010,8.056641
6.552339,-0.077239,-0.950823,10.118359,0.073026,-0.124742,0.054197,2.380371,-1.678467,8.361816
6.562432,-0.111368,-0.913700,9.948911,0.038897,-0.087620,-0.115251,1.800537,-1.708984,9.948730
6.572527,-0.321531,-0.851429,9.903406,-0.171266,-0.025349,-0.160756,0.549316,-1.312256,7.110596
6.582619,-0.267045,-0.823887,9.892628,-0.116780,0.002194,-0.171534,-1.037598,-0.885010,6.469727
6.592714,0.041314,-0.549657,9.925560,0.191579,0.276423,-0.138602,1.861572,0.000000,8.483887
6.602811,-0.338297,-0.837658,10.086026,-0.188031,-0.011578,0.021864,0.762939,0.030518,9.155273
6.612906,-0.451461,-1.011896,10.009385,-0.301196,-0.185815,-0.054776,-1.770020,-1.434326,6.652832
6.623001,-0.186213,-0.979563,10.138118,-0.035948,-0.153483,0.073956,-2.990723,-1.647949,6.469727
6.633097,-0.146096,-1.128653,10.017768,0.004169,-0.302573,-0.046394,-2.349854,-1.434326,7.629395
6.643193,-0.056882,-1.131048,9.841135,0.093383,-0.304968,-0.223026,-2.899170,-0.396729,10.131836
6.653288,-0.209564,-1.020877,10.042317,-0.059299,-0.194797,-0.021845,-1.708984,0.610352,10.375977
6.663384,0.288001,-0.876577,10.085427,0.438266,-0.050497,0.021266,-0.976562,-0.183105,12.023926
6.673480,-0.004191,-0.933459,10.139315,0.146074,-0.107378,0.075153,-0.854492,-0.427246,12.176514
6.683576,-0.338297,-1.095123,10.199191,-0.188031,-0.269042,0.135029,1.159668,-0.823975,11.108398
6.693671,0.335901,-1.072969,9.939930,0.486167,-0.246888,-0.124232,2.410889,-1.190186,12.207031
6.703767,0.210762,-1.091530,9.921967,0.361027,-0.265450,-0.142195,1.831055,-1.464844,13.000488
6.713863,0.205972,-1.074166,10.033934,0.356237,-0.248086,-0.030227,0.854492,-1.312256,13.427734
6.723959,0.153281,-1.111888,10.087224,0.303546,-0.285807,0.023062,1.403809,-1.129150,12.481689
6.734055,0.010179,-0.823288,9.980046,0.160444,0.002792,-0.084115,1.861572,0.030518,13.183594
6.744152,-0.105381,-0.813708,10.033934,0.044884,0.012373,-0.030227,0.915527,0.274658,12.573242
6.754247,-0.079634,-0.740061,10.069261,0.070631,0.086019,0.005099,0.122070,-0.152588,9.918213
6.764343,0.051493,-0.938249,10.103390,0.201758,-0.112168,0.039228,0.152588,-0.701904,9.429932
6.774438,0.295186,-0.984952,10.072853,0.445451,-0.158871,0.008692,1.068115,-1.800537,8.575439
6.784534,0.056283,-0.844244,10.069261,0.206548,-0.018164,0.005099,1.098633,-1.953125,7.354736
6.794630,0.090412,-0.878972,10.020762,0.240677,-0.052892,-0.043400,0.671387,-1.831055,6.408691
6.804726,0.347877,-1.023871,10.087224,0.498142,-0.197790,0.023062,-0.213623,-1.739502,3.265381
6.814822,0.298779,-0.928669,10.031539,0.449044,-0.102588,-0.032622,-0.305176,-1.464844,2.288818
6.824917,0.270637,-1.057401,10.130933,0.420902,-0.231321,0.066771,-1.037598,-1.220703,0.457764
6.835010,0.288600,-0.963995,10.044712,0.438865,-0.137915,-0.019450,-0.396729,-0.701904,0.183105
6.845105,0.202379,-1.020278,9.935739,0.352644,-0.194198,-0.128423,-0.915527,0.671387,0.671387
6.855198,-0.005389,-1.146017,9.919572,0.144876,-0.319936,-0.144590,-1.190186,0.640869,0.915527
6.865294,0.191602,-1.323847,10.098600,0.341867,-0.497767,0.034438,-0.732422,0.885010,0.335693
6.875434,-0.016765,-0.919687,10.081835,0.133500,-0.093607,0.017673,-0.823975,0.213623,3.112793
6.885532,-0.093406,-0.723296,10.036928,0.056859,0.102785,-0.027234,-0.396729,0.152588,3.234863
6.895621,0.368833,-0.966390,10.112371,0.519098,-0.140310,0.048209,0.701904,0.427246,1.220703
6.905711,0.205972,-0.777783,10.082433,0.356237,0.048298,0.018272,0.488281,0.671387,-2.593994
6.915799,-0.004191,-0.993334,10.091415,0.146074,-0.167254,0.027253,-1.464844,1.007080,-3.570557
6.925888,0.285606,-0.822689,10.048304,0.435871,0.003391,-0.015857,-1.007080,0.854492,-2.746582
6.935977,0.201182,-1.049617,10.075847,0.351447,-0.223537,0.011685,-1.098633,0.579834,-1.708984
6.946066,-0.079634,-0.953817,10.047706,0.070631,-0.127736,-0.016456,-1.464844,0.183105,-1.739502
6.956155,0.079634,-0.868195,10.188413,0.229899,-0.042114,0.124251,-1.373291,-0.244141,-1.007080
6.966244,0.271236,-1.207689,10.328522,0.421501,-0.381608,0.264360,4.516602,-0.793457,0.946045
6.976334,0.159269,-1.004711,10.254276,0.309534,-0.178630,0.190114,4.028320,-0.946045,0.518799
6.986423,-0.092208,-0.851429,10.256072,0.058057,-0.025349,0.191911,1.678467,-0.976562,1.892090
6.996517,0.335303,-0.847837,9.959090,0.485568,-0.021757,-0.105072,1.129150,-0.457764,-0.518799
7.006614,-0.177231,-0.862207,9.908196,-0.026966,-0.036127,-0.155966,0.671387,-0.640869,-2.471924
7.016710,0.170645,-0.757425,10.093810,0.320910,0.068655,0.029648,0.640869,-0.671387,-2.502441
7.026813,0.344883,-0.628094,10.178833,0.495148,0.197987,0.114671,1.220703,-0.976562,-2.136230
7.036910,0.191602,-1.001717,10.225536,0.341867,-0.175637,0.161374,0.976562,-0.793457,-6.042480
7.047007,0.173040,-0.982557,10.214758,0.323305,-0.156476,0.150597,1.098633,-0.915527,-7.873535
7.057103,0.161065,-1.027463,10.283615,0.311330,-0.201383,0.219453,0.762939,-0.976562,-6.866455
7.067200,-0.049098,-0.723895,9.912986,0.101167,0.102186,-0.151176,1.495361,0.122070,-6.378174
7.077297,0.046703,-0.659229,10.125544,0.196968,0.166851,0.061382,-1.342773,-1.831055,-7.751465
7.087427,-0.264051,-0.880768,9.932146,-0.113786,-0.054688,-0.132016,-0.793457,-1.678467,-8.972168
7.097525,0.077838,-0.881966,10.126741,0.228103,-0.055886,0.062580,-0.671387,-1.861572,-8.880615
7.107623,0.022154,-0.822689,10.099797,0.172419,0.003391,0.035636,-0.854492,-1.617432,-7.690430
7.117720,-0.268841,-1.031056,10.091415,-0.118576,-0.204976,0.027253,-0.823975,-1.495361,-6.927490
7.127855,0.158071,-0.963397,10.041119,0.308336,-0.137316,-0.023042,-1.953125,-0.823975,-6.744385
7.137948,0.135917,-0.950224,10.030941,0.286182,-0.124144,-0.033221,-1.251221,-0.427246,-7.019043
7.148044,0.132924,-0.927471,10.060878,0.283189,-0.101391,-0.003283,-0.701904,0.213623,-8.728027
7.158141,0.340692,-0.963995,10.058483,0.490957,-0.137915,-0.005678,-0.274658,0.183105,-8.239746
7.168239,0.471220,-1.026865,10.172247,0.621485,-0.200784,0.108085,-0.671387,-0.274658,-6.835938
7.178336,0.603545,-1.022673,10.024953,0.753810,-0.196593,-0.039209,0.030518,-0.946045,-4.699707
7.188432,0.609532,-1.087339,10.075248,0.759797,-0.261258,0.011087,0.244141,-0.946045,-3.662109
7.198529,0.529299,-0.768801,10.087822,0.679564,0.057279,0.023661,1.007080,-1.312256,-2.136230
7.208626,0.425116,-0.741857,10.002200,0.575381,0.084223,-0.061961,1.190186,-1.159668,-2.380371
7.218722,0.510738,-0.721500,10.086026,0.661003,0.104581,0.021864,1.068115,-1.373291,-3.448486
7.228819,0.250878,-0.783171,10.113569,0.401143,0.042909,0.049407,-0.671387,-1.068115,-4.333496
7.238915,0.174238,-0.731080,10.080637,0.324503,0.095001,0.016475,-0.366211,-1.129150,-5.645752
7.249011,0.125140,-0.769999,10.068063,0.275405,0.056082,0.003902,-0.549316,-0.427246,-7.141113
7.259108,0.035925,-0.708327,10.055490,0.186190,0.117753,-0.008672,-0.946045,-0.091553,-8.300781
7.269205,-0.019160,-1.037642,10.053094,0.131105,-0.211562,-0.011067,-0.640869,-0.579834,-11.596680
7.279302,-0.006586,-0.854423,10.062675,0.143679,-0.028343,-0.001487,0.671387,-0.030518,-13.793945
7.289398,0.026345,-0.743055,9.962682,0.176610,0.083026,-0.101479,0.549316,-1.190186,-15.228271
7.299494,-0.101190,-0.790356,10.014774,0.049075,0.035724,-0.049388,0.305176,-0.640869,-16.754150
7.309591,-0.088616,-0.796943,10.087822,0.061649,0.029138,0.023661,0.213623,-0.427246,-18.463135
7.319687,0.016765,-0.808319,10.040521,0.167030,0.017761,-0.023641,0.976562,-0.427246,-18.218994
7.329783,-0.104183,-0.814905,10.040521,0.046082,0.011175,-0.023641,0.915527,-0.152588,-16.662598
7.339883,-0.086221,-0.917292,10.106982,0.064044,-0.091212,0.042821,0.396729,-0.549316,-13.519287
7.349979,-0.071851,-0.995729,10.167457,0.078414,-0.169649,0.103295,0.183105,-0.030518,-12.207031
7.360076,-0.009580,-0.920286,10.012379,0.140685,-0.094206,-0.051783,-0.335693,2.441406,-9.063721
7.370172,0.080233,-0.942440,10.026151,0.230498,-0.116360,-0.038011,-0.671387,1.190186,-7.843018
7.380268,0.089813,-1.448987,10.073452,0.240078,-0.622906,0.009290,-0.183105,2.197266,-3.967285
7.390365,-0.083227,-0.949625,9.884246,0.067038,-0.123545,-0.179916,-2.166748,1.007080,-1.983643
7.400461,-0.039518,-0.852028,10.045909,0.110747,-0.025948,-0.018252,-2.624512,-0.976562,-2.502441
7.410558,0.270637,-0.846639,10.093810,0.420902,-0.020559,0.029648,-0.854492,0.976562,-2.044678
7.420655,0.068258,-0.859213,10.053094,0.218523,-0.033133,-0.011067,-0.976562,1.708984,-1.281738
7.430751,0.240699,-1.008902,10.048304,0.390964,-0.182822,-0.015857,-0.244141,0.915527,0.000000
7.440847,0.392184,-0.921484,10.035731,0.542449,-0.095403,-0.028431,0.579834,0.885010,-0.091553
7.450942,0.208965,-0.864602,9.942325,0.359230,-0.038522,-0.121837,-0.366211,-1.464844,-1.037598
7.461038,0.168250,-0.833467,10.019564,0.318515,-0.007386,-0.044598,-0.732422,-2.685547,-2.136230
7.471133,0.407752,-0.870590,10.057885,0.558017,-0.044509,-0.006277,-0.610352,-2.899170,-3.356934
7.481229,0.255070,-0.854423,10.048304,0.405335,-0.028343,-0.015857,-0.427246,-1.861572,-5.462646
7.491324,0.238304,-0.842448,10.084828,0.388569,-0.016368,0.020667,-0.152588,-1.800537,-5.859375
7.501420,0.173040,-0.849633,10.154284,0.323305,-0.023553,0.090122,1.525879,1.159668,-5.706787
7.511515,0.348475,-0.750240,10.032138,0.498740,0.075841,-0.032024,2.166748,2.166748,-5.187988
7.521607,0.254471,-0.733475,9.878258,0.404736,0.092606,-0.185904,1.525879,-2.227783,-5.615234
7.531703,0.241897,-0.764610,10.137519,0.392162,0.061470,0.073357,0.762939,-2.868652,-6.500244
7.541799,0.252675,-0.864003,10.100995,0.402940,-0.037923,0.036833,0.579834,-1.953125,-7.598877
7.551895,0.170645,-1.035846,10.031539,0.320910,-0.209766,-0.032622,-0.091553,-1.495361,-7.019043
7.561991,0.107177,-1.017883,10.075847,0.257442,-0.191803,0.011685,-0.244141,-1.586914,-6.561279
7.572087,0.043110,-1.012495,10.001602,0.193375,-0.186414,-0.062560,-0.183105,0.579834,-5.096436
7.582183,0.108375,-1.099913,10.031539,0.258640,-0.273832,-0.032622,0.000000,-0.305176,-4.180908
7.592279,0.032932,-1.084345,10.196796,0.183197,-0.258265,0.132634,0.335693,1.861572,-1.068115
7.602375,-0.016166,-0.847837,10.100995,0.134099,-0.021757,0.036833,0.518799,4.425049,-0.701904
7.612470,-0.053289,-0.771196,9.957892,0.096976,0.054884,-0.106269,0.762939,2.990723,-2.319336
7.622566,0.107177,-0.833467,10.044113,0.257442,-0.007386,-0.020049,0.793457,2.319336,-2.288818
7.632677,-0.100591,-0.875978,10.042916,0.049674,-0.049898,-0.021246,0.762939,2.075195,-1.098633
7.642775,-0.108375,-0.858016,9.993219,0.041890,-0.031935,-0.070943,0.122070,0.549316,-0.152588
7.652873,-0.171843,-0.909509,10.020163,-0.021578,-0.083428,-0.043999,-0.030518,-0.396729,0.396729
7.662968,-0.083826,-0.837658,10.080038,0.066439,-0.011578,0.015877,0.640869,0.640869,2.807617
7.673065,-0.050295,-0.838257,10.062076,0.099970,-0.012176,-0.002086,0.793457,0.640869,3.784180
7.683161,0.074844,-0.834066,10.087822,0.225109,-0.007985,0.023661,1.373291,1.831055,4.425049
7.693257,-0.058079,-0.722697,9.933344,0.092186,0.103383,-0.130818,1.129150,1.739502,4.699707
7.703352,-0.074246,-0.844843,9.862092,0.076019,-0.018763,-0.202070,0.244141,-0.701904,4.302979
7.713448,-0.013173,-0.847837,10.065070,0.137092,-0.021757,0.000908,-0.762939,-4.730225,1.129150
7.723544,-0.020956,-0.935854,10.166259,0.129309,-0.109773,0.102097,-0.579834,-3.570557,0.152588
7.733643,0.021555,-0.975970,10.042317,0.171820,-0.149890,-0.021845,0.030518,-0.549316,-0.823975
7.743741,0.038919,-0.942440,10.007589,0.189184,-0.116360,-0.056573,-0.061035,-0.762939,-1.007080
7.753839,0.023351,-0.955613,10.055490,0.173616,-0.129532,-0.008672,-0.213623,-0.701904,0.366211
7.763937,0.071252,-0.953817,10.036928,0.221517,-0.127736,-0.027234,-0.213623,-0.366211,0.885010
7.774033,0.073647,-0.927471,10.029144,0.223912,-0.101391,-0.035017,-0.183105,-0.396729,1.007080
7.784129,0.059875,-0.900527,10.089619,0.210141,-0.074447,0.025457,0.000000,0.122070,0.854492
7.794225,0.120350,-0.898731,10.087224,0.270615,-0.072651,0.023062,0.061035,0.579834,1.373291
7.804321,-0.037123,-0.864602,10.047706,0.113142,-0.038522,-0.016456,0.183105,1.861572,2.502441
7.814417,-0.099992,-0.861010,10.022558,0.050273,-0.034929,-0.041604,0.030518,1.525879,3.295898
7.824516,-0.083826,-0.866398,10.044113,0.066439,-0.040318,-0.020049,-0.091553,1.098633,6.195068
7.834610,-0.030536,-0.844244,10.097402,0.119729,-0.018164,0.033241,0.091553,1.922607,7.537842
7.844705,-0.096400,-0.850232,10.043514,0.053865,-0.024152,-0.020647,0.061035,1.770020,7.843018
7.854799,0.003593,-0.859213,10.002799,0.153858,-0.033133,-0.061363,-0.152588,0.549316,7.293701
7.864896,0.043110,-0.872386,10.077045,0.193375,-0.046305,0.012883,-0.396729,0.061035,7.019043
7.875005,-0.156275,-0.896336,10.047706,-0.006010,-0.070256,-0.016456,-0.885010,0.549316,5.737305
7.885109,-0.029938,-0.883163,10.046508,0.120327,-0.057083,-0.017654,-1.037598,0.427246,5.187988
7.895207,0.018561,-0.858016,10.011780,0.168826,-0.031935,-0.052381,-1.190186,0.000000,4.516602
7.905299,0.044308,-0.858615,10.019564,0.194573,-0.032534,-0.044598,-1.342773,-0.427246,3.692627
7.915423,0.108375,-0.884960,10.051298,0.258640,-0.058879,-0.012864,-1.037598,-0.366211,2.105713
7.925513,0.162263,-0.861010,10.041119,0.312528,-0.034929,-0.023042,-0.976562,-0.244141,1.617432
7.935603,0.186812,-0.869991,10.035731,0.337077,-0.043910,-0.028431,-0.976562,-0.457764,1.190186
7.945692,0.110171,-0.894540,10.066866,0.260436,-0.068459,0.002704,-0.640869,-0.427246,0.305176
7.955781,0.082029,-0.894540,10.060280,0.232294,-0.068459,-0.003882,-0.457764,-0.274658,0.091553
7.965870,-0.038919,-0.891546,10.081236,0.111346,-0.065466,0.017074,-0.091553,0.000000,0.213623
7.975960,-0.061073,-0.865201,10.071656,0.089192,-0.039120,0.007494,-0.030518,0.366211,0.854492
7.986049,0.023950,-0.881966,10.032737,0.174215,-0.055886,-0.031425,-0.518799,-0.152588,1.190186
7.996139,-0.004790,-0.880768,10.066267,0.145475,-0.054688,0.002105,-0.518799,-0.457764,0.549316
8.006230,-0.125739,-0.897534,10.071057,0.024526,-0.071453,0.006895,-0.549316,-0.305176,0.244141
8.016326,-0.029339,-0.879571,10.033336,0.120926,-0.053491,-0.030826,-0.640869,-0.305176,-0.091553
8.026442,-0.007185,-0.880170,10.050699,0.143080,-0.054089,-0.013462,-0.671387,-0.518799,-0.549316
8.036540,-0.131726,-0.937051,10.044712,0.018539,-0.110971,-0.019450,-0.976562,-0.793457,-1.525879
8.046638,-0.137714,-0.927471,10.045311,0.012551,-0.101391,-0.018851,-1.098633,-0.946045,-1.312256
8.056735,-0.105381,-0.919687,10.044113,0.044884,-0.093607,-0.020049,-1.220703,-1.129150,-1.312256
8.066832,-0.219743,-0.910107,10.060280,-0.069478,-0.084027,-0.003882,-1.129150,-0.823975,-1.159668
8.076928,-0.217348,-0.900527,10.062675,-0.067083,-0.074447,-0.001487,-1.129150,-0.854492,-0.610352
8.087024,-0.179028,-0.928669,10.077045,-0.028763,-0.102588,0.012883,-0.976562,-0.305176,0.610352
8.097120,-0.153880,-0.931064,10.060280,-0.003615,-0.104983,-0.003882,-0.915527,-0.061035,0.885010
8.107208,-0.125739,-0.925675,10.030342,0.024526,-0.099595,-0.033820,-0.976562,-0.396729,1.129150
8.117299,-0.095202,-0.915496,10.045311,0.055063,-0.089416,-0.018851,-0.976562,-0.640869,1.068115
8.127414,-0.076042,-0.903521,10.040521,0.074223,-0.077441,-0.023641,-0.976562,-0.671387,0.305176
8.137505,-0.055085,-0.920885,10.048903,0.095180,-0.094805,-0.015259,-0.885010,-0.793457,-0.427246
8.147594,-0.081431,-0.940045,10.048304,0.068834,-0.113965,-0.015857,-0.732422,-0.701904,-0.976562
8.157684,-0.055085,-0.901725,10.047706,0.095180,-0.075644,-0.016456,-0.640869,-0.762939,-1.220703
8.167774,-0.055684,-0.876577,10.051298,0.094581,-0.050497,-0.012864,-0.488281,-0.579834,-1.831055
8.177865,-0.096400,-0.972378,10.035731,0.053865,-0.146298,-0.028431,-0.335693,-0.335693,-1.892090
8.187955,-0.026345,-0.960403,10.038126,0.123920,-0.134322,-0.026036,-0.396729,-0.579834,-1.617432
8.198045,0.048499,-0.937051,10.054292,0.198764,-0.110971,-0.009870,-0.366211,-0.793457,-1.831055
8.208139,0.029938,-0.943638,10.047107,0.180203,-0.117557,-0.017055,-0.274658,-0.701904,-2.197266
8.218236,0.082628,-0.959804,10.039922,0.232893,-0.133724,-0.024240,-0.183105,-0.701904,-2.197266
8.228347,0.146695,-0.962199,10.038126,0.296960,-0.136119,-0.026036,-0.152588,-0.854492,-1.983643
8.238445,0.153281,-0.950823,10.046508,0.303546,-0.124742,-0.017654,-0.152588,-0.946045,-1.770020
8.248542,0.155676,-0.942440,10.056088,0.305941,-0.116360,-0.008073,-0.213623,-0.823975,-1.342773
8.258636,0.135917,-0.943638,10.060878,0.286182,-0.117557,-0.003283,-0.122070,-0.610352,-1.068115
8.268733,0.058678,-0.947230,10.051298,0.208943,-0.121150,-0.012864,0.000000,-0.122070,-0.610352
8.278829,0.029339,-0.946033,10.060878,0.179604,-0.119952,-0.003283,0.061035,0.122070,-0.427246
8.288926,0.006586,-0.945434,10.051897,0.156851,-0.119354,-0.012265,0.091553,0.335693,-0.213623
8.299022,-0.036524,-0.943039,10.044113,0.113741,-0.116959,-0.020049,0.030518,0.305176,-0.152588
8.309114,-0.044308,-0.937650,10.045909,0.105957,-0.111570,-0.018252,0.030518,0.244141,-0.122070
8.319204,-0.057480,-0.940045,10.050699,0.092785,-0.113965,-0.013462,0.030518,0.152588,-0.091553
8.329302,-0.060474,-0.941841,10.051897,0.089791,-0.115761,-0.012265,0.061035,0.152588,-0.030518
8.339420,-0.060474,-0.943039,10.057286,0.089791,-0.116959,-0.006876,0.061035,0.244141,0.000000
8.349510,-0.066462,-0.947230,10.057286,0.083803,-0.121150,-0.006876,0.061035,0.305176,0.000000
8.359600,-0.072449,-0.944236,10.052496,0.077816,-0.118156,-0.011666,0.061035,0.274658,0.000000
8.369692,-0.079036,-0.931064,10.049502,0.071229,-0.104983,-0.014660,0.061035,0.183105,0.000000
8.379782,-0.078437,-0.929866,10.058483,0.071828,-0.103786,-0.005678,0.030518,0.122070,0.030518
8.389869,-0.079036,-0.933459,10.063273,0.071229,-0.107378,-0.000888,-0.030518,-0.061035,0.030518
8.399957,-0.084424,-0.935255,10.051298,0.065841,-0.109175,-0.012864,-0.030518,-0.183105,0.000000
8.410047,-0.077239,-0.938848,10.042916,0.073026,-0.112767,-0.021246,-0.091553,-0.427246,-0.030518
8.420136,-0.069456,-0.942440,10.047107,0.080809,-0.116360,-0.017055,-0.091553,-0.457764,-0.030518
8.430226,-0.067659,-0.940045,10.051298,0.082606,-0.113965,-0.012864,-0.061035,-0.457764,-0.061035
8.440315,-0.055085,-0.947829,10.060878,0.095180,-0.121749,-0.003283,-0.030518,-0.396729,-0.061035
8.450402,-0.059277,-0.943039,10.057286,0.090988,-0.116959,-0.006876,0.030518,-0.122070,0.000000
8.460497,-0.058678,-0.935854,10.051298,0.091587,-0.109773,-0.012864,0.061035,-0.061035,0.000000
8.470587,-0.053289,-0.935255,10.054292,0.096976,-0.109175,-0.009870,0.091553,0.061035,0.000000
8.480685,-0.062271,-0.934656,10.063273,0.087995,-0.108576,-0.000888,0.152588,0.305176,0.030518
8.490776,-0.064666,-0.926274,10.053693,0.085599,-0.100193,-0.010468,0.122070,0.396729,0.030518
8.500865,-0.064666,-0.924478,10.045311,0.085599,-0.098397,-0.018851,0.122070,0.427246,0.030518
8.510957,-0.073647,-0.929866,10.038126,0.076618,-0.103786,-0.026036,0.122070,0.366211,0.030518
8.521054,-0.074246,-0.931663,10.038724,0.076019,-0.105582,-0.025437,0.030518,0.122070,0.030518
8.531151,-0.084424,-0.937051,10.042916,0.065841,-0.110971,-0.021246,0.030518,0.030518,0.030518
8.541247,-0.084424,-0.935854,10.041718,0.065841,-0.109773,-0.022444,-0.030518,-0.091553,-0.030518
8.551343,-0.074844,-0.932860,10.044712,0.075421,-0.106780,-0.019450,-0.061035,-0.305176,0.000000
8.561439,-0.067061,-0.934058,10.048903,0.083204,-0.107977,-0.015259,-0.030518,-0.305176,0.000000
8.571536,-0.062271,-0.943039,10.068063,0.087995,-0.116959,0.003902,0.000000,-0.152588,-0.030518
8.581632,-0.068857,-0.937650,10.065668,0.081408,-0.111570,0.001507,0.000000,-0.091553,-0.030518
8.591732,-0.065264,-0.936453,10.060280,0.085001,-0.110372,-0.003882,-0.030518,-0.152588,-0.061035
8.601829,-0.069456,-0.939446,10.052496,0.080809,-0.113366,-0.011666,0.030518,-0.152588,-0.091553
8.611921,-0.068857,-0.940045,10.048903,0.081408,-0.113965,-0.015259,0.000000,-0.213623,-0.091553
8.622011,-0.070653,-0.935255,10.049502,0.079612,-0.109175,-0.014660,0.030518,-0.366211,-0.091553
8.632101,-0.059277,-0.938848,10.061477,0.090988,-0.112767,-0.002685,0.030518,-0.396729,-0.061035
8.642190,-0.053289,-0.939446,10.067465,0.096976,-0.113366,0.003303,0.061035,-0.152588,-0.030518
8.652280,-0.050295,-0.935854,10.068063,0.099970,-0.109773,0.003902,0.091553,-0.030518,-0.030518
8.662370,-0.053888,-0.937051,10.063273,0.096377,-0.110971,-0.000888,0.122070,0.152588,0.000000
8.672460,-0.050295,-0.946033,10.065668,0.099970,-0.119952,0.001507,0.091553,0.213623,-0.030518
8.682549,-0.052690,-0.949625,10.062675,0.097575,-0.123545,-0.001487,0.122070,0.305176,-0.030518
8.692638,-0.067659,-0.940045,10.057885,0.082606,-0.113965,-0.006277,0.030518,0.213623,-0.030518
8.702727,-0.063468,-0.938848,10.059082,0.086797,-0.112767,-0.005080,0.061035,0.152588,-0.061035
8.712817,-0.062869,-0.932860,10.055490,0.087396,-0.106780,-0.008672,0.000000,0.000000,-0.091553
8.722913,-0.060474,-0.935854,10.063872,0.089791,-0.109773,-0.000290,0.030518,-0.030518,-0.061035
8.733008,-0.054487,-0.938249,10.069261,0.095778,-0.112168,0.005099,0.030518,0.183105,-0.030518
8.743105,-0.034129,-0.938249,10.073452,0.116136,-0.112168,0.009290,0.091553,0.366211,0.000000
8.753200,-0.030536,-0.943039,10.073452,0.119729,-0.116959,0.009290,0.274658,0.976562,0.152588
8.763295,-0.052092,-0.944835,10.063273,0.098173,-0.118755,-0.000888,0.305176,1.220703,0.213623
8.773391,-0.062869,-0.944835,10.061477,0.087396,-0.118755,-0.002685,0.366211,1.342773,0.244141
8.783487,-0.086819,-0.934058,10.041718,0.063446,-0.107977,-0.022444,0.305176,1.007080,0.122070
8.793582,-0.070653,-0.938848,10.054292,0.079612,-0.112767,-0.009870,0.274658,0.762939,0.061035
8.803677,-0.094005,-0.919687,10.031539,0.056261,-0.093607,-0.032622,0.335693,0.579834,0.030518
8.813774,-0.129930,-0.699944,10.117760,0.020335,0.126136,0.053598,0.335693,0.457764,-0.518799
8.823869,-0.352667,-0.465831,10.056687,-0.202402,0.360249,-0.007475,-0.701904,0.030518,-10.375977
8.833966,-0.194595,-0.603545,10.063273,-0.044330,0.222535,-0.000888,-1.556396,-1.098633,-14.556885
8.844061,-0.110171,-0.691562,10.066267,0.040094,0.134519,0.002105,-2.014160,-1.495361,-17.425537
8.854154,0.046104,-0.670007,10.089020,0.196369,0.156074,0.024858,-1.220703,-0.671387,-19.561768
8.864250,0.046104,-0.635878,10.150093,0.196369,0.190203,0.085931,0.061035,0.518799,-19.592285
8.874346,-0.052092,-0.718506,10.069261,0.098173,0.107575,0.005099,0.213623,0.976562,-20.111084
8.884443,-0.070653,-0.783770,10.054292,0.079612,0.042310,-0.009870,-0.091553,0.671387,-20.996094
8.894539,-0.058079,-0.760419,10.053094,0.092186,0.065662,-0.011067,0.122070,0.396729,-23.040771
8.904635,-0.083227,-0.792153,10.018965,0.067038,0.033928,-0.045196,-0.122070,0.183105,-23.986816
8.914731,-0.194595,-0.878373,9.888437,-0.044330,-0.052293,-0.175725,-0.274658,-0.885010,-23.895264
8.924827,-0.029339,-1.304088,10.071656,0.120926,-0.478008,0.007494,-1.617432,-3.784180,-17.700195
8.934923,0.025148,-1.553170,10.023755,0.175413,-0.727090,-0.040406,-0.152588,-3.112793,-13.427734
8.945019,0.081431,-1.341810,10.060878,0.231696,-0.515729,-0.003283,0.030518,-1.892090,-7.812500
8.955122,0.061672,-1.272354,10.065070,0.211937,-0.446274,0.000908,0.000000,-1.464844,-6.103516
8.965219,0.052690,-1.202300,10.061477,0.202955,-0.376219,-0.002685,0.030518,-0.854492,-3.692627
8.975315,0.019759,-1.091530,10.069261,0.170024,-0.265450,0.005099,0.030518,-0.640869,-2.868652
8.985411,0.010179,-1.053809,10.060280,0.160444,-0.227728,-0.003882,0.061035,-0.335693,-1.678467
8.995507,0.001198,-1.011297,10.056088,0.151463,-0.185217,-0.008073,0.061035,-0.244141,-1.281738
9.005604,-0.001796,-0.993933,10.056687,0.148469,-0.167853,-0.007475,0.061035,-0.183105,-0.976562
9.015700,-0.012574,-0.968785,10.058483,0.137691,-0.142705,-0.005678,0.061035,-0.122070,-0.579834
9.025794,-0.007185,-0.966390,10.063273,0.143080,-0.140310,-0.000888,0.061035,-0.091553,-0.457764
9.035890,-0.011975,-0.959205,10.062076,0.138290,-0.133125,-0.002086,0.030518,0.030518,-0.305176
9.045985,-0.011975,-0.951422,10.059082,0.138290,-0.125341,-0.005080,0.030518,0.061035,-0.244141
9.056078,-0.006586,-0.955613,10.056088,0.143679,-0.129532,-0.008073,0.000000,0.061035,-0.152588
9.066175,-0.010778,-0.952020,10.054292,0.139487,-0.125940,-0.009870,0.030518,0.061035,-0.122070
9.076271,-0.019759,-0.949625,10.059082,0.130506,-0.123545,-0.005080,0.000000,0.091553,-0.091553
9.086366,-0.014969,-0.949625,10.056088,0.135296,-0.123545,-0.008073,0.061035,0.091553,-0.030518
9.096462,-0.012574,-0.944236,10.053693,0.137691,-0.118156,-0.010468,0.061035,0.091553,-0.061035
9.106559,-0.015568,-0.949026,10.047107,0.134697,-0.122946,-0.017055,0.030518,0.091553,-0.061035
9.116655,-0.014370,-0.953218,10.041119,0.135895,-0.127137,-0.023042,0.061035,0.091553,-0.061035
9.126750,-0.016166,-0.952020,10.046508,0.134099,-0.125940,-0.017654,0.061035,0.091553,-0.030518
9.136846,-0.019759,-0.941841,10.056687,0.130506,-0.115761,-0.007475,0.061035,0.030518,-0.030518
9.146941,-0.013173,-0.939446,10.058483,0.137092,-0.113366,-0.005678,0.061035,0.030518,-0.061035
9.157037,-0.007185,-0.931663,10.051897,0.143080,-0.105582,-0.012265,0.061035,0.091553,-0.030518
9.167133,-0.001198,-0.935854,10.053094,0.149068,-0.109773,-0.011067,0.061035,0.091553,-0.030518
9.177229,0.001796,-0.935255,10.063273,0.152061,-0.109175,-0.000888,0.030518,0.061035,0.000000
9.187325,0.002395,-0.935255,10.067465,0.152660,-0.109175,0.003303,0.030518,0.061035,-0.030518
9.197421,-0.000599,-0.938249,10.063872,0.149666,-0.112168,-0.000290,0.091553,0.061035,0.000000
9.207518,-0.010179,-0.940045,10.054292,0.140086,-0.113965,-0.009870,0.091553,0.061035,0.000000
9.217614,-0.012574,-0.936453,10.051897,0.137691,-0.110372,-0.012265,0.091553,0.061035,0.030518
9.227711,-0.017963,-0.940644,10.055490,0.132302,-0.114564,-0.008672,0.091553,0.061035,0.000000
9.237807,-0.017364,-0.941243,10.052496,0.132901,-0.115162,-0.011666,0.091553,0.091553,-0.030518
9.247904,-0.016765,-0.940045,10.044113,0.133500,-0.113965,-0.020049,0.030518,0.061035,0.000000
9.258001,-0.014969,-0.947829,10.047107,0.135296,-0.121749,-0.017055,0.030518,0.091553,0.000000
9.268109,-0.012574,-0.947829,10.048304,0.137691,-0.121749,-0.015857,0.030518,0.122070,0.000000
9.278249,-0.019759,-0.945434,10.051298,0.130506,-0.119354,-0.012864,0.030518,0.152588,0.000000
9.288378,-0.016765,-0.940045,10.055490,0.133500,-0.113965,-0.008672,0.030518,0.122070,-0.061035
9.298516,-0.019759,-0.937650,10.050699,0.130506,-0.111570,-0.013462,0.030518,0.122070,-0.061035
9.308627,-0.019160,-0.935854,10.050101,0.131105,-0.109773,-0.014061,0.030518,0.122070,-0.061035
9.318740,-0.015568,-0.929866,10.049502,0.134697,-0.103786,-0.014660,0.030518,0.152588,-0.030518
9.328869,-0.004790,-0.932860,10.051897,0.145475,-0.106780,-0.012265,0.000000,0.122070,-0.061035
9.338988,-0.003593,-0.937051,10.053693,0.146672,-0.110971,-0.010468,0.000000,0.091553,-0.061035
9.349092,-0.005389,-0.942440,10.054292,0.144876,-0.116360,-0.009870,0.000000,0.091553,-0.091553
9.359186,-0.010179,-0.937051,10.053693,0.140086,-0.110971,-0.010468,0.061035,0.091553,-0.091553
9.369339,-0.011975,-0.932860,10.055490,0.138290,-0.106780,-0.008672,0.061035,0.122070,-0.122070
9.379440,-0.016765,-0.936453,10.054891,0.133500,-0.110372,-0.009271,0.030518,0.122070,-0.091553
9.389536,-0.016166,-0.937650,10.056687,0.134099,-0.111570,-0.007475,0.061035,0.122070,-0.091553
9.399644,-0.016166,-0.939446,10.045311,0.134099,-0.113366,-0.018851,0.030518,0.122070,-0.091553
9.409763,-0.018561,-0.944236,10.045311,0.131704,-0.118156,-0.018851,0.091553,0.152588,-0.091553
9.419881,-0.020956,-0.944236,10.045909,0.129309,-0.118156,-0.018252,0.091553,0.122070,-0.061035
9.429955,-0.014969,-0.943638,10.045311,0.135296,-0.117557,-0.018851,0.061035,0.091553,-0.030518
9.440040,-0.005389,-0.944236,10.043514,0.144876,-0.118156,-0.020647,0.030518,0.091553,-0.061035
9.450112,-0.002395,-0.949625,10.044712,0.147870,-0.123545,-0.019450,0.030518,0.091553,-0.061035
9.460189,0.002994,-0.941841,10.044712,0.153259,-0.115761,-0.019450,0.061035,0.091553,-0.091553
9.470262,0.001796,-0.948428,10.045311,0.152061,-0.122347,-0.018851,0.030518,0.061035,-0.030518
9.480336,-0.002994,-0.943638,10.051897,0.147271,-0.117557,-0.012265,0.061035,0.091553,-0.030518
9.490411,-0.006586,-0.939446,10.055490,0.143679,-0.113366,-0.008672,0.000000,0.061035,0.000000
9.500484,-0.013771,-0.940644,10.056088,0.136494,-0.114564,-0.008073,0.000000,0.061035,0.000000
9.510557,-0.018561,-0.938249,10.050101,0.131704,-0.112168,-0.014061,0.030518,0.061035,0.000000
9.520640,-0.018561,-0.940644,10.057286,0.131704,-0.114564,-0.006876,0.030518,0.061035,0.000000
9.530733,-0.016166,-0.941243,10.056088,0.134099,-0.115162,-0.008073,0.000000,0.030518,0.000000
9.540824,-0.005988,-0.944835,10.051897,0.144277,-0.118755,-0.012265,0.030518,0.030518,0.000000
9.550918,0.000000,-0.943638,10.048304,0.150265,-0.117557,-0.015857,0.000000,0.061035,0.030518
9.561023,0.002395,-0.941841,10.048903,0.152660,-0.115761,-0.015259,0.030518,0.061035,0.030518
9.571111,0.000000,-0.939446,10.051298,0.150265,-0.113366,-0.012864,0.030518,0.091553,0.000000
9.581203,-0.006586,-0.941243,10.054292,0.143679,-0.115162,-0.009870,0.030518,0.091553,-0.061035
9.591294,-0.009580,-0.942440,10.056687,0.140685,-0.116360,-0.007475,0.061035,0.091553,0.000000
9.601384,-0.020358,-0.933459,10.053094,0.129907,-0.107378,-0.011067,0.061035,0.061035,-0.030518
9.611477,-0.017963,-0.933459,10.052496,0.132302,-0.107378,-0.011666,0.061035,0.061035,0.000000
9.621568,-0.017963,-0.933459,10.053094,0.132302,-0.107378,-0.011067,0.030518,0.061035,0.000000
9.631655,-0.015568,-0.940644,10.057286,0.134697,-0.114564,-0.006876,0.061035,0.091553,0.000000
9.641746,-0.007784,-0.943039,10.045311,0.142481,-0.116959,-0.018851,0.061035,0.091553,0.000000
9.651836,-0.005988,-0.936453,10.041718,0.144277,-0.110372,-0.022444,0.030518,0.122070,0.000000
9.661930,-0.002395,-0.936453,10.041718,0.147870,-0.110372,-0.022444,0.061035,0.091553,-0.030518
9.672019,-0.002395,-0.932261,10.055490,0.147870,-0.106181,-0.008672,0.061035,0.061035,-0.061035
9.682109,-0.005988,-0.931663,10.050101,0.144277,-0.105582,-0.014061,0.061035,0.030518,-0.030518
9.692199,-0.005389,-0.936453,10.046508,0.144876,-0.110372,-0.017654,0.061035,0.061035,-0.030518
9.702291,-0.008383,-0.937051,10.045311,0.141882,-0.110971,-0.018851,0.030518,0.061035,-0.030518
9.712446,-0.011376,-0.937051,10.051897,0.138889,-0.110971,-0.012265,0.030518,0.061035,0.000000
9.722550,-0.006586,-0.937650,10.054292,0.143679,-0.111570,-0.009870,0.030518,0.091553,-0.030518
9.732640,-0.004790,-0.929268,10.050101,0.145475,-0.103187,-0.014061,0.061035,0.122070,0.000000
9.742731,-0.011975,-0.932860,10.051897,0.138290,-0.106780,-0.012265,0.061035,0.091553,0.030518
9.752821,-0.018561,-0.935255,10.052496,0.131704,-0.109175,-0.011666,0.091553,0.091553,0.000000
9.762911,-0.020956,-0.943039,10.045311,0.129309,-0.116959,-0.018851,0.061035,0.030518,0.000000
9.773002,-0.021555,-0.947829,10.050101,0.128710,-0.121749,-0.014061,0.061035,0.061035,-0.030518
9.783093,-0.030536,-0.950224,10.061477,0.119729,-0.124144,-0.002685,0.030518,0.061035,0.000000
9.793184,-0.028740,-0.938249,10.057286,0.121525,-0.112168,-0.006876,0.030518,0.030518,0.000000
9.803274,-0.016765,-0.938848,10.056088,0.133500,-0.112767,-0.008073,0.030518,0.061035,0.000000
9.813361,-0.005389,-0.934656,10.047706,0.144876,-0.108576,-0.016456,0.030518,0.061035,0.000000
9.823464,0.001796,-0.936453,10.053094,0.152061,-0.110372,-0.011067,0.000000,0.091553,-0.030518
9.833580,-0.000599,-0.931064,10.063273,0.149666,-0.104983,-0.000888,0.030518,0.061035,0.000000
9.843672,-0.000599,-0.937051,10.060280,0.149666,-0.110971,-0.003882,0.030518,0.091553,0.000000
9.853762,-0.006586,-0.933459,10.049502,0.143679,-0.107378,-0.014660,0.030518,0.091553,0.030518
9.863850,-0.008383,-0.933459,10.048903,0.141882,-0.107378,-0.015259,0.030518,0.091553,0.030518
9.873937,-0.000599,-0.936453,10.057286,0.149666,-0.110372,-0.006876,0.030518,0.061035,-0.030518
9.884040,-0.003593,-0.938249,10.062076,0.146672,-0.112168,-0.002086,0.000000,0.061035,-0.030518
9.894128,-0.005988,-0.936453,10.058483,0.144277,-0.110372,-0.005678,0.030518,0.030518,-0.030518
9.904222,-0.004191,-0.942440,10.050101,0.146074,-0.116360,-0.014061,0.030518,0.030518,0.000000
9.914312,0.001198,-0.944835,10.051298,0.151463,-0.118755,-0.012864,0.030518,0.030518,0.000000
9.924409,0.002994,-0.932261,10.054891,0.153259,-0.106181,-0.009271,0.030518,0.091553,0.000000
9.934506,0.006586,-0.931064,10.052496,0.156851,-0.104983,-0.011666,0.061035,0.091553,0.030518
9.944599,-0.005988,-0.932261,10.048903,0.144277,-0.106181,-0.015259,0.030518,0.091553,-0.030518
9.954692,-0.005988,-0.932860,10.038126,0.144277,-0.106780,-0.026036,0.030518,0.061035,0.000000
9.964784,-0.011975,-0.935854,10.032138,0.138290,-0.109773,-0.032024,0.000000,0.061035,0.000000
9.974878,-0.016166,-0.935255,10.047706,0.134099,-0.109175,-0.016456,0.030518,0.030518,-0.030518
9.984971,-0.016765,-0.933459,10.050101,0.133500,-0.107378,-0.014061,0.000000,0.030518,-0.030518
9.995064,-0.016166,-0.936453,10.055490,0.134099,-0.110372,-0.008672,0.000000,0.030518,-0.061035
10.005157,-0.011376,-0.933459,10.051298,0.138889,-0.107378,-0.012864,0.000000,0.030518,-0.061035
10.015250,-0.004790,-0.934058,10.057885,0.145475,-0.107977,-0.006277,0.030518,0.061035,-0.030518
10.025340,-0.010778,-0.935854,10.064471,0.139487,-0.109773,0.000309,0.030518,0.061035,-0.061035
10.035432,-0.008981,-0.936453,10.061477,0.141284,-0.110372,-0.002685,0.000000,0.030518,-0.061035
10.045521,-0.010778,-0.941841,10.054292,0.139487,-0.115761,-0.009870,0.000000,0.000000,-0.061035
10.055608,-0.005988,-0.940644,10.050699,0.144277,-0.114564,-0.013462,0.000000,0.000000,-0.030518
10.065695,-0.005389,-0.940045,10.063273,0.144876,-0.113965,-0.000888,0.000000,0.030518,0.000000
10.075783,-0.007784,-0.947829,10.065070,0.142481,-0.121749,0.000908,-0.030518,0.061035,0.000000
10.085869,-0.012574,-0.947230,10.058483,0.137691,-0.121150,-0.005678,-0.030518,0.091553,0.000000
10.095958,-0.017364,-0.944236,10.060280,0.132901,-0.118156,-0.003882,0.000000,0.061035,0.000000
10.106045,-0.010179,-0.937051,10.060280,0.140086,-0.110971,-0.003882,0.000000,0.000000,0.000000
10.116132,-0.011376,-0.939446,10.053094,0.138889,-0.113366,-0.011067,0.000000,0.030518,0.000000
10.126225,-0.014969,-0.939446,10.057885,0.135296,-0.113366,-0.006277,0.030518,0.030518,0.030518
10.136321,-0.007185,-0.936453,10.050699,0.143080,-0.110372,-0.013462,0.030518,0.061035,0.030518
10.146413,-0.007185,-0.934656,10.044712,0.143080,-0.108576,-0.019450,0.061035,0.030518,0.000000
10.156513,-0.011975,-0.932860,10.050699,0.138290,-0.106780,-0.013462,0.030518,0.061035,-0.030518
10.166606,-0.017364,-0.932860,10.050699,0.132901,-0.106780,-0.013462,0.000000,0.061035,0.000000
10.176705,-0.020358,-0.930465,10.062675,0.129907,-0.104385,-0.001487,0.000000,0.061035,0.000000
10.186799,-0.023351,-0.929866,10.056687,0.126914,-0.103786,-0.007475,0.030518,0.061035,0.030518
10.196895,-0.025148,-0.929268,10.056088,0.125117,-0.103187,-0.008073,0.030518,0.061035,0.030518
10.206986,-0.018561,-0.935255,10.053693,0.131704,-0.109175,-0.010468,0.000000,0.061035,0.030518
10.217083,-0.019160,-0.931663,10.051897,0.131105,-0.105582,-0.012265,0.030518,0.061035,0.030518
10.227173,-0.005389,-0.933459,10.056687,0.144876,-0.107378,-0.007475,0.000000,0.091553,0.030518
10.237262,-0.002994,-0.942440,10.052496,0.147271,-0.116360,-0.011666,0.030518,0.061035,0.030518
10.247349,-0.008981,-0.937650,10.048903,0.141284,-0.111570,-0.015259,-0.030518,0.030518,0.000000
10.257437,-0.008383,-0.934656,10.045311,0.141882,-0.108576,-0.018851,0.000000,0.030518,-0.030518
10.267527,-0.012574,-0.937650,10.047107,0.137691,-0.111570,-0.017055,0.000000,0.091553,-0.030518
10.277617,-0.017364,-0.928070,10.050699,0.132901,-0.101990,-0.013462,-0.030518,0.122070,-0.030518
10.287709,-0.019160,-0.927471,10.054292,0.131105,-0.101391,-0.009870,0.030518,0.122070,-0.030518
10.297798,-0.024549,-0.931064,10.042916,0.125716,-0.104983,-0.021246,0.030518,0.091553,0.000000
10.307891,-0.022753,-0.931663,10.040521,0.127512,-0.105582,-0.023641,0.030518,0.061035,-0.030518
10.317981,-0.010179,-0.929866,10.051298,0.140086,-0.103786,-0.012864,0.000000,0.091553,-0.030518
10.328070,-0.011975,-0.934058,10.053094,0.138290,-0.107977,-0.011067,-0.030518,0.122070,0.000000
10.338161,-0.005389,-0.934058,10.054891,0.144876,-0.107977,-0.009271,0.030518,0.061035,-0.030518
10.348252,-0.010179,-0.928070,10.043514,0.140086,-0.101990,-0.020647,0.030518,0.061035,-0.030518
10.358341,-0.010179,-0.924478,10.037527,0.140086,-0.098397,-0.026635,0.061035,0.061035,0.000000
10.368432,-0.011376,-0.930465,10.048903,0.138889,-0.104385,-0.015259,0.030518,0.000000,0.000000
10.378521,-0.015568,-0.933459,10.055490,0.134697,-0.107378,-0.008672,0.061035,0.000000,0.000000
10.388610,-0.010179,-0.935255,10.059681,0.140086,-0.109175,-0.004481,0.091553,0.030518,0.000000
10.398700,-0.011376,-0.932860,10.058483,0.138889,-0.106780,-0.005678,0.091553,0.030518,0.000000
10.408792,-0.004790,-0.937051,10.059681,0.145475,-0.110971,-0.004481,0.152588,0.122070,0.000000
10.418882,-0.001198,-0.938249,10.059082,0.149068,-0.112168,-0.005080,0.183105,0.152588,0.000000
10.428978,-0.001796,-0.944835,10.059082,0.148469,-0.118755,-0.005080,0.183105,0.122070,0.152588
10.439074,0.040117,-1.016686,10.058483,0.190382,-0.190605,-0.005678,0.274658,0.152588,0.854492
10.449171,0.041913,-1.017883,10.059681,0.192178,-0.191803,-0.004481,0.457764,0.213623,2.105713
10.459268,-0.036524,-0.883762,10.053693,0.113741,-0.057682,-0.010468,0.579834,0.274658,2.838135
10.469366,-0.032932,-0.895737,10.056687,0.117334,-0.069657,-0.007475,0.549316,0.274658,2.227783
10.479463,-0.029339,-0.907114,10.051298,0.120926,-0.081033,-0.012864,0.488281,0.213623,1.373291
10.489559,-0.027543,-0.911904,10.049502,0.122722,-0.085823,-0.014660,0.457764,0.213623,1.068115
10.499655,-0.026944,-0.915496,10.050101,0.123321,-0.089416,-0.014061,0.366211,0.213623,0.640869
10.509751,-0.019160,-0.917891,10.050699,0.131105,-0.091811,-0.013462,0.335693,0.244141,0.488281
10.519880,-0.015568,-0.917292,10.059082,0.134697,-0.091212,-0.005080,0.305176,0.183105,0.366211
10.529969,-0.012574,-0.921484,10.061477,0.137691,-0.095403,-0.002685,0.244141,0.122070,0.244141
10.540059,-0.006586,-0.920286,10.059082,0.143679,-0.094206,-0.005080,0.244141,0.122070,0.183105
10.550151,0.164658,-0.896336,10.052496,0.314923,-0.070256,-0.011666,0.244141,0.122070,0.061035
10.560241,0.362247,-0.856818,10.052496,0.512512,-0.030738,-0.011666,0.396729,0.183105,-0.213623
10.570329,0.411943,-0.852028,10.047706,0.562208,-0.025948,-0.016456,0.823975,0.366211,-1.098633
10.580420,0.415536,-0.934058,10.039323,0.565801,-0.107977,-0.024839,1.251221,0.518799,-1.037598
10.590510,0.564027,-0.940644,10.047706,0.714292,-0.114564,-0.016456,1.861572,0.823975,-0.732422
10.600600,0.070653,-0.870590,10.069860,0.220918,-0.044509,0.005698,0.885010,0.366211,0.274658
10.610692,0.297581,-0.879571,10.067465,0.447846,-0.053491,0.003303,0.091553,0.000000,0.274658
10.620781,0.716710,-1.019680,10.030342,0.866975,-0.193599,-0.033820,-0.640869,-0.305176,1.281738
10.630873,0.584984,-0.999921,10.046508,0.735249,-0.173840,-0.017654,0.274658,0.091553,1.800537
10.640970,0.412542,-0.875978,10.070458,0.562807,-0.049898,0.006297,0.183105,0.122070,3.204346
10.651067,0.461041,-0.799937,10.087224,0.611306,0.026144,0.023062,-0.488281,0.152588,3.173828
10.661164,0.761017,-0.784968,10.081835,0.911282,0.041113,0.017673,-0.152588,0.671387,3.112793
10.671264,0.524509,-0.588576,10.197394,0.674774,0.237504,0.133233,1.495361,1.525879,4.425049
10.681362,0.542472,-0.942440,10.244696,0.692737,-0.116360,0.180534,1.708984,1.281738,5.249023
10.691460,0.377216,-0.977767,10.029144,0.527481,-0.151686,-0.035017,1.556396,1.403809,4.821777
10.701557,0.481998,-0.884960,9.933344,0.632263,-0.058879,-0.130818,2.014160,1.342773,6.561279
10.711653,0.203577,-0.724493,10.062675,0.353842,0.101587,-0.001487,2.075195,0.518799,10.040283
10.721747,0.420925,-0.943039,10.002799,0.571190,-0.116959,-0.061363,0.793457,0.091553,10.955811
10.731839,0.615520,-0.934058,10.044712,0.765785,-0.107977,-0.019450,1.586914,0.183105,11.810303
10.741930,0.312550,-0.897534,9.964479,0.462815,-0.071453,-0.099683,1.861572,0.061035,12.298584
10.752019,0.319735,-0.874182,10.068662,0.470000,-0.048102,0.004500,1.281738,-0.549316,11.901855
10.762109,0.502355,-0.714315,10.108180,0.652620,0.111766,0.044018,0.732422,-0.946045,10.467529
10.772198,0.628094,-0.798140,10.064471,0.778359,0.027940,0.000309,0.274658,-0.854492,10.345459
10.782288,0.296982,-0.841849,10.009385,0.447247,-0.015769,-0.054776,-0.915527,-0.793457,8.178711
10.792381,0.325723,-0.730481,10.023755,0.475988,0.095599,-0.040406,-1.342773,-0.549316,7.904053
10.802471,0.267045,-0.801134,10.134525,0.417310,0.024946,0.070363,-1.403809,-0.671387,8.453369
10.812562,0.485590,-1.021476,9.929751,0.635855,-0.195395,-0.134411,-1.525879,-0.396729,9.277344
10.822652,0.426912,-0.976569,10.062675,0.577177,-0.150489,-0.001487,-0.396729,0.091553,10.131836
10.832746,0.313748,-0.965792,10.042916,0.464013,-0.139711,-0.021246,-0.396729,0.305176,11.596680
10.842862,0.369432,-0.953817,10.056687,0.519697,-0.127736,-0.007475,-0.396729,0.488281,10.772705
10.852961,0.297581,-0.957409,10.164463,0.447846,-0.131329,0.100301,0.000000,0.762939,8.941650
10.863054,0.389191,-0.905916,10.107581,0.539456,-0.079836,0.043419,-0.213623,1.098633,8.728027
10.873150,0.389191,-0.810115,10.116563,0.539456,0.015965,0.052401,-0.671387,1.525879,7.873535
10.883248,0.295186,-0.870590,10.068662,0.445451,-0.044509,0.004500,-0.518799,1.953125,6.164551
10.893344,0.308359,-0.758622,10.056687,0.458624,0.067458,-0.007475,-0.274658,2.105713,5.615234
10.903440,0.295785,-1.006507,10.112970,0.446050,-0.180427,0.048808,-0.091553,2.075195,4.913330
10.913538,0.458047,-0.778381,9.971065,0.608313,0.047699,-0.093097,1.434326,2.075195,4.150391
10.923631,0.309556,-0.938249,10.048903,0.459821,-0.112168,-0.015259,1.556396,1.586914,4.364014
10.933720,0.165256,-0.823887,10.056687,0.315521,0.002194,-0.007475,2.288818,1.129150,4.913330
10.943807,0.379012,-0.772993,10.058483,0.529277,0.053088,-0.005678,2.197266,1.190186,7.293701
10.953893,0.386197,-0.812510,10.078841,0.536462,0.013570,0.014679,1.892090,1.403809,6.866455
10.963981,0.220342,-1.123863,10.049502,0.370607,-0.297783,-0.014660,0.885010,1.251221,5.615234
10.974072,0.353864,-1.083746,10.163265,0.504129,-0.257666,0.099104,0.030518,1.220703,6.195068
10.984158,0.335303,-0.911904,10.014774,0.485568,-0.085823,-0.049388,-0.183105,1.434326,5.676270
10.994245,0.067659,-0.766406,10.100396,0.217924,0.059674,0.036234,-0.640869,1.647949,4.913330
11.004332,-0.008981,-0.879571,10.139315,0.141284,-0.053491,0.075153,-0.762939,1.525879,4.821777
11.014418,0.268242,-0.887355,9.992620,0.418507,-0.061274,-0.071541,1.556396,1.861572,4.547119
11.024506,0.078437,-0.901725,10.202783,0.228702,-0.075644,0.138621,0.793457,1.892090,4.333496
11.034601,-0.137115,-0.750240,9.921368,0.013150,0.075841,-0.142793,1.312256,1.556396,4.638672
11.044696,0.136516,-0.888552,9.998608,0.286781,-0.062472,-0.065554,-0.183105,1.556396,4.486084
11.054789,0.221539,-0.869392,10.103989,0.371804,-0.043312,0.039827,-1.159668,1.342773,4.119873
11.064881,-0.023351,-0.826880,10.117760,0.126914,-0.000800,0.053598,-0.701904,1.159668,3.631592
11.074974,0.009580,-0.851429,10.157877,0.159845,-0.025349,0.093715,-0.030518,0.701904,3.509521
11.085067,0.166454,-0.967588,10.015972,0.316719,-0.141507,-0.048190,0.030518,0.061035,4.119873
11.095161,0.080832,-0.803529,10.017169,0.231097,0.022551,-0.046993,0.152588,0.335693,3.265381
11.105255,0.112566,-0.784369,10.081236,0.262831,0.041712,0.017074,-0.457764,0.518799,3.082275
11.115349,0.410147,-0.841849,10.060280,0.560412,-0.015769,-0.003882,-0.762939,0.915527,2.288818
11.125442,0.352667,-0.879571,10.003997,0.502932,-0.053491,-0.060165,-0.244141,1.129150,2.075195
11.135531,0.426912,-0.930465,10.005793,0.577177,-0.104385,-0.058369,0.061035,1.647949,3.875732
11.145618,0.202978,-0.828677,10.108779,0.353243,-0.002596,0.044617,0.244141,1.983643,4.394531
11.155707,0.268242,-0.733475,10.066866,0.418507,0.092606,0.002704,-0.427246,1.525879,6.042480
11.165795,0.632884,-0.577200,9.942924,0.783149,0.248881,-0.121238,-0.640869,1.342773,5.432129
11.175889,0.518522,-0.626298,10.166858,0.668787,0.199783,0.102696,-0.915527,2.075195,3.723145
11.185977,0.279020,-0.862806,10.159673,0.429285,-0.036725,0.095511,-2.441406,1.708984,2.960205
11.196063,0.238903,-0.825084,10.021959,0.389168,0.000996,-0.042202,-1.220703,2.319336,3.051758
11.206150,0.307161,-0.837059,10.278226,0.457426,-0.010979,0.214065,-0.366211,2.136230,1.922607
11.216238,-0.016765,-0.548459,9.998009,0.133500,0.277621,-0.066153,-2.746582,2.960205,1.281738
11.226326,0.008383,-0.858615,10.015972,0.158648,-0.032534,-0.048190,-2.685547,2.410889,-0.579834
11.236446,0.056882,-0.637075,9.887838,0.207147,0.189005,-0.176324,0.732422,2.349854,0.030518
11.246532,0.079634,-0.972977,9.787247,0.229899,-0.146896,-0.276914,-0.061035,1.342773,0.732422
11.256621,0.111368,-1.038241,10.011182,0.261633,-0.212161,-0.052980,-0.030518,0.488281,0.244141
11.266708,-0.212558,-1.205892,10.164463,-0.062293,-0.379812,0.100301,-0.305176,-0.091553,0.335693
11.276797,0.040715,-1.135239,9.960287,0.190980,-0.309159,-0.103874,1.831055,-0.152588,1.800537
11.286882,0.039518,-1.063389,10.013577,0.189783,-0.237308,-0.050585,2.166748,-0.183105,2.777100
11.296974,0.028141,-1.200504,10.095606,0.178407,-0.374423,0.031444,-0.152588,-0.488281,2.838135
11.307062,0.150886,-1.162782,9.992620,0.301151,-0.336702,-0.071541,-0.061035,-0.823975,2.563477
11.317150,-0.143102,-1.106499,10.073452,0.007163,-0.280419,0.009290,0.610352,-1.007080,2.197266
11.327236,0.047900,-0.959804,9.911788,0.198165,-0.133724,-0.152373,0.762939,-0.610352,2.593994
11.337328,0.111967,-0.941243,10.001602,0.262232,-0.115162,-0.062560,0.457764,-0.061035,1.342773
11.347423,0.079634,-0.971779,10.030342,0.229899,-0.145699,-0.033820,0.335693,0.030518,0.640869
11.357522,-0.241897,-1.138233,10.057885,-0.091632,-0.312153,-0.006277,0.305176,0.366211,-0.427246
11.367618,-0.243094,-1.011896,10.149494,-0.092829,-0.185815,0.085332,-0.122070,1.464844,-2.288818
11.377713,-0.083826,-1.016087,9.968670,0.066439,-0.190007,-0.095492,-0.610352,2.410889,-3.143311
11.387810,-0.292192,-1.075963,9.905202,-0.141927,-0.249882,-0.158960,0.091553,2.380371,-3.204346
11.397906,-0.352667,-1.256786,10.077045,-0.202402,-0.430706,0.012883,0.976562,1.800537,-2.807617
11.408002,-0.468825,-0.941841,10.087224,-0.318560,-0.115761,0.023062,0.854492,0.701904,-1.739502
11.418103,-0.363444,-0.884960,10.213561,-0.213179,-0.058879,0.149399,-0.183105,-0.061035,-2.532959
11.428198,-0.214953,-0.821492,9.939930,-0.064688,0.004589,-0.124232,-0.213623,0.427246,-4.852295
11.438293,-0.421523,-1.056204,10.069860,-0.271258,-0.230123,0.005698,-1.617432,0.030518,-7.263184
11.448384,-0.091609,-0.908910,9.926757,0.058656,-0.082830,-0.137405,-0.640869,0.335693,-7.690430
11.458474,-0.153880,-0.906515,10.011182,-0.003615,-0.080434,-0.052980,-1.007080,1.007080,-9.246826
11.468564,-0.127535,-0.830473,9.992021,0.022730,-0.004393,-0.072140,-4.302979,1.251221,-10.711670
11.478655,-0.505948,-0.957409,9.980046,-0.355683,-0.131329,-0.084115,-0.762939,1.251221,-8.758545
11.488743,-0.193997,-0.735271,10.275233,-0.043732,0.090809,0.211071,-0.152588,0.701904,-7.598877
11.498833,-0.547861,-0.996927,10.229128,-0.397596,-0.170846,0.164967,-1.342773,0.213623,-7.568359
11.508922,-0.341290,-0.722098,9.860894,-0.191025,0.103982,-0.203268,1.586914,-0.122070,-9.307861
11.519011,-0.456850,-0.456251,10.065668,-0.306585,0.369829,0.001507,0.701904,-0.671387,-6.591797
11.529101,-0.210762,-0.851429,10.315349,-0.060497,-0.025349,0.251187,0.305176,-0.427246,-7.934570
11.539193,-0.080233,-0.963995,10.084828,0.070032,-0.137915,0.020667,0.396729,0.213623,-8.636475
11.549289,-0.221539,-1.151406,10.060878,-0.071274,-0.325325,-0.003283,2.227783,0.793457,-7.781982
11.559385,-0.414338,-0.841251,10.242301,-0.264073,-0.015170,0.178139,3.021240,0.610352,-6.774902
11.569482,-0.296982,-0.748444,10.039323,-0.146717,0.077637,-0.024839,1.892090,0.976562,-6.317139
11.579579,0.116757,-1.005309,9.850715,0.267022,-0.179229,-0.213446,1.861572,0.701904,-6.805420
11.589676,-0.079634,-1.169967,9.932745,0.070631,-0.343887,-0.131417,1.708984,0.885010,-6.469727
11.599773,0.230521,-1.283730,10.133926,0.380786,-0.457650,0.069765,0.732422,0.610352,-5.065918
11.609869,0.343685,-0.812510,9.916578,0.493950,0.013570,-0.147583,0.610352,1.373291,-5.462646
11.619968,-0.061672,-1.283132,10.008188,0.088593,-0.457051,-0.055974,-1.342773,1.739502,-4.791260
11.630065,0.007784,-0.986149,9.979448,0.158049,-0.160069,-0.084714,-1.190186,1.647949,-3.479004
11.640156,0.099992,-0.989143,10.096205,0.250257,-0.163063,0.032043,-0.091553,1.251221,-2.380371
11.650245,-0.032333,-0.762814,9.838141,0.117932,0.063267,-0.226020,0.457764,0.854492,-1.708984
11.660338,-0.272433,-1.054407,9.938732,-0.122168,-0.228327,-0.125429,-0.213623,0.274658,-2.258301
11.670428,-0.235311,-0.829276,10.030941,-0.085046,-0.003195,-0.033221,-1.068115,-1.525879,-1.586914
11.680516,-0.066462,-0.754431,9.993219,0.083803,0.071649,-0.070943,-0.122070,-1.708984,-1.403809
11.690607,-0.076042,-0.783171,10.286609,0.074223,0.042909,0.222447,-0.244141,-0.640869,-1.708984
11.700697,-0.098795,-0.997526,10.177635,0.051470,-0.171445,0.113474,-0.823975,-0.183105,-2.288818
11.710787,-0.010179,-0.930465,10.104587,0.140086,-0.104385,0.040426,0.366211,0.396729,-2.136230
11.720877,0.055684,-0.803529,9.901011,0.205949,0.022551,-0.163151,0.427246,0.518799,-1.953125
11.730967,-0.135917,-0.829874,9.985435,0.014348,-0.003794,-0.078727,-0.488281,-0.183105,-2.563477
11.741062,0.039518,-0.732876,10.166858,0.189783,0.093204,0.102696,-0.183105,-1.953125,-3.753662
11.751155,0.229323,-0.963397,10.150692,0.379588,-0.137316,0.086530,0.030518,-2.716064,-3.479004
11.761252,0.000000,-0.869392,10.020163,0.150265,-0.043312,-0.043999,-0.183105,-0.427246,-4.760742
11.771348,-0.050295,-0.778980,10.069261,0.099970,0.047100,0.005099,-1.159668,0.274658,-4.516602
11.781444,-0.104183,-0.852627,10.251282,0.046082,-0.026547,0.187121,-0.518799,1.220703,-1.556396
11.791541,0.170645,-0.861010,9.921967,0.320910,-0.034929,-0.142195,-0.396729,0.976562,0.518799
11.801638,0.327519,-0.862806,9.860295,0.477784,-0.036725,-0.203866,0.061035,0.701904,2.716064
11.811735,0.196392,-0.747246,10.111772,0.346657,0.078834,0.047611,0.518799,0.427246,6.408691
11.821831,0.023351,-0.781974,10.172247,0.173616,0.044107,0.108085,-0.030518,0.488281,6.072998
11.831928,0.169448,-0.772993,10.036329,0.319713,0.053088,-0.027832,-2.258301,0.305176,3.692627
11.842034,0.335303,-0.835862,9.975855,0.485568,-0.009781,-0.088307,-2.593994,0.000000,2.319336
11.852126,0.211959,-0.855022,9.900412,0.362224,-0.028942,-0.163750,-0.701904,-0.793457,3.326416
11.862215,0.196990,-0.886756,9.978849,0.347255,-0.060676,-0.085313,0.427246,-1.373291,1.861572
11.872305,0.315544,-1.059197,9.807605,0.465809,-0.233117,-0.256557,0.030518,-1.312256,0.488281
11.882394,0.257465,-0.972378,10.084230,0.407730,-0.146298,0.020068,0.274658,-1.281738,-1.342773
11.892483,0.015568,-0.836461,10.139914,0.165833,-0.010380,0.075752,0.183105,-1.495361,-1.953125
11.902573,0.486189,-0.992736,9.965078,0.636454,-0.166655,-0.099084,1.495361,-1.037598,-2.593994
11.912663,-0.084424,-0.990341,10.225536,0.065841,-0.164260,0.161374,0.366211,-0.183105,-3.265381
11.922753,-0.363444,-0.913101,10.100396,-0.213179,-0.087021,0.036234,-0.579834,0.427246,-3.845215
11.932843,-0.150287,-1.083148,10.276430,-0.000022,-0.257067,0.212268,-0.244141,-0.061035,-4.211426
11.942933,-0.156874,-0.974174,10.023157,-0.006609,-0.148094,-0.041005,0.335693,0.427246,-2.380371
11.953022,-0.206570,-0.874781,10.005793,-0.056305,-0.048700,-0.058369,0.793457,0.091553,-2.136230
11.963110,-0.141306,-0.820294,10.035731,0.008959,0.005786,-0.028431,1.190186,0.396729,-2.014160
11.973200,-0.198188,-0.704734,10.083631,-0.047923,0.121346,0.019469,1.434326,0.427246,-2.014160
11.983286,-0.143102,-0.837059,10.133328,0.007163,-0.010979,0.069166,0.732422,0.122070,-2.258301
11.993376,-0.165855,-1.119672,9.717193,-0.015590,-0.293591,-0.346969,0.701904,-0.366211,-1.678467
12.003467,-0.218546,-0.599952,9.952504,-0.068281,0.226128,-0.111658,1.739502,-0.366211,-0.579834
12.013556,0.093406,-0.859812,9.778266,0.243671,-0.033732,-0.285896,0.976562,-0.579834,-0.640869
12.023642,-0.238304,-0.802332,9.895023,-0.088039,0.023749,-0.169139,0.091553,-0.366211,-1.037598
12.033736,-0.315544,-1.277144,9.905202,-0.165279,-0.451064,-0.158960,-1.068115,0.000000,-1.617432
12.043829,0.054487,-1.110092,10.128538,0.204752,-0.284011,0.064376,-0.427246,-1.007080,1.831055
12.053923,0.038320,-1.164578,10.030342,0.188585,-0.338498,-0.033820,0.335693,-0.579834,3.723145
12.064017,0.016765,-1.011297,9.775272,0.167030,-0.185217,-0.288890,-1.739502,1.525879,7.263184
12.074110,0.126337,-0.103585,9.496252,0.276602,0.722496,-0.567909,2.624512,2.777100,8.605957
12.084203,0.102986,-1.043630,10.066267,0.253251,-0.217549,0.002105,1.617432,1.739502,10.864258
12.094296,0.099992,-1.318458,10.057885,0.250257,-0.492378,-0.006277,-0.244141,0.762939,11.810303
12.104390,-0.002994,-1.461561,10.221943,0.147271,-0.635480,0.157782,0.823975,0.091553,11.810303
12.114483,0.231119,-1.018482,10.115365,0.381384,-0.192402,0.051203,-0.457764,-1.434326,11.810303
12.124576,0.199984,-0.991538,9.990824,0.350249,-0.165458,-0.073338,-1.159668,-1.678467,12.268066
12.134669,0.146695,-0.861010,10.008787,0.296960,-0.034929,-0.055375,0.854492,-1.342773,13.092041
12.144761,0.007784,-0.628693,9.932146,0.158049,0.197388,-0.132016,0.518799,-1.678467,12.359619
12.154851,-0.023351,-0.410147,10.060280,0.126914,0.415933,-0.003882,0.152588,-1.312256,10.467529
12.164938,-0.356858,-0.571212,9.792636,-0.206593,0.254868,-0.271526,-0.274658,-0.244141,8.300781
12.175026,-0.587379,-0.570613,10.189611,-0.437114,0.255467,0.125449,0.122070,0.183105,6.286621
12.185114,-0.594564,-0.489781,9.968670,-0.444299,0.336299,-0.095492,0.091553,0.335693,4.455566
12.195201,-0.654439,-0.480201,9.943522,-0.504174,0.345879,-0.120639,1.770020,0.671387,3.967285
12.205287,-0.563428,-1.079555,10.166259,-0.413163,-0.253475,0.102097,-0.671387,0.030518,1.556396
12.215376,-0.511935,-0.610730,9.993219,-0.361670,0.215350,-0.070943,-0.885010,0.091553,0.976562
12.225463,-0.650847,-0.811313,9.974658,-0.500582,0.014768,-0.089504,-0.244141,-0.427246,-1.068115
12.235552,-0.361049,-1.068179,10.163265,-0.210784,-0.242098,0.099104,-1.129150,-0.366211,-1.770020
12.245639,-0.487386,-1.122067,10.125544,-0.337121,-0.295986,0.061382,1.586914,-0.061035,-2.502441
12.255727,-0.374821,-0.989742,10.118958,-0.224556,-0.163661,0.054796,0.305176,-0.305176,-1.403809
12.265814,-0.391586,-1.037642,10.086625,-0.241321,-0.211562,0.022463,0.915527,-0.854492,-0.579834
12.275901,-0.296982,-0.990341,9.994417,-0.146717,-0.164260,-0.069745,-0.488281,-0.732422,0.091553
12.285988,-0.206570,-0.981359,9.995015,-0.056305,-0.155279,-0.069146,1.007080,-0.793457,0.762939
12.296079,-0.191003,-0.895139,9.883048,-0.040738,-0.069058,-0.181114,1.525879,-0.244141,1.617432
12.306166,-0.395777,-0.804727,9.890233,-0.245512,0.021354,-0.173929,1.129150,-0.213623,1.983643
12.316254,-0.340692,-1.207689,10.212962,-0.190427,-0.381608,0.148800,-0.122070,0.122070,-0.885010
12.326342,-0.409548,-0.775388,10.192006,-0.259283,0.050693,0.127844,-0.732422,0.274658,-0.152588
12.336432,-0.089813,-1.220861,9.798624,0.060452,-0.394781,-0.265538,0.427246,1.037598,0.579834
12.346524,-0.101190,-0.861608,9.663305,0.049075,-0.035528,-0.400857,-0.854492,2.593994,1.281738
12.356621,0.212558,-0.648452,8.990305,0.362823,0.177629,-1.073857,0.549316,2.075195,-0.305176
12.366714,-0.518522,-0.646655,10.308763,-0.368257,0.179425,0.244601,1.251221,2.868652,0.640869
12.376809,-0.188608,0.404160,9.222023,-0.038343,1.230240,-0.842139,5.798340,1.892090,1.556396
12.386901,-0.458047,0.138911,9.917177,-0.307782,0.964992,-0.146985,1.068115,0.396729,-0.152588
12.396996,0.131127,-0.946033,10.006392,0.281392,-0.119952,-0.057770,-0.183105,-0.183105,-4.638672
12.407088,0.113763,-0.905317,10.028546,0.264028,-0.079237,-0.035616,-0.274658,0.061035,-8.422852
12.417186,-0.283810,-0.766406,10.120754,-0.133545,0.059674,0.056592,-0.366211,1.068115,-7.507324
12.427280,0.273032,-1.440005,9.907597,0.423297,-0.613925,-0.156565,-0.701904,1.251221,-8.483887
12.437376,0.104782,-0.998124,10.396181,0.255047,-0.172044,0.332019,0.427246,0.610352,-10.711670
12.447467,-0.049098,-0.147892,10.118958,0.101167,0.678188,0.054796,2.380371,0.793457,-11.108398
12.457556,-0.100591,-0.886756,10.096205,0.049674,-0.060676,0.032043,-0.701904,-0.701904,-10.711670
12.467645,-0.011975,-1.137634,10.263257,0.138290,-0.311554,0.199096,0.579834,-0.854492,-10.955811
12.477734,-0.076641,-0.989143,10.230925,0.073624,-0.163063,0.166763,1.037598,-0.457764,-9.796143
12.487823,-0.126337,-0.751437,10.062675,0.023928,0.074643,-0.001487,-0.335693,-0.549316,-7.995605
12.497911,-0.079634,-0.720302,10.053094,0.070631,0.105778,-0.011067,-1.251221,-0.579834,-7.659912
12.508001,-0.119152,-0.749641,10.026749,0.031113,0.076439,-0.037412,-2.044678,-0.671387,-7.537842
12.518089,-0.044907,-0.904719,10.196796,0.105358,-0.078638,0.132634,-1.556396,-0.732422,-7.049561
12.528178,0.187410,-0.946631,10.103989,0.337675,-0.120551,0.039827,-1.037598,0.030518,-5.523682
12.538270,0.232916,-1.049617,10.103989,0.383181,-0.223537,0.039827,-0.915527,-0.610352,-4.974365
12.548366,0.149689,-1.007106,10.076446,0.299954,-0.181025,0.012284,2.105713,0.305176,-3.326416
12.558464,0.122745,-0.768801,10.027947,0.273010,0.057279,-0.036215,0.640869,0.152588,-1.983643
12.568561,-0.040715,-0.969983,10.063273,0.109550,-0.143903,-0.000888,-0.183105,-0.244141,-1.678467
12.578657,0.138911,-0.925076,10.069261,0.289176,-0.098996,0.005099,-0.671387,-1.403809,-0.946045
12.588753,0.188608,-0.786764,9.795630,0.338873,0.039316,-0.268532,0.701904,-0.946045,-0.396729
12.598851,-0.187410,-1.613644,10.151290,-0.037145,-0.787564,0.087129,-3.112793,0.671387,-0.305176
12.608947,-0.026944,-0.590372,9.672286,0.123321,0.235708,-0.391875,-0.671387,2.075195,-1.037598
12.619043,-0.043110,-1.402883,10.264455,0.107155,-0.576802,0.200293,-3.387451,2.319336,-1.525879
12.629140,-0.316741,-1.644780,10.386601,-0.166476,-0.818699,0.322439,-0.915527,2.868652,-2.044678
12.639237,-0.044907,-1.556763,10.032138,0.105358,-0.730682,-0.032024,2.746582,2.258301,1.098633
12.649325,0.217947,-1.984872,10.242301,0.368212,-1.158792,0.178139,6.622314,1.495361,3.509521
12.659420,-0.487985,-1.235830,9.942924,-0.337720,-0.409750,-0.121238,5.828857,0.061035,5.981445
12.669511,0.071851,-1.171763,9.796827,0.222116,-0.345683,-0.267334,-0.854492,-2.349854,5.432129
12.679601,0.470023,-1.067580,9.836944,0.620288,-0.241500,-0.227218,0.488281,0.000000,2.777100
12.689692,0.546663,-1.080753,9.840536,0.696928,-0.254672,-0.223625,-0.518799,-0.152588,1.007080
12.699784,-0.010778,-1.219664,9.862690,0.139487,-0.393583,-0.201471,0.579834,0.305176,1.464844
12.709873,-0.047302,-1.125060,10.075847,0.102963,-0.298980,0.011685,1.312256,-0.549316,3.082275
12.719964,-0.118553,-0.662822,9.726773,0.031712,0.163259,-0.337389,0.701904,0.427246,7.049561
12.730055,-0.193997,-0.934058,9.992620,-0.043732,-0.107977,-0.071541,-0.183105,0.183105,7.629395
12.740147,-0.384999,-0.896336,10.039323,-0.234734,-0.070256,-0.024839,0.152588,-0.946045,9.002686
12.750234,-0.112566,-0.836461,10.263257,0.037699,-0.010380,0.199096,-0.366211,-0.823975,9.704590
12.760324,-0.040117,-0.893941,10.217153,0.110148,-0.067861,0.152992,0.396729,-1.434326,8.514404
12.770414,-0.287402,-0.852627,10.239307,-0.137137,-0.026547,0.175146,-0.457764,-1.525879,7.904053
12.780504,-0.225132,-0.880768,10.327923,-0.074867,-0.054688,0.263761,-1.220703,-1.281738,7.537842
12.790594,0.000000,-0.580193,9.950707,0.150265,0.245887,-0.113454,-1.037598,-0.488281,8.331299
12.800683,-0.282612,-0.583187,9.832753,-0.132347,0.242893,-0.231409,-0.030518,-0.091553,8.636475
12.810774,-0.143102,-0.824485,9.820778,0.007163,0.001595,-0.243384,0.122070,-1.159668,7.629395
12.820864,-0.268242,-0.433499,9.891431,-0.117977,0.392582,-0.172731,1.556396,-0.579834,7.476807
12.830953,-0.387394,-0.848436,9.999207,-0.237129,-0.022355,-0.064955,0.518799,-1.922607,7.873535
12.841063,-0.382006,-1.064586,10.349478,-0.231741,-0.238506,0.285316,0.732422,-1.586914,6.347656
12.851157,-0.122146,-1.117277,9.916578,0.028119,-0.291196,-0.147583,1.525879,-0.061035,6.500244
12.861253,-0.234712,-1.096320,9.905202,-0.084447,-0.270240,-0.158960,0.732422,0.305176,7.263184
12.871351,-0.114362,-1.066981,9.871073,0.035903,-0.240901,-0.193089,0.152588,0.885010,7.904053
12.881447,-0.344284,-0.871787,10.181827,-0.194019,-0.045707,0.117665,0.915527,1.190186,7.995605
12.891547,-0.023351,-1.058599,10.060280,0.126914,-0.232518,-0.003882,-0.213623,0.244141,7.598877
12.901644,0.007784,-0.959205,10.047107,0.158049,-0.133125,-0.017055,-1.495361,0.762939,6.805420
12.911743,-0.061073,-0.941841,10.127340,0.089192,-0.115761,0.063178,-1.098633,0.396729,6.805420
12.921839,0.006586,-0.800535,10.206974,0.156851,0.025545,0.142813,-1.037598,-0.823975,7.385254
12.931937,-0.186812,-1.058599,10.148895,-0.036547,-0.232518,0.084734,-1.617432,-1.739502,7.385254
12.942033,0.159868,-0.753234,10.051897,0.310133,0.072847,-0.012265,-1.770020,-1.464844,7.995605
12.952122,0.118553,-0.896336,10.124945,0.268818,-0.070256,0.060783,-1.342773,-0.183105,8.911133
12.962212,-0.025746,-1.075963,10.287806,0.124519,-0.249882,0.223645,2.166748,0.183105,8.789062
12.972303,-0.207768,-0.916694,9.996812,-0.057503,-0.090613,-0.067350,7.293701,1.159668,12.847900
12.982393,-0.261057,-0.924478,10.103390,-0.110792,-0.098397,0.039228,5.432129,0.366211,13.824463
12.992481,-0.383802,-0.586780,9.613608,-0.233537,0.239301,-0.450553,-5.096436,-0.976562,11.779785
13.002573,-0.165855,-0.907712,9.798025,-0.015590,-0.081632,-0.266137,-3.967285,-1.525879,7.202148
13.012662,-0.141905,-0.656235,10.230925,0.008360,0.169845,0.166763,-2.258301,-1.678467,5.249023
13.022753,-0.382006,-0.978964,10.262659,-0.231741,-0.152884,0.198497,-0.885010,0.640869,6.439209
13.032844,-0.377814,-1.187331,10.287208,-0.227549,-0.361251,0.223046,1.281738,0.701904,7.720947
13.042933,-0.522114,-1.113085,10.007589,-0.371849,-0.287005,-0.056573,3.540039,-0.213623,9.552002
13.053029,-0.377814,-1.501078,9.836345,-0.227549,-0.674998,-0.227817,-4.577637,-2.777100,7.171631
13.063127,-0.432301,-0.737067,9.618398,-0.282036,0.089013,-0.445763,1.373291,-2.349854,4.516602
13.073219,-0.492775,-1.044827,9.980046,-0.342510,-0.218747,-0.084115,1.129150,-2.990723,4.760742
13.083316,-0.447869,-1.090333,10.057286,-0.297604,-0.264252,-0.006876,2.227783,-2.227783,6.256104
13.093412,-0.404758,-0.998723,9.933344,-0.254493,-0.172643,-0.130818,-0.518799,-2.380371,8.117676
13.103507,-0.282014,-1.001717,9.870474,-0.131749,-0.175637,-0.193687,-1.586914,-2.075195,6.011963
13.113605,-0.171244,-1.004112,9.826166,-0.020979,-0.178032,-0.237995,-0.976562,-1.129150,2.777100
13.123698,-0.608934,-0.514330,10.371632,-0.458669,0.311750,0.307470,1.403809,0.061035,1.708984
13.133792,-0.223934,-0.768203,9.953102,-0.073669,0.057878,-0.111059,-0.091553,-0.061035,0.427246
13.143888,-0.299976,-0.895139,9.979448,-0.149711,-0.069058,-0.084714,-0.915527,-0.396729,-1.312256
13.153980,-0.443677,-0.726888,10.041718,-0.293412,0.099192,-0.022444,-0.091553,-0.671387,-4.089355
13.164067,-0.393382,-0.911904,10.069860,-0.243117,-0.085823,0.005698,-1.464844,0.183105,-5.310059
13.174159,-0.469424,-0.835263,9.858499,-0.319159,-0.009183,-0.205663,-1.739502,0.610352,-6.591797
13.184246,-0.410746,-0.974773,9.988429,-0.260481,-0.148693,-0.075733,-1.678467,1.739502,-7.110596
13.194333,-0.529299,-0.861010,10.184821,-0.379034,-0.034929,0.120659,-0.854492,1.129150,-6.652832
13.204421,-0.414937,-1.817820,9.932146,-0.264672,-0.991739,-0.132016,-0.518799,1.281738,-9.521484
13.214507,-0.642464,-1.502875,10.266251,-0.492199,-0.676794,0.202090,-0.061035,0.701904,-9.246826
13.224598,-0.225731,-1.839974,9.730366,-0.075466,-1.013893,-0.333796,0.854492,0.152588,-8.239746
13.234707,-0.459844,-1.295107,10.126741,-0.309579,-0.469026,0.062580,1.281738,-0.885010,-5.187988
13.244837,-0.767005,-1.205294,10.463840,-0.616740,-0.379213,0.399679,1.037598,-1.251221,-4.241943
13.254928,-0.488584,-1.334026,10.309362,-0.338319,-0.507945,0.245200,-0.213623,-1.983643,-3.448486
13.265043,-0.404160,-1.192121,10.175839,-0.253895,-0.366041,0.111678,0.885010,-1.251221,-3.356934
13.275125,-0.329914,-1.115480,9.935739,-0.179649,-0.289400,-0.128423,2.014160,0.061035,-2.075195
13.285207,-0.280217,-1.372346,9.890832,-0.129952,-0.546266,-0.173330,0.701904,0.213623,-0.488281
13.295289,0.025746,-0.830473,10.159074,0.176011,-0.004393,0.094912,0.549316,0.457764,2.349854
13.305371,0.233514,-0.756227,9.847123,0.383779,0.069853,-0.217039,-0.183105,1.037598,2.197266
13.315452,-0.046104,-0.610730,10.126741,0.104161,0.215350,0.062580,-0.823975,1.953125,0.000000
13.325533,0.227527,-0.739462,9.968670,0.377792,0.086618,-0.095492,-2.227783,2.288818,-2.777100
13.335617,0.213157,-0.641865,10.078242,0.363422,0.184215,0.014080,-2.319336,2.380371,-2.441406
13.345701,0.013173,-0.582589,10.058483,0.163438,0.243492,-0.005678,1.861572,0.915527,-2.807617
13.355790,0.064666,-0.550854,10.077045,0.214931,0.275226,0.012883,1.403809,0.335693,-3.234863
13.365899,0.329315,-0.802930,9.963880,0.479580,0.023150,-0.100282,0.305176,1.434326,-8.758545
13.375987,0.301772,-0.740061,9.884844,0.452037,0.086019,-0.179317,2.075195,1.373291,-9.796143
13.386072,0.183219,-0.759820,9.621392,0.333484,0.066260,-0.442770,1.800537,1.922607,-11.169434
13.396160,0.008981,-0.570015,9.959090,0.159246,0.256066,-0.105072,1.556396,1.495361,-12.329102
13.406244,-0.123344,-1.069376,10.169852,0.026922,-0.243296,0.105690,-0.610352,0.000000,-12.725830
13.416330,-0.059277,-1.149609,10.014774,0.090988,-0.323529,-0.049388,1.373291,-0.762939,-14.923096
13.426417,-0.270637,-0.371228,9.964479,-0.120372,0.454852,-0.099683,4.028320,-0.305176,-15.411377
13.436505,-0.069456,-1.583707,9.902807,0.080809,-0.757626,-0.161355,-2.716064,-0.640869,-17.425537
13.446592,-0.226329,-0.629291,9.823771,-0.076064,0.196789,-0.240390,-1.953125,0.244141,-18.066406
13.456682,-0.440085,-1.369352,10.221943,-0.289820,-0.543272,0.157782,-3.692627,0.183105,-18.554688
13.466771,-0.169448,-1.316662,10.048304,-0.019183,-0.490582,-0.015857,-3.814697,0.213623,-13.549805
13.477332,-0.026944,-1.350192,10.100396,0.123321,-0.524112,0.036234,-1.647949,0.976562,-15.167236
13.487427,-0.944236,-0.656235,10.029743,-0.793971,0.169845,-0.034419,1.342773,2.868652,-13.793945
13.497516,-0.849034,-0.565225,10.200987,-0.698769,0.260856,0.136825,1.708984,2.349854,-8.789062
13.507604,-0.128134,-1.293311,9.989626,0.022131,-0.467230,-0.074535,2.197266,1.800537,-8.575439
13.517694,-0.350870,-1.234633,10.054292,-0.200605,-0.408552,-0.009870,1.708984,1.098633,-9.857178
13.527781,-0.671204,-0.923280,10.257270,-0.520939,-0.097200,0.193108,2.746582,0.457764,-7.049561
13.537869,-0.644859,-0.674198,9.722582,-0.494594,0.151882,-0.341580,3.112793,-0.488281,-4.119873
13.547958,-0.530497,-0.849633,9.990225,-0.380232,-0.023553,-0.073936,1.098633,-1.525879,-1.983643
13.558050,-0.636476,-0.727487,10.196796,-0.486211,0.098593,0.132634,-0.549316,-1.281738,0.061035
13.568143,-0.382006,-0.523911,10.111772,-0.231741,0.302170,0.047611,0.427246,-0.762939,0.946045
13.578238,-0.295186,-0.461041,10.000404,-0.144921,0.365039,-0.063758,1.617432,0.488281,1.464844
13.588335,-0.319136,-0.101788,10.091415,-0.168871,0.724292,0.027253,2.014160,0.335693,2.319336
13.598428,-0.443677,-0.031734,10.053693,-0.293412,0.794346,-0.010468,0.335693,-0.701904,4.455566
13.608525,0.089813,0.017364,10.039922,0.240078,0.843444,-0.024240,1.770020,-0.946045,4.547119
13.618619,0.260458,-0.350272,9.793834,0.410723,0.475809,-0.270328,1.098633,-0.244141,3.051758
13.628712,0.277224,-0.013771,10.017169,0.427489,0.812309,-0.046993,0.854492,0.396729,2.258301
13.638808,0.203577,-0.565823,10.146500,0.353842,0.260257,0.082339,2.258301,0.732422,0.244141
13.648904,0.248483,-0.683778,10.006990,0.398748,0.142302,-0.057171,2.349854,0.610352,-3.814697
13.658993,0.030536,-0.372426,10.174043,0.180802,0.453655,0.109881,3.051758,0.122070,-3.021240
13.669083,-0.022753,-0.481399,10.239307,0.127512,0.344681,0.175146,-1.007080,0.061035,-0.457764
13.679172,0.355660,-0.963995,10.175839,0.505925,-0.137915,0.111678,-1.037598,-0.091553,-1.678467
13.689262,0.413740,-1.127455,10.072255,0.564005,-0.301375,0.008093,-1.129150,-0.213623,-3.784180
13.699352,0.487386,-0.570015,9.942924,0.637651,0.256066,-0.121238,-1.617432,-0.762939,-2.716064
13.709441,-0.029938,-0.675994,10.030342,0.120327,0.150086,-0.033820,-1.617432,-0.274658,-1.251221
13.719529,-0.259261,-0.578996,9.882449,-0.108996,0.247084,-0.181712,-1.586914,0.061035,1.098633
13.729617,-0.288600,-0.582589,10.082433,-0.138335,0.243492,0.018272,-1.800537,0.061035,2.899170
13.739710,-0.525108,-0.873583,10.001003,-0.374843,-0.047503,-0.063159,-2.197266,1.068115,3.387451
13.749798,-0.564027,-0.786764,9.803414,-0.413762,0.039316,-0.260748,-0.823975,0.701904,2.838135
13.759907,-0.674198,-0.887355,10.146500,-0.523933,-0.061274,0.082339,1.373291,-0.671387,2.563477
13.770003,-0.622705,-0.919089,10.120155,-0.472440,-0.093008,0.055993,1.922607,-0.427246,3.417969
13.780098,-0.724493,-1.105302,10.095606,-0.574228,-0.279221,0.031444,1.251221,-0.793457,3.784180
13.790194,-0.913101,-1.246608,9.890233,-0.762836,-0.420527,-0.173929,0.183105,-1.678467,3.326416
13.800290,-0.919687,-1.208287,10.008188,-0.769422,-0.382207,-0.055974,0.793457,-2.227783,4.608154
13.810386,-0.499960,-1.398691,10.182426,-0.349695,-0.572611,0.118264,-0.610352,-2.380371,8.911133
13.820481,-0.254471,-1.301693,9.978849,-0.104206,-0.475613,-0.085313,0.427246,-1.068115,10.375977
13.830577,-0.207169,-1.306483,10.133926,-0.056904,-0.480403,0.069765,-0.640869,-0.427246,9.643555
13.840679,-0.111368,-1.195714,10.057286,0.038897,-0.369633,-0.006876,-0.640869,-0.579834,8.575439
13.850774,-0.038320,-0.844244,10.030342,0.111945,-0.018164,-0.033820,0.640869,-0.457764,10.620117
13.860866,0.147892,-0.777783,9.884844,0.298157,0.048298,-0.179317,0.213623,-0.579834,11.047363
13.870955,-0.231119,-0.679587,10.025552,-0.080854,0.146494,-0.038610,0.000000,-0.152588,8.239746
13.881044,-0.304766,-0.832868,10.093211,-0.154501,-0.006788,0.029049,0.640869,-1.007080,6.225586
13.891134,-0.150287,-0.957409,9.999207,-0.000022,-0.131329,-0.064955,1.403809,-0.366211,6.164551
13.901224,-0.221539,-1.010099,9.977053,-0.071274,-0.184019,-0.087109,0.091553,0.152588,5.004883
13.911313,-0.458047,-1.239423,10.105785,-0.307782,-0.413342,0.041623,0.732422,1.098633,3.906250
13.921403,-0.713716,-1.051414,10.159673,-0.563451,-0.225333,0.095511,0.518799,0.671387,2.105713
13.931491,-0.695154,-0.946033,10.041119,-0.544889,-0.119952,-0.023042,1.464844,1.373291,1.342773
13.941581,-0.580792,-0.940644,9.995015,-0.430527,-0.114564,-0.069146,2.014160,1.556396,2.685547
13.951670,-0.565823,-0.963995,10.087224,-0.415558,-0.137915,0.023062,0.915527,-0.366211,4.943848
13.961764,-0.523911,-1.025667,10.145901,-0.373646,-0.199587,0.081740,1.525879,-0.183105,5.828857
13.971861,-0.286205,-0.823288,10.073452,-0.135940,0.002792,0.009290,1.464844,-0.610352,8.850098
13.981957,-0.207169,-0.935255,10.153685,-0.056904,-0.109175,0.089524,1.220703,-1.556396,10.101318
13.992052,-0.174238,-1.067580,10.115365,-0.023973,-0.241500,0.051203,0.762939,-2.410889,8.514404
14.002147,0.120350,-1.151406,10.012379,0.270615,-0.325325,-0.051783,0.793457,-2.624512,7.812500
14.012243,-0.052092,-1.202899,10.059082,0.098173,-0.376818,-0.005080,0.518799,-1.922607,8.178711
14.022338,0.150886,-1.329236,10.011780,0.301151,-0.503155,-0.052381,-0.518799,-0.701904,8.575439
14.032434,0.013173,-1.258583,10.163265,0.163438,-0.432502,0.099104,0.335693,0.213623,8.605957
14.042546,0.030536,-1.030457,10.047107,0.180802,-0.204377,-0.017055,1.129150,0.671387,10.833740
14.052642,-0.074246,-0.947829,10.173444,0.076019,-0.121749,0.109282,0.244141,0.244141,11.840820
14.062733,-0.149090,-0.789159,10.086625,0.001175,0.036921,0.022463,0.610352,0.152588,11.322021
14.072822,-0.019759,-0.447869,10.024953,0.130506,0.378212,-0.039209,1.251221,0.457764,10.437012
14.082912,0.003593,-0.465831,9.966275,0.153858,0.360249,-0.097887,-0.122070,0.610352,8.850098
14.093001,0.024549,-0.516725,10.128538,0.174814,0.309355,0.064376,-1.617432,0.976562,2.990723
14.103090,-0.423320,-0.367037,10.085427,-0.273055,0.459044,0.021266,-0.762939,0.274658,0.183105
14.113180,-0.379012,-0.480201,9.928553,-0.228747,0.345879,-0.135608,0.396729,0.457764,-2.349854
14.123267,-0.107776,-0.678389,10.064471,0.042489,0.147691,0.000309,-0.335693,0.152588,-4.211426
14.133357,-0.159269,-0.890349,10.098600,-0.009004,-0.064268,0.034438,0.762939,0.183105,-8.209229
14.143444,-0.306563,-0.649649,10.145303,-0.156297,0.176431,0.081141,1.831055,0.396729,-8.697510
14.153529,-0.199385,-0.673599,10.084230,-0.049120,0.152481,0.020068,1.831055,0.579834,-7.904053
14.163623,0.044308,-0.763412,9.970466,0.194573,0.062668,-0.093695,-0.579834,1.159668,-7.324219
14.173716,-0.089214,-0.764610,10.011780,0.061051,0.061470,-0.052381,-1.129150,0.793457,-8.789062
14.183806,-0.407752,-0.878373,10.091415,-0.257487,-0.052293,0.027253,-0.335693,0.274658,-10.284424
14.193912,-0.249681,-0.932261,9.981843,-0.099416,-0.106181,-0.082319,0.061035,0.152588,-8.850098
14.204005,-0.123344,-0.865201,10.072853,0.026922,-0.039120,0.008692,-0.122070,0.091553,-5.584717
14.214094,0.339494,-1.023272,10.049502,0.489759,-0.197192,-0.014660,0.701904,0.000000,-5.554199
14.224186,0.362845,-0.955613,9.889634,0.513110,-0.129532,-0.174527,-0.610352,-0.152588,-6.225586
14.234277,-0.070653,-0.649050,9.990225,0.079612,0.177030,-0.073936,-1.739502,0.427246,-6.958008
14.244372,-0.216151,-0.888552,10.145303,-0.065885,-0.062472,0.081141,-1.129150,0.366211,-7.659912
14.254464,-0.110171,-0.877775,10.226733,0.040094,-0.051694,0.162572,-0.030518,0.915527,-7.537842
14.264552,-0.062869,-0.862207,10.169852,0.087396,-0.036127,0.105690,1.220703,0.732422,-5.950928
14.274637,0.041314,-0.986149,9.972263,0.191579,-0.160069,-0.091899,1.495361,0.976562,-5.035400
14.284725,0.161065,-0.716710,9.954300,0.311330,0.109371,-0.109862,0.640869,1.251221,-5.584717
14.294812,0.318538,-0.358654,9.844728,0.468803,0.467426,-0.219434,-1.281738,1.220703,-7.843018
14.304899,-0.276625,-0.905317,10.084230,-0.126360,-0.079237,0.020068,-1.159668,1.281738,-9.674072
14.314985,-0.489781,-1.135239,10.321935,-0.339516,-0.309159,0.257774,-0.823975,0.671387,-8.911133
14.325070,-0.376018,-0.938848,10.215956,-0.225753,-0.112767,0.151794,-0.061035,0.366211,-3.784180
14.335157,-0.112566,-1.020877,10.108180,0.037699,-0.194797,0.044018,-0.213623,0.335693,-2.685547
14.345246,0.152682,-0.622705,9.932146,0.302948,0.203375,-0.132016,0.854492,0.579834,-4.516602
14.355331,-0.405357,-0.708926,10.265652,-0.255092,0.117155,0.201491,-0.885010,0.274658,-4.028320
14.365425,-0.526306,-0.546663,10.143506,-0.376041,0.279417,0.079345,-0.030518,-0.488281,0.823975
14.375537,-0.161664,-0.705333,10.189012,-0.011399,0.120747,0.124850,-0.061035,-1.007080,1.708984
14.385648,0.043110,-0.757425,10.192006,0.193375,0.068655,0.127844,1.647949,-0.732422,0.946045
14.395744,-0.059277,-0.546663,9.988429,0.090988,0.279417,-0.075733,1.373291,0.152588,-0.915527
14.405851,-0.042512,-0.696951,10.015972,0.107753,0.129130,-0.048190,0.335693,0.610352,-1.983643
14.415964,-0.084424,-0.670007,9.980046,0.065841,0.156074,-0.084115,0.427246,1.129150,-3.570557
14.426059,-0.092807,-0.700543,10.029144,0.057458,0.125537,-0.035017,-0.274658,0.946045,-4.669189
14.436171,0.011975,-0.937650,10.129735,0.162240,-0.111570,0.065573,-1.312256,0.823975,-5.340576
14.446281,-0.035925,-0.751437,9.968071,0.114340,0.074643,-0.096090,-0.640869,1.068115,-4.852295
14.456378,0.086221,-0.677192,10.111772,0.236486,0.148889,0.047611,-1.037598,1.251221,-4.089355
14.466478,-0.032932,-0.881966,10.209370,0.117334,-0.055886,0.145208,-0.457764,0.244141,-2.166748
14.476582,-0.055684,-0.787961,10.185419,0.094581,0.038119,0.121258,1.098633,0.274658,-1.190186
14.486670,0.207768,-0.510139,10.096205,0.358033,0.315941,0.032043,0.030518,0.030518,-1.922607
14.496773,0.174836,-0.606539,10.120155,0.325101,0.219542,0.055993,-0.091553,0.396729,-2.899170
14.506875,-0.010778,-0.615520,10.306967,0.139487,0.210560,0.242805,-0.335693,0.610352,-5.523682
14.516966,0.091011,-0.692759,10.093810,0.241276,0.133321,0.029648,0.030518,1.007080,-5.432129
14.527064,-0.060474,-0.744252,10.144704,0.089791,0.081828,0.080542,0.854492,0.427246,-5.859375
14.537158,-0.061672,-0.717907,10.005194,0.088593,0.108173,-0.058968,0.762939,0.152588,-6.042480
14.547245,0.004191,-0.756227,10.160272,0.154456,0.069853,0.096110,-0.122070,-0.823975,-6.103516
14.557349,-0.140109,-0.643063,10.130334,0.010156,0.183018,0.066172,1.129150,-1.464844,-6.652832
14.567452,-0.131127,-0.586181,10.090816,0.019138,0.239899,0.026654,1.922607,-1.281738,-6.835938
14.577543,-0.077239,-0.412542,10.107581,0.073026,0.413538,0.043419,1.922607,-1.312256,-6.164551
14.587646,-0.022753,-0.563428,9.914782,0.127512,0.262652,-0.149380,1.159668,-1.098633,-6.927490
14.597752,0.152682,-0.678389,9.993818,0.302948,0.147691,-0.070344,1.373291,0.244141,-8.636475
14.607843,0.146096,-0.689766,9.967473,0.296361,0.136315,-0.096689,0.091553,1.342773,-10.101318
14.617946,-0.232317,-0.723296,10.092014,-0.082052,0.102785,0.027852,0.640869,2.136230,-11.474609
14.628049,-0.347877,-0.665217,9.995015,-0.197612,0.160864,-0.069146,0.579834,2.593994,-10.955811
14.638139,-0.096998,-0.622106,9.884844,0.053267,0.203974,-0.179317,0.427246,2.349854,-11.108398
14.648233,-0.075443,-0.687969,10.066267,0.074822,0.138111,0.002105,-0.122070,0.335693,-10.986328
14.658338,-0.592169,-0.734073,10.075248,-0.441904,0.092007,0.011087,2.532959,-1.098633,-12.542725
14.668428,0.070054,-0.826880,9.887239,0.220319,-0.000800,-0.176922,-0.854492,-0.823975,-15.747070
14.678519,-0.205373,-0.920286,9.861493,-0.055108,-0.094206,-0.202669,-0.579834,-0.122070,-16.815186
14.688622,-0.159868,-0.931663,10.018367,-0.009603,-0.105582,-0.045795,-0.396729,-0.152588,-16.571045
14.698712,-0.381407,-0.905317,9.768686,-0.231142,-0.079237,-0.295476,0.030518,1.617432,-14.587402
14.708803,-0.460443,-1.310674,9.995015,-0.310177,-0.484594,-0.069146,-0.946045,1.556396,-14.251709
14.718895,-0.558638,-1.369352,9.756112,-0.408373,-0.543272,-0.308050,0.427246,1.708984,-8.331299
14.728986,-0.529898,-1.407673,9.912387,-0.379633,-0.581592,-0.151775,0.183105,1.312256,-4.852295
14.739077,-0.525108,-1.474733,10.086625,-0.374843,-0.648653,0.022463,0.823975,0.946045,-0.091553
14.749191,-0.528701,-0.962199,10.053693,-0.378436,-0.136119,-0.010468,1.403809,1.098633,2.624512
14.759282,-0.686772,-0.904120,10.401570,-0.536507,-0.078039,0.337408,2.014160,0.762939,4.638672
14.769374,-0.617316,-1.170566,9.930948,-0.467051,-0.344485,-0.133213,-0.793457,1.220703,5.523682
14.779464,-0.799937,-1.071172,9.872271,-0.649672,-0.245092,-0.191891,-1.281738,1.373291,4.272461
14.789554,-0.723296,-0.831671,9.989028,-0.573031,-0.005590,-0.075134,-2.441406,0.762939,6.164551
14.799645,-0.486189,-1.021476,10.065668,-0.335924,-0.195395,0.001507,-1.739502,0.854492,7.751465
14.809736,-0.707130,-1.144221,10.176438,-0.556864,-0.318140,0.112276,-2.227783,1.708984,6.317139
14.819825,-0.929268,-1.114882,10.252480,-0.779003,-0.288801,0.188318,-1.312256,1.953125,5.462646
14.830062,-0.993334,-0.978365,10.059681,-0.843069,-0.152285,-0.004481,-1.800537,0.946045,4.913330
14.840155,-0.794548,-1.131048,10.117760,-0.644283,-0.304968,0.053598,1.220703,0.946045,7.843018
14.850245,-0.376617,-1.362167,9.841135,-0.226352,-0.536087,-0.223026,0.793457,0.335693,7.690430
14.860337,-1.117277,-0.655637,10.034533,-0.967012,0.170444,-0.029629,0.732422,-0.701904,3.906250
14.870428,-1.326242,-0.616718,10.157278,-1.175977,0.209363,0.093116,0.640869,-1.586914,7.995605
14.880519,-0.507145,-0.748444,10.033336,-0.356880,0.077637,-0.030826,1.617432,-2.807617,9.613037
14.890610,-0.568817,-0.858016,10.047107,-0.418552,-0.031935,-0.017055,1.495361,-2.166748,7.873535
14.900700,-0.799338,-0.935854,10.101594,-0.649073,-0.109773,0.037432,1.098633,-1.831055,6.927490
14.910790,-0.658630,-0.865201,9.978849,-0.508365,-0.039120,-0.085313,0.885010,-1.586914,7.873535
14.920880,-0.598755,-0.966989,10.083032,-0.448490,-0.140909,0.018871,1.281738,-1.373291,8.148193
14.930969,-0.686772,-0.881966,9.989028,-0.536507,-0.055886,-0.075134,0.366211,-1.159668,6.713867
14.941057,-0.691562,-0.701142,10.029144,-0.541297,0.124938,-0.035017,0.152588,-1.098633,6.317139
14.951149,-0.664019,-0.721500,10.130334,-0.513754,0.104581,0.066172,0.030518,-1.007080,6.835938
14.961240,-0.474813,-0.661624,10.141710,-0.324548,0.164456,0.077548,0.549316,-0.549316,7.049561
14.971329,-0.216749,-0.699346,9.952504,-0.066484,0.126735,-0.111658,0.244141,-0.213623,5.004883
14.981419,-0.491578,-0.778980,10.060878,-0.341313,0.047100,-0.003283,0.152588,0.122070,4.058838
14.991510,-0.480800,-0.675994,10.007589,-0.330535,0.150086,-0.056573,0.152588,0.213623,3.265381
15.001600,-0.562830,-0.799338,10.081835,-0.412565,0.026743,0.017673,-0.640869,0.335693,2.044678
15.011690,-0.425715,-0.810714,9.984836,-0.275450,0.015366,-0.079325,-0.213623,0.122070,2.929688
15.021780,-0.487985,-0.847837,9.989626,-0.337720,-0.021757,-0.074535,-0.396729,0.061035,2.319336
15.031882,-0.721500,-0.695753,10.035731,-0.571235,0.130327,-0.028431,-0.366211,0.000000,2.960205
15.041974,-0.591570,-0.837658,9.996213,-0.441305,-0.011578,-0.067949,-0.457764,-0.488281,4.333496
15.052065,-0.367037,-0.823887,10.155482,-0.216772,0.002194,0.091320,-0.427246,-0.701904,4.333496
15.062156,-0.410746,-0.794548,10.139914,-0.260481,0.031533,0.075752,-0.183105,-1.037598,4.638672
15.072247,-0.276625,-0.827479,9.993219,-0.126360,-0.001399,-0.070943,0.274658,-1.220703,4.150391
15.082337,-0.304766,-0.780178,10.051298,-0.154501,0.045903,-0.012864,0.549316,-1.586914,3.753662
15.092427,-0.366438,-0.544867,9.933344,-0.216173,0.281213,-0.130818,0.122070,-1.831055,4.425049
15.102519,-0.282612,-0.937051,10.139914,-0.132347,-0.110971,0.075752,-1.770020,-1.342773,4.119873
15.112609,-0.336500,-0.821492,10.182426,-0.186235,0.004589,0.118264,-1.861572,-0.335693,2.136230
15.122700,-0.257465,-0.726888,10.058483,-0.107200,0.099192,-0.005678,-1.312256,-0.274658,2.197266
15.132790,-0.298180,-0.909509,10.039922,-0.147915,-0.083428,-0.024240,-1.220703,0.152588,-0.061035
15.142880,-0.262255,-0.825084,10.024953,-0.111990,0.000996,-0.039209,-1.281738,0.488281,-0.793457
15.152970,-0.265847,-0.784369,10.073452,-0.115582,0.041712,0.009290,-1.068115,0.793457,-0.610352
15.163061,-0.481399,-0.643063,10.117760,-0.331134,0.183018,0.053598,0.488281,0.823975,1.220703
15.173151,-0.374821,-1.034050,10.174642,-0.224556,-0.207969,0.110480,-0.213623,0.488281,0.122070
15.183378,-0.413141,-0.749641,10.139914,-0.262876,0.076439,0.075752,-0.915527,0.091553,-1.861572
15.193465,-0.264650,-0.722697,10.018965,-0.114385,0.103383,-0.045196,-0.732422,-0.061035,-0.885010
15.203554,-0.356259,-0.769999,10.061477,-0.205994,0.056082,-0.002685,0.091553,-0.091553,-1.129150
15.213645,-0.466430,-0.892145,10.184222,-0.316165,-0.066064,0.120060,0.427246,-0.396729,-1.098633
15.223735,-0.393981,-0.872985,10.073452,-0.243716,-0.046904,0.009290,1.220703,-0.274658,-1.037598
15.233826,-0.712518,-0.781375,10.036928,-0.562253,0.044705,-0.027234,3.265381,-0.396729,-0.305176
15.243928,-0.447270,-0.912502,9.986034,-0.297005,-0.086422,-0.078128,2.685547,-0.946045,0.915527
15.254030,-0.203577,-0.998124,10.025552,-0.053312,-0.172044,-0.038610,3.021240,-0.610352,0.640869
15.264118,-0.370629,-0.710123,10.008787,-0.220364,0.115957,-0.055375,2.685547,-0.549316,0.183105
15.274220,-0.561632,-0.729283,10.020163,-0.411367,0.096797,-0.043999,1.647949,-0.610352,0.183105
15.284321,-0.383203,-0.801134,10.002200,-0.232938,0.024946,-0.061961,1.312256,-0.488281,0.396729
15.294408,-0.319735,-0.781375,10.012379,-0.169470,0.044705,-0.051783,0.823975,-0.396729,0.518799
15.304511,-0.349673,-0.803529,10.009984,-0.199408,0.022551,-0.054178,0.640869,-0.061035,-0.518799
15.314611,-0.304766,-0.771196,10.044712,-0.154501,0.054884,-0.019450,0.030518,0.183105,-1.647949
15.324699,-0.344284,-0.783770,10.078841,-0.194019,0.042310,0.014679,-0.671387,0.488281,-2.777100
15.334800,-0.262853,-0.829276,10.095007,-0.112588,-0.003195,0.030846,-0.976562,0.457764,-3.143311
15.344902,-0.223934,-0.715512,10.035731,-0.073669,0.110568,-0.028431,-0.701904,0.823975,-3.875732
15.354989,-0.408950,-0.769400,10.059082,-0.258685,0.056680,-0.005080,-0.610352,0.823975,-4.394531
15.365093,-0.388592,-0.822689,10.064471,-0.238327,0.003391,0.000309,-0.579834,0.976562,-4.730225
15.375195,-0.392184,-0.877775,10.054891,-0.241919,-0.051694,-0.009271,-1.007080,0.915527,-4.669189
15.385282,-0.375419,-0.923879,10.080038,-0.225154,-0.097798,0.015877,-0.671387,0.823975,-4.882812
15.395384,-0.375419,-0.916095,10.035132,-0.225154,-0.090015,-0.029030,-0.091553,0.762939,-4.150391
15.405486,-0.336500,-0.974174,10.061477,-0.186235,-0.148094,-0.002685,0.152588,0.823975,-3.662109
15.415575,-0.250878,-0.853824,10.071656,-0.100613,-0.027744,0.007494,0.030518,0.640869,-2.288818
15.425678,-0.263452,-0.880170,10.098001,-0.113187,-0.054089,0.033839,-0.183105,0.579834,-2.380371
15.435780,-0.173040,-0.858016,10.045909,-0.022775,-0.031935,-0.018252,-0.396729,0.518799,-3.021240
15.445869,-0.068857,-0.773591,10.037527,0.081408,0.052489,-0.026635,-0.549316,0.396729,-2.807617
15.455973,-0.265248,-0.667013,10.111174,-0.114983,0.159067,0.047012,-0.549316,0.457764,-3.326416
15.466074,-0.040715,-0.764011,10.038126,0.109550,0.062069,-0.026036,-0.396729,0.518799,-3.326416
15.476164,0.010179,-0.750839,10.036928,0.160444,0.075242,-0.027234,-0.610352,0.518799,-3.540039
15.486268,-0.078437,-0.820893,10.088421,0.071828,0.005187,0.024259,-0.793457,0.732422,-4.852295
15.496371,-0.198787,-0.839454,10.083631,-0.048522,-0.013374,0.019469,-0.518799,0.793457,-4.730225
15.506458,-0.343685,-0.874182,10.071656,-0.193420,-0.048102,0.007494,-0.427246,0.610352,-5.035400
15.516562,-0.061672,-0.955613,10.042317,0.088593,-0.129532,-0.021845,-0.335693,0.488281,-5.249023
15.526663,-0.091011,-0.901126,10.109377,0.059254,-0.075046,0.045216,-0.396729,0.244141,-5.371094
15.536753,-0.094005,-0.833467,10.042916,0.056261,-0.007386,-0.021246,0.030518,0.335693,-4.699707
15.546857,-0.192799,-0.802332,10.006990,-0.042534,0.023749,-0.057171,0.366211,0.274658,-3.662109
15.556960,-0.211360,-0.787363,10.037527,-0.061095,0.038718,-0.026635,0.549316,0.366211,-3.112793
15.567048,-0.191602,-0.808319,10.048903,-0.041337,0.017761,-0.015259,0.640869,0.366211,-3.143311
15.577151,-0.261656,-0.662822,10.025552,-0.111391,0.163259,-0.038610,0.549316,0.396729,-3.417969
15.587253,-0.319136,-0.786764,10.050699,-0.168871,0.039316,-0.013462,0.579834,0.427246,-4.028320
15.597343,-0.386796,-0.682581,10.018367,-0.236531,0.143500,-0.045795,-0.274658,0.274658,-3.906250
15.607436,-0.223336,-0.813708,10.073452,-0.073071,0.012373,0.009290,-0.335693,0.366211,-3.479004
15.617523,-0.226928,-0.779579,10.020762,-0.076663,0.046502,-0.043400,-0.396729,0.549316,-3.814697
15.627611,-0.226928,-0.795146,10.072853,-0.076663,0.030934,0.008692,-0.518799,0.640869,-5.065918
15.637699,-0.340093,-0.838856,10.057885,-0.189828,-0.012775,-0.006277,-0.640869,0.671387,-5.645752
15.647787,-0.325723,-0.860411,10.067465,-0.175458,-0.034330,0.003303,-0.640869,0.640869,-6.195068
15.657876,-0.233514,-0.861608,10.066866,-0.083249,-0.035528,0.002704,-0.579834,0.579834,-6.134033
15.667965,-0.111368,-0.804727,10.039922,0.038897,0.021354,-0.024240,-0.366211,0.701904,-6.408691
15.678054,-0.186213,-0.780776,10.071656,-0.035948,0.045304,0.007494,-0.213623,0.549316,-6.561279
15.688143,-0.258063,-0.815504,10.064471,-0.107798,0.010576,0.000309,-0.335693,0.671387,-6.988525
15.698231,-0.293390,-0.861608,10.075248,-0.143125,-0.035528,0.011087,-0.183105,0.640869,-7.476807
15.708320,-0.299377,-0.811313,10.072255,-0.149112,0.014768,0.008093,-0.061035,0.610352,-7.446289
15.718408,-0.351469,-0.847837,10.077045,-0.201204,-0.021757,0.012883,0.183105,0.549316,-7.324219
15.728498,-0.311951,-0.793350,10.075248,-0.161686,0.032730,0.011087,0.030518,0.610352,-7.843018
15.738586,-0.307161,-0.883762,10.062675,-0.156896,-0.057682,-0.001487,0.091553,0.701904,-8.483887
15.748676,-0.436492,-0.843047,10.053693,-0.286227,-0.016966,-0.010468,-0.274658,0.579834,-8.148193
15.758765,-0.404160,-0.850831,10.059082,-0.253895,-0.024750,-0.005080,-0.518799,0.640869,-7.568359
15.768854,-0.417332,-0.940644,10.071057,-0.267067,-0.114564,0.006895,-0.122070,0.457764,-6.622314
15.778946,-0.267045,-0.909509,10.065070,-0.116780,-0.083428,0.000908,0.000000,0.518799,-6.225586
15.789041,-0.242496,-0.829874,10.074051,-0.092231,-0.003794,0.009889,0.152588,0.518799,-5.462646
15.799137,-0.225731,-0.753234,10.072255,-0.075466,0.072847,0.008093,-0.030518,0.549316,-5.279541
15.809232,-0.176633,-0.792153,10.076446,-0.026368,0.033928,0.012284,-0.152588,0.457764,-4.974365
15.819328,-0.262853,-0.775986,10.045909,-0.112588,0.050094,-0.018252,0.091553,0.274658,-4.791260
15.829423,-0.277822,-0.819097,10.056687,-0.127557,0.006984,-0.007475,-0.213623,0.305176,-4.608154
15.839519,-0.280816,-0.805924,10.081835,-0.130551,0.020156,0.017673,-0.396729,0.091553,-4.211426
15.849611,-0.283211,-0.762215,10.078242,-0.132946,0.063865,0.014080,-0.335693,0.000000,-3.906250
15.859706,-0.241897,-0.835862,10.053693,-0.091632,-0.009781,-0.010468,-0.610352,-0.061035,-3.326416
15.869801,-0.165256,-0.834664,10.062076,-0.014991,-0.008584,-0.002086,-0.579834,0.000000,-3.814697
15.879891,-0.248483,-0.841849,10.095007,-0.098218,-0.015769,0.030846,-0.335693,0.000000,-3.814697
15.889997,-0.362845,-0.836461,10.072853,-0.212580,-0.010380,0.008692,-0.366211,-0.091553,-3.723145
15.900088,-0.349673,-0.844244,10.063872,-0.199408,-0.018164,-0.000290,-0.305176,-0.091553,-3.875732
15.910177,-0.336500,-0.897534,10.054891,-0.186235,-0.071453,-0.009271,-0.213623,-0.091553,-3.814697
15.920267,-0.305964,-0.900527,10.056088,-0.155699,-0.074447,-0.008073,-0.091553,-0.183105,-3.601074
15.930357,-0.412542,-0.913101,10.072853,-0.262277,-0.087021,0.008692,0.091553,-0.122070,-2.838135
15.940480,-0.398172,-0.880768,10.060280,-0.247907,-0.054688,-0.003882,0.183105,-0.152588,-2.166748
15.950569,-0.390987,-0.872386,10.065668,-0.240722,-0.046305,0.001507,0.152588,-0.122070,-1.464844
15.960658,-0.380808,-0.864003,10.078242,-0.230543,-0.037923,0.014080,0.122070,-0.091553,-1.220703
15.970747,-0.375419,-0.859213,10.074051,-0.225154,-0.033133,0.009889,0.091553,-0.091553,-1.068115
15.980841,-0.397573,-0.841251,10.075847,-0.247308,-0.015170,0.011685,0.061035,-0.061035,-0.915527
15.990937,-0.332309,-0.828078,10.067465,-0.182044,-0.001998,0.003303,0.030518,-0.061035,-0.762939
16.001033,-0.138312,-0.758024,10.055490,0.011953,0.068057,-0.008672,-0.183105,-0.091553,-0.152588
16.011133,-0.166454,-0.743654,10.071656,-0.016189,0.082427,0.007494,-0.152588,-0.122070,0.640869
16.021226,-0.328118,-0.839454,10.071656,-0.177853,-0.013374,0.007494,0.122070,-0.152588,2.075195
16.031319,-0.343087,-0.865800,10.063273,-0.192822,-0.039719,-0.000888,0.061035,-0.183105,2.166748
16.041420,-0.286205,-0.868793,10.056088,-0.135940,-0.042713,-0.008073,0.061035,-0.183105,2.319336
16.051517,-0.114362,-0.856818,10.062076,0.035903,-0.030738,-0.002086,0.030518,-0.183105,2.716064
16.061612,-0.091011,-0.856818,10.067465,0.059254,-0.030738,0.003303,0.030518,-0.213623,3.021240
16.071707,0.005389,-0.796943,10.071656,0.155654,0.029138,0.007494,-0.061035,-0.183105,3.692627
16.081797,-0.005988,-0.798739,10.080637,0.144277,0.027341,0.016475,-0.061035,-0.183105,4.119873
16.091885,0.035327,-0.820893,10.062675,0.185592,0.005187,-0.001487,0.122070,-0.274658,4.394531
16.101975,0.081431,-0.819097,10.063273,0.231696,0.006984,-0.000888,-0.061035,-0.305176,4.028320
16.112065,0.101788,-0.781375,10.072255,0.252053,0.044705,0.008093,-0.030518,-0.335693,4.302979
16.122154,0.095801,-0.826880,10.065668,0.246066,-0.000800,0.001507,-0.030518,-0.274658,4.058838
16.132244,0.089813,-0.836461,10.059082,0.240078,-0.010380,-0.005080,-0.030518,-0.244141,3.753662
16.142333,0.023351,-0.898731,10.063872,0.173616,-0.072651,-0.000290,0.152588,-0.274658,2.838135
16.152422,0.046104,-0.884960,10.049502,0.196369,-0.058879,-0.014660,0.183105,-0.244141,2.319336
16.162509,0.056882,-0.903521,10.061477,0.207147,-0.077441,-0.002685,0.213623,-0.244141,1.251221
16.172598,0.043709,-0.913101,10.059681,0.193974,-0.087021,-0.004481,0.274658,-0.183105,0.915527
16.182690,0.004790,-0.884960,10.057885,0.155055,-0.058879,-0.006277,0.457764,-0.091553,0.518799
16.192787,-0.116158,-0.848436,10.067465,0.034107,-0.022355,0.003303,0.305176,0.000000,0.152588
16.202883,-0.092208,-0.831072,10.052496,0.058057,-0.004991,-0.011666,0.396729,0.091553,-0.366211
16.212980,-0.107177,-0.828677,10.065070,0.043088,-0.002596,0.000908,0.366211,0.122070,-0.610352
16.223075,-0.248483,-0.804727,10.048304,-0.098218,0.021354,-0.015857,0.366211,0.122070,-0.854492
16.233169,-0.261656,-0.824485,10.074051,-0.111391,0.001595,0.009889,0.213623,0.091553,-1.190186
16.243264,-0.188009,-0.828078,10.066267,-0.037744,-0.001998,0.002105,0.244141,0.122070,-1.098633
16.253360,-0.319136,-0.776585,10.066866,-0.168871,0.049495,0.002704,0.305176,0.122070,-0.976562
16.263453,-0.489781,-0.758024,10.081835,-0.339516,0.068057,0.017673,0.213623,0.122070,-0.671387
16.273549,-0.258662,-0.777184,10.077643,-0.108397,0.048897,0.013482,-0.213623,0.122070,-0.366211
16.283637,-0.051493,-0.780178,10.069860,0.098772,0.045903,0.005698,-0.152588,0.091553,-0.366211
16.293725,-0.128732,-0.817899,10.060878,0.021533,0.008181,-0.003283,-0.213623,0.122070,-0.396729
16.303812,-0.178429,-0.839454,10.054891,-0.028164,-0.013374,-0.009271,-0.335693,0.183105,-1.281738
16.313898,-0.222138,-0.808918,10.065668,-0.071873,0.017163,0.001507,-0.213623,0.152588,-1.068115
16.323987,-0.107177,-0.813109,10.059681,0.043088,0.012971,-0.004481,-0.122070,0.152588,-0.488281
16.334074,-0.113165,-0.810714,10.080038,0.037100,0.015366,0.015877,0.061035,0.122070,-0.457764
16.344163,-0.143102,-0.791554,10.074650,0.007163,0.034526,0.010488,0.305176,0.183105,-0.152588
16.354251,-0.176633,-0.832868,10.080038,-0.026368,-0.006788,0.015877,0.122070,0.213623,-0.030518
16.364337,-0.141306,-0.849034,10.074051,0.008959,-0.022954,0.009889,0.274658,0.183105,0.213623
16.374421,-0.036524,-0.859812,10.070458,0.113741,-0.033732,0.006297,0.122070,0.152588,0.000000
16.384508,-0.131726,-0.813109,10.082433,0.018539,0.012971,0.018272,0.183105,0.183105,-0.061035
16.394594,-0.084424,-0.846639,10.071656,0.065841,-0.020559,0.007494,0.091553,0.152588,0.030518
16.404680,-0.001796,-0.818498,10.063273,0.148469,0.007582,-0.000888,0.091553,0.152588,0.030518
16.414766,0.004191,-0.795745,10.062675,0.154456,0.030335,-0.001487,0.061035,0.305176,-0.183105
16.424852,-0.136516,-0.862207,10.053693,0.013749,-0.036127,-0.010468,0.244141,0.335693,-0.183105
16.434938,-0.190404,-0.856818,10.052496,-0.040139,-0.030738,-0.011666,0.183105,0.366211,-0.427246
16.445026,-0.168849,-0.839454,10.076446,-0.018584,-0.013374,0.012284,0.030518,0.305176,-0.793457
16.455112,-0.091011,-0.813708,10.079440,0.059254,0.012373,0.015278,0.061035,0.244141,-0.488281
16.465198,-0.101788,-0.811313,10.071057,0.048477,0.014768,0.006895,0.244141,0.183105,0.457764
16.475283,-0.045505,-0.837059,10.068063,0.104760,-0.010979,0.003902,0.244141,0.213623,0.335693
16.485375,-0.058079,-0.822689,10.057885,0.092186,0.003391,-0.006277,0.091553,0.091553,0.122070
16.495468,-0.099393,-0.772394,10.057885,0.050872,0.053687,-0.006277,0.000000,0.091553,0.183105
16.505562,-0.020358,-0.795146,10.052496,0.129907,0.030934,-0.011666,0.274658,0.122070,0.335693
16.515654,-0.093406,-0.819695,10.079440,0.056859,0.006385,0.015278,0.335693,0.122070,0.305176
16.525746,-0.131726,-0.796344,10.057885,0.018539,0.029736,-0.006277,0.457764,0.091553,-0.213623
16.535841,-0.188009,-0.844244,10.057885,-0.037744,-0.018164,-0.006277,0.091553,0.000000,-1.129150
16.545932,-0.158071,-0.952619,10.042317,-0.007806,-0.126539,-0.021845,0.488281,0.091553,-1.342773
16.556041,-0.435894,-0.780178,10.062076,-0.285629,0.045903,-0.002086,0.579834,0.244141,-2.502441
16.566132,-0.438887,-0.807720,10.067465,-0.288622,0.018360,0.003303,0.305176,0.213623,-3.265381
16.576228,-0.275427,-0.793350,10.058483,-0.125162,0.032730,-0.005678,0.030518,0.274658,-5.004883
16.586322,-0.110171,-0.716111,10.055490,0.040094,0.109970,-0.008672,-0.061035,0.396729,-6.805420
16.596412,-0.104782,-0.702339,10.068063,0.045483,0.123741,0.003902,-0.152588,0.488281,-9.185791
16.606498,-0.091609,-0.641266,10.066267,0.058656,0.184814,0.002105,0.061035,0.732422,-14.129639
16.616588,-0.123344,-0.627495,10.063273,0.026922,0.198585,-0.000888,0.061035,0.915527,-16.571045
16.626683,-0.425715,-0.837059,10.047706,-0.275450,-0.010979,-0.016456,0.244141,1.129150,-19.256592
16.636770,-0.533491,-0.922083,10.027348,-0.383226,-0.096002,-0.036814,0.305176,1.098633,-19.470215
16.646858,-0.569416,-0.977168,10.032138,-0.419151,-0.151088,-0.032024,0.183105,0.946045,-16.021729
16.656948,-0.555645,-1.012495,10.047107,-0.405380,-0.186414,-0.017055,0.152588,0.762939,-12.847900
16.667035,-0.464634,-0.969384,10.050101,-0.314369,-0.143304,-0.014061,0.091553,0.610352,-10.009766
16.677124,-0.338297,-0.905916,10.044712,-0.188031,-0.079836,-0.019450,0.091553,0.396729,-6.042480
16.687210,-0.293989,-0.880170,10.048304,-0.143724,-0.054089,-0.015857,0.061035,0.305176,-4.669189
16.697298,-0.233514,-0.847837,10.048903,-0.083249,-0.021757,-0.015259,0.000000,0.152588,-2.807617
16.707385,-0.213755,-0.844843,10.059082,-0.063490,-0.018763,-0.005080,0.000000,0.152588,-2.197266
16.717475,-0.202978,-0.843047,10.061477,-0.052713,-0.016966,-0.002685,0.000000,0.122070,-1.342773
16.727565,-0.176633,-0.832868,10.060280,-0.026368,-0.006788,-0.003882,-0.030518,0.122070,-0.976562
16.737658,-0.173040,-0.829276,10.053693,-0.022775,-0.003195,-0.010468,-0.030518,0.091553,-0.762939
16.747746,-0.151485,-0.828078,10.050699,-0.001220,-0.001998,-0.013462,0.030518,0.061035,-0.457764
16.757835,-0.155078,-0.818498,10.053693,-0.004812,0.007582,-0.010468,0.061035,0.122070,-0.396729
16.767922,-0.145497,-0.811313,10.053693,0.004768,0.014768,-0.010468,0.030518,0.061035,-0.274658
16.778011,-0.142504,-0.810115,10.054891,0.007761,0.015965,-0.009271,0.061035,0.061035,-0.183105
16.788106,-0.140707,-0.813109,10.051897,0.009558,0.012971,-0.012265,0.030518,0.061035,-0.122070
16.798201,-0.132924,-0.814307,10.042317,0.017341,0.011774,-0.021845,0.061035,0.030518,-0.091553
16.808297,-0.136516,-0.812510,10.050101,0.013749,0.013570,-0.014061,0.061035,0.030518,-0.061035
16.818392,-0.137115,-0.810115,10.056088,0.013150,0.015965,-0.008073,0.000000,0.030518,-0.061035
16.828487,-0.140707,-0.808918,10.056088,0.009558,0.017163,-0.008073,0.030518,0.030518,-0.030518
16.838584,-0.128732,-0.807720,10.056088,0.021533,0.018360,-0.008073,0.030518,0.061035,0.030518
16.848684,-0.135319,-0.810115,10.059082,0.014946,0.015965,-0.005080,0.000000,0.030518,0.000000
16.858779,-0.135917,-0.817899,10.063273,0.014348,0.008181,-0.000888,-0.030518,0.030518,0.000000
16.868876,-0.132325,-0.815504,10.059082,0.017940,0.010576,-0.005080,-0.061035,0.061035,0.030518
16.878974,-0.132924,-0.816702,10.056687,0.017341,0.009379,-0.007475,-0.030518,0.061035,-0.030518
16.889071,-0.127535,-0.810115,10.059082,0.022730,0.015965,-0.005080,0.000000,0.061035,0.000000
16.899169,-0.132325,-0.808319,10.061477,0.017940,0.017761,-0.002685,0.000000,0.061035,0.000000
16.909264,-0.134121,-0.812510,10.059681,0.016144,0.013570,-0.004481,-0.061035,0.030518,0.000000
16.919361,-0.134121,-0.813708,10.062675,0.016144,0.012373,-0.001487,-0.030518,0.061035,0.000000
16.929458,-0.132924,-0.817300,10.061477,0.017341,0.008780,-0.002685,0.000000,0.030518,0.030518
16.939554,-0.133522,-0.820294,10.057885,0.016743,0.005786,-0.006277,0.000000,0.061035,0.000000
16.949651,-0.133522,-0.822090,10.051897,0.016743,0.003990,-0.012265,-0.030518,0.061035,0.030518
16.959746,-0.137115,-0.822689,10.051897,0.013150,0.003391,-0.012265,-0.030518,0.091553,0.030518
16.969842,-0.136516,-0.823887,10.059681,0.013749,0.002194,-0.004481,0.000000,0.091553,0.030518
16.979940,-0.136516,-0.818498,10.051298,0.013749,0.007582,-0.012864,0.000000,0.091553,0.030518
16.990029,-0.144300,-0.814307,10.050699,0.005965,0.011774,-0.013462,0.000000,0.091553,0.030518
17.000119,-0.140707,-0.810714,10.053094,0.009558,0.015366,-0.011067,0.030518,0.091553,0.000000
17.010209,-0.138911,-0.807720,10.057885,0.011354,0.018360,-0.006277,0.030518,0.061035,0.000000
17.020298,-0.138312,-0.808319,10.062076,0.011953,0.017761,-0.002086,0.030518,0.091553,0.030518
17.030388,-0.135319,-0.814905,10.053094,0.014946,0.011175,-0.011067,0.030518,0.091553,0.030518
17.040479,-0.134720,-0.811912,10.056687,0.015545,0.014169,-0.007475,0.030518,0.091553,0.030518
17.050568,-0.135917,-0.813109,10.062076,0.014348,0.012971,-0.002086,0.030518,0.061035,0.030518
17.060657,-0.139510,-0.813708,10.059681,0.010755,0.012373,-0.004481,0.061035,0.061035,0.030518
17.070746,-0.141905,-0.816103,10.062675,0.008360,0.009978,-0.001487,0.030518,0.091553,0.030518
17.080836,-0.131726,-0.817899,10.060878,0.018539,0.008181,-0.003283,0.030518,0.091553,0.030518
17.090923,-0.132924,-0.813708,10.056088,0.017341,0.012373,-0.008073,0.030518,0.061035,0.061035
17.101013,-0.137714,-0.815504,10.054891,0.012551,0.010576,-0.009271,0.030518,0.061035,0.030518
17.111102,-0.137714,-0.816702,10.060280,0.012551,0.009379,-0.003882,0.030518,0.091553,0.030518
17.121192,-0.138911,-0.811912,10.059082,0.011354,0.014169,-0.005080,-0.030518,0.061035,0.000000
17.131281,-0.134720,-0.813708,10.062076,0.015545,0.012373,-0.002086,-0.030518,0.091553,-0.030518
17.141371,-0.133522,-0.813708,10.057885,0.016743,0.012373,-0.006277,0.030518,0.061035,-0.030518
17.151502,-0.135319,-0.818498,10.057885,0.014946,0.007582,-0.006277,0.000000,0.061035,-0.030518
17.161590,-0.138312,-0.817899,10.063273,0.011953,0.008181,-0.000888,0.030518,0.091553,-0.030518
17.171677,-0.134720,-0.823288,10.058483,0.015545,0.002792,-0.005678,0.030518,0.091553,-0.061035
17.181765,-0.138312,-0.816702,10.054891,0.011953,0.009379,-0.009271,0.000000,0.091553,-0.030518
17.191855,-0.138911,-0.810714,10.054292,0.011354,0.015366,-0.009870,0.030518,0.061035,-0.061035
17.201945,-0.138911,-0.809517,10.059681,0.011354,0.016564,-0.004481,0.000000,0.061035,0.000000
17.212034,-0.141905,-0.819695,10.062076,0.008360,0.006385,-0.002086,0.030518,0.061035,0.000000
17.222125,-0.141306,-0.821492,10.053693,0.008959,0.004589,-0.010468,0.061035,0.061035,0.030518
17.232215,-0.140109,-0.817899,10.057885,0.010156,0.008181,-0.006277,0.030518,0.061035,0.000000
17.242306,-0.146695,-0.818498,10.054891,0.003570,0.007582,-0.009271,0.030518,0.091553,-0.030518
17.252398,-0.142504,-0.821492,10.058483,0.007761,0.004589,-0.005678,0.000000,0.061035,0.000000
17.262488,-0.150287,-0.823288,10.065070,-0.000022,0.002792,0.000908,0.030518,0.061035,0.030518
17.272579,-0.150287,-0.816103,10.064471,-0.000022,0.009978,0.000309,0.030518,0.061035,0.000000
17.282668,-0.143701,-0.817899,10.054292,0.006564,0.008181,-0.009870,0.061035,0.030518,-0.030518
17.292758,-0.144300,-0.815504,10.049502,0.005965,0.010576,-0.014660,0.091553,0.061035,-0.061035
17.302849,-0.143701,-0.807720,10.063872,0.006564,0.018360,-0.000290,0.030518,0.061035,0.000000
17.312938,-0.144300,-0.805325,10.072255,0.005965,0.020755,0.008093,0.030518,0.091553,-0.030518
17.323029,-0.138911,-0.805325,10.066267,0.011354,0.020755,0.002105,0.061035,0.091553,0.000000
17.333122,-0.136516,-0.816103,10.059681,0.013749,0.009978,-0.004481,0.061035,0.061035,-0.030518
17.343213,-0.134720,-0.814307,10.056088,0.015545,0.011774,-0.008073,0.061035,0.030518,-0.030518
17.353342,-0.136516,-0.814905,10.056687,0.013749,0.011175,-0.007475,0.061035,0.000000,0.000000
17.363431,-0.140707,-0.816702,10.060878,0.009558,0.009379,-0.003283,0.030518,0.000000,0.000000
17.373518,-0.134720,-0.816103,10.060280,0.015545,0.009978,-0.003882,0.030518,0.061035,0.000000
17.383621,-0.135917,-0.815504,10.053693,0.014348,0.010576,-0.010468,0.061035,0.030518,0.030518
17.393841,-0.140109,-0.814905,10.049502,0.010156,0.011175,-0.014660,0.091553,0.061035,0.030518
17.403930,-0.132924,-0.819695,10.060280,0.017341,0.006385,-0.003882,0.030518,0.061035,0.030518
17.414031,-0.140707,-0.814307,10.061477,0.009558,0.011774,-0.002685,0.030518,0.061035,0.030518
17.424131,-0.135917,-0.812510,10.059082,0.014348,0.013570,-0.005080,0.000000,0.091553,0.030518
17.434219,-0.137115,-0.814307,10.059082,0.013150,0.011774,-0.005080,0.000000,0.061035,0.030518
17.444322,-0.134720,-0.811313,10.051897,0.015545,0.014768,-0.012265,-0.030518,0.061035,0.030518
17.454423,-0.135917,-0.817300,10.059082,0.014348,0.008780,-0.005080,-0.030518,0.061035,0.030518
17.464514,-0.139510,-0.806523,10.063273,0.010755,0.019558,-0.000888,-0.061035,0.091553,0.030518
17.474615,-0.139510,-0.817899,10.063872,0.010755,0.008181,-0.000290,-0.061035,0.061035,0.030518
17.484714,-0.135319,-0.817899,10.051897,0.014946,0.008181,-0.012265,-0.030518,0.091553,0.030518
17.494802,-0.139510,-0.817300,10.045909,0.010755,0.008780,-0.018252,-0.030518,0.091553,0.030518
17.504903,-0.137115,-0.819097,10.053094,0.013150,0.006984,-0.011067,0.000000,0.061035,0.030518
17.515004,-0.131726,-0.813109,10.057286,0.018539,0.012971,-0.006876,0.000000,0.061035,0.000000
17.525092,-0.129331,-0.807720,10.061477,0.020934,0.018360,-0.002685,-0.030518,0.091553,0.030518
17.535193,-0.137714,-0.815504,10.055490,0.012551,0.010576,-0.008672,0.000000,0.152588,0.000000
17.545293,-0.139510,-0.826282,10.054891,0.010755,-0.000201,-0.009271,0.030518,0.122070,0.000000
17.555381,-0.135917,-0.823288,10.059681,0.014348,0.002792,-0.004481,0.030518,0.091553,-0.030518
17.565484,-0.136516,-0.820294,10.051897,0.013749,0.005786,-0.012265,0.000000,0.091553,-0.061035
17.575585,-0.134121,-0.814905,10.051298,0.016144,0.011175,-0.012864,0.000000,0.061035,-0.091553
17.585676,-0.129930,-0.815504,10.045909,0.020335,0.010576,-0.018252,-0.030518,0.030518,-0.091553
17.595777,-0.125739,-0.816702,10.048304,0.024526,0.009379,-0.015857,0.000000,0.061035,-0.061035
17.605878,-0.137115,-0.815504,10.048903,0.013150,0.010576,-0.015259,0.030518,0.061035,0.000000
17.615967,-0.138312,-0.813708,10.050101,0.011953,0.012373,-0.014061,0.030518,0.061035,0.000000
17.626069,-0.140109,-0.808319,10.046508,0.010156,0.017761,-0.017654,0.030518,0.030518,-0.030518
17.636170,-0.149689,-0.807122,10.045909,0.000576,0.018959,-0.018252,0.030518,0.061035,0.000000
17.646261,-0.145497,-0.807122,10.041718,0.004768,0.018959,-0.022444,0.030518,0.091553,0.000000
17.656363,-0.139510,-0.810115,10.048903,0.010755,0.015965,-0.015259,0.030518,0.091553,0.000000
17.666466,-0.136516,-0.811912,10.050699,0.013749,0.014169,-0.013462,0.030518,0.091553,0.030518
17.676557,-0.135319,-0.813109,10.055490,0.014946,0.012971,-0.008672,0.000000,0.061035,0.030518
17.686661,-0.137115,-0.811912,10.050101,0.013150,0.014169,-0.014061,0.000000,0.061035,0.030518
17.696764,-0.135319,-0.812510,10.051298,0.014946,0.013570,-0.012864,0.030518,0.091553,0.030518
17.706854,-0.135917,-0.815504,10.054891,0.014348,0.010576,-0.009271,0.030518,0.091553,0.030518
17.716958,-0.136516,-0.816103,10.054292,0.013749,0.009978,-0.009870,0.030518,0.061035,0.000000
17.727057,-0.144899,-0.815504,10.045909,0.005366,0.010576,-0.018252,0.030518,0.061035,0.000000
17.737148,-0.141905,-0.812510,10.051298,0.008360,0.013570,-0.012864,0.061035,0.091553,0.030518
17.747247,-0.146695,-0.815504,10.058483,0.003570,0.010576,-0.005678,0.000000,0.091553,0.030518
17.757350,-0.145497,-0.814307,10.063273,0.004768,0.011774,-0.000888,0.000000,0.061035,0.000000
17.767441,-0.141306,-0.806523,10.066866,0.008959,0.019558,0.002704,-0.030518,0.091553,0.000000
17.777544,-0.140109,-0.812510,10.066267,0.010156,0.013570,0.002105,-0.061035,0.122070,0.030518
17.787647,-0.137714,-0.813109,10.075847,0.012551,0.012971,0.011685,-0.030518,0.122070,-0.030518
17.797738,-0.141306,-0.805325,10.061477,0.008959,0.020755,-0.002685,-0.030518,0.091553,-0.030518
17.807842,-0.143102,-0.799937,10.064471,0.007163,0.026144,0.000309,-0.030518,0.091553,0.030518
17.817944,-0.149090,-0.801134,10.053693,0.001175,0.024946,-0.010468,0.000000,0.030518,0.030518
17.828034,-0.150287,-0.805924,10.059082,-0.000022,0.020156,-0.005080,-0.030518,0.030518,0.030518
17.838351,-0.153281,-0.808918,10.052496,-0.003016,0.017163,-0.011666,0.000000,0.030518,0.030518
17.848460,-0.156874,-0.808918,10.053094,-0.006609,0.017163,-0.011067,0.000000,0.061035,0.000000
17.858545,-0.157473,-0.813708,10.063273,-0.007208,0.012373,-0.000888,0.000000,0.091553,0.000000
17.868636,-0.150886,-0.811912,10.057286,-0.000621,0.014169,-0.006876,0.000000,0.091553,0.030518
17.878732,-0.140109,-0.813109,10.059082,0.010156,0.012971,-0.005080,0.000000,0.091553,0.000000
17.888823,-0.135917,-0.814307,10.045909,0.014348,0.011774,-0.018252,0.000000,0.122070,0.000000
17.898914,-0.135917,-0.811912,10.048304,0.014348,0.014169,-0.015857,0.000000,0.091553,0.000000
17.909005,-0.136516,-0.816702,10.056088,0.013749,0.009379,-0.008073,0.000000,0.091553,0.000000
17.919096,-0.140707,-0.811313,10.053693,0.009558,0.014768,-0.010468,0.030518,0.091553,0.000000
17.929187,-0.146096,-0.802930,10.056088,0.004169,0.023150,-0.008073,0.061035,0.091553,0.030518
17.939279,-0.149689,-0.808319,10.060878,0.000576,0.017761,-0.003283,0.030518,0.091553,0.030518
17.949369,-0.145497,-0.807720,10.062675,0.004768,0.018360,-0.001487,0.030518,0.091553,0.030518
17.959459,-0.152682,-0.814307,10.058483,-0.002417,0.011774,-0.005678,0.030518,0.122070,0.030518
17.969553,-0.151485,-0.817300,10.060878,-0.001220,0.008780,-0.003283,0.030518,0.091553,0.030518
17.979643,-0.144899,-0.816103,10.057885,0.005366,0.009978,-0.006277,0.030518,0.091553,0.000000
17.989734,-0.138312,-0.818498,10.051897,0.011953,0.007582,-0.012265,0.000000,0.091553,0.000000
17.999825,-0.141905,-0.818498,10.057885,0.008360,0.007582,-0.006277,0.000000,0.061035,0.030518
18.009917,-0.138312,-0.819695,10.053094,0.011953,0.006385,-0.011067,0.030518,0.061035,0.000000
18.020007,-0.137714,-0.817300,10.054292,0.012551,0.008780,-0.009870,0.000000,0.061035,0.030518
18.030098,-0.144899,-0.808918,10.049502,0.005366,0.017163,-0.014660,0.000000,0.061035,0.000000
18.040188,-0.143701,-0.810714,10.050101,0.006564,0.015366,-0.014061,0.000000,0.030518,0.000000
18.050279,-0.142504,-0.812510,10.059681,0.007761,0.013570,-0.004481,-0.030518,0.030518,0.000000
18.060372,-0.140707,-0.816103,10.060878,0.009558,0.009978,-0.003283,0.000000,0.061035,-0.030518
18.070463,-0.138312,-0.816702,10.059681,0.011953,0.009379,-0.004481,0.000000,0.091553,0.000000
18.080553,-0.140707,-0.816702,10.052496,0.009558,0.009379,-0.011666,0.000000,0.091553,0.000000
18.090641,-0.140109,-0.820294,10.049502,0.010156,0.005786,-0.014660,0.030518,0.061035,0.000000
18.100732,-0.140707,-0.815504,10.053094,0.009558,0.010576,-0.011067,0.061035,0.061035,0.030518
18.110822,-0.141905,-0.814905,10.059082,0.008360,0.011175,-0.005080,0.030518,0.091553,0.030518
18.120913,-0.141306,-0.812510,10.051897,0.008959,0.013570,-0.012265,0.030518,0.122070,0.030518
18.131003,-0.141306,-0.815504,10.050101,0.008959,0.010576,-0.014061,0.030518,0.122070,0.030518
18.141093,-0.146695,-0.814307,10.052496,0.003570,0.011774,-0.011666,0.061035,0.091553,0.000000
18.151183,-0.146695,-0.805325,10.056687,0.003570,0.020755,-0.007475,0.061035,0.061035,0.000000
18.161273,-0.140109,-0.805924,10.059681,0.010156,0.020156,-0.004481,0.061035,0.061035,-0.030518
18.171362,-0.143701,-0.810714,10.060878,0.006564,0.015366,-0.003283,0.030518,0.061035,-0.030518
18.181452,-0.145497,-0.808918,10.062675,0.004768,0.017163,-0.001487,0.030518,0.061035,-0.030518
18.191543,-0.146695,-0.808319,10.056088,0.003570,0.017761,-0.008073,0.030518,0.030518,-0.030518
18.201633,-0.147294,-0.814307,10.056687,0.002971,0.011774,-0.007475,0.030518,0.030518,-0.030518
18.211724,-0.137714,-0.823887,10.068063,0.012551,0.002194,0.003902,0.000000,0.061035,-0.030518
18.221814,-0.135319,-0.822689,10.066267,0.014946,0.003391,0.002105,0.000000,0.061035,-0.030518
18.231905,-0.138911,-0.822090,10.062675,0.011354,0.003990,-0.001487,0.000000,0.030518,-0.030518
18.242032,-0.143701,-0.818498,10.061477,0.006564,0.007582,-0.002685,-0.030518,0.061035,-0.061035
18.252213,-0.146096,-0.826282,10.065668,0.004169,-0.000201,0.001507,-0.030518,0.091553,-0.091553
18.262300,-0.143701,-0.818498,10.067465,0.006564,0.007582,0.003303,0.000000,0.061035,-0.091553
18.272389,-0.149090,-0.816702,10.065668,0.001175,0.009379,0.001507,0.000000,0.061035,-0.061035
18.282479,-0.147294,-0.818498,10.059082,0.002971,0.007582,-0.005080,0.061035,0.061035,0.000000
18.292569,-0.144300,-0.818498,10.053094,0.005965,0.007582,-0.011067,0.061035,0.061035,0.000000
18.302658,-0.142504,-0.819097,10.061477,0.007761,0.006984,-0.002685,0.061035,0.061035,0.000000
18.312747,-0.144300,-0.813109,10.057286,0.005965,0.012971,-0.006876,0.030518,0.091553,0.000000
18.322837,-0.139510,-0.814905,10.060280,0.010755,0.011175,-0.003882,0.030518,0.091553,0.000000
18.332927,-0.134121,-0.813708,10.065668,0.016144,0.012373,0.001507,0.061035,0.091553,0.000000
18.343016,-0.139510,-0.813708,10.060878,0.010755,0.012373,-0.003283,0.061035,0.061035,0.000000
18.353106,-0.136516,-0.815504,10.063872,0.013749,0.010576,-0.000290,0.030518,0.091553,0.030518
18.363491,-0.134720,-0.814905,10.062675,0.015545,0.011175,-0.001487,0.061035,0.091553,0.030518
18.373584,-0.137714,-0.811912,10.065668,0.012551,0.014169,0.001507,0.030518,0.122070,-0.030518
18.383674,-0.140109,-0.813109,10.063273,0.010156,0.012971,-0.000888,0.030518,0.122070,-0.030518
18.393764,-0.134720,-0.810714,10.055490,0.015545,0.015366,-0.008672,0.030518,0.091553,-0.030518
18.403859,-0.140707,-0.819097,10.060280,0.009558,0.006984,-0.003882,0.061035,0.061035,-0.061035
18.413955,-0.139510,-0.821492,10.056687,0.010755,0.004589,-0.007475,0.000000,0.061035,-0.030518
18.424052,-0.135319,-0.817300,10.047107,0.014946,0.008780,-0.017055,0.000000,0.061035,0.030518
18.434149,-0.140707,-0.820294,10.046508,0.009558,0.005786,-0.017654,0.000000,0.061035,0.030518
18.444246,-0.144300,-0.819097,10.045909,0.005965,0.006984,-0.018252,0.000000,0.061035,0.030518
18.454343,-0.142504,-0.813708,10.054891,0.007761,0.012373,-0.009271,0.000000,0.061035,0.030518
18.464440,-0.138911,-0.813708,10.056687,0.011354,0.012373,-0.007475,-0.030518,0.061035,0.030518
18.474537,-0.147294,-0.808918,10.053094,0.002971,0.017163,-0.011067,0.000000,0.061035,0.030518
18.484673,-0.146695,-0.805325,10.051897,0.003570,0.020755,-0.012265,0.000000,0.061035,0.030518
18.494773,-0.143102,-0.810714,10.061477,0.007163,0.015366,-0.002685,0.030518,0.091553,0.030518
18.504865,-0.142504,-0.814905,10.063872,0.007761,0.011175,-0.000290,0.030518,0.091553,0.030518
18.514956,-0.143701,-0.818498,10.062675,0.006564,0.007582,-0.001487,0.091553,0.122070,0.000000
18.525046,-0.143701,-0.818498,10.060280,0.006564,0.007582,-0.003882,0.061035,0.091553,0.030518
18.535136,-0.136516,-0.816702,10.053693,0.013749,0.009379,-0.010468,0.030518,0.061035,0.030518
18.545226,-0.141306,-0.813109,10.051897,0.008959,0.012971,-0.012265,0.030518,0.061035,0.030518
18.555315,-0.140707,-0.813109,10.053693,0.009558,0.012971,-0.010468,0.000000,0.061035,0.000000
18.565403,-0.141306,-0.817300,10.055490,0.008959,0.008780,-0.008672,0.030518,0.091553,0.000000
18.575493,-0.144300,-0.813708,10.053693,0.005965,0.012373,-0.010468,0.000000,0.091553,0.000000
18.585584,-0.138911,-0.814905,10.054891,0.011354,0.011175,-0.009271,0.000000,0.061035,0.000000
18.595675,-0.134720,-0.813109,10.049502,0.015545,0.012971,-0.014660,0.000000,0.091553,0.000000
18.605772,-0.134121,-0.813708,10.056687,0.016144,0.012373,-0.007475,0.030518,0.122070,0.000000
18.615868,-0.137714,-0.817300,10.053693,0.012551,0.008780,-0.010468,0.061035,0.091553,0.000000
18.625965,-0.138312,-0.811313,10.050101,0.011953,0.014768,-0.014061,0.061035,0.091553,0.000000
18.636062,-0.135319,-0.813708,10.050101,0.014946,0.012373,-0.014061,0.061035,0.091553,-0.030518
18.646158,-0.139510,-0.808319,10.050101,0.010755,0.017761,-0.014061,0.061035,0.061035,-0.061035
18.656255,-0.129930,-0.813708,10.057885,0.020335,0.012373,-0.006277,0.030518,0.091553,-0.030518
18.666351,-0.137714,-0.816103,10.056687,0.012551,0.009978,-0.007475,0.030518,0.091553,-0.030518
18.676448,-0.138312,-0.826282,10.045311,0.011953,-0.000201,-0.018851,0.000000,0.091553,-0.030518
18.686545,-0.141905,-0.820294,10.043514,0.008360,0.005786,-0.020647,0.030518,0.061035,-0.030518
18.696642,-0.141306,-0.819695,10.054292,0.008959,0.006385,-0.009870,0.030518,0.061035,-0.030518
18.706738,-0.138911,-0.816103,10.056687,0.011354,0.009978,-0.007475,0.030518,0.061035,-0.030518
18.716834,-0.146096,-0.810714,10.056088,0.004169,0.015366,-0.008073,0.000000,0.061035,-0.030518
18.726931,-0.143102,-0.814905,10.045909,0.007163,0.011175,-0.018252,0.000000,0.091553,-0.030518
18.737028,-0.144899,-0.816702,10.045909,0.005366,0.009379,-0.018252,-0.030518,0.122070,-0.030518
18.747123,-0.136516,-0.819097,10.054292,0.013749,0.006984,-0.009870,0.061035,0.061035,-0.030518
18.757219,-0.132924,-0.813708,10.063273,0.017341,0.012373,-0.000888,0.030518,0.091553,-0.030518
18.767314,-0.129331,-0.810115,10.063872,0.020934,0.015965,-0.000290,0.000000,0.030518,0.000000
18.777411,-0.128732,-0.811912,10.064471,0.021533,0.014169,0.000309,0.000000,0.061035,0.030518
18.787507,-0.135917,-0.810115,10.059082,0.014348,0.015965,-0.005080,0.000000,0.061035,0.030518
18.797603,-0.145497,-0.809517,10.059082,0.004768,0.016564,-0.005080,0.000000,0.091553,0.030518
18.807700,-0.140707,-0.807122,10.060878,0.009558,0.018959,-0.003283,0.000000,0.061035,0.030518
18.817796,-0.140707,-0.809517,10.060878,0.009558,0.016564,-0.003283,0.030518,0.061035,0.030518
18.827892,-0.141905,-0.802332,10.051897,0.008360,0.023749,-0.012265,0.030518,0.061035,0.000000
18.837989,-0.144300,-0.798739,10.057286,0.005965,0.027341,-0.006876,0.000000,0.091553,0.000000
18.848112,-0.146695,-0.801134,10.060878,0.003570,0.024946,-0.003283,-0.030518,0.091553,0.000000
18.858207,-0.141306,-0.803529,10.063872,0.008959,0.022551,-0.000290,-0.030518,0.091553,0.030518
18.868305,-0.140707,-0.804727,10.060280,0.009558,0.021354,-0.003882,0.000000,0.091553,0.030518
18.878405,-0.141306,-0.807720,10.054292,0.008959,0.018360,-0.009870,0.000000,0.091553,-0.030518
18.888501,-0.139510,-0.809517,10.058483,0.010755,0.016564,-0.005678,0.000000,0.030518,0.000000
18.898597,-0.140109,-0.810115,10.066866,0.010156,0.015965,0.002704,0.000000,0.061035,0.000000
18.908690,-0.138911,-0.813708,10.065668,0.011354,0.012373,0.001507,-0.030518,0.061035,0.030518
18.918780,-0.137115,-0.811912,10.062675,0.013150,0.014169,-0.001487,0.030518,0.061035,0.030518
18.928869,-0.139510,-0.813109,10.061477,0.010755,0.012971,-0.002685,0.000000,0.061035,0.030518
18.938958,-0.143102,-0.810115,10.056687,0.007163,0.015965,-0.007475,0.000000,0.061035,0.000000
18.949047,-0.140109,-0.820294,10.058483,0.010156,0.005786,-0.005678,-0.091553,0.000000,0.000000
18.959136,-0.137115,-0.810714,10.064471,0.013150,0.015366,0.000309,-0.091553,0.061035,0.000000
18.969225,-0.141905,-0.808918,10.068662,0.008360,0.017163,0.004500,-0.061035,0.061035,-0.030518
18.979315,-0.139510,-0.811313,10.059681,0.010755,0.014768,-0.004481,0.000000,0.061035,-0.061035
18.989404,-0.143102,-0.813708,10.056088,0.007163,0.012373,-0.008073,-0.030518,0.061035,-0.091553
18.999493,-0.138312,-0.817300,10.062076,0.011953,0.008780,-0.002086,-0.030518,0.091553,-0.091553
19.009588,-0.135319,-0.813109,10.063872,0.014946,0.012971,-0.000290,0.030518,0.122070,-0.061035
19.019683,-0.136516,-0.816103,10.056687,0.013749,0.009978,-0.007475,0.122070,0.122070,0.000000
19.029779,-0.135917,-0.822689,10.056088,0.014348,0.003391,-0.008073,0.061035,0.061035,-0.030518
19.039878,-0.133522,-0.822689,10.055490,0.016743,0.003391,-0.008672,0.030518,0.091553,0.000000
19.049975,-0.138312,-0.814905,10.057286,0.011953,0.011175,-0.006876,0.030518,0.091553,0.000000
19.060071,-0.137714,-0.814905,10.062076,0.012551,0.011175,-0.002086,0.030518,0.091553,-0.030518
19.070168,-0.137115,-0.814307,10.057885,0.013150,0.011774,-0.006277,0.030518,0.122070,0.000000
19.080265,-0.141306,-0.813109,10.056088,0.008959,0.012971,-0.008073,0.030518,0.122070,-0.030518
19.090358,-0.142504,-0.810714,10.051897,0.007761,0.015366,-0.012265,0.000000,0.091553,-0.030518
19.100453,-0.148491,-0.818498,10.057885,0.001774,0.007582,-0.006277,0.000000,0.061035,-0.061035
19.110542,-0.150886,-0.815504,10.060280,-0.000621,0.010576,-0.003882,0.000000,0.061035,-0.061035
19.120632,-0.146695,-0.814307,10.059681,0.003570,0.011774,-0.004481,0.030518,0.061035,-0.030518
19.130723,-0.148491,-0.809517,10.061477,0.001774,0.016564,-0.002685,0.030518,0.061035,-0.061035
19.140812,-0.146695,-0.809517,10.054292,0.003570,0.016564,-0.009870,0.000000,0.091553,-0.061035
19.150902,-0.141306,-0.811313,10.057885,0.008959,0.014768,-0.006277,0.000000,0.091553,-0.061035
19.160993,-0.140109,-0.819695,10.055490,0.010156,0.006385,-0.008672,0.030518,0.091553,0.000000
19.171082,-0.137115,-0.814307,10.046508,0.013150,0.011774,-0.017654,0.030518,0.091553,0.000000
19.181173,-0.135917,-0.810115,10.047107,0.014348,0.015965,-0.017055,0.061035,0.091553,0.000000
19.191262,-0.135917,-0.810714,10.048304,0.014348,0.015366,-0.015857,0.030518,0.091553,0.000000
19.201352,-0.132325,-0.809517,10.052496,0.017940,0.016564,-0.011666,0.061035,0.091553,0.000000
19.211445,-0.146096,-0.810115,10.054891,0.004169,0.015965,-0.009271,0.030518,0.091553,0.000000
19.221540,-0.143102,-0.807720,10.053094,0.007163,0.018360,-0.011067,0.030518,0.091553,0.000000
19.231638,-0.138911,-0.811912,10.051298,0.011354,0.014169,-0.012864,0.000000,0.091553,0.030518
19.241734,-0.137115,-0.817300,10.061477,0.013150,0.008780,-0.002685,0.000000,0.091553,0.030518
19.251831,-0.140109,-0.811313,10.067465,0.010156,0.014768,0.003303,-0.061035,0.000000,0.030518
19.261927,-0.142504,-0.819097,10.068063,0.007761,0.006984,0.003902,-0.061035,0.000000,0.030518
19.272024,-0.144300,-0.822090,10.060878,0.005965,0.003990,-0.003283,-0.061035,0.000000,0.030518
19.282121,-0.143102,-0.818498,10.058483,0.007163,0.007582,-0.005678,-0.061035,-0.061035,0.030518
19.292218,-0.143102,-0.813109,10.055490,0.007163,0.012971,-0.008672,-0.091553,-0.091553,0.061035
19.302315,-0.141306,-0.815504,10.066267,0.008959,0.010576,0.002105,-0.091553,-0.030518,0.061035
19.312412,-0.137115,-0.813109,10.066267,0.013150,0.012971,0.002105,-0.122070,-0.030518,0.030518
19.322508,-0.134121,-0.811313,10.068063,0.016144,0.014768,0.003902,-0.152588,0.030518,0.000000
19.332606,-0.137115,-0.815504,10.055490,0.013150,0.010576,-0.008672,-0.183105,0.061035,-0.030518
19.342702,-0.135917,-0.813708,10.057286,0.014348,0.012373,-0.006876,-0.244141,0.030518,-0.061035
19.352799,-0.137714,-0.813109,10.061477,0.012551,0.012971,-0.002685,-0.244141,0.091553,-0.152588
19.362895,-0.131726,-0.816702,10.061477,0.018539,0.009379,-0.002685,-0.274658,0.122070,-0.213623
19.372992,-0.132924,-0.817899,10.057286,0.017341,0.008181,-0.006876,-0.274658,0.152588,-0.274658
19.383087,-0.125739,-0.825683,10.056088,0.024526,0.000397,-0.008073,-0.274658,0.122070,-0.305176
19.393180,-0.116158,-0.858016,10.049502,0.034107,-0.031935,-0.014660,-0.579834,0.061035,-1.159668
19.403278,0.099393,-0.650847,10.051897,0.249658,0.175234,-0.012265,-0.518799,0.427246,-6.530762
19.413373,-0.114961,-0.465233,10.084230,0.035304,0.360848,0.020068,-0.366211,1.068115,-22.460938
19.423470,-0.471819,-0.311951,10.079440,-0.321554,0.514129,0.015278,0.976562,2.593994,-44.586182
19.433566,-0.299976,-0.574206,10.060280,-0.149711,0.251874,-0.003882,0.213623,2.288818,-46.234131
19.443661,-0.062271,-0.851429,10.054891,0.087995,-0.025349,-0.009271,-0.915527,2.197266,-48.370361
19.453757,-0.089813,-0.966390,10.082433,0.060452,-0.140310,0.018272,-0.549316,2.746582,-51.971436
19.463854,-0.118553,-1.069975,10.071057,0.031712,-0.243895,0.006895,-0.457764,3.356934,-57.525635
19.473950,-0.056882,-0.993933,10.076446,0.093383,-0.167853,0.012284,-0.335693,3.448486,-58.013916
19.484046,0.016166,-1.010099,10.048304,0.166431,-0.184019,-0.015857,-0.213623,3.448486,-57.342529
19.494141,0.026944,-0.934656,10.031539,0.177209,-0.108576,-0.032622,-0.152588,3.479004,-57.556152
19.504238,0.013771,-1.097518,9.985435,0.164036,-0.271437,-0.078727,-0.457764,3.509521,-58.074951
19.514334,-0.107776,-1.041235,10.032737,0.042489,-0.215154,-0.031425,-0.518799,3.753662,-62.316895
19.524431,-0.131726,-1.186133,10.042916,0.018539,-0.360053,-0.021246,-0.488281,3.997803,-66.467285
19.534528,-0.198787,-1.215472,10.002200,-0.048522,-0.389392,-0.061961,-0.579834,4.516602,-79.010010
19.544624,-0.220342,-0.987347,9.983639,-0.070077,-0.161266,-0.080523,-0.488281,5.035400,-85.968018
19.554719,-0.225731,-0.859812,10.007589,-0.075466,-0.033732,-0.056573,-0.976562,5.493164,-95.275879
19.564816,-0.030536,-0.580193,10.068063,0.119729,0.245887,0.003902,-1.373291,5.554199,-96.832275
19.574913,-0.010778,-0.594564,10.044113,0.139487,0.231517,-0.020049,-1.434326,5.615234,-97.106934
19.585009,0.070653,-0.784369,10.072255,0.220918,0.041712,0.008093,-1.190186,5.554199,-94.085693
19.595105,0.082628,-1.047222,10.086026,0.232893,-0.221142,0.021864,-1.251221,5.401611,-92.956543
19.605201,0.092807,-1.664539,10.017768,0.243072,-0.838458,-0.046394,-1.495361,5.676270,-95.184326
19.615297,0.058678,-1.688489,9.941726,0.208943,-0.862408,-0.122436,-1.678467,5.859375,-97.686768
19.625394,-0.042512,-1.519041,10.019564,0.107753,-0.692961,-0.044598,-0.610352,5.737305,-102.569580
19.635490,-0.186213,-1.223256,10.060280,-0.035948,-0.397176,-0.003882,-0.732422,5.523682,-103.118896
19.645586,-0.220342,-1.225651,10.051897,-0.070077,-0.399571,-0.012265,-0.793457,5.859375,-104.248047
19.655683,-0.233514,-1.022075,9.981244,-0.083249,-0.195994,-0.082918,-0.671387,5.737305,-105.804443
19.665778,-0.232317,-0.895737,10.066267,-0.082052,-0.069657,0.002105,-0.396729,5.981445,-106.201172
19.675875,-0.288600,-0.605341,10.040521,-0.138335,0.220739,-0.023641,-1.434326,5.859375,-102.691650
19.685972,-0.291594,-0.634081,10.084230,-0.141329,0.191999,0.020068,-1.708984,5.737305,-98.297119
19.696069,-0.242496,-0.717907,10.043514,-0.092231,0.108173,-0.020647,-0.579834,5.432129,-91.613770
19.706165,-0.213755,-0.937650,10.047706,-0.063490,-0.111570,-0.016456,-0.122070,5.462646,-89.904785
19.716261,-0.254471,-1.013692,10.041119,-0.104206,-0.187612,-0.023042,-0.274658,5.676270,-89.263916
19.726361,-0.281415,-1.038241,10.106982,-0.131150,-0.212161,0.042821,0.610352,5.584717,-88.806152
19.736457,-0.234712,-1.013093,10.057286,-0.084447,-0.187013,-0.006876,0.671387,5.493164,-89.416504
19.746553,-0.181423,-0.977168,10.092014,-0.031158,-0.151088,0.027852,0.213623,5.523682,-91.674805
19.756649,-0.153281,-0.965792,10.074051,-0.003016,-0.139711,0.009889,-0.457764,5.615234,-92.071533
19.766741,-0.177231,-0.797542,10.060878,-0.026966,0.028539,-0.003283,-0.274658,4.974365,-88.500977
19.776837,0.003593,-1.192720,9.988429,0.153858,-0.366639,-0.075733,-1.129150,5.004883,-86.791992
19.786932,0.083826,-1.168770,10.059681,0.234091,-0.342689,-0.004481,-1.098633,4.882812,-86.639404
19.797028,0.105980,-1.450184,9.959689,0.256245,-0.624104,-0.104473,-0.701904,4.943848,-89.965820
19.807124,0.144300,-1.363365,10.022558,0.294565,-0.537284,-0.041604,-1.190186,5.340576,-93.841553
19.817219,-0.046703,-1.118474,9.968071,0.103562,-0.292394,-0.096090,-2.868652,6.256104,-96.832275
19.827315,-0.150886,-0.849633,10.106384,-0.000621,-0.023553,0.042222,-2.105713,6.225586,-97.320557
19.837769,-0.462239,-0.632884,10.014774,-0.311974,0.193196,-0.049388,-1.586914,5.767822,-93.322754
19.847887,-0.463436,-0.386197,10.105186,-0.313171,0.439884,0.041024,-0.213623,5.279541,-88.439941
19.857982,-0.449066,-0.702938,10.033934,-0.298801,0.123142,-0.030227,0.213623,4.608154,-79.620361
19.868078,-0.371827,-0.794548,10.045909,-0.221562,0.031533,-0.018252,0.335693,4.455566,-76.904297
19.878173,-0.430505,-1.032253,10.047107,-0.280240,-0.206173,-0.017055,0.396729,4.394531,-75.653076
19.888269,-0.350870,-1.315464,10.051298,-0.200605,-0.489384,-0.012864,1.708984,4.364014,-78.857422
19.898365,-0.340692,-1.377735,10.042916,-0.190427,-0.551655,-0.021246,0.823975,4.669189,-81.542969
19.908462,-0.290396,-1.400488,10.003398,-0.140131,-0.574407,-0.060764,-0.030518,5.187988,-87.615967
19.918550,-0.424517,-1.332230,10.057885,-0.274252,-0.506149,-0.006277,-0.549316,5.706787,-90.332031
19.928639,-0.330513,-1.029260,9.977053,-0.180248,-0.203179,-0.087109,0.396729,5.676270,-90.423584
19.938729,-0.335303,-0.639470,10.090217,-0.185038,0.186610,0.026056,1.098633,5.340576,-87.097168
19.948818,-0.388592,-0.592767,10.074650,-0.238327,0.233313,0.010488,1.739502,4.943848,-82.092285
19.958907,-0.544867,-0.862806,10.096205,-0.394602,-0.036725,0.032043,2.197266,4.547119,-74.371338
19.968996,-0.567021,-0.931663,10.075248,-0.416756,-0.105582,0.011087,2.258301,4.516602,-72.052002
19.979085,-0.241298,-1.013093,10.079440,-0.091033,-0.187013,0.015278,0.457764,4.302979,-72.021484
19.989174,-0.120948,-1.060994,10.109976,0.029317,-0.234913,0.045814,-0.610352,4.180908,-72.967529
19.999263,-0.059277,-1.181343,10.046508,0.090988,-0.355263,-0.017654,-1.220703,4.455566,-75.653076
20.009353,0.092807,-1.016087,10.004595,0.243072,-0.190007,-0.059566,-1.037598,4.699707,-76.477051
20.019445,0.123942,-0.821492,10.046508,0.274207,0.004589,-0.017654,-0.579834,4.882812,-74.981689
20.029541,-0.071252,-0.830473,10.114766,0.079013,-0.004393,0.050605,-1.068115,4.852295,-74.188232
20.039637,-0.195793,-0.963397,10.024953,-0.045528,-0.137316,-0.039209,-2.349854,4.882812,-73.425293
20.049733,-0.381407,-1.007106,10.071057,-0.231142,-0.181025,0.006895,-2.288818,4.882812,-70.953369
20.059831,-0.394579,-1.117875,9.971664,-0.244314,-0.291795,-0.092498,-1.556396,4.943848,-70.404053
20.069927,-0.537682,-0.838856,10.004595,-0.387417,-0.012775,-0.059566,-1.647949,4.333496,-68.786621
20.080024,-0.541873,-0.617915,10.079440,-0.391608,0.208165,0.015278,-0.762939,4.089355,-67.321777
20.090116,-0.520318,-0.636476,10.054891,-0.370053,0.189604,-0.009271,-0.732422,3.845215,-64.483643
20.100212,-0.250280,-0.490380,10.077643,-0.100015,0.335700,0.013482,-0.946045,3.753662,-63.201904
20.110308,-0.134121,-0.517324,10.060280,0.016144,0.308756,-0.003882,-0.640869,3.753662,-62.866211
20.120401,-0.061672,-0.551453,10.074051,0.088593,0.274627,0.009889,-0.122070,3.662109,-62.103271
20.130491,-0.032932,-0.628094,10.041119,0.117334,0.197987,-0.023042,0.061035,3.601074,-61.401367
20.140581,-0.106578,-0.908311,10.052496,0.043687,-0.082231,-0.011666,-0.183105,3.753662,-59.234619
20.150671,-0.034129,-0.781375,10.067465,0.116136,0.044705,0.003303,0.854492,4.089355,-58.959961
20.160760,-0.046104,-0.871787,10.059681,0.104161,-0.045707,-0.004481,0.030518,3.692627,-56.915283
20.170849,-0.181423,-0.769999,10.092014,-0.031158,0.056082,0.027852,0.610352,3.906250,-55.206299
20.180939,-0.226928,-0.862207,10.017768,-0.076663,-0.036127,-0.046394,0.091553,3.662109,-53.283691
20.191028,-0.117955,-0.931064,10.043514,0.032310,-0.104983,-0.020647,1.556396,3.479004,-51.086426
20.201118,-0.098196,-0.877176,9.992620,0.052069,-0.051095,-0.071541,1.068115,3.509521,-50.781250
20.211207,-0.183219,-0.844843,10.115964,-0.032954,-0.018763,0.051802,1.129150,3.479004,-52.246094
20.221303,-0.191003,-1.013692,10.073452,-0.040738,-0.187612,0.009290,0.854492,3.387451,-53.558350
20.231423,-0.330513,-1.092728,10.069860,-0.180248,-0.266647,0.005698,0.152588,3.051758,-54.260254
20.241519,-0.174238,-1.014890,10.115365,-0.023973,-0.188809,0.051203,-1.312256,2.471924,-53.466797
20.251616,-0.164059,-1.063389,10.153087,-0.013794,-0.237308,0.088925,-1.770020,2.655029,-53.649902
20.261712,-0.161664,-1.023871,10.027947,-0.011399,-0.197790,-0.036215,-1.739502,2.838135,-52.947998
20.271809,-0.134720,-1.183738,10.019564,0.015545,-0.357658,-0.044598,-4.119873,2.349854,-51.696777
20.281904,-0.080233,-1.436413,10.015972,0.070032,-0.610333,-0.048190,-4.028320,2.288818,-50.262451
20.292001,-0.008981,-1.434018,9.965078,0.141284,-0.607938,-0.099084,-3.936768,2.807617,-51.147461
20.302098,-0.129930,-1.305884,10.098001,0.020335,-0.479804,0.033839,-4.028320,2.716064,-52.673340
20.312194,-0.070054,-1.189726,10.040521,0.080211,-0.363646,-0.023641,-2.349854,2.807617,-52.673340
20.322288,-0.135319,-1.279539,10.052496,0.014946,-0.453459,-0.011666,0.183105,2.807617,-52.429199
20.332386,-0.149090,-1.025667,10.136321,0.001175,-0.199587,0.072160,0.183105,2.227783,-51.696777
20.342482,-0.135917,-1.288521,9.900412,0.014348,-0.462440,-0.163750,1.159668,2.349854,-50.354004
20.352579,0.056283,-1.326242,9.928553,0.206548,-0.500162,-0.135608,3.387451,3.173828,-49.316406
20.362675,0.139510,-1.208886,10.020762,0.289775,-0.382806,-0.043400,6.042480,3.723145,-48.919678
20.372772,0.020956,-1.208287,10.001602,0.171221,-0.382207,-0.062560,5.920410,3.601074,-45.501709
20.382869,0.226928,-1.410667,9.960886,0.377193,-0.584586,-0.103275,3.814697,3.143311,-43.487549
20.392965,0.291594,-1.357377,10.049502,0.441859,-0.531297,-0.014660,1.495361,2.777100,-42.724609
20.403061,-0.048499,-1.151406,9.995614,0.101766,-0.325325,-0.068548,1.251221,2.532959,-39.611816
20.413158,0.023950,-1.089734,10.074051,0.174215,-0.263653,0.009889,0.854492,2.410889,-37.231445
20.423254,0.022154,-0.811912,10.099797,0.172419,0.014169,0.035636,-2.960205,1.708984,-38.543701
20.433351,0.035327,-0.926274,10.038724,0.185592,-0.100193,-0.025437,-3.448486,1.678467,-41.076660
20.443448,0.107776,-1.363964,9.964479,0.258041,-0.537883,-0.099683,-2.807617,1.922607,-43.487549
20.453544,0.202379,-1.277743,10.068662,0.352644,-0.451663,0.004500,-1.281738,1.831055,-42.236328
20.463641,0.298779,-1.225052,10.034533,0.449044,-0.398972,-0.029629,0.061035,1.434326,-37.719727
20.473737,0.356858,-1.237028,10.018965,0.507123,-0.410947,-0.045196,1.129150,1.281738,-34.820557
20.483834,0.236508,-1.083148,10.010583,0.386773,-0.257067,-0.053579,2.593994,1.129150,-33.630371
20.493931,-0.042512,-0.874781,10.014774,0.107753,-0.048700,-0.049388,2.868652,1.525879,-34.667969
20.504028,-0.203577,-0.938249,10.003398,-0.053312,-0.112168,-0.060764,0.396729,1.373291,-35.736084
20.514123,-0.323926,-0.778980,10.103989,-0.173661,0.047100,0.039827,-2.136230,1.647949,-37.445068
20.524220,-0.336500,-0.809517,10.014774,-0.186235,0.016564,-0.049388,0.518799,1.953125,-36.193848
20.534316,-0.273631,-0.525707,10.053693,-0.123366,0.300374,-0.010468,1.800537,1.983643,-34.698486
20.544412,-0.036524,-0.568817,10.072853,0.113741,0.257263,0.008692,1.556396,2.288818,-36.010742
20.554509,-0.048499,-0.655038,10.106384,0.101766,0.171043,0.042222,1.647949,2.624512,-39.031982
20.564607,0.131127,-1.037642,10.084828,0.281392,-0.211562,0.020667,1.190186,2.593994,-41.320801
20.574704,0.027543,-0.900527,10.050699,0.177808,-0.074447,-0.013462,0.366211,2.471924,-42.907715
20.584801,-0.010778,-0.995729,10.031539,0.139487,-0.169649,-0.032622,-1.678467,2.471924,-43.884277
20.594897,-0.090412,-0.935854,10.066866,0.059853,-0.109773,0.002704,-2.624512,2.380371,-45.776367
20.604994,-0.272433,-0.750240,10.037527,-0.122168,0.075841,-0.026635,-2.624512,2.532959,-47.576904
20.615090,-0.308359,-0.808319,9.944720,-0.158094,0.017761,-0.119442,-1.098633,3.173828,-46.020508
20.625187,-0.313149,-0.762814,10.031539,-0.162884,0.063267,-0.032622,3.234863,4.272461,-42.572021
20.635283,-0.310155,-0.711920,10.089020,-0.159890,0.114161,0.024858,3.265381,4.211426,-40.618896
20.645379,-0.268242,-1.023871,10.074051,-0.117977,-0.197790,0.009889,2.105713,3.570557,-39.001465
20.655475,-0.074246,-1.199905,10.032138,0.076019,-0.373824,-0.032024,0.762939,2.929688,-36.499023
20.665572,-0.047302,-0.950224,9.998009,0.102963,-0.124144,-0.066153,0.244141,2.624512,-33.874512
20.675668,-0.024549,-1.095721,10.020762,0.125716,-0.269641,-0.043400,-1.953125,2.441406,-30.242920
20.685764,0.045505,-1.230441,10.015373,0.195770,-0.404361,-0.048789,-2.624512,2.716064,-31.768799
20.695861,0.043709,-1.383124,10.078242,0.193974,-0.557043,0.014080,-3.692627,2.197266,-33.782959
20.705957,0.095801,-1.535806,10.059681,0.246066,-0.709726,-0.004481,-3.479004,1.953125,-33.294678
20.716054,0.044308,-1.260978,10.021959,0.194573,-0.434897,-0.042202,-0.518799,2.380371,-31.799316
20.726147,-0.188009,-1.051414,10.107581,-0.037744,-0.225333,0.043419,-0.549316,1.770020,-27.374268
20.736239,-0.124541,-1.259780,9.998009,0.025724,-0.433700,-0.066153,-1.281738,1.617432,-25.115967
20.746335,0.075443,-1.506467,10.036928,0.225708,-0.680387,-0.027234,-1.007080,1.495361,-20.416260
20.756431,0.147892,-1.283132,9.952504,0.298157,-0.457051,-0.111658,-0.335693,1.525879,-18.463135
20.766527,0.045505,-1.135838,10.006392,0.195770,-0.309758,-0.057770,-5.004883,1.190186,-17.181396
20.776623,0.137714,-1.285527,10.001003,0.287979,-0.459446,-0.063159,-9.796143,1.312256,-17.517090
20.786718,0.029339,-0.946033,10.148895,0.179604,-0.119952,0.084734,-6.927490,0.335693,-13.916016
20.796814,0.092807,-1.083148,10.065070,0.243072,-0.257067,0.000908,-3.967285,0.244141,-14.434814
20.806910,0.199984,-1.284329,9.892029,0.350249,-0.458249,-0.172132,-3.509521,0.885010,-15.289307
20.817005,0.264051,-1.136437,10.040521,0.414316,-0.310356,-0.023641,2.593994,-0.030518,-11.352539
20.827101,0.236508,-1.257385,9.968071,0.386773,-0.431305,-0.096090,4.730225,-0.549316,-8.605957
20.837196,0.240101,-1.308279,10.059082,0.390366,-0.482199,-0.005080,5.249023,-0.183105,-6.011963
20.847291,0.180225,-1.191522,9.853709,0.330490,-0.365442,-0.210453,6.042480,0.000000,-5.249023
20.857387,0.000000,-0.740061,10.076446,0.150265,0.086019,0.012284,6.500244,0.030518,-5.523682
20.867483,-0.364642,-1.208886,10.001602,-0.214377,-0.382806,-0.062560,3.204346,0.213623,-5.950928
20.877579,-0.234712,-1.178948,10.026151,-0.084447,-0.352868,-0.038011,2.105713,0.427246,-4.425049
20.887675,-0.073048,-1.115480,10.078242,0.077217,-0.289400,0.014080,-1.800537,0.213623,-5.004883
20.897768,-0.058678,-1.084944,9.911788,0.091587,-0.258863,-0.152373,-2.685547,0.366211,-5.920410
20.907863,-0.471220,-0.675994,10.056687,-0.320955,0.150086,-0.007475,-1.983643,1.251221,-4.913330
20.917959,-0.445474,-0.874781,9.999207,-0.295209,-0.048700,-0.064955,-3.753662,1.007080,-3.906250
20.928051,-0.486189,-0.823887,10.184222,-0.335924,0.002194,0.120060,-3.326416,0.518799,-1.220703
20.938141,-0.134720,-0.867596,9.908196,0.015545,-0.041515,-0.155966,-3.692627,0.122070,-0.854492
20.948230,-0.162861,-0.523911,10.081236,-0.012596,0.302170,0.017074,0.213623,-0.366211,-0.762939
20.958319,-0.288001,-0.805325,10.005793,-0.137736,0.020755,-0.058369,2.441406,0.000000,-1.678467
20.968408,-0.383203,-0.866398,10.071656,-0.232938,-0.040318,0.007494,3.692627,0.244141,0.030518
20.978498,-0.161065,-0.820893,9.943522,-0.010800,0.005187,-0.120639,4.852295,0.000000,0.396729
20.988586,-0.228126,-0.658032,10.130334,-0.077861,0.168049,0.066172,5.187988,0.091553,-0.518799
20.998676,-0.337698,-0.767604,10.035132,-0.187433,0.058477,-0.029030,1.129150,-0.274658,-5.401611
21.008767,-0.460443,-0.896336,10.083631,-0.310177,-0.070256,0.019469,-2.166748,-0.885010,-6.744385
21.018856,-0.395178,-0.783770,10.005793,-0.244913,0.042310,-0.058369,-3.326416,-0.946045,-7.598877
21.028951,-0.089214,-1.035846,10.198592,0.061051,-0.209766,0.134430,-4.089355,0.244141,-7.324219
21.039049,-0.053289,-0.843047,10.088421,0.096976,-0.016966,0.024259,-3.173828,0.518799,-6.835938
21.049145,-0.205373,-0.728086,10.047107,-0.055108,0.097994,-0.017055,-0.671387,-0.152588,-6.713867
21.059240,-0.247885,-1.021476,9.959689,-0.097619,-0.195395,-0.104473,0.305176,-0.213623,-6.042480
21.069337,-0.020956,-1.056204,9.961485,0.129309,-0.230123,-0.102677,0.762939,0.305176,-2.471924
21.079432,0.145497,-1.144819,10.022558,0.295762,-0.318739,-0.041604,-0.793457,0.579834,-2.349854
21.089525,0.121547,-1.026865,10.097402,0.271812,-0.200784,0.033241,0.244141,1.251221,-5.523682
21.099622,0.059277,-0.734672,9.933344,0.209542,0.091408,-0.130818,-0.213623,2.075195,-7.324219
21.109718,-0.149090,-0.861010,10.161469,0.001175,-0.034929,0.097307,-0.152588,1.739502,-7.415771
21.119813,0.170046,-1.091530,10.141111,0.320311,-0.265450,0.076950,-2.502441,0.946045,-7.720947
21.129909,0.195194,-1.302292,10.224338,0.345459,-0.476211,0.160177,-4.425049,0.091553,-8.026123
21.140004,0.101190,-1.490900,9.921967,0.251455,-0.664819,-0.142195,-5.401611,-1.037598,-1.586914
21.150100,0.207169,-1.042432,9.933942,0.357434,-0.216352,-0.130219,-0.640869,-1.586914,1.007080
21.160197,0.225132,-0.862207,9.872869,0.375397,-0.036127,-0.191292,1.617432,0.274658,-0.488281
21.170292,-0.171843,-1.517245,10.140513,-0.021578,-0.691164,0.076351,6.530762,-0.061035,-1.861572
21.180388,-0.159269,-1.384321,10.045909,-0.009004,-0.558241,-0.018252,8.300781,-0.213623,-0.976562
21.190484,0.244292,-0.959205,9.952504,0.394557,-0.133125,-0.111658,2.655029,-0.488281,0.701904
21.200580,0.178429,-1.240021,10.023157,0.328694,-0.413941,-0.041005,-1.129150,-0.488281,-1.190186
21.210675,0.172441,-1.321452,9.962682,0.322706,-0.495372,-0.101479,-3.631592,-0.244141,-4.638672
21.220771,0.192200,-1.347198,9.924961,0.342465,-0.521118,-0.139201,-0.610352,0.488281,-2.288818
21.230866,0.270637,-1.373544,10.033336,0.420902,-0.547463,-0.030826,5.798340,0.854492,-0.091553
21.240961,0.138911,-1.005908,10.078841,0.289176,-0.179828,0.014679,5.584717,0.274658,0.915527
21.251056,0.253273,-1.389710,10.014774,0.403538,-0.563630,-0.049388,0.396729,-1.190186,3.723145
21.261153,0.286205,-1.259182,10.142309,0.436470,-0.433101,0.078147,-0.915527,-1.159668,6.805420
21.271248,0.211959,-1.153801,10.044113,0.362224,-0.327720,-0.020049,0.183105,-0.488281,8.239746
21.281343,0.101190,-0.958607,10.122550,0.251455,-0.132526,0.058388,5.065918,-0.671387,8.514404
21.291439,-0.020358,-0.914299,10.079440,0.129907,-0.088218,0.015278,1.922607,-1.678467,7.934570
21.301534,0.049697,-0.311353,10.213561,0.199962,0.514728,0.149399,-1.251221,-1.068115,2.014160
21.311630,-0.128134,-0.989143,10.049502,0.022131,-0.163063,-0.014660,-2.746582,-0.854492,-1.953125
21.321726,-0.131726,-1.052611,9.901011,0.018539,-0.226531,-0.163151,1.434326,0.488281,-4.791260
21.331853,-0.116158,-0.988544,9.992620,0.034107,-0.162464,-0.071541,3.753662,0.457764,-3.692627
21.341949,0.255668,-0.857417,9.937535,0.405933,-0.031337,-0.126627,2.960205,-0.091553,-2.441406
21.352045,0.348475,-0.518522,10.326127,0.498740,0.307559,0.261965,-1.831055,0.000000,-2.288818
21.362141,0.080233,-0.553250,10.183024,0.230498,0.272831,0.118863,-3.509521,-0.030518,-0.396729
21.372237,-0.026345,-0.917891,10.010583,0.123920,-0.091811,-0.053579,-1.159668,-0.244141,0.488281
21.382332,0.094603,-0.729882,9.990824,0.244868,0.096198,-0.073338,-1.617432,-0.061035,-2.807617
21.392427,0.132325,-0.176633,10.230326,0.282590,0.649448,0.166164,0.762939,-0.823975,-6.256104
21.402522,-0.032932,-0.846041,10.046508,0.117334,-0.019960,-0.017654,0.427246,-0.946045,-5.493164
21.412621,0.089813,-0.831072,9.976454,0.240078,-0.004991,-0.087708,0.793457,-0.488281,-5.859375
21.422717,-0.118553,-0.398172,10.039323,0.031712,0.427908,-0.024839,1.464844,0.000000,-8.270264
21.432812,-0.196392,0.027543,10.322534,-0.046127,0.853623,0.258372,3.967285,0.152588,-7.385254
21.442909,-0.055684,-1.070574,10.027947,0.094581,-0.244493,-0.036215,-0.854492,0.061035,-3.356934
21.453006,0.103585,-1.108894,9.823173,0.253850,-0.282814,-0.240989,0.640869,-0.183105,-3.265381
21.463102,0.293989,-0.870590,9.990225,0.444254,-0.044509,-0.073936,2.990723,-0.396729,-3.845215
21.473198,-0.075443,-0.239502,10.134525,0.074822,0.586578,0.070363,3.479004,-0.549316,-5.004883
21.483293,-0.072449,-0.424517,9.862092,0.077816,0.401563,-0.202070,2.105713,-0.244141,-6.469727
21.493389,-0.040117,-0.700543,10.006392,0.110148,0.125537,-0.057770,2.044678,-0.946045,-2.960205
21.503486,0.171843,-1.055006,10.064471,0.322108,-0.228926,0.000309,-0.762939,-1.403809,-0.152588
21.513582,0.402962,-0.831072,10.090217,0.553227,-0.004991,0.026056,-3.082275,-0.946045,1.617432
21.523678,0.255070,-0.844843,10.037527,0.405335,-0.018763,-0.026635,-4.089355,-1.190186,1.953125
21.533775,0.121547,-0.801134,9.935739,0.271812,0.024946,-0.128423,-2.777100,-1.922607,1.922607
21.543872,0.032333,-1.041833,9.978849,0.182598,-0.215753,-0.085313,-4.089355,-0.732422,-1.403809
21.553968,0.002994,-1.169967,9.868678,0.153259,-0.343887,-0.195484,-3.417969,-0.396729,-1.495361
21.564064,0.066462,-0.961600,9.954300,0.216727,-0.135520,-0.109862,0.885010,-0.091553,0.244141
21.574159,-0.038320,-0.689167,10.128538,0.111945,0.136914,0.064376,2.532959,0.030518,-0.457764
21.584252,-0.162861,-0.614323,10.125544,-0.012596,0.211758,0.061382,-0.976562,-0.549316,-0.274658
21.594349,-0.387394,-1.451981,10.000404,-0.237129,-0.625900,-0.063758,-2.685547,-0.091553,1.861572
21.604446,0.077838,-1.115480,9.738748,0.228103,-0.289400,-0.325414,5.676270,0.244141,5.401611
21.614542,-0.008981,-0.686772,10.139315,0.141284,0.139309,0.075153,6.713867,0.274658,2.624512
21.624638,-0.335901,-1.152004,10.062076,-0.185636,-0.325924,-0.002086,7.049561,-0.335693,4.150391
21.634735,-0.470621,-0.789758,9.977651,-0.320356,0.036323,-0.086510,2.929688,-0.457764,6.378174
21.644831,-0.020358,-0.704136,9.674681,0.129907,0.121945,-0.389480,0.396729,0.427246,5.493164
21.654927,-0.044907,-0.891546,9.968670,0.105358,-0.065466,-0.095492,-0.213623,1.159668,1.800537
21.665024,-0.074246,-0.985551,10.144105,0.076019,-0.159470,0.079944,-3.112793,0.335693,2.471924
21.675119,0.219144,-0.658630,9.963880,0.369409,0.167450,-0.100282,-6.988525,-1.617432,3.387451
21.685215,0.226329,-0.676593,10.009385,0.376594,0.149487,-0.054776,-7.537842,-0.823975,-0.732422
21.695311,-0.029339,-0.489183,9.960287,0.120926,0.336898,-0.103874,-5.462646,-0.305176,-7.110596
21.705406,-0.301174,-0.893941,10.069860,-0.150909,-0.067861,0.005698,-6.835938,-0.732422,-7.141113
21.715503,-0.059277,-1.131048,9.988429,0.090988,-0.304968,-0.075733,-4.547119,0.457764,-4.730225
21.725596,0.134121,-0.335303,9.842932,0.284386,0.490778,-0.221230,5.462646,1.861572,-3.662109
21.735692,0.086221,-0.371827,9.833950,0.236486,0.454254,-0.230212,9.307861,2.990723,-6.011963
21.745789,0.004790,-0.682581,9.926158,0.155055,0.143500,-0.138003,7.324219,1.892090,-2.014160
21.755885,0.067659,-0.635279,10.168055,0.217924,0.190801,0.103894,3.845215,1.953125,1.159668
21.765980,0.170046,-0.697549,10.138716,0.320311,0.128531,0.074555,2.716064,1.190186,6.927490
21.776076,0.364642,-0.794548,10.101594,0.514907,0.031533,0.037432,3.936768,-0.274658,6.866455
21.786171,0.301772,-0.583786,10.150093,0.452037,0.242294,0.085931,1.831055,0.091553,4.699707
21.796267,0.230521,-0.871188,9.999207,0.380786,-0.045108,-0.064955,-1.892090,0.152588,2.868652
21.806362,0.130529,-0.929866,10.331516,0.280794,-0.103786,0.267354,-2.197266,1.220703,0.854492
21.816457,0.157473,-0.780776,10.274035,0.307738,0.045304,0.209873,-1.800537,-0.244141,-0.915527
21.826553,0.236508,-0.904719,10.036928,0.386773,-0.078638,-0.027234,-1.953125,-0.518799,-0.823975
21.836649,0.147294,-0.699346,10.086625,0.297559,0.126735,0.022463,-0.366211,-0.030518,-0.610352
21.846745,-0.008383,-0.477806,10.283615,0.141882,0.348274,0.219453,1.007080,-0.701904,0.671387
21.856837,-0.011376,-0.720901,10.005793,0.138889,0.105180,-0.058369,1.434326,-1.007080,3.234863
21.866925,0.091609,-0.734073,10.009385,0.241875,0.092007,-0.054776,1.098633,-0.213623,7.537842
21.877021,0.095801,-0.817300,10.106982,0.246066,0.008780,0.042821,0.366211,-0.396729,7.659912
21.887116,0.023950,-0.883163,10.186018,0.174215,-0.057083,0.121856,-0.244141,-1.892090,10.742188
21.897215,-0.040117,-0.734672,10.042916,0.110148,0.091408,-0.021246,1.037598,-1.617432,10.986328
21.907311,-0.004191,-0.538281,10.060280,0.146074,0.287800,-0.003882,-4.364014,-2.532959,9.185791
21.917407,-0.014969,-0.387394,10.021360,0.135296,0.438686,-0.042801,-2.777100,-2.044678,7.476807
21.927503,-0.100591,-0.522713,9.917776,0.049674,0.303367,-0.146386,6.561279,0.000000,6.866455
21.937600,-0.183818,-0.222138,10.185419,-0.033553,0.603942,0.121258,3.570557,-1.037598,7.263184
21.947695,0.010179,-0.288600,10.179432,0.160444,0.537481,0.115270,1.922607,-1.647949,7.049561
21.957791,0.228126,-0.732876,10.156679,0.378391,0.093204,0.092517,0.244141,-0.640869,9.368896
21.967887,0.141905,-0.611927,10.103989,0.292170,0.214153,0.039827,-0.091553,0.305176,11.138916
21.977982,0.160466,-0.306563,9.964479,0.310731,0.519518,-0.099683,-1.251221,-0.152588,12.908936
21.988078,-0.043709,-0.218546,9.751921,0.106556,0.607535,-0.312241,-2.258301,-0.122070,11.291504
21.998174,-0.123344,-0.595162,10.048304,0.026922,0.230918,-0.015857,-0.366211,-1.708984,8.422852
22.008269,-0.145497,-0.311353,9.970466,0.004768,0.514728,-0.093695,-0.244141,-1.129150,6.652832
22.018364,-0.048499,-0.620310,10.681188,0.101766,0.205770,0.617027,-6.988525,-1.007080,4.211426
22.028459,-0.041913,-0.144899,10.120155,0.108352,0.681182,0.055993,-1.739502,0.854492,1.708984
22.038561,-0.008383,-0.416135,9.797426,0.141882,0.409946,-0.266736,-1.190186,0.701904,2.868652
22.048658,0.082029,-0.228724,9.929152,0.232294,0.597356,-0.135009,-0.091553,0.518799,-0.183105
22.058753,-0.113165,-0.397573,10.112371,0.037100,0.428507,0.048209,3.601074,1.007080,-1.281738
22.068850,-0.135319,-0.264650,10.016570,0.014946,0.561431,-0.047591,4.089355,0.701904,1.312256
22.078946,-0.077838,-0.568218,10.047107,0.072427,0.257862,-0.017055,0.000000,0.213623,2.471924
22.089039,-0.017364,-0.442480,10.039922,0.132901,0.383601,-0.024240,1.983643,-0.030518,2.960205
22.099135,-0.072449,-0.849633,10.099199,0.077816,-0.023553,0.035037,-1.800537,-1.068115,0.915527
22.109232,-0.037123,-0.729882,9.952504,0.113142,0.096198,-0.111658,2.014160,-0.518799,-1.739502
22.119329,0.091609,-0.511935,9.932146,0.241875,0.314145,-0.132016,0.885010,0.244141,-3.692627
22.129426,0.111368,-0.356858,10.074650,0.261633,0.469222,0.010488,2.136230,0.396729,-3.967285
22.139523,-0.125140,-0.616119,10.020163,0.025125,0.209962,-0.043999,-0.335693,-0.732422,-5.798340
22.149617,0.091609,-0.917891,9.970466,0.241875,-0.091811,-0.093695,-0.274658,0.061035,-8.514404
22.159714,0.114961,-0.396376,10.112970,0.265226,0.429705,0.048808,-0.854492,0.457764,-8.850098
22.169808,0.009580,-0.902324,9.954899,0.159845,-0.076243,-0.109263,-4.699707,0.000000,-11.535645
22.179905,-0.056283,-0.836461,10.011780,0.093982,-0.010380,-0.052381,-4.974365,0.213623,-15.045166
22.190001,0.034129,-0.817300,10.090816,0.184394,0.008780,0.026654,-5.798340,0.244141,-15.228271
22.200098,-0.013173,-1.096919,10.112371,0.137092,-0.270839,0.048209,-1.800537,0.640869,-12.878418
22.210194,0.101788,-0.989742,10.095007,0.252053,-0.163661,0.030846,6.835938,0.732422,-7.263184
22.220291,0.137115,-0.580193,10.015373,0.287380,0.245887,-0.048789,8.087158,0.885010,-7.598877
22.230386,0.126337,-0.749042,9.981843,0.276602,0.077038,-0.082319,5.340576,1.220703,-6.591797
22.240484,0.042512,-1.386716,10.103390,0.192777,-0.560636,0.039228,1.129150,1.220703,-5.737305
22.250580,0.379611,-1.062191,10.066267,0.529876,-0.236111,0.002105,1.770020,1.098633,-5.645752
22.260677,0.164658,-0.750839,10.054891,0.314923,0.075242,-0.009271,1.739502,0.885010,-5.859375
22.270776,0.013771,-0.819695,10.087822,0.164036,0.006385,0.023661,-1.495361,-0.152588,-6.408691
22.280874,-0.036524,-0.782573,9.860894,0.113741,0.043508,-0.203268,3.509521,0.518799,-7.263184
22.290969,-0.014370,-1.015488,10.072255,0.135895,-0.189408,0.008093,2.105713,0.427246,-7.598877
22.301066,0.209564,-1.209485,10.087822,0.359829,-0.383404,0.023661,2.014160,0.549316,-7.934570
22.311163,0.264650,-1.029858,10.114766,0.414915,-0.203778,0.050605,0.030518,0.183105,-7.202148
22.321259,0.293989,-0.787961,10.044712,0.444254,0.038119,-0.019450,0.488281,-0.823975,-6.500244
22.331356,0.320933,-1.245410,10.098001,0.471198,-0.419330,0.033839,-0.091553,-1.464844,-5.645752
22.341453,0.262853,-0.951422,10.065070,0.413118,-0.125341,0.000908,3.204346,-0.549316,-5.462646
22.351549,0.148491,-1.023871,10.388397,0.298756,-0.197790,0.324235,-1.190186,-0.671387,-4.974365
22.361645,0.177231,-0.996328,9.972263,0.327496,-0.170248,-0.091899,-2.319336,-0.396729,-5.004883
22.371742,0.237107,-1.026266,9.950109,0.387372,-0.200185,-0.114053,-3.082275,0.122070,-7.293701
22.381840,0.371827,-1.105900,10.069261,0.522092,-0.279820,0.005099,-1.434326,0.457764,-9.582520
22.391937,0.268841,-1.004711,10.061477,0.419106,-0.178630,-0.002685,1.068115,0.701904,-10.192871
22.402034,0.100591,-0.956810,10.000404,0.250856,-0.130730,-0.063758,0.000000,0.335693,-10.040283
22.412130,0.167053,-0.829874,9.934541,0.317318,-0.003794,-0.129621,0.518799,0.732422,-9.826660
22.422226,0.099393,-1.044827,10.212962,0.249658,-0.218747,0.148800,0.122070,-0.793457,-8.239746
22.432323,0.295186,-0.981359,9.944720,0.445451,-0.155279,-0.119442,-0.152588,-1.098633,-9.155273
22.442419,0.405357,-0.999921,9.811198,0.555622,-0.173840,-0.252964,-3.143311,1.068115,-10.162354
22.452517,0.102387,-1.396895,10.451865,0.252652,-0.570815,0.387704,-1.281738,-0.396729,-9.216309
22.462613,0.222138,-0.970582,10.030342,0.372403,-0.144501,-0.033820,0.427246,-0.030518,-12.115479
22.472711,0.064067,-0.937051,9.912986,0.214332,-0.110971,-0.151176,-1.617432,0.762939,-13.793945
22.482807,0.034129,-1.439407,10.150093,0.184394,-0.613326,0.085931,-3.356934,0.152588,-14.770508
22.492903,-0.053289,-1.130449,9.839339,0.096976,-0.304369,-0.224823,1.892090,2.105713,-13.793945
22.502999,0.072449,-0.739462,9.969868,0.222714,0.086618,-0.094294,-0.976562,1.831055,-14.709473
22.513095,-0.037123,-0.962199,10.186018,0.113142,-0.136119,0.121856,-1.403809,1.312256,-14.587402
22.523192,0.182021,-1.398093,9.847123,0.332287,-0.572012,-0.217039,0.122070,1.434326,-13.702393
22.533288,0.268841,-1.504671,10.105785,0.419106,-0.678591,0.041623,0.946045,0.274658,-10.223389
22.543384,0.299377,-1.072370,9.926757,0.449642,-0.246290,-0.137405,-1.922607,-0.335693,-9.063721
22.553481,0.226329,-1.388513,10.156080,0.376594,-0.562432,0.091919,-2.838135,-1.342773,-9.338379
22.563578,0.095801,-1.159189,9.936936,0.246066,-0.333109,-0.127226,3.906250,-1.525879,-9.460449
22.573674,0.161664,-0.948428,9.856104,0.311929,-0.122347,-0.208058,3.479004,-1.007080,-6.744385
22.583771,0.112566,-1.236429,9.982441,0.262831,-0.410348,-0.081720,0.671387,0.030518,-3.814697
22.593867,0.001198,-1.035247,10.263856,0.151463,-0.209167,0.199694,1.373291,-0.457764,-3.601074
22.603964,0.116158,-0.952020,9.963880,0.266423,-0.125940,-0.100282,1.525879,-0.061035,-6.042480
22.614060,-0.044907,-0.552052,9.971065,0.105358,0.274028,-0.093097,-0.762939,0.762939,-6.561279
22.624158,-0.080233,-1.154998,10.326127,0.070032,-0.328918,0.261965,-2.899170,1.007080,-5.981445
22.634254,0.173040,-1.070574,9.798025,0.323305,-0.244493,-0.266137,-0.427246,0.305176,-5.767822
22.644351,0.126936,-1.006507,9.995015,0.277201,-0.180427,-0.069146,-2.227783,-0.823975,-5.981445
22.654447,0.095202,-1.235830,10.130334,0.245467,-0.409750,0.066172,-2.044678,1.373291,-1.831055
22.664544,-0.247286,-0.656235,9.945917,-0.097021,0.169845,-0.118244,2.685547,2.075195,-2.136230
22.674639,-0.463436,-0.899330,10.040521,-0.313171,-0.073249,-0.023641,1.739502,1.098633,-1.831055
22.684736,0.301772,-0.322130,10.133328,0.452037,0.503950,0.069166,0.823975,-0.152588,0.488281
22.694832,-0.035925,-1.324446,9.965676,0.114340,-0.498365,-0.098485,2.563477,-0.366211,1.892090
22.704929,-0.145497,-1.865121,9.881851,0.004768,-1.039041,-0.182311,0.122070,-0.274658,0.061035
22.715026,-0.155078,-1.117277,10.147099,-0.004812,-0.291196,0.082937,1.220703,0.335693,0.091553
22.725121,-0.290995,-0.548459,9.698632,-0.140730,0.277621,-0.365530,-2.807617,-2.258301,6.408691
22.735218,-0.297581,-0.819695,9.862092,-0.147316,0.006385,-0.202070,-2.441406,-2.868652,6.530762
22.745313,-0.235909,-0.884361,10.000404,-0.085644,-0.058281,-0.063758,-5.432129,-1.495361,2.624512
22.755411,-0.410147,-0.475411,10.148297,-0.259882,0.350669,0.084135,-3.814697,-1.495361,1.342773
22.765508,-0.361648,-0.561033,10.029743,-0.211383,0.265047,-0.034419,-4.455566,-0.244141,-6.225586
22.775605,-0.065863,-1.502276,9.974658,0.084402,-0.676196,-0.089504,-2.380371,0.610352,-8.758545
22.785697,0.216749,-0.658630,10.000404,0.367014,0.167450,-0.063758,-5.187988,-0.091553,-7.751465
22.795793,0.155676,-1.055605,10.109377,0.305941,-0.229524,0.045216,1.098633,0.762939,-7.659912
22.805890,0.025746,-0.230521,9.916578,0.176011,0.595560,-0.147583,0.335693,1.037598,-8.087158
22.815983,0.228724,-0.701142,10.129735,0.378989,0.124938,0.065573,-2.044678,1.159668,-5.004883
22.826079,0.370629,0.444276,9.960886,0.520894,1.270357,-0.103275,2.563477,1.312256,-1.190186
22.836175,0.038919,-0.552651,10.254875,0.189184,0.273430,0.190713,-5.798340,-1.129150,-1.861572
22.846271,-0.014969,-0.738864,10.044712,0.135296,0.087217,-0.019450,-4.516602,-0.946045,-3.295898
22.856368,0.352068,-0.778980,9.856104,0.502333,0.047100,-0.208058,-2.319336,-0.671387,-2.014160
22.866461,-0.064067,-0.028141,10.093211,0.086198,0.797939,0.029049,5.645752,-0.549316,-1.586914
22.876558,-0.131127,-0.698747,10.000404,0.019138,0.127333,-0.063758,3.234863,-1.434326,-2.136230
22.886653,0.094603,-0.517923,10.111174,0.244868,0.308157,0.047012,3.082275,0.549316,0.976562
22.896748,0.334704,-0.485590,9.926757,0.484969,0.340490,-0.137405,4.150391,-0.579834,1.678467
22.906844,-0.292192,-0.391586,10.127340,-0.141927,0.434495,0.063178,0.885010,-0.396729,1.159668
22.916940,-0.164658,-0.260458,10.221345,-0.014393,0.565622,0.157183,-2.044678,-0.610352,2.807617
22.927036,-0.039518,-0.625699,10.033934,0.110747,0.200382,-0.030227,-3.967285,-0.610352,2.899170
22.937132,-0.171843,-0.670605,10.049502,-0.021578,0.155475,-0.014660,0.122070,0.366211,1.617432
22.947225,-0.174836,-0.650847,10.045311,-0.024571,0.175234,-0.018851,0.305176,-0.305176,4.821777
22.957320,0.155676,-0.683179,10.122550,0.305941,0.142901,0.058388,-2.136230,-0.061035,7.354736
22.967416,0.111368,-0.670007,9.916578,0.261633,0.156074,-0.147583,-0.549316,0.305176,5.554199
22.977511,-0.280217,-0.602347,10.109976,-0.129952,0.223733,0.045814,-2.655029,1.251221,4.669189
22.987607,-0.241298,-0.440684,10.368638,-0.091033,0.385397,0.304477,-7.110596,-0.091553,8.880615
22.997703,-0.013771,-1.213676,10.040521,0.136494,-0.387596,-0.023641,4.089355,-0.549316,12.023926
23.007799,0.068857,-0.705932,9.972263,0.219122,0.120148,-0.091899,2.563477,-0.915527,10.192871
23.017895,0.144899,-0.262853,9.982441,0.295164,0.563227,-0.081720,1.678467,-1.312256,9.887695
23.027991,0.068857,-0.764011,10.013577,0.219122,0.062069,-0.050585,-3.662109,-0.976562,10.498047
23.038106,-0.197589,-0.054487,10.353669,-0.047324,0.771594,0.289508,4.821777,0.610352,8.880615
23.048204,-0.031135,-0.520917,10.024354,0.119130,0.305164,-0.039807,2.380371,0.335693,5.157471
23.058300,-0.226928,-0.689167,10.037527,-0.076663,0.136914,-0.026635,4.821777,0.518799,5.279541
23.068396,-0.022154,-0.332908,9.927955,0.128111,0.493173,-0.136207,2.227783,0.061035,7.141113
23.078493,0.340093,-0.513133,10.081236,0.490358,0.312947,0.017074,1.068115,-0.396729,9.185791
23.088590,0.274230,-0.474813,10.205178,0.424495,0.351268,0.141017,0.915527,-0.274658,10.192871
23.098686,0.013771,-0.458646,9.952504,0.164036,0.367434,-0.111658,2.166748,-0.335693,10.650635
23.108782,0.113763,-0.432900,9.984238,0.264028,0.393181,-0.079924,1.647949,-0.885010,11.505127
23.118879,0.198188,-0.505948,9.932146,0.348453,0.320133,-0.132016,-0.366211,-0.671387,9.979248
23.128978,0.116158,-0.535287,10.115365,0.266423,0.290794,0.051203,-0.732422,-0.640869,9.307861
23.139076,0.032932,-0.662822,10.164463,0.183197,0.163259,0.100301,1.800537,-0.640869,8.514404
23.149173,0.029938,-0.409548,10.139315,0.180203,0.416532,0.075153,2.288818,-0.488281,7.690430
23.159270,-0.126936,-0.515528,9.854907,0.023329,0.310552,-0.209255,2.288818,-0.152588,6.408691
23.169366,-0.005988,-0.516725,9.906998,0.144277,0.309355,-0.157163,0.183105,-1.068115,6.866455
23.179462,-0.055684,-0.504750,9.871073,0.094581,0.321330,-0.193089,0.579834,-1.312256,6.988525
23.189559,0.113763,-0.611329,10.106384,0.264028,0.214752,0.042222,0.366211,-2.349854,7.751465
23.199655,-0.010179,-0.470023,10.156679,0.140086,0.356058,0.092517,-0.305176,-2.044678,7.476807
23.209752,0.041913,-0.510139,10.094409,0.192178,0.315941,0.030247,-0.793457,-0.915527,5.584717
23.219850,0.121547,-0.999921,9.954300,0.271812,-0.173840,-0.109862,-0.122070,-0.762939,4.821777
23.229947,-0.004790,-0.687371,10.029144,0.145475,0.138710,-0.035017,0.213623,-1.098633,4.180908
23.240041,-0.030536,-0.857417,10.095606,0.119729,-0.031337,0.031444,-1.708984,-0.518799,3.784180
23.250135,0.068258,-0.793350,9.929152,0.218523,0.032730,-0.135009,-3.692627,-0.213623,3.967285
23.260231,0.126337,-0.835263,10.032737,0.276602,-0.009183,-0.031425,-6.103516,-0.885010,0.610352
23.270328,0.201182,-0.920885,10.011182,0.351447,-0.094805,-0.052980,-1.129150,-0.244141,-0.488281
23.280424,-0.082029,-0.606539,9.790840,0.068236,0.219542,-0.273322,0.030518,0.671387,-2.380371
23.290520,-0.032932,-1.065784,9.941726,0.117334,-0.239703,-0.122436,0.885010,0.915527,-1.647949
23.300617,-0.014969,-0.745450,10.118359,0.135296,0.080631,0.054197,1.281738,0.823975,1.922607
23.310714,0.061672,-1.094524,10.096205,0.211937,-0.268444,0.032043,1.098633,1.007080,3.540039
23.320807,0.193398,-0.987946,9.986034,0.343663,-0.161865,-0.078128,0.000000,0.457764,4.638672
23.330904,-0.035925,-0.834066,10.026151,0.114340,-0.007985,-0.038011,-0.610352,-0.610352,4.943848
23.341001,-0.086221,-0.880170,10.177635,0.064044,-0.054089,0.113474,0.640869,-1.678467,4.028320
23.351097,0.131726,-0.504750,10.050699,0.281991,0.321330,-0.013462,1.098633,-1.647949,3.265381
23.361193,0.107776,-0.743654,9.961485,0.258041,0.082427,-0.102677,-0.427246,-0.823975,0.885010
23.371286,0.125739,-0.729283,10.039323,0.276004,0.096797,-0.024839,0.823975,-0.579834,-0.335693
23.381383,0.289199,-0.765807,10.023157,0.439464,0.060273,-0.041005,0.244141,-0.335693,-1.586914
23.391476,0.332309,-0.592169,10.103989,0.482574,0.233912,0.039827,0.000000,-0.335693,-3.326416
23.401573,0.420326,-0.536484,10.070458,0.570591,0.289596,0.006297,0.122070,-0.579834,-5.859375
23.411670,0.294587,-0.517923,10.074051,0.444852,0.308157,0.009889,1.373291,-0.671387,-7.354736
23.421765,0.447270,-0.505948,9.939930,0.597535,0.320133,-0.124232,-2.410889,-1.617432,-7.171631
23.431862,0.376018,-0.276026,10.215956,0.526283,0.550054,0.151794,1.098633,-1.037598,-4.943848
23.441958,0.301174,-0.080233,9.990225,0.451439,0.745847,-0.073936,0.183105,-0.671387,-3.204346
23.452055,0.164658,-0.259261,10.057885,0.314923,0.566820,-0.006277,0.640869,-0.427246,-3.784180
23.462151,0.068258,-0.246088,10.090816,0.218523,0.579992,0.026654,-1.770020,-0.518799,-4.272461
23.472248,-0.071252,-0.188608,10.133926,0.079013,0.637473,0.069765,-0.885010,1.068115,-1.739502
23.482345,0.016166,-0.613125,10.090816,0.166431,0.212955,0.026654,-0.305176,1.556396,1.647949
23.492438,-0.005389,-0.313149,9.941726,0.144876,0.512932,-0.122436,2.746582,2.166748,3.173828
23.502528,-0.002994,-0.452659,9.949510,0.147271,0.373422,-0.114652,1.770020,1.647949,2.258301
23.512625,-0.095202,-0.028740,10.093810,0.055063,0.797340,0.029648,0.823975,0.701904,0.732422
23.522721,-0.129331,-0.321531,10.009984,0.020934,0.504549,-0.054178,-0.549316,0.640869,-0.183105
23.532817,0.068258,-0.267643,10.146500,0.218523,0.558437,0.082339,-4.943848,-0.274658,-1.342773
23.542914,0.179028,-0.716710,10.037527,0.329293,0.109371,-0.026635,-7.598877,-0.701904,-0.335693
23.553006,0.172441,-0.612526,9.973460,0.322706,0.213554,-0.090702,-2.777100,-0.610352,-1.434326
23.563097,0.223336,-0.714315,10.166858,0.373601,0.111766,0.102696,-1.892090,-0.122070,0.091553
23.573187,0.300575,-0.695753,10.003398,0.450840,0.130327,-0.060764,1.800537,0.213623,2.471924
23.583277,0.390388,-0.519719,9.982441,0.540653,0.306361,-0.081720,2.685547,-0.183105,2.044678
23.593366,0.339494,-0.288600,10.075847,0.489759,0.537481,0.011685,1.037598,0.091553,-2.136230
23.603455,-0.134720,-0.559836,10.406959,0.015545,0.266245,0.342797,-0.915527,-0.091553,-3.936768
23.613545,0.213755,-0.656834,10.201586,0.364021,0.169246,0.137424,-2.166748,0.061035,-2.593994
23.623634,0.599952,-0.678389,10.071656,0.750217,0.147691,0.007494,-0.305176,-0.183105,-2.380371
23.633724,0.132325,-0.874781,10.170450,0.282590,-0.048700,0.106289,-3.814697,-0.305176,-1.159668
23.643813,0.219144,-0.539478,10.142309,0.369409,0.286602,0.078147,-1.831055,-0.213623,1.403809
23.653908,0.264051,-0.868793,10.067465,0.414316,-0.042713,0.003303,-2.716064,0.732422,4.241943
23.664005,0.274230,-0.313748,10.058483,0.424495,0.512333,-0.005678,1.220703,1.983643,2.197266
23.674102,0.014370,-0.432301,10.090217,0.164635,0.393779,0.026056,2.166748,2.136230,-2.990723
23.684198,0.203577,-0.725092,10.057286,0.353842,0.100988,-0.006876,2.197266,2.044678,-5.157471
23.694293,0.167651,-0.732876,9.911190,0.317916,0.093204,-0.152972,-0.305176,1.403809,-5.615234
23.704389,0.152084,-0.744252,9.933942,0.302349,0.081828,-0.130219,1.342773,0.671387,-0.305176
23.714486,0.036524,-1.166375,10.269844,0.186789,-0.340294,0.205682,-0.549316,0.061035,1.495361
23.724583,0.088017,-1.496288,10.075248,0.238282,-0.670208,0.011087,-8.605957,-1.861572,1.922607
23.734679,0.158670,-0.861608,10.102192,0.308935,-0.035528,0.038031,-2.807617,-1.159668,3.265381
23.744776,-0.046104,-0.795745,9.989028,0.104161,0.030335,-0.075134,0.701904,-0.152588,4.028320
23.754872,-0.210163,-0.665217,10.029144,-0.059898,0.160864,-0.035017,0.915527,0.457764,0.885010
23.764968,-0.241897,-0.516127,9.971065,-0.091632,0.309954,-0.093097,4.150391,0.793457,-1.647949
23.775064,-0.024549,-0.896935,9.857302,0.125716,-0.070854,-0.206860,1.922607,0.488281,-4.608154
23.785161,-0.114961,-1.014291,9.896819,0.035304,-0.188210,-0.167342,3.112793,-0.335693,-3.875732
23.795256,0.204774,-0.893342,9.915381,0.355039,-0.067262,-0.148781,2.838135,-0.915527,-1.068115
23.805352,0.082029,-0.967588,10.021959,0.232294,-0.141507,-0.042202,0.396729,0.061035,-0.030518
23.815448,-0.132325,-0.747845,10.197394,0.017940,0.078236,0.133233,-1.770020,-0.335693,1.800537
23.825543,0.028740,-0.702339,10.106982,0.179005,0.123741,0.042821,-1.159668,0.213623,0.732422
23.835638,-0.201182,-0.553848,10.057885,-0.050917,0.272232,-0.006277,-0.823975,0.488281,-1.251221
23.845733,-0.227527,-0.569416,10.159074,-0.077262,0.256665,0.094912,-0.823975,-0.305176,-0.885010
23.855851,-0.184417,-0.256267,10.098600,-0.034151,0.569813,0.034438,1.556396,-0.091553,-1.068115
23.865946,-0.086221,-0.587977,9.965676,0.064044,0.238103,-0.098485,-1.007080,0.183105,1.190186
23.876041,0.000000,-0.386197,10.020163,0.150265,0.439884,-0.043999,-0.457764,0.732422,2.166748
23.886137,0.004790,-0.497565,10.045311,0.155055,0.328515,-0.018851,0.793457,0.793457,3.570557
23.896232,0.077239,-0.267045,10.212363,0.227504,0.559036,0.148202,-0.030518,0.518799,4.302979
23.906325,-0.016166,-0.373024,10.074051,0.134099,0.453056,0.009889,0.152588,0.915527,2.838135
23.916421,0.077838,-0.220342,10.068063,0.228103,0.605739,0.003902,-0.915527,0.793457,2.868652
23.926517,0.108375,-0.364043,10.220147,0.258640,0.462037,0.155985,0.030518,0.457764,2.807617
23.936612,0.328716,-0.164658,10.072255,0.478981,0.661423,0.008093,6.286621,0.793457,1.708984
23.946707,0.221539,-0.505349,10.077643,0.371804,0.320731,0.013482,3.875732,0.396729,0.915527
23.956803,0.282014,-0.355660,9.999207,0.432279,0.470420,-0.064955,3.875732,0.335693,1.647949
23.966898,0.347877,-0.350870,10.045909,0.498142,0.475210,-0.018252,2.441406,0.183105,0.854492
23.976995,0.259860,-0.583786,10.090217,0.410125,0.242294,0.026056,1.678467,0.000000,-0.213623
23.987092,0.327519,-0.598156,10.030342,0.477784,0.227924,-0.033820,2.655029,-0.274658,0.732422
23.997192,0.225132,-0.863405,10.055490,0.375397,-0.037324,-0.008672,1.708984,-0.244141,2.258301
24.007288,0.299377,-0.577798,10.003997,0.449642,0.248282,-0.060165,0.488281,-0.793457,5.432129
24.017384,0.237107,-0.367037,10.048903,0.387372,0.459044,-0.015259,0.732422,-0.823975,6.347656
24.027479,0.139510,-0.459844,10.102192,0.289775,0.366237,0.038031,0.274658,-0.488281,6.225586
24.037594,0.120350,-0.438289,10.086625,0.270615,0.387792,0.022463,0.579834,-0.274658,6.164551
24.047691,0.106578,-0.422721,10.147698,0.256843,0.403359,0.083536,-0.762939,-0.518799,6.439209
24.057780,0.200583,-0.560435,10.084828,0.350848,0.265646,0.020667,-1.068115,-0.671387,6.011963
24.067870,0.201182,-0.470023,10.053693,0.351447,0.356058,-0.010468,-1.342773,-0.396729,4.699707
24.077961,0.279619,-0.375419,10.040521,0.429884,0.450661,-0.023641,-1.403809,-0.061035,4.974365
24.088052,0.217348,-0.451461,10.065668,0.367613,0.374619,0.001507,-1.495361,0.061035,4.241943
24.098143,0.159868,-0.247885,9.977053,0.310133,0.578196,-0.087109,-0.213623,0.274658,1.739502
24.108232,0.092807,-0.317340,9.990225,0.243072,0.508740,-0.073936,1.007080,0.305176,0.854492
24.118322,0.087418,-0.466430,10.029743,0.237683,0.359650,-0.034419,-0.823975,0.152588,1.098633
24.128412,0.226928,-0.519719,10.110575,0.377193,0.306361,0.046413,-1.159668,-0.183105,2.563477
24.138502,0.158071,-0.521516,10.113569,0.308336,0.304565,0.049407,-1.068115,-0.396729,3.479004
24.148592,0.154479,-0.617915,10.088421,0.304744,0.208165,0.024259,-0.732422,-0.305176,3.936768
24.158684,0.262255,-0.687969,10.053693,0.412520,0.138111,-0.010468,0.610352,-0.122070,4.516602
24.168781,0.164059,-0.555645,10.127939,0.314324,0.270436,0.063777,2.014160,-0.488281,4.150391
24.178877,0.293989,-0.310754,10.093810,0.444254,0.515327,0.029648,2.105713,-0.640869,5.279541
24.188973,0.238903,-0.414937,10.012978,0.389168,0.411143,-0.051184,1.281738,-0.488281,4.974365
24.199069,0.134720,-0.413141,10.017768,0.284985,0.412940,-0.046394,1.434326,-0.152588,3.112793
24.209165,0.095202,-0.288600,10.173444,0.245467,0.537481,0.109282,0.244141,0.122070,3.234863
24.219261,0.205373,-0.595162,9.986633,0.355638,0.230918,-0.077529,1.281738,-0.061035,5.249023
24.229357,0.217348,-0.674198,10.086026,0.367613,0.151882,0.021864,0.823975,-0.274658,5.950928
24.239453,0.464634,-0.524509,10.104587,0.614899,0.301571,0.040426,2.075195,-1.007080,5.889893
24.249549,0.190404,-0.410746,10.066267,0.340669,0.415335,0.002105,1.831055,-1.098633,4.699707
24.259645,-0.153880,-0.350870,10.122550,-0.003615,0.475210,0.058388,2.166748,-1.037598,4.272461
24.271644,-0.052690,-0.305365,9.944121,0.097575,0.520715,-0.120041,1.373291,-0.579834,3.265381
24.281785,-0.012574,-0.652643,10.120754,0.137691,0.173438,0.056592,0.061035,-0.183105,2.655029
24.291899,0.118553,-0.649050,10.052496,0.268818,0.177030,-0.011666,0.823975,0.122070,3.265381
24.302011,0.062869,-0.487386,9.968071,0.213134,0.338694,-0.096090,-1.037598,-0.396729,4.394531
24.312135,0.094005,-0.613724,9.990824,0.244270,0.212357,-0.073338,-0.732422,-0.488281,4.760742
24.322244,0.011975,-0.661624,10.077045,0.162240,0.164456,0.012883,-0.732422,-0.305176,4.547119
24.332375,0.052092,-0.671803,10.101594,0.202357,0.154277,0.037432,-0.518799,-0.396729,5.798340
24.342515,0.010179,-0.601150,10.119556,0.160444,0.224931,0.055395,0.305176,-0.335693,6.561279
24.352655,-0.014969,-0.578397,10.099797,0.135296,0.247683,0.035636,0.427246,-0.244141,6.896973
24.362782,-0.028740,-0.566422,10.160272,0.121525,0.259658,0.096110,0.518799,-0.244141,6.927490
24.372887,-0.022753,-0.438289,10.098600,0.127512,0.387792,0.034438,0.244141,-0.457764,6.378174
24.383051,-0.084424,-0.574805,10.044712,0.065841,0.251276,-0.019450,-0.457764,-0.396729,5.462646
24.393148,-0.157473,-0.645458,10.127340,-0.007208,0.180623,0.063178,-0.793457,-0.274658,3.204346
24.403236,-0.161664,-0.450862,10.037527,-0.011399,0.375218,-0.026635,-0.061035,0.091553,3.448486
24.413353,-0.216151,-0.413740,10.125544,-0.065885,0.412341,0.061382,-0.732422,0.152588,2.380371
24.423461,-0.019759,-0.378413,10.081236,0.130506,0.447667,0.017074,-0.793457,0.122070,0.640869
24.433555,-0.132924,-0.525108,10.049502,0.017341,0.300972,-0.014660,-0.732422,0.579834,-0.915527
24.443653,-0.034728,-0.562830,10.063872,0.115537,0.263251,-0.000290,0.396729,0.793457,-2.899170
24.453728,-0.020956,-0.571212,10.070458,0.129309,0.254868,0.006297,0.335693,0.701904,-4.028320
24.463804,0.080832,-0.586181,10.036928,0.231097,0.239899,-0.027234,1.251221,0.671387,-4.180908
24.473879,0.192799,-0.769999,9.983639,0.343064,0.056082,-0.080523,1.068115,0.762939,-3.326416
24.483954,0.140109,-0.534688,10.114766,0.290374,0.291392,0.050605,2.563477,1.068115,-0.640869
24.494028,0.175435,-0.845442,10.147698,0.325700,-0.019361,0.083536,2.655029,1.129150,1.190186
24.504103,0.149689,-0.781375,10.145901,0.299954,0.044705,0.081740,1.617432,0.671387,3.417969
24.514185,0.133522,-0.383802,10.081236,0.283787,0.442279,0.017074,2.990723,0.152588,5.676270
24.524257,-0.031734,-0.396974,10.095007,0.118531,0.429106,0.030846,2.777100,-0.030518,4.180908
24.534332,-0.161664,-0.774190,9.982441,-0.011399,0.051890,-0.081720,1.953125,-0.061035,1.007080
24.544407,-0.040117,-0.662223,10.026749,0.110148,0.163858,-0.037412,1.251221,0.000000,0.671387
24.554481,-0.041314,-0.470621,10.135124,0.108951,0.355459,0.070962,-0.091553,0.305176,-0.366211
24.564594,-0.206570,-0.329315,10.008188,-0.056305,0.496765,-0.055974,-0.488281,0.366211,-0.518799
24.574702,-0.088017,-0.617915,10.112371,0.062248,0.208165,0.048209,-2.197266,0.427246,-0.091553
24.584798,-0.061073,-0.647254,10.134525,0.089192,0.178826,0.070363,-1.770020,0.122070,-0.793457
24.594891,0.045505,-0.708327,10.072853,0.195770,0.117753,0.008692,-2.655029,0.091553,-1.342773
24.604983,-0.057480,-0.449665,10.027348,0.092785,0.376415,-0.036814,-1.831055,-0.030518,-0.885010
24.615075,-0.051493,-0.335901,10.096205,0.098772,0.490179,0.032043,-1.525879,-0.122070,-0.335693
24.625168,0.084424,-0.416135,10.107581,0.234689,0.409946,0.043419,-1.129150,-0.152588,-1.007080
24.635260,-0.005988,-0.529299,10.037527,0.144277,0.296781,-0.026635,-1.678467,-0.244141,-1.403809
24.645352,0.034129,-0.667013,10.130933,0.184394,0.159067,0.066771,-1.678467,-0.091553,1.708984
24.655447,0.107177,-0.658032,10.111772,0.257442,0.168049,0.047611,-1.647949,-0.152588,3.509521
24.665536,0.133522,-0.648452,10.148895,0.283787,0.177629,0.084734,-0.488281,-0.762939,4.760742
24.675624,0.180225,-0.423918,10.067465,0.330490,0.402162,0.003303,0.091553,-1.159668,5.584717
24.685730,0.192799,-0.365240,10.095007,0.343064,0.460840,0.030846,0.061035,-0.732422,5.249023
24.695820,0.130529,-0.282612,10.127939,0.280794,0.543468,0.063777,0.671387,-0.762939,4.364014
24.705909,0.077838,-0.437690,10.135124,0.228103,0.388391,0.070962,0.518799,-0.640869,3.601074
24.715997,0.005389,-0.509540,10.169253,0.155654,0.316540,0.105091,2.166748,-1.556396,0.762939
24.726084,0.143701,-0.534688,10.168055,0.293966,0.291392,0.103894,3.417969,-2.105713,-0.274658
24.736173,0.151485,-0.556243,9.991423,0.301750,0.269837,-0.072739,3.875732,-2.838135,-1.129150
24.746261,0.139510,-0.404160,10.076446,0.289775,0.421921,0.012284,3.356934,-2.136230,-1.495361
24.756351,0.171244,-0.422721,9.999805,0.321509,0.403359,-0.064356,3.173828,-1.983643,-1.220703
24.766441,0.132924,-0.556842,10.121353,0.283189,0.269238,0.057191,2.929688,-1.556396,-0.366211
24.776532,0.140707,-0.498763,10.125544,0.290972,0.327318,0.061382,2.380371,-1.251221,0.183105
24.786619,0.161065,-0.538281,10.161469,0.311330,0.287800,0.097307,2.075195,-1.617432,0.885010
24.796708,0.214354,-0.487386,10.119556,0.364619,0.338694,0.055395,1.922607,-1.312256,1.190186
24.806823,0.170046,-0.500559,10.154284,0.320311,0.325521,0.090122,0.457764,-0.823975,1.525879
24.816919,0.173639,-0.514929,10.170450,0.323904,0.311151,0.106289,0.732422,-0.732422,0.854492
24.827009,0.234712,-0.439486,9.947714,0.384977,0.386594,-0.116448,1.281738,-1.129150,0.610352
24.837101,0.005988,-0.391586,10.147099,0.156253,0.434495,0.082937,0.183105,0.091553,0.793457
24.847190,0.047302,-0.499960,10.069860,0.197567,0.326120,0.005698,0.335693,0.091553,0.610352
24.857282,0.129930,-0.541274,10.013577,0.280195,0.284806,-0.050585,0.579834,-0.366211,0.122070
24.867372,0.041314,-0.464634,10.080637,0.191579,0.361447,0.016475,0.610352,-0.030518,0.183105
24.877463,-0.042512,-0.471220,10.156679,0.107753,0.354860,0.092517,-0.244141,0.122070,-0.061035
24.887553,-0.335303,0.417931,10.232721,-0.185038,1.244011,0.168559,-0.152588,0.671387,-12.695312
24.897643,-0.179626,0.038320,10.134525,-0.029361,0.864401,0.070363,0.152588,0.793457,-18.524170
24.907733,-0.065264,-0.165855,10.046508,0.085001,0.660225,-0.017654,0.213623,1.098633,-27.770996
24.917824,-0.063468,-0.293989,10.112970,0.086797,0.532092,0.048808,-0.488281,1.708984,-30.761719
24.927933,-0.064067,-0.253273,10.168654,0.086198,0.572807,0.104492,-0.366211,1.708984,-33.294678
24.938024,-0.008383,-0.298180,10.091415,0.141882,0.527900,0.027253,-0.610352,1.892090,-33.203125
24.948114,0.000599,-0.332908,10.104587,0.150864,0.493173,0.040426,-0.579834,1.892090,-32.348633
24.958206,0.061672,-0.487985,10.047706,0.211937,0.338095,-0.016456,-0.701904,1.983643,-31.097412
24.968297,0.050295,-0.512534,10.070458,0.200560,0.313546,0.006297,-0.549316,1.983643,-30.456543
24.978388,0.038320,-0.362247,10.095007,0.188585,0.463834,0.030846,-0.701904,1.983643,-28.228760
24.988479,0.063468,-0.480201,10.073452,0.213733,0.345879,0.009290,-0.946045,2.014160,-26.580811
24.998573,0.079634,-0.598156,10.061477,0.229899,0.227924,-0.002685,-1.037598,2.288818,-25.115967
25.008662,0.068258,-0.540077,10.045311,0.218523,0.286004,-0.018851,-1.129150,2.258301,-24.414062
25.018752,-0.002994,-0.778980,10.046508,0.147271,0.047100,-0.017654,-3.692627,3.295898,-13.275146
25.028841,0.002395,-1.617836,9.974059,0.152660,-0.791755,-0.090103,-5.767822,3.723145,0.061035
25.038932,0.219144,-1.422642,10.062675,0.369409,-0.596561,-0.001487,-6.988525,3.753662,11.047363
25.049022,0.367037,-0.810714,10.103390,0.517302,0.015366,0.039228,-3.601074,0.610352,20.690918
25.059129,0.263452,-0.718506,10.139914,0.413717,0.107575,0.075752,-0.488281,-1.464844,20.019531
25.069221,0.112566,-0.254471,10.119556,0.262831,0.571610,0.055395,5.249023,-4.425049,13.641357
25.079312,0.123344,-0.343087,10.095007,0.273609,0.482994,0.030846,4.272461,-3.723145,11.505127
25.089415,0.115560,-0.360450,10.087224,0.265825,0.465630,0.023062,3.540039,-2.807617,7.873535
25.099506,0.120948,-0.692161,10.054891,0.271214,0.133920,-0.009271,2.716064,-2.075195,6.530762
25.109596,0.091609,-0.775388,10.075847,0.241875,0.050693,0.011685,2.166748,-1.647949,5.554199
25.119686,0.172441,-0.698747,10.050699,0.322706,0.127333,-0.013462,2.014160,-1.678467,5.767822
25.129776,0.110171,-0.661624,10.041718,0.260436,0.164456,-0.022444,1.922607,-1.342773,5.157471
25.139866,-0.039518,-0.551453,10.089020,0.110747,0.274627,0.024858,1.983643,-1.281738,5.096436
25.149956,-0.049098,-0.570613,10.069261,0.101167,0.255467,0.005099,1.586914,-1.068115,5.493164
25.160046,-0.094603,-0.563428,10.051897,0.055662,0.262652,-0.012265,0.122070,-0.518799,7.812500
25.170137,-0.051493,-0.724493,10.042317,0.098772,0.101587,-0.021845,-1.281738,0.274658,9.613037
25.180238,-0.011975,-0.810115,10.047107,0.138290,0.015965,-0.017055,-2.777100,1.159668,10.162354
25.190334,0.039518,-0.660427,10.071656,0.189783,0.165654,0.007494,-2.075195,0.854492,10.375977
25.200431,0.085622,-0.712518,10.081236,0.235887,0.113562,0.017074,-1.342773,0.610352,9.368896
25.210528,0.146096,-0.531694,10.089619,0.296361,0.294386,0.025457,0.549316,-0.244141,6.561279
25.220624,0.159868,-0.766406,10.068662,0.310133,0.059674,0.004500,1.037598,-0.518799,5.218506
25.230721,0.199984,-0.783770,10.086026,0.350249,0.042310,0.021864,1.708984,-0.915527,5.523682
25.240817,0.296982,-0.929866,10.035132,0.447247,-0.103786,-0.029030,1.708984,-1.220703,7.019043
25.250913,0.364642,-0.917292,10.035731,0.514907,-0.091212,-0.028431,2.166748,-1.678467,10.498047
25.261010,0.223336,-0.670605,10.065668,0.373601,0.155475,0.001507,2.441406,-2.166748,11.657715
25.271099,0.207169,-0.641865,10.068662,0.357434,0.184215,0.004500,2.593994,-2.288818,12.603760
25.281190,0.174836,-0.649050,10.087224,0.325101,0.177030,0.023062,2.197266,-1.953125,11.413574
25.291280,0.148491,-0.537083,10.088421,0.298756,0.288997,0.024259,2.502441,-2.166748,10.833740
25.301371,0.130529,-0.543669,10.071057,0.280794,0.282411,0.006895,1.464844,-1.342773,9.429932
25.311460,0.066462,-0.633483,10.059082,0.216727,0.192598,-0.005080,1.403809,-1.312256,9.124756
25.321552,0.076641,-0.640069,10.063273,0.226906,0.186011,-0.000888,1.647949,-1.373291,9.124756
25.331642,0.111368,-0.610131,10.039922,0.261633,0.215949,-0.024240,1.464844,-1.251221,8.789062
25.341732,0.056882,-0.646655,10.070458,0.207147,0.179425,0.006297,1.373291,-1.098633,8.209229
25.351822,0.074844,-0.627495,10.083631,0.225109,0.198585,0.019469,2.197266,-1.556396,6.408691
25.361913,0.084424,-0.658032,10.090816,0.234689,0.168049,0.026654,2.502441,-1.831055,6.072998
25.372007,0.161664,-0.699346,10.056088,0.311929,0.126735,-0.008073,1.464844,-1.373291,8.666992
25.382104,0.200583,-0.715512,10.041119,0.350848,0.110568,-0.023042,0.457764,-1.037598,10.101318
25.392201,0.146695,-0.544867,10.100396,0.296960,0.281213,0.036234,0.579834,-1.129150,11.718750
25.402298,0.152084,-0.642464,10.069261,0.302349,0.183616,0.005099,1.068115,-1.373291,11.169434
25.412395,0.113763,-0.670007,10.092612,0.264028,0.156074,0.028451,1.220703,-1.373291,9.826660
25.422491,0.141905,-0.465233,10.068662,0.292170,0.360848,0.004500,1.190186,-1.312256,8.514404
25.432589,0.098196,-0.464634,10.085427,0.248461,0.361447,0.021266,0.183105,-0.701904,7.446289
25.442683,0.066462,-0.532892,10.065070,0.216727,0.293189,0.000908,1.220703,-1.007080,5.615234
25.452781,0.102387,-0.487985,10.083032,0.252652,0.338095,0.018871,0.976562,-0.823975,5.035400
25.462879,0.111967,-0.452060,10.089619,0.262232,0.374020,0.025457,0.915527,-0.732422,3.997803
25.472968,0.111368,-0.495769,10.081236,0.261633,0.330311,0.017074,1.098633,-0.885010,3.509521
25.483058,0.114362,-0.606539,10.091415,0.264627,0.219542,0.027253,1.464844,-1.190186,2.685547
25.493145,0.155078,-0.444276,10.090816,0.305343,0.381804,0.026654,2.624512,-1.678467,-0.030518
25.503235,0.126337,-0.307760,10.097402,0.276602,0.518320,0.033241,2.624512,-1.617432,-0.823975
25.513320,0.110171,-0.366438,10.087822,0.260436,0.459642,0.023661,1.892090,-1.159668,-1.159668
25.523407,0.104183,-0.445474,10.086026,0.254448,0.380607,0.021864,1.770020,-1.037598,-1.434326
25.533497,0.121547,-0.487985,10.085427,0.271812,0.338095,0.021266,1.586914,-0.854492,-1.678467
25.543588,0.071252,-0.614921,10.083032,0.221517,0.211159,0.018871,1.647949,-0.885010,-0.610352
25.553673,0.073048,-0.535287,10.077045,0.223313,0.290794,0.012883,1.190186,-0.640869,1.342773
25.563761,0.226329,-0.323926,10.074051,0.376594,0.502154,0.009889,0.213623,-0.213623,2.502441
25.573852,0.193398,-0.425116,10.082433,0.343663,0.400964,0.018272,-0.366211,0.152588,1.892090
25.583950,0.155676,-0.534688,10.090217,0.305941,0.291392,0.026056,-0.793457,0.457764,1.037598
25.594041,0.149090,-0.541274,10.081236,0.299355,0.284806,0.017074,-0.305176,0.152588,0.701904
25.604136,0.120350,-0.532892,10.076446,0.270615,0.293189,0.012284,0.640869,-0.427246,0.122070
25.614229,0.122146,-0.583187,10.087224,0.272411,0.242893,0.023062,0.701904,-0.427246,-0.183105
25.624321,0.150287,-0.583786,10.075248,0.300552,0.242294,0.011087,1.098633,-0.610352,-0.915527
25.634412,0.122745,-0.686173,10.130334,0.273010,0.139907,0.066172,1.586914,-0.946045,-1.281738
25.644509,0.112566,-0.716111,10.132729,0.262831,0.109970,0.068567,2.746582,-1.770020,-1.708984
25.654601,0.167651,-0.595162,10.069860,0.317916,0.230918,0.005698,4.394531,-2.838135,-2.288818
25.664696,0.198188,-0.547861,10.045909,0.348453,0.278220,-0.018252,3.967285,-2.563477,-2.471924
25.674798,0.195793,-0.571212,10.059681,0.346058,0.254868,-0.004481,2.380371,-1.464844,-2.655029
25.684886,0.182021,-0.590971,10.080637,0.332287,0.235109,0.016475,2.105713,-1.281738,-2.746582
25.694973,0.185015,-0.596360,10.084828,0.335280,0.229721,0.020667,2.349854,-1.464844,-2.716064
25.705060,0.176034,-0.567021,10.080637,0.326299,0.259060,0.016475,2.593994,-1.617432,-2.532959
25.715146,0.224533,-0.522713,10.042916,0.374798,0.303367,-0.021246,2.441406,-1.525879,-2.227783
25.725236,0.250280,-0.543071,10.060280,0.400545,0.283010,-0.003882,1.617432,-0.915527,-1.495361
25.735325,0.238304,-0.549058,10.072255,0.388569,0.277022,0.008093,1.251221,-0.732422,-1.190186
25.745413,0.229323,-0.547262,10.073452,0.379588,0.278818,0.009290,0.793457,-0.427246,-0.701904
25.755502,0.223336,-0.546663,10.078841,0.373601,0.279417,0.014679,0.640869,-0.335693,-0.488281
25.765588,0.222737,-0.544867,10.080038,0.373002,0.281213,0.015877,0.427246,-0.183105,-0.244141
25.775693,0.220941,-0.550854,10.077045,0.371206,0.275226,0.012883,0.305176,-0.152588,-0.213623
25.785780,0.216749,-0.550256,10.087224,0.367014,0.275825,0.023062,0.244141,-0.122070,-0.122070
25.795871,0.216151,-0.548459,10.078242,0.366416,0.277621,0.014080,0.183105,-0.061035,0.030518
25.805979,0.211360,-0.549058,10.074650,0.361625,0.277022,0.010488,0.152588,-0.030518,0.061035
25.816069,0.205972,-0.544867,10.072853,0.356237,0.281213,0.008692,0.091553,0.030518,0.152588
25.826159,0.205972,-0.538879,10.072853,0.356237,0.287201,0.008692,0.061035,0.061035,0.244141
25.836249,0.208367,-0.547262,10.077643,0.358632,0.278818,0.013482,0.061035,0.030518,0.488281
25.846338,0.202379,-0.533491,10.085427,0.352644,0.292590,0.021266,0.061035,0.030518,0.671387
25.856449,0.195793,-0.533491,10.082433,0.346058,0.292590,0.018272,0.030518,0.000000,0.854492
25.866543,0.182021,-0.517324,10.077045,0.332287,0.308756,0.012883,0.000000,0.030518,1.342773
25.876634,0.176034,-0.514929,10.073452,0.326299,0.311151,0.009290,0.030518,0.000000,1.708984
25.886724,0.201780,-0.497565,10.089020,0.352045,0.328515,0.024858,0.061035,-0.061035,2.624512
25.896814,0.221539,-0.426912,10.081835,0.371804,0.399168,0.017673,0.091553,-0.152588,3.448486
25.906902,0.191602,-0.410147,10.094409,0.341867,0.415933,0.030247,0.030518,-0.305176,6.011963
25.916993,0.198787,-0.423320,10.081835,0.349052,0.402761,0.017673,0.061035,-0.396729,7.171631
25.927099,0.193997,-0.379012,10.087822,0.344262,0.447069,0.023661,0.000000,-0.457764,9.826660
25.937190,0.155078,-0.519120,10.080038,0.305343,0.306960,0.015877,0.122070,-0.671387,10.223389
25.947281,0.207768,-0.553250,10.089619,0.358033,0.272831,0.025457,0.122070,-0.671387,10.559082
25.957373,0.280217,-0.532892,10.076446,0.430482,0.293189,0.012284,0.213623,-0.701904,10.375977
25.967462,0.286804,-0.502355,10.079440,0.437069,0.323725,0.015278,0.183105,-0.671387,10.864258
25.977554,0.267643,-0.519120,10.095007,0.417908,0.306960,0.030846,0.122070,-0.701904,12.329102
25.987650,0.258063,-0.555046,10.085427,0.408328,0.271035,0.021266,0.183105,-0.793457,12.695312
25.997748,0.250280,-0.544268,10.073452,0.400545,0.281812,0.009290,0.122070,-0.640869,13.122559
26.007844,0.200583,-0.596360,10.087224,0.350848,0.229721,0.023062,0.000000,-0.610352,13.183594
26.017939,0.189805,-0.608934,10.072255,0.340070,0.217147,0.008093,0.061035,-0.640869,12.817383
26.028035,0.155676,-0.758024,10.065070,0.305941,0.068057,0.000908,-0.030518,-0.549316,10.681152
26.038128,0.162861,-0.755030,10.067465,0.313126,0.071050,0.003303,0.000000,-0.488281,8.819580
26.048226,0.183219,-0.695753,10.072853,0.333484,0.130327,0.008692,0.000000,-0.274658,5.645752
26.058344,0.187410,-0.668809,10.071656,0.337675,0.157271,0.007494,-0.030518,-0.213623,4.547119
26.068443,0.194595,-0.643661,10.071656,0.344860,0.182419,0.007494,-0.030518,-0.091553,2.929688
26.078532,0.198188,-0.607736,10.074650,0.348453,0.218344,0.010488,-0.091553,0.000000,2.410889
26.088624,0.200583,-0.597557,10.081835,0.350848,0.228523,0.017673,-0.091553,0.000000,1.983643
26.098716,0.207768,-0.556243,10.083631,0.358033,0.269837,0.019469,0.061035,-0.030518,1.678467
26.108805,0.211360,-0.529898,10.085427,0.361625,0.296182,0.021266,0.091553,-0.061035,1.861572
26.118896,0.194595,-0.553250,10.086026,0.344860,0.272831,0.021864,0.091553,-0.122070,2.685547
26.128986,0.191003,-0.583786,10.088421,0.341268,0.242294,0.024259,0.122070,-0.122070,2.807617
26.139076,0.192799,-0.601749,10.089619,0.343064,0.224332,0.025457,0.122070,-0.122070,2.410889
26.149165,0.195793,-0.616119,10.080038,0.346058,0.209962,0.015877,0.122070,-0.061035,2.075195
26.159255,0.195194,-0.607137,10.077045,0.345459,0.218943,0.012883,0.122070,-0.061035,1.708984
26.169345,0.203577,-0.592169,10.068063,0.353842,0.233912,0.003902,0.122070,-0.030518,1.159668
26.179439,0.203577,-0.584984,10.068662,0.353842,0.241097,0.004500,0.122070,0.000000,0.915527
26.189536,0.202978,-0.590372,10.077643,0.353243,0.235708,0.013482,0.122070,0.000000,0.610352
26.199633,0.206570,-0.585582,10.074650,0.356835,0.240498,0.010488,0.061035,0.000000,0.518799
26.209729,0.204175,-0.574805,10.069860,0.354440,0.251276,0.005698,0.061035,0.030518,0.366211
26.219826,0.207169,-0.573607,10.071656,0.357434,0.252473,0.007494,0.061035,0.030518,0.335693
26.229922,0.204175,-0.574805,10.072255,0.354440,0.251276,0.008093,0.030518,0.061035,0.244141
26.240019,0.205373,-0.578996,10.080038,0.355638,0.247084,0.015877,0.030518,0.061035,0.213623
26.250115,0.211959,-0.576002,10.083032,0.362224,0.250078,0.018871,0.030518,0.061035,0.183105
26.260212,0.216749,-0.577798,10.077643,0.367014,0.248282,0.013482,0.000000,0.061035,0.152588
26.270309,0.213755,-0.576002,10.072853,0.364021,0.250078,0.008692,0.000000,0.030518,0.122070
26.280401,0.205373,-0.573607,10.071057,0.355638,0.252473,0.006895,-0.030518,0.061035,0.061035
26.290491,0.208367,-0.572410,10.074650,0.358632,0.253671,0.010488,-0.030518,0.091553,0.061035
26.300581,0.201182,-0.573008,10.077045,0.351447,0.253072,0.012883,-0.030518,0.122070,0.091553
26.310672,0.208367,-0.561033,10.070458,0.358632,0.265047,0.006297,-0.030518,0.122070,0.091553
26.320763,0.205972,-0.567021,10.070458,0.356237,0.259060,0.006297,-0.030518,0.091553,0.122070
26.330853,0.207768,-0.556243,10.062076,0.358033,0.269837,-0.002086,-0.244141,0.244141,0.183105
26.340943,0.216749,-0.546663,10.059082,0.367014,0.279417,-0.005080,-0.579834,0.488281,0.244141
26.351034,0.229922,-0.525707,10.039922,0.380187,0.300374,-0.024240,-1.922607,1.495361,0.396729
26.361124,0.231718,-0.519120,10.036928,0.381983,0.306960,-0.027234,-2.807617,2.166748,0.488281
26.371214,0.227527,-0.516725,10.035132,0.377792,0.309355,-0.029030,-4.699707,3.570557,0.640869
26.381306,0.206570,-0.551453,10.048304,0.356835,0.274627,-0.015857,-5.462646,4.089355,0.701904
26.391426,0.190404,-0.574805,10.056687,0.340669,0.251276,-0.007475,-6.011963,4.486084,0.793457
26.401516,0.095202,-0.710123,10.127939,0.245467,0.115957,0.063777,-4.913330,3.662109,0.854492
26.411605,0.125140,-0.655637,10.107581,0.275405,0.170444,0.043419,-3.417969,2.593994,0.854492
26.421696,0.148491,-0.615520,10.086625,0.298756,0.210560,0.022463,-2.197266,1.678467,1.251221
26.431786,0.148491,-0.605341,10.090217,0.298756,0.220739,0.026056,-1.739502,1.281738,1.770020
26.441877,0.160466,-0.604742,10.079440,0.310731,0.221338,0.015278,-1.281738,0.885010,2.502441
26.451967,0.161664,-0.604742,10.078242,0.311929,0.221338,0.014080,-1.342773,0.885010,2.685547
26.462057,0.164658,-0.583187,10.078841,0.314923,0.242893,0.014679,-1.098633,0.671387,3.143311
26.472146,0.171843,-0.540676,10.072255,0.322108,0.285405,0.008093,-0.366211,0.061035,4.943848
26.482239,0.165855,-0.535287,10.083032,0.316120,0.290794,0.018871,-0.061035,-0.183105,6.164551
26.492336,0.132924,-0.587379,10.067465,0.283189,0.238702,0.003303,-0.091553,-0.335693,7.781982
26.502434,0.089813,-0.584984,10.083631,0.240078,0.241097,0.019469,0.183105,-0.549316,8.392334
26.512530,0.038320,-0.724493,10.079440,0.188585,0.101587,0.015278,0.915527,-1.068115,8.514404
26.522628,0.008383,-0.694556,10.084230,0.158648,0.131525,0.020068,1.251221,-1.312256,7.995605
26.532725,0.019759,-0.667013,10.093211,0.170024,0.159067,0.029049,2.075195,-1.953125,7.843018
26.542821,0.247286,-0.683179,10.041718,0.397551,0.142901,-0.022444,2.075195,-1.861572,7.141113
26.552918,0.277224,-0.660427,10.024953,0.427489,0.165654,-0.039209,1.464844,-1.373291,6.134033
26.563014,0.282612,-0.587977,10.002799,0.432877,0.238103,-0.061363,-1.007080,0.518799,4.486084
26.573112,0.261656,-0.589175,10.012978,0.411921,0.236906,-0.051184,-2.563477,1.739502,3.967285
26.583217,0.154479,-0.726290,10.077045,0.304744,0.099791,0.012883,-1.586914,1.098633,3.021240
26.593314,0.174836,-0.695154,10.068063,0.325101,0.130926,0.003902,-1.281738,0.885010,2.471924
26.603410,0.157473,-0.701741,10.071057,0.307738,0.124340,0.006895,-0.854492,0.610352,1.647949
26.613517,0.150886,-0.683179,10.060280,0.301151,0.142901,-0.003882,-0.640869,0.396729,1.312256
26.623611,0.150287,-0.682581,10.061477,0.300552,0.143500,-0.002685,-0.518799,0.335693,1.098633
26.633705,0.158071,-0.659229,10.066267,0.308336,0.166851,0.002105,-0.091553,0.061035,0.732422
26.643798,0.154479,-0.666414,10.072255,0.304744,0.159666,0.008093,-0.030518,0.061035,0.610352
26.653894,0.129331,-0.709525,10.098001,0.279596,0.116556,0.033839,0.579834,-0.335693,0.305176
26.663991,0.105980,-0.731678,10.109976,0.256245,0.094402,0.045814,1.464844,-1.007080,0.152588
26.674104,0.091011,-0.758622,10.122550,0.241276,0.067458,0.058388,4.577637,-3.265381,-0.061035
26.684209,0.095202,-0.752635,10.136321,0.245467,0.073446,0.072160,6.439209,-4.638672,-0.213623
26.694296,0.113763,-0.728685,10.125544,0.264028,0.097396,0.061382,8.148193,-5.889893,-0.335693
26.704383,0.255668,-0.524509,10.001003,0.405933,0.301571,-0.063159,5.615234,-4.058838,-0.213623
26.714471,0.216151,-0.556842,10.058483,0.366416,0.269238,-0.005678,4.852295,-3.448486,-0.183105
26.724561,0.246687,-0.531694,10.016570,0.396952,0.294386,-0.047591,3.082275,-2.197266,-0.213623
26.734664,0.214354,-0.556243,10.054891,0.364619,0.269837,-0.009271,2.380371,-1.647949,-0.213623
26.744751,0.213755,-0.558638,10.060280,0.364021,0.267442,-0.003882,1.464844,-1.007080,-0.152588
26.754838,0.219743,-0.563428,10.063273,0.370008,0.262652,-0.000888,1.159668,-0.793457,-0.122070
26.764927,0.212558,-0.561632,10.068063,0.362823,0.264448,0.003902,0.732422,-0.488281,-0.091553
26.775014,0.214953,-0.568817,10.061477,0.365218,0.257263,-0.002685,0.579834,-0.366211,-0.122070
26.785109,0.212558,-0.568817,10.074650,0.362823,0.257263,0.010488,0.396729,-0.305176,-0.091553
26.795202,0.207169,-0.568218,10.065668,0.357434,0.257862,0.001507,0.244141,-0.213623,-0.091553
26.805313,0.198787,-0.568218,10.068662,0.349052,0.257862,0.004500,0.213623,-0.152588,-0.061035
26.815439,0.196392,-0.567021,10.062076,0.346657,0.259060,-0.002086,0.183105,-0.061035,-0.091553
26.825535,0.203577,-0.564027,10.060878,0.353842,0.262053,-0.003283,0.152588,-0.030518,-0.091553
26.835629,0.206570,-0.567021,10.065668,0.356835,0.259060,0.001507,0.152588,0.000000,-0.061035
26.845724,0.211959,-0.570015,10.065070,0.362224,0.256066,0.000908,0.091553,0.000000,-0.091553
26.855853,0.214354,-0.570015,10.068063,0.364619,0.256066,0.003902,0.091553,0.030518,-0.030518
26.865965,0.208367,-0.574206,10.066267,0.358632,0.251874,0.002105,0.091553,0.030518,-0.061035
26.876063,0.209564,-0.573607,10.066866,0.359829,0.252473,0.002704,0.091553,0.030518,-0.061035
26.886152,0.202978,-0.579595,10.071656,0.353243,0.246486,0.007494,0.061035,0.030518,-0.030518
26.896240,0.201780,-0.574206,10.072255,0.352045,0.251874,0.008093,0.091553,0.030518,-0.030518
26.906327,0.204175,-0.577200,10.076446,0.354440,0.248881,0.012284,0.091553,0.030518,-0.030518
26.916415,0.205972,-0.572410,10.072255,0.356237,0.253671,0.008093,0.091553,0.030518,-0.030518
26.926520,0.207169,-0.574206,10.070458,0.357434,0.251874,0.006297,0.091553,0.030518,-0.061035
26.936610,0.214953,-0.568817,10.075248,0.365218,0.257263,0.011087,0.061035,0.030518,-0.061035
26.946699,0.217947,-0.573008,10.073452,0.368212,0.253072,0.009290,0.030518,0.061035,-0.030518
26.956789,0.207169,-0.577200,10.065070,0.357434,0.248881,0.000908,0.061035,0.030518,0.030518
26.966878,0.210163,-0.576002,10.061477,0.360428,0.250078,-0.002685,0.061035,0.030518,0.030518
26.976966,0.211360,-0.576002,10.060280,0.361625,0.250078,-0.003882,0.061035,0.061035,0.000000
26.987067,0.204774,-0.576601,10.065070,0.355039,0.249479,0.000908,0.061035,0.061035,0.030518
26.997157,0.195793,-0.575403,10.066866,0.346058,0.250677,0.002704,0.061035,0.061035,0.030518
27.007245,0.207768,-0.578996,10.060878,0.358033,0.247084,-0.003283,0.061035,0.091553,0.030518
27.017333,0.213157,-0.583786,10.061477,0.363422,0.242294,-0.002685,0.061035,0.061035,0.030518
27.027422,0.216749,-0.586181,10.066267,0.367014,0.239899,0.002105,0.030518,0.061035,0.030518
27.037509,0.214953,-0.583187,10.072853,0.365218,0.242893,0.008692,0.030518,0.030518,0.000000
27.047598,0.210762,-0.580792,10.067465,0.361027,0.245288,0.003303,0.000000,0.030518,0.000000
27.057687,0.202978,-0.578996,10.068063,0.353243,0.247084,0.003902,0.000000,0.061035,0.000000
27.067799,0.205373,-0.580792,10.063273,0.355638,0.245288,-0.000888,0.030518,0.061035,0.030518
27.077890,0.205972,-0.583786,10.065070,0.356237,0.242294,0.000908,0.000000,0.061035,0.000000
27.087979,0.210163,-0.585582,10.066866,0.360428,0.240498,0.002704,-0.030518,0.061035,0.000000
27.098067,0.213755,-0.578996,10.068063,0.364021,0.247084,0.003902,0.030518,0.061035,0.000000
27.108156,0.212558,-0.578397,10.066267,0.362823,0.247683,0.002105,0.030518,0.061035,0.000000
27.118257,0.215552,-0.572410,10.060280,0.365817,0.253671,-0.003882,0.000000,0.030518,0.000000
27.128575,0.212558,-0.573607,10.063273,0.362823,0.252473,-0.000888,0.000000,0.030518,-0.030518
27.138666,0.208367,-0.573008,10.069261,0.358632,0.253072,0.005099,0.000000,0.030518,0.000000
27.148758,0.208367,-0.565225,10.069261,0.358632,0.260856,0.005099,0.030518,0.030518,-0.030518
27.158847,0.205972,-0.567021,10.066866,0.356237,0.259060,0.002704,0.030518,0.000000,-0.030518
27.168934,0.203577,-0.571212,10.065070,0.353842,0.254868,0.000908,0.000000,0.030518,-0.030518
27.179024,0.204175,-0.571811,10.069860,0.354440,0.254269,0.005698,0.000000,0.030518,0.000000
27.189123,0.196990,-0.568218,10.076446,0.347255,0.257862,0.012284,0.000000,0.061035,0.000000
27.199220,0.205373,-0.568817,10.072853,0.355638,0.257263,0.008692,-0.030518,0.061035,0.000000
27.209317,0.205972,-0.570015,10.066267,0.356237,0.256066,0.002105,0.000000,0.061035,0.030518
27.219414,0.194595,-0.577798,10.065070,0.344860,0.248282,0.000908,0.000000,0.061035,0.030518
27.229511,0.198188,-0.580193,10.072255,0.348453,0.245887,0.008093,0.061035,0.061035,0.061035
27.239608,0.204774,-0.583786,10.071656,0.355039,0.242294,0.007494,0.061035,0.061035,0.061035
27.249711,0.202978,-0.585582,10.072853,0.353243,0.240498,0.008692,0.061035,0.061035,0.030518
27.259810,0.208965,-0.579595,10.062076,0.359230,0.246486,-0.002086,0.061035,0.091553,0.030518
27.269908,0.202978,-0.579595,10.060878,0.353243,0.246486,-0.003283,0.030518,0.061035,0.030518
27.280005,0.198787,-0.589774,10.064471,0.349052,0.236307,0.000309,0.061035,0.091553,0.030518
27.290093,0.202379,-0.587977,10.064471,0.352644,0.238103,0.000309,0.030518,0.091553,0.000000
27.300182,0.201780,-0.587379,10.063872,0.352045,0.238702,-0.000290,0.030518,0.091553,0.030518
27.310275,0.208367,-0.581990,10.059681,0.358632,0.244091,-0.004481,0.030518,0.091553,0.000000
27.320365,0.207169,-0.580193,10.059681,0.357434,0.245887,-0.004481,0.030518,0.091553,0.000000
27.330455,0.206570,-0.586780,10.072255,0.356835,0.239301,0.008093,0.030518,0.091553,-0.061035
27.340546,0.206570,-0.578996,10.074051,0.356835,0.247084,0.009889,0.061035,0.091553,-0.061035
27.350636,0.209564,-0.573008,10.080038,0.359829,0.253072,0.015877,0.061035,0.061035,-0.030518
27.360727,0.208367,-0.579595,10.071656,0.358632,0.246486,0.007494,0.091553,0.061035,-0.030518
27.370817,0.203577,-0.584385,10.064471,0.353842,0.241696,0.000309,0.091553,0.030518,-0.061035
27.380908,0.207169,-0.583786,10.070458,0.357434,0.242294,0.006297,0.061035,0.030518,-0.030518
27.391003,0.208965,-0.586181,10.069261,0.359230,0.239899,0.005099,0.061035,0.061035,-0.030518
27.401099,0.210163,-0.580792,10.068063,0.360428,0.245288,0.003902,0.061035,0.091553,0.030518
27.411196,0.210762,-0.578397,10.072255,0.361027,0.247683,0.008093,0.030518,0.061035,0.061035
27.421292,0.209564,-0.585582,10.066267,0.359829,0.240498,0.002105,0.061035,0.061035,0.030518
27.431421,0.211360,-0.586780,10.068662,0.361625,0.239301,0.004500,0.061035,0.091553,0.061035
27.441517,0.208965,-0.577200,10.068063,0.359230,0.248881,0.003902,0.061035,0.091553,0.030518
27.451632,0.206570,-0.579595,10.072255,0.356835,0.246486,0.008093,0.061035,0.122070,0.030518
27.461730,0.210762,-0.573008,10.067465,0.361027,0.253072,0.003303,0.061035,0.091553,0.030518
27.471825,0.210163,-0.571212,10.072853,0.360428,0.254868,0.008692,0.061035,0.061035,0.000000
27.481921,0.210762,-0.575403,10.076446,0.361027,0.250677,0.012284,0.091553,0.061035,0.000000
27.492014,0.212558,-0.573607,10.068063,0.362823,0.252473,0.003902,0.030518,0.061035,0.030518
27.502106,0.210762,-0.573008,10.069261,0.361027,0.253072,0.005099,0.030518,0.091553,0.030518
27.512197,0.210163,-0.573008,10.071656,0.360428,0.253072,0.007494,0.000000,0.030518,0.030518
27.522287,0.202379,-0.574206,10.068063,0.352644,0.251874,0.003902,0.000000,0.061035,0.030518
27.532377,0.199385,-0.581990,10.068063,0.349650,0.244091,0.003902,0.000000,0.061035,0.091553
27.542466,0.210163,-0.581990,10.062076,0.360428,0.244091,-0.002086,0.000000,0.061035,0.091553
27.552555,0.213755,-0.579595,10.066267,0.364021,0.246486,0.002105,-0.030518,0.061035,0.061035
27.562646,0.199385,-0.574206,10.060878,0.349650,0.251874,-0.003283,-0.030518,0.030518,0.122070
27.572736,0.200583,-0.572410,10.065668,0.350848,0.253671,0.001507,-0.030518,0.000000,0.152588
27.582826,0.199984,-0.561033,10.066866,0.350249,0.265047,0.002704,-0.030518,0.000000,0.244141
27.592917,0.201182,-0.558638,10.067465,0.351447,0.267442,0.003303,0.000000,0.061035,0.305176
27.603014,0.199984,-0.561033,10.071656,0.350249,0.265047,0.007494,0.000000,0.030518,0.396729
27.613110,0.198188,-0.572410,10.073452,0.348453,0.253671,0.009290,-0.030518,0.030518,0.457764
27.623207,0.204774,-0.571212,10.074650,0.355039,0.254868,0.010488,0.000000,0.030518,0.488281
27.633301,0.210762,-0.579595,10.078242,0.361027,0.246486,0.014080,-0.030518,0.030518,0.549316
27.643440,0.212558,-0.581990,10.083032,0.362823,0.244091,0.018871,-0.030518,0.030518,0.579834
27.653534,0.214953,-0.576002,10.071656,0.365218,0.250078,0.007494,-0.030518,0.061035,0.518799
27.663626,0.216749,-0.576002,10.065070,0.367014,0.250078,0.000908,0.000000,0.061035,0.457764
27.673719,0.211959,-0.580792,10.070458,0.362224,0.245288,0.006297,0.061035,0.061035,0.396729
27.683815,0.214354,-0.579595,10.081236,0.364619,0.246486,0.017074,0.030518,0.061035,0.366211
27.693907,0.212558,-0.579595,10.074051,0.362823,0.246486,0.009889,0.000000,0.061035,0.335693
27.703995,0.207768,-0.584984,10.072255,0.358033,0.241097,0.008093,0.030518,0.061035,0.274658
27.714083,0.206570,-0.583786,10.075847,0.356835,0.242294,0.011685,0.030518,0.061035,0.244141
27.724172,0.201182,-0.587379,10.074650,0.351447,0.238702,0.010488,0.030518,0.030518,0.152588
27.734257,0.201780,-0.587977,10.077045,0.352045,0.238103,0.012883,0.030518,0.061035,0.122070
27.744349,0.200583,-0.589175,10.074051,0.350848,0.236906,0.009889,0.030518,0.061035,0.091553
27.754434,0.197589,-0.586780,10.067465,0.347854,0.239301,0.003303,0.061035,0.061035,0.122070
27.764522,0.201780,-0.580792,10.064471,0.352045,0.245288,0.000309,0.030518,0.061035,0.091553
27.774610,0.210762,-0.578996,10.069860,0.361027,0.247084,0.005698,0.030518,0.030518,0.030518
27.784698,0.212558,-0.577798,10.076446,0.362823,0.248282,0.012284,0.091553,0.030518,0.030518
27.794789,0.211959,-0.568218,10.069261,0.362224,0.257862,0.005099,0.030518,0.030518,0.030518
27.804885,0.210762,-0.568218,10.071656,0.361027,0.257862,0.007494,0.030518,0.000000,0.030518
27.814975,0.208965,-0.567620,10.065668,0.359230,0.258461,0.001507,0.091553,0.030518,0.000000
27.825067,0.214354,-0.569416,10.075248,0.364619,0.256665,0.011087,0.091553,0.030518,0.000000
27.835160,0.209564,-0.568218,10.079440,0.359829,0.257862,0.015278,0.122070,0.030518,0.000000
27.845251,0.216749,-0.568218,10.081835,0.367014,0.257862,0.017673,0.091553,0.030518,0.000000
27.855350,0.218546,-0.571212,10.081835,0.368811,0.254868,0.017673,0.061035,0.030518,-0.030518
27.865445,0.207169,-0.585582,10.090816,0.357434,0.240498,0.026654,0.030518,0.030518,-0.030518
27.875538,0.219743,-0.652044,10.071656,0.370008,0.174036,0.007494,0.091553,-0.030518,-0.183105
27.885631,0.292791,-1.241219,10.013577,0.443056,-0.415138,-0.050585,-0.152588,0.427246,-5.340576
27.895723,0.236508,-1.316662,10.047706,0.386773,-0.490582,-0.016456,-0.366211,0.946045,-11.413574
27.905808,0.080233,-1.128653,10.059681,0.230498,-0.302573,-0.004481,-0.427246,1.617432,-20.660400
27.915895,0.098795,-0.512534,9.965676,0.249060,0.313546,-0.098485,-1.617432,2.502441,-22.094727
27.925986,0.217348,-0.251477,9.984836,0.367613,0.574603,-0.079325,-3.448486,3.906250,-21.484375
27.936077,0.273032,-0.036524,10.124346,0.423297,0.789556,0.060185,-8.331299,7.232666,-16.662598
27.946164,0.140707,-0.366438,10.178234,0.290972,0.459642,0.114073,-8.392334,6.744385,-13.214111
27.956254,0.165855,-0.525707,10.095007,0.316120,0.300374,0.030846,-3.265381,3.173828,-8.758545
27.966341,0.153880,-0.653840,10.108180,0.304145,0.172240,0.044018,-3.021240,2.838135,-8.361816
27.976429,0.142504,-0.767005,10.108779,0.292769,0.059075,0.044617,-1.098633,1.464844,-8.880615
27.986520,0.183219,-0.597557,10.079440,0.333484,0.228523,0.015278,-0.732422,1.220703,-9.307861
27.996614,0.231718,-0.467029,10.084828,0.381983,0.359052,0.020667,-0.854492,1.251221,-8.575439
28.006709,0.200583,-0.413141,10.071656,0.350848,0.412940,0.007494,-2.258301,1.861572,-5.889893
28.016806,0.160466,-0.504152,10.069860,0.310731,0.321929,0.005698,-3.051758,2.227783,-5.126953
28.026900,0.152682,-0.499960,10.067465,0.302948,0.326120,0.003303,-3.387451,2.441406,-3.967285
28.036995,0.135917,-0.514929,10.078242,0.286182,0.311151,0.014080,-4.089355,2.838135,-3.295898
28.047091,0.102986,-0.616718,10.082433,0.253251,0.209363,0.018272,-3.143311,2.197266,-1.892090
28.057189,0.116158,-0.681383,10.081835,0.266423,0.144697,0.017673,-2.014160,1.403809,-1.373291
28.067283,0.128732,-0.634081,10.076446,0.278997,0.191999,0.012284,-0.701904,0.488281,-0.885010
28.077380,0.198188,-0.529299,10.081835,0.348453,0.296781,0.017673,0.488281,-0.427246,1.403809
28.087477,0.178429,-0.585582,10.076446,0.328694,0.240498,0.012284,0.793457,-0.640869,2.593994
28.097566,0.170046,-0.589774,10.087224,0.320311,0.236307,0.023062,1.373291,-1.068115,3.692627
28.107656,0.152682,-0.601749,10.080038,0.302948,0.224332,0.015877,1.770020,-1.281738,4.394531
28.117746,0.138312,-0.633483,10.075847,0.288577,0.192598,0.011685,2.716064,-1.708984,4.821777
28.127834,0.109572,-0.572410,10.081236,0.259837,0.253671,0.017074,2.929688,-1.739502,4.608154
28.137924,0.066462,-0.542472,10.089020,0.216727,0.283608,0.024858,2.716064,-1.586914,3.967285
28.148012,0.007185,-0.495769,10.093810,0.157450,0.330311,0.029648,2.746582,-1.525879,1.373291
28.158100,0.056283,-0.484393,10.095606,0.206548,0.341688,0.031444,2.655029,-1.495361,-0.518799
28.168190,0.082029,-0.499362,10.093211,0.232294,0.326719,0.029049,2.197266,-1.098633,-3.906250
28.178282,0.090412,-0.431702,10.085427,0.240677,0.394378,0.021266,2.166748,-1.129150,-4.913330
28.188372,0.066462,-0.032333,10.166259,0.216727,0.793748,0.102097,1.159668,-0.366211,-6.164551
28.198464,0.278421,-0.063468,10.085427,0.428686,0.762612,0.021266,0.915527,-0.244141,-5.767822
28.208562,0.346679,-0.287402,10.124945,0.496944,0.538678,0.060783,0.366211,0.366211,-7.263184
28.218659,0.234113,-0.350272,10.104587,0.384378,0.475809,0.040426,0.610352,0.183105,-7.812500
28.228755,0.158071,-0.367635,10.106384,0.308336,0.458445,0.042222,0.457764,0.335693,-7.873535
28.238892,0.131127,-0.459844,10.115964,0.281392,0.366237,0.051802,-0.152588,0.610352,-8.331299
28.249234,0.158670,-0.428708,10.109377,0.308935,0.397372,0.045216,0.122070,0.518799,-7.690430
28.259364,0.324525,-0.454455,10.118958,0.474790,0.371625,0.054796,-0.152588,0.396729,-4.241943
28.269483,0.435894,-0.478405,10.066267,0.586159,0.347675,0.002105,0.183105,0.091553,-2.380371
28.279578,0.343685,-0.523911,10.125544,0.493950,0.302170,0.061382,-0.396729,0.061035,2.685547
28.289668,0.207768,-0.452659,10.030342,0.358033,0.373422,-0.033820,-0.946045,0.244141,5.737305
28.299752,-0.008981,-0.466430,10.131531,0.141284,0.359650,0.067370,-1.525879,0.457764,9.124756
28.309834,-0.124541,-0.286205,10.074051,0.025724,0.539876,0.009889,-1.342773,-0.122070,13.580322
28.319916,-0.129930,-0.267045,10.145303,0.020335,0.559036,0.081141,-2.258301,0.061035,15.319824
28.329997,0.129331,-0.215552,10.113569,0.279596,0.610529,0.049407,-2.319336,0.732422,14.862061
28.340079,0.257465,-0.218546,10.111772,0.407730,0.607535,0.047611,-2.807617,0.915527,14.831543
28.350160,0.307161,-0.262255,10.070458,0.457426,0.563826,0.006297,-2.685547,1.098633,13.092041
28.360243,0.302371,-0.217947,10.108779,0.452636,0.608134,0.044617,-2.929688,1.342773,12.329102
28.370340,0.143701,-0.295785,10.103390,0.293966,0.530295,0.039228,-3.417969,1.556396,11.230469
28.380423,-0.045505,-0.241897,10.006990,0.104760,0.584183,-0.057171,-3.234863,1.861572,7.904053
28.390504,-0.118553,-0.193997,10.103989,0.031712,0.632084,0.039827,-2.807617,1.556396,6.958008
28.400597,-0.099393,-0.204175,10.121951,0.050872,0.621905,0.057790,-3.356934,1.983643,6.103516
28.410695,-0.055085,-0.268242,10.088421,0.095180,0.557838,0.024259,-3.234863,2.227783,5.737305
28.420791,0.133522,-0.601749,10.084828,0.283787,0.224332,0.020667,-2.471924,1.800537,6.378174
28.430885,0.036524,-0.393382,10.116563,0.186789,0.432698,0.052401,-2.105713,1.586914,6.439209
28.440979,-0.006586,-0.243693,10.100396,0.143679,0.582387,0.036234,-2.532959,1.556396,9.094238
28.451219,0.138312,-0.110171,10.124945,0.288577,0.715910,0.060783,-1.373291,1.831055,9.246826
28.461317,0.229323,-0.096400,10.161469,0.379588,0.729681,0.097307,-2.532959,1.861572,9.552002
28.471414,0.034728,-0.225731,10.245894,0.184993,0.600350,0.181732,-3.173828,2.014160,8.544922
28.481511,0.179626,-0.151485,10.078841,0.329891,0.674595,0.014679,-1.586914,1.190186,7.049561
28.491608,-0.001796,-0.025148,10.214160,0.148469,0.800933,0.149998,-0.366211,0.885010,5.310059
28.501703,0.055085,-0.067061,10.095606,0.205350,0.759020,0.031444,0.274658,0.732422,4.089355
28.511789,0.200583,0.002994,10.117161,0.350848,0.829074,0.053000,-0.061035,1.220703,2.593994
28.521876,0.111967,-0.182021,10.057885,0.262232,0.644059,-0.006277,-0.823975,1.464844,1.983643
28.531964,0.144300,-0.210762,10.063273,0.294565,0.615319,-0.000888,-1.159668,1.434326,1.373291
28.542052,0.208367,-0.395178,10.102192,0.358632,0.430902,0.038031,-0.610352,1.037598,0.061035
28.552141,0.234113,-0.265847,10.049502,0.384378,0.560233,-0.014660,-0.732422,0.701904,0.030518
28.562232,-0.082029,-0.198787,10.111174,0.068236,0.627294,0.047012,-1.892090,1.098633,0.701904
28.572320,-0.047900,-0.223934,10.071057,0.102365,0.602146,0.006895,-1.983643,1.007080,1.159668
28.582410,0.075443,-0.123344,10.078242,0.225708,0.702737,0.014080,-2.014160,1.495361,0.823975
28.592500,0.161065,-0.033530,10.090816,0.311330,0.792550,0.026654,-2.105713,1.831055,-0.244141
28.602593,0.176633,-0.215552,10.089619,0.326898,0.610529,0.025457,-2.319336,2.777100,-2.227783
28.612690,0.130529,-0.547262,10.081835,0.280794,0.278818,0.017673,-0.976562,2.624512,-1.556396
28.622787,0.128134,-0.692759,10.009385,0.278399,0.133321,-0.054776,0.671387,2.319336,0.854492
28.632885,0.031734,-0.449665,9.983639,0.181999,0.376415,-0.080523,2.532959,1.647949,7.812500
28.642979,-0.025746,-0.314945,10.015972,0.124519,0.511135,-0.048190,2.319336,1.403809,9.796143
28.653075,0.261057,-0.480201,9.948312,0.411322,0.345879,-0.115849,3.387451,0.885010,9.185791
28.663169,0.146695,-0.566422,10.099797,0.296960,0.259658,0.035636,3.173828,0.640869,8.453369
28.673263,0.270637,-0.595761,9.981843,0.420902,0.230319,-0.082319,2.288818,-0.274658,10.681152
28.683358,0.206570,-0.452060,10.038126,0.356835,0.374020,-0.026036,2.685547,-0.396729,12.145996
28.693450,0.352068,-0.201780,9.980046,0.502333,0.624300,-0.084115,1.251221,-0.335693,10.925293
28.703540,0.039518,-0.348475,10.075847,0.189783,0.477605,0.011685,-1.892090,0.061035,8.911133
28.713628,0.016765,-0.436492,10.203382,0.167030,0.389588,0.139220,-1.373291,0.061035,7.659912
28.723714,0.276026,-0.517923,10.156080,0.426291,0.308157,0.091919,-2.197266,-0.244141,5.340576
28.733801,0.481998,-0.207169,9.922566,0.632263,0.618911,-0.141596,-2.471924,-0.488281,4.669189
28.743890,0.463436,-0.511337,10.067465,0.613701,0.314744,0.003303,-1.098633,-0.518799,2.166748
28.753976,-0.164658,-0.138312,10.186018,-0.014393,0.687768,0.121856,4.272461,0.488281,1.434326
28.764079,0.125140,-0.355062,9.979448,0.275405,0.471019,-0.084714,1.922607,0.244141,0.518799
28.774165,0.107177,-0.598156,10.128538,0.257442,0.227924,0.064376,-0.488281,-0.488281,0.000000
28.784253,0.216151,-0.610131,10.019564,0.366416,0.215949,-0.044598,-1.464844,-0.854492,0.213623
28.794338,0.030536,-0.650248,10.042317,0.180802,0.175833,-0.021845,-0.061035,-0.640869,-0.579834
28.804434,0.022753,-0.602347,10.002200,0.173018,0.223733,-0.061961,0.061035,-0.732422,0.274658
28.814525,0.135917,-0.588576,10.065668,0.286182,0.237504,0.001507,0.030518,-0.976562,1.251221
28.824615,0.078437,-0.772394,10.104587,0.228702,0.053687,0.040426,0.762939,-0.823975,1.495361
28.834708,-0.104183,-0.699944,10.130933,0.046082,0.126136,0.066771,-0.061035,-1.037598,1.892090
28.844804,-0.254471,-0.340692,10.113569,-0.104206,0.485389,0.049407,0.732422,-0.549316,3.784180
28.854901,-0.155676,-0.255668,10.280023,-0.005411,0.570412,0.215861,0.640869,-0.701904,4.150391
28.864997,-0.059875,-0.145497,10.153087,0.090390,0.680583,0.088925,-0.305176,-0.244141,1.556396
28.875088,-0.045505,-0.327519,10.175240,0.104760,0.498561,0.111079,-1.892090,-0.305176,0.183105
28.885179,0.120948,-0.136516,10.072853,0.271214,0.689564,0.008692,-1.770020,-0.366211,0.701904
28.895273,0.126936,-0.129930,9.906400,0.277201,0.696151,-0.157762,-2.807617,0.152588,0.091553
28.905362,-0.051493,-0.401765,10.175240,0.098772,0.424316,0.111079,-4.119873,-0.091553,-0.885010
28.915450,-0.205373,-0.644260,10.160272,-0.055108,0.181820,0.096110,-3.997803,0.823975,-0.152588
28.925540,-0.315544,-0.696951,10.285411,-0.165279,0.129130,0.221250,-3.631592,0.671387,0.030518
28.935626,-0.046104,-0.362845,10.045311,0.104161,0.463235,-0.018851,-2.624512,0.152588,1.007080
28.945712,0.061073,-0.475411,10.132729,0.211338,0.350669,0.068567,-3.173828,0.061035,1.251221
28.955800,0.021555,-0.517324,10.157877,0.171820,0.308756,0.093715,-1.312256,0.061035,0.488281
28.965888,0.146695,-0.441282,10.088421,0.296960,0.384798,0.024259,-0.732422,0.091553,0.610352
28.975974,0.129930,-0.526904,10.093211,0.280195,0.299176,0.029049,-0.701904,0.640869,1.129150
28.986061,0.021555,-0.464035,10.114167,0.171820,0.362045,0.050006,0.244141,0.640869,2.166748
28.996149,0.098196,-0.511337,10.018367,0.248461,0.314744,-0.045795,0.640869,0.305176,2.380371
29.006241,0.211360,-0.222737,10.060878,0.361625,0.603344,-0.003283,0.091553,0.061035,3.479004
29.016338,0.203577,-0.277224,10.018367,0.353842,0.548857,-0.045795,-0.305176,-0.030518,3.021240
29.026429,0.522114,-0.338895,10.060878,0.672379,0.487185,-0.003283,0.885010,-0.061035,1.495361
29.036523,0.299377,-0.372426,10.033336,0.449642,0.453655,-0.030826,2.441406,-0.518799,0.213623
29.046622,0.295186,-0.238304,10.071057,0.445451,0.587776,0.006895,1.281738,-2.319336,-1.708984
29.056718,0.322729,-0.710722,10.088421,0.472994,0.115358,0.024259,0.762939,-1.770020,-1.922607
29.066808,0.066462,-0.843047,10.102791,0.216727,-0.016966,0.038629,-0.122070,-1.678467,-0.274658
29.076904,-0.259860,-0.918490,10.162667,-0.109595,-0.092410,0.098505,-0.915527,-0.366211,8.972168
29.086997,-0.211360,-0.632884,10.018965,-0.061095,0.193196,-0.045196,-0.396729,-0.671387,13.427734
29.097092,-0.040715,-0.535287,10.365645,0.109550,0.290794,0.301483,-0.854492,-0.762939,19.073486
29.107181,0.108375,-0.444875,10.246492,0.258640,0.381206,0.182331,-0.152588,-0.396729,19.470215
29.117269,0.195194,-0.056882,10.085427,0.345459,0.769199,0.021266,0.305176,-0.427246,16.845703
29.127354,0.319136,0.261656,10.062675,0.469401,1.087736,-0.001487,-0.244141,-0.488281,14.984131
29.137444,0.505349,0.220941,10.210567,0.655614,1.047021,0.146405,-0.579834,0.244141,11.657715
29.147532,0.513133,0.032932,10.194401,0.663398,0.859012,0.130239,-1.647949,0.671387,4.241943
29.157620,0.577798,-0.146096,10.256072,0.728063,0.679984,0.191911,-1.983643,1.281738,3.082275
29.167709,0.076042,-0.086221,10.071656,0.226307,0.739860,0.007494,-1.983643,0.488281,-4.028320
29.177796,0.053888,-0.336500,10.069860,0.204153,0.489580,0.005698,-2.044678,-0.030518,-2.899170
29.187882,0.228126,-0.362845,10.001003,0.378391,0.463235,-0.063159,-0.427246,-1.525879,2.380371
29.197972,0.274828,-0.308958,9.916578,0.425094,0.517123,-0.147583,1.251221,-1.129150,4.730225
29.208066,0.326321,-0.181423,9.929751,0.476586,0.644658,-0.134411,0.091553,-1.403809,7.843018
29.218160,0.384401,-0.349673,10.214758,0.534666,0.476408,0.150597,-2.136230,-0.976562,13.031006
29.228263,0.198787,-0.350870,10.239906,0.349052,0.475210,0.175744,-0.640869,-0.885010,12.512207
29.238361,-0.116757,-0.025746,10.114766,0.033508,0.800334,0.050605,1.098633,-1.129150,11.871338
29.248457,-0.216749,0.115560,10.384805,-0.066484,0.941640,0.320643,-0.183105,-0.793457,12.329102
29.258554,0.204774,0.000599,10.086625,0.355039,0.826679,0.022463,-1.678467,-1.617432,9.124756
29.268651,0.170046,0.235909,9.948312,0.320311,1.061990,-0.115849,1.190186,-1.281738,6.652832
29.278746,0.245490,0.047900,10.321337,0.395755,0.873981,0.257175,-1.373291,1.190186,-0.457764
29.288842,-0.084424,-0.678389,10.313553,0.065841,0.147691,0.249391,-1.281738,1.220703,-1.953125
29.298938,-0.086221,-0.665217,9.944720,0.064044,0.160864,-0.119442,-0.061035,1.159668,-1.586914
29.309028,-0.411345,-0.590971,10.134525,-0.261080,0.235109,0.070363,1.281738,1.190186,2.349854
29.319116,-0.369432,-0.502954,10.015373,-0.219167,0.323126,-0.048789,-1.708984,1.617432,4.913330
29.329207,0.129331,-1.119073,9.869875,0.279596,-0.292992,-0.194286,-0.335693,2.593994,6.958008
29.339298,-0.188009,-1.195115,9.864487,-0.037744,-0.369034,-0.199675,2.716064,1.098633,5.035400
29.349388,-0.424517,-1.269959,9.996812,-0.274252,-0.443879,-0.067350,0.488281,-0.549316,9.246826
29.359478,-0.559237,-1.519640,9.986034,-0.408972,-0.693559,-0.078128,-0.976562,-1.586914,12.756348
29.369569,-0.519120,-1.408870,10.147099,-0.368855,-0.582790,0.082937,0.122070,-2.258301,14.984131
29.379654,-0.365839,-1.067580,10.147698,-0.215574,-0.241500,0.083536,0.457764,-2.838135,18.554688
29.389738,-0.297581,-1.078358,10.105186,-0.147316,-0.252277,0.041024,-0.549316,-3.143311,18.249512
29.399829,0.110770,-0.376617,10.158475,0.261035,0.449464,0.094314,1.342773,-2.502441,17.181396
29.409919,0.404160,-0.249082,10.111174,0.554425,0.576998,0.047012,1.708984,-1.525879,13.824463
29.420009,0.373024,-0.123344,10.038126,0.523289,0.702737,-0.026036,2.746582,-0.885010,6.866455
29.430099,0.441881,0.092208,10.087822,0.592146,0.918289,0.023661,-0.976562,-1.495361,3.234863
29.440189,0.640069,-0.217947,10.290201,0.790334,0.608134,0.226040,-3.417969,-0.946045,-0.732422
29.450280,0.296384,-0.676593,9.930350,0.446649,0.149487,-0.133812,0.915527,-0.213623,-11.352539
29.460370,0.183818,-1.007106,9.866882,0.334083,-0.181025,-0.197280,0.427246,0.305176,-10.681152
29.470460,-0.011975,-1.375340,10.000404,0.138290,-0.549260,-0.063758,2.014160,0.274658,-8.361816
29.480551,0.209564,-1.699266,10.123149,0.359829,-0.873186,0.058987,0.762939,0.305176,-7.110596
29.490642,0.355660,-1.766327,10.093211,0.505925,-0.940246,0.029049,1.800537,0.885010,-0.335693
29.500731,0.062869,-1.553170,9.957294,0.213134,-0.727090,-0.106868,0.671387,0.610352,1.892090
29.510823,-0.046703,-1.655557,9.849518,0.103562,-0.829477,-0.214644,0.518799,0.183105,6.042480
29.520921,-0.089813,-1.681304,9.948911,0.060452,-0.855223,-0.115251,2.532959,-0.061035,11.444092
29.531018,0.043709,-1.571133,9.845327,0.193974,-0.745052,-0.218835,2.258301,-0.823975,14.465332
29.541115,-0.050295,-1.623224,10.080038,0.099970,-0.797144,0.015877,-2.929688,-0.579834,18.554688
29.551212,-0.090412,-1.566343,9.997410,0.059853,-0.740262,-0.066751,-0.915527,-0.396729,18.585205
29.561307,-0.044308,-1.503474,10.138716,0.105957,-0.677393,0.074555,-0.701904,-0.823975,14.739990
29.571428,-0.049697,-0.819695,10.012978,0.100568,0.006385,-0.051184,-1.403809,-0.640869,12.756348
29.581525,0.132924,-1.146616,10.206376,0.283189,-0.320535,0.142214,-1.190186,-0.579834,0.915527
29.591621,0.004191,-1.549578,10.066866,0.154456,-0.723497,0.002704,-0.701904,0.244141,-1.312256
29.601717,-0.207768,-1.348396,10.131531,-0.057503,-0.522316,0.067370,-0.335693,0.518799,1.007080
29.611808,-0.046703,-0.954415,9.951306,0.103562,-0.128335,-0.112856,0.274658,0.274658,5.096436
29.621898,0.217947,-0.841849,9.956096,0.368212,-0.015769,-0.108066,0.030518,0.244141,5.767822
29.631986,0.520917,-0.612526,10.026151,0.671182,0.213554,-0.038011,-1.068115,0.793457,1.434326
29.642072,0.431702,-0.680186,9.980645,0.581967,0.145895,-0.083517,-0.976562,1.464844,-0.976562
29.652161,0.283211,-0.836461,10.278825,0.433476,-0.010380,0.214663,-0.518799,1.647949,-3.845215
29.662250,0.264051,-0.782573,10.114766,0.414316,0.043508,0.050605,0.091553,1.586914,-4.516602
29.672340,0.211360,-0.702339,9.984238,0.361625,0.123741,-0.079924,0.305176,1.739502,-4.913330
29.682429,0.237706,-0.663420,9.983040,0.387971,0.162660,-0.081122,-1.342773,1.281738,-6.958008
29.692519,-0.034129,-1.227448,10.118359,0.116136,-0.401367,0.054197,-0.976562,0.701904,-6.958008
29.702609,-0.262255,-0.889750,10.065668,-0.111990,-0.063669,0.001507,0.976562,-0.488281,-5.493164
29.712700,-0.049697,-0.840053,9.929152,0.100568,-0.013973,-0.135009,0.732422,-0.305176,-3.997803
29.722789,-0.058678,-1.008303,10.048903,0.091587,-0.182223,-0.015259,-1.037598,-1.037598,-1.800537
29.732878,-0.050894,-1.008303,10.036928,0.099371,-0.182223,-0.027234,-0.366211,-0.152588,-0.823975
29.742965,0.030536,-1.214275,10.008188,0.180802,-0.388194,-0.055974,-0.396729,0.061035,-0.549316
29.753053,-0.307760,-1.456771,10.098001,-0.157495,-0.630690,0.033839,1.342773,-0.335693,2.136230
29.763179,-0.113165,-1.523831,9.920770,0.037100,-0.697751,-0.143392,1.525879,-0.305176,3.326416
29.773264,-0.245490,-1.386118,10.066866,-0.095224,-0.560037,0.002704,0.854492,-0.518799,7.873535
29.783353,-0.220941,-1.305286,10.091415,-0.070676,-0.479205,0.027253,0.701904,-0.885010,9.063721
29.793439,-0.222138,-1.275947,9.908196,-0.071873,-0.449866,-0.155966,1.159668,-1.098633,7.049561
29.803526,-0.174238,-1.077160,10.009385,-0.023973,-0.251080,-0.054776,1.098633,-1.068115,6.408691
29.813618,-0.347877,-1.029858,10.098001,-0.197612,-0.203778,0.033839,1.373291,-0.732422,4.791260
29.823710,-0.088017,-1.310076,10.147099,0.062248,-0.483995,0.082937,-0.061035,-0.030518,4.791260
29.833801,-0.079036,-1.136437,10.147698,0.071229,-0.310356,0.083536,-0.366211,0.000000,6.530762
29.843893,-0.033530,-0.819097,10.194999,0.116735,0.006984,0.130838,-0.854492,0.091553,5.249023
29.854095,0.020956,-0.687969,10.011780,0.171221,0.138111,-0.052381,1.037598,0.061035,3.295898
29.864206,0.052092,-0.734672,10.053693,0.202357,0.091408,-0.010468,0.762939,0.946045,-0.518799
29.874305,0.129930,-0.639470,10.091415,0.280195,0.186610,0.027253,0.274658,1.068115,-0.701904
29.884399,0.137115,-0.657433,10.074650,0.287380,0.168648,0.010488,-0.335693,0.946045,-0.244141
29.894510,0.382604,-0.127535,10.144105,0.532869,0.698546,0.079944,-0.122070,1.007080,-0.915527
29.904621,0.439486,-0.225731,10.139914,0.589751,0.600350,0.075752,-0.579834,1.068115,-2.655029
29.914712,0.197589,-0.234113,10.128538,0.347854,0.591967,0.064376,-1.251221,0.854492,-7.415771
29.924817,0.319735,-0.209564,10.178833,0.470000,0.616516,0.114671,-0.549316,0.732422,-9.796143
29.934918,0.280816,-0.292192,10.070458,0.431081,0.533888,0.006297,-1.892090,1.373291,-17.303467
29.945009,0.244292,-0.552651,10.253677,0.394557,0.273430,0.189516,-1.708984,1.647949,-19.561768
29.955111,0.135319,-0.735271,10.127340,0.285584,0.090809,0.063178,-0.640869,1.464844,-19.805908
29.965213,0.055684,-1.061592,10.038724,0.205949,-0.235512,-0.025437,0.610352,1.068115,-16.479492
29.975300,0.120948,-0.905916,9.905801,0.271214,-0.079836,-0.158361,1.342773,0.915527,-12.084961
29.985404,0.136516,-1.229244,10.242900,0.286781,-0.403163,0.178738,-0.701904,0.183105,-4.821777
29.995505,0.334105,-1.187331,10.129136,0.484370,-0.361251,0.064975,0.000000,-0.183105,-1.892090
30.005595,0.494572,-1.430425,10.164463,0.644837,-0.604345,0.100301,-0.823975,-0.030518,1.647949
30.015697,0.217348,-1.392105,10.197993,0.367613,-0.566025,0.133831,0.793457,0.366211,0.549316
30.025798,0.031135,-1.216670,10.006990,0.181400,-0.390590,-0.057171,-0.183105,0.579834,-0.305176
30.035886,-0.232916,-1.251996,10.009984,-0.082651,-0.425916,-0.054178,-0.274658,0.640869,0.030518
30.045992,-0.164658,-1.141826,10.038724,-0.014393,-0.315745,-0.025437,0.152588,0.732422,-0.396729
30.056097,0.174238,-1.092129,10.136321,0.324503,-0.266048,0.072160,-2.960205,-0.061035,-0.701904
30.066188,0.053888,-0.527503,9.877659,0.204153,0.298577,-0.186502,-2.014160,-0.183105,-1.678467
30.076292,0.213157,-0.846639,10.102791,0.363422,-0.020559,0.038629,-2.136230,-0.244141,-1.312256
30.086394,-0.155078,-0.648452,10.092014,-0.004812,0.177629,0.027852,-0.701904,0.061035,0.152588
30.096485,-0.085622,-0.536484,10.109377,0.064643,0.289596,0.045216,-0.823975,-0.640869,4.516602
30.106589,0.243094,-0.219144,10.337503,0.393360,0.606936,0.273341,-0.732422,-0.793457,5.126953
30.116693,0.449665,0.173040,10.012978,0.599930,0.999121,-0.051184,-0.976562,-0.885010,2.349854
30.126781,0.288001,0.524509,9.868079,0.438266,1.350590,-0.196082,-0.061035,-0.579834,-2.227783
30.136883,0.003593,0.313748,9.872271,0.153858,1.139828,-0.191891,2.746582,0.823975,-7.385254
30.146985,0.177830,-0.032333,10.027947,0.328095,0.793748,-0.036215,0.152588,0.793457,-17.974854
30.157075,0.311951,-0.167651,10.178833,0.462216,0.658429,0.114671,-0.579834,0.671387,-22.216797
30.167178,0.047302,-0.601749,10.046508,0.197567,0.224332,-0.017654,1.190186,1.525879,-22.369385
30.177281,-0.028141,-0.520917,9.984238,0.122124,0.305164,-0.079924,1.098633,0.976562,-22.705078
30.187371,0.376018,-0.861010,9.915381,0.526283,-0.034929,-0.148781,2.624512,1.129150,-15.686035
30.197474,0.011975,-0.721500,9.944720,0.162240,0.104581,-0.119442,2.014160,1.068115,-10.589600
30.207578,0.296384,-0.539478,9.769285,0.446649,0.286602,-0.294877,2.166748,0.671387,-5.371094
30.217668,0.508942,-0.918490,9.912387,0.659207,-0.092410,-0.151775,4.760742,0.061035,-1.464844
30.227771,0.208367,-0.571212,9.777667,0.358632,0.254868,-0.286494,6.408691,0.488281,-1.220703
30.237875,0.191003,-0.945434,10.302775,0.341268,-0.119354,0.238614,0.000000,0.244141,-5.218506
30.247965,0.310754,-1.069975,10.174642,0.461019,-0.243895,0.110480,3.845215,1.495361,-6.652832
30.258058,0.326321,-1.074765,9.822574,0.476586,-0.248685,-0.241588,2.777100,1.312256,-1.220703
30.268162,-0.277224,-1.377136,9.947714,-0.126958,-0.551056,-0.116448,2.624512,0.762939,0.518799
30.278252,-0.137714,-0.923280,9.888437,0.012551,-0.097200,-0.175725,2.899170,1.068115,2.136230
30.288343,0.199385,-0.646057,10.033934,0.349650,0.180024,-0.030227,-1.770020,0.854492,5.493164
30.298437,0.449066,-0.692161,10.283615,0.599331,0.133920,0.219453,-3.967285,1.068115,5.279541
30.308528,0.205972,-0.692161,10.131531,0.356237,0.133920,0.067370,-3.295898,1.190186,3.936768
30.318619,-0.158670,-0.655038,10.485994,-0.008405,0.171043,0.421833,-2.685547,0.823975,4.913330
30.328713,-0.450264,-0.951422,10.153087,-0.299999,-0.125341,0.088925,0.396729,-1.129150,7.904053
30.338804,0.161664,0.005988,9.700428,0.311929,0.832068,-0.363734,-1.159668,-1.068115,12.664795
30.348895,0.319136,-0.146096,10.097402,0.469401,0.679984,0.033241,-3.417969,-0.610352,13.610840
30.359000,0.296384,-0.019759,10.078841,0.446649,0.806321,0.014679,-2.044678,0.335693,7.873535
30.369094,0.141306,-0.152682,10.285411,0.291571,0.673398,0.221250,-1.892090,0.091553,4.852295
30.379184,0.421523,-0.079634,10.105186,0.571788,0.746446,0.041024,0.061035,-1.586914,-1.281738
30.389276,0.604144,-0.256267,10.129136,0.754409,0.569813,0.064975,1.800537,-1.373291,-2.990723
30.399366,0.604742,-0.445474,9.917776,0.755007,0.380607,-0.146386,4.882812,-1.403809,-7.446289
30.409456,-0.217947,-0.577798,10.077643,-0.067682,0.248282,0.013482,5.889893,-0.061035,-10.589600
30.419547,0.359253,-0.517324,9.915381,0.509518,0.308756,-0.148781,6.683350,0.335693,-6.958008
30.429638,0.018561,-1.285527,9.786649,0.168826,-0.459446,-0.277513,3.143311,-2.075195,-9.368896
30.439728,0.083826,-0.850831,9.836345,0.234091,-0.024750,-0.227817,4.272461,-0.701904,-4.394531
30.449817,0.350870,-1.074166,10.069261,0.501135,-0.248086,0.005099,-0.122070,-0.793457,0.885010
30.459908,0.079634,-0.892145,10.186018,0.229899,-0.066064,0.121856,0.091553,-0.213623,1.983643
30.469999,0.201182,-1.053210,10.194999,0.351447,-0.227129,0.130838,-4.089355,2.593994,3.936768
30.480090,0.650248,-1.149609,10.220147,0.800513,-0.323529,0.155985,-5.737305,3.051758,4.333496
30.490180,0.362247,-1.463357,10.254875,0.512512,-0.637277,0.190713,-5.523682,1.983643,1.434326
30.500271,0.010778,-1.042432,9.965676,0.161043,-0.216352,-0.098485,-1.586914,1.739502,1.464844
30.510362,0.257465,-1.213676,9.778865,0.407730,-0.387596,-0.285297,-0.579834,1.342773,1.342773
30.520453,-0.053289,-1.489103,10.032138,0.096976,-0.663023,-0.032024,-2.685547,-0.518799,-0.122070
30.530543,-0.389789,-1.390309,10.093810,-0.239524,-0.564228,0.029648,-1.892090,-0.640869,-0.274658
30.540633,0.172441,-1.257385,9.915980,0.322706,-0.431305,-0.148182,-0.061035,0.335693,-1.068115
30.550724,-0.153880,-1.498085,10.037527,-0.003615,-0.672004,-0.026635,2.288818,0.793457,-4.211426
30.560811,-0.657433,-0.656834,9.965676,-0.507168,0.169246,-0.098485,-0.030518,-0.030518,-7.873535
30.570901,0.018561,-0.934058,9.967473,0.168826,-0.107977,-0.096689,-0.701904,-0.274658,-11.077881
30.580993,-0.161664,-0.937650,10.068063,-0.011399,-0.111570,0.003902,-0.183105,-0.122070,-12.329102
30.591083,-0.471220,-1.099913,10.041718,-0.320955,-0.273832,-0.022444,2.532959,-0.366211,-9.674072
30.601173,-0.426912,-0.525108,10.121951,-0.276647,0.300972,0.057790,5.615234,0.274658,-7.690430
30.611264,-0.267045,-0.079036,9.947115,-0.116780,0.747045,-0.117047,1.831055,1.007080,-4.852295
30.621355,0.010179,-0.264051,10.126143,0.160444,0.562030,0.061981,-0.976562,1.464844,-5.004883
30.631446,0.314346,-0.288001,10.293195,0.464611,0.538079,0.229033,-0.885010,1.647949,-10.864258
30.641538,0.047900,-0.750240,10.203981,0.198165,0.075841,0.139819,-0.640869,1.770020,-13.610840
30.651628,0.044907,-0.592767,10.056687,0.195172,0.233313,-0.007475,0.701904,1.129150,-13.397217
30.661719,0.302970,-0.907712,9.994417,0.453235,-0.081632,-0.069745,0.366211,0.396729,-11.444092
30.671809,0.182620,-1.080753,10.107581,0.332885,-0.254672,0.043419,-0.610352,-0.213623,-9.124756
30.681901,0.038320,-0.790955,10.005793,0.188585,0.035125,-0.058369,-0.457764,-1.342773,-4.943848
30.691991,0.296982,-1.266965,10.053094,0.447247,-0.440885,-0.011067,0.152588,-0.671387,-3.265381
30.702082,-0.117356,-0.396376,10.056687,0.032909,0.429705,-0.007475,-2.380371,0.671387,0.518799
30.712172,0.019160,-0.574206,10.014175,0.169425,0.251874,-0.049986,-2.716064,1.434326,0.274658
30.722262,0.112566,-0.855022,10.325528,0.262831,-0.028942,0.261366,-2.441406,2.075195,-2.868652
30.732353,0.153880,-0.625100,10.041119,0.304145,0.200980,-0.023042,-1.434326,2.105713,-2.624512
30.742443,-0.220941,-0.749042,10.176438,-0.070676,0.077038,0.112276,0.701904,1.861572,-3.143311
30.752534,-0.175435,-0.468825,10.093810,-0.025170,0.357255,0.029648,1.586914,1.434326,-6.896973
30.762624,-0.205972,-0.615520,10.084230,-0.055707,0.210560,0.020068,-0.030518,1.129150,-5.889893
30.772713,0.100591,-0.555645,9.866283,0.250856,0.270436,-0.197879,-1.098633,0.793457,-6.439209
30.782804,-0.005988,-0.623304,9.887838,0.144277,0.202777,-0.176324,-0.366211,0.793457,-6.225586
30.792895,-0.116757,-0.471220,9.993818,0.033508,0.354860,-0.070344,0.152588,0.000000,-8.758545
30.803105,-0.043709,-0.668210,10.126143,0.106556,0.157870,0.061981,0.061035,0.030518,-10.131836
30.813196,-0.094603,-0.418530,9.944720,0.055662,0.407551,-0.119442,-2.136230,-0.061035,-11.596680
30.823288,-0.223336,-1.153801,10.289004,-0.073071,-0.327720,0.224842,-2.380371,-0.396729,-9.368896
30.833462,-0.528701,-1.177152,10.039922,-0.378436,-0.351072,-0.024240,1.403809,-0.488281,-8.514404
30.843739,-0.425715,-0.753234,10.172247,-0.275450,0.072847,0.108085,1.495361,-0.274658,-0.701904
30.853826,-0.292192,-0.647853,10.329120,-0.141927,0.178228,0.264959,0.762939,-0.183105,1.281738
30.863931,-0.213157,-0.386197,10.180629,-0.062892,0.439884,0.116468,0.091553,-0.244141,-1.586914
30.874033,-0.012574,-0.461041,10.258467,0.137691,0.365039,0.194306,1.342773,-0.549316,-6.042480
30.884124,0.078437,-0.220941,9.947714,0.228702,0.605140,-0.116448,1.678467,1.312256,-9.094238
30.894226,-0.076042,-0.550854,10.069261,0.074223,0.275226,0.005099,1.190186,1.770020,-9.948730
30.904329,-0.028740,-0.411345,10.177635,0.121525,0.414736,0.113474,0.518799,1.831055,-10.223389
30.914417,0.250878,-0.854423,9.934541,0.401143,-0.028343,-0.129621,-0.823975,1.861572,-7.568359
30.924520,-0.168250,-0.755030,9.941127,-0.017985,0.071050,-0.123034,-0.427246,1.068115,-4.974365
30.934623,-0.327519,-0.374222,10.031539,-0.177254,0.451859,-0.032622,1.678467,1.129150,0.701904
30.944715,-0.440085,-0.283810,10.167457,-0.289820,0.542271,0.103295,2.105713,0.152588,-1.373291
30.954818,-0.153880,-0.235909,10.049502,-0.003615,0.590171,-0.014660,0.640869,-1.251221,-2.136230
30.964919,-0.170046,-0.043110,10.212962,-0.019781,0.782970,0.148800,1.342773,-0.457764,-2.593994
30.975007,-0.272433,-0.232916,10.278226,-0.122168,0.593165,0.214065,0.671387,0.366211,-3.936768
30.985111,0.001198,-0.139510,10.195598,0.151463,0.686571,0.131436,-1.525879,1.983643,-6.683350
30.995212,-0.031135,-0.123942,10.139315,0.119130,0.702138,0.075153,-0.030518,1.983643,-5.432129
31.005302,0.295186,0.364642,9.929751,0.445451,1.190722,-0.134411,0.427246,2.777100,-8.148193
31.015429,0.598156,0.076042,10.112371,0.748421,0.902122,0.048209,-0.640869,2.349854,-11.260986
31.025532,0.464634,0.086221,10.159673,0.614899,0.912301,0.095511,-0.396729,2.136230,-19.958496
31.035620,-0.008981,-0.226928,10.171049,0.141284,0.599152,0.106887,1.312256,3.051758,-23.010254
31.045726,0.768203,-0.591570,9.836345,0.918468,0.234511,-0.227817,3.417969,3.265381,-26.794434
31.055829,0.443079,-0.733475,10.155482,0.593344,0.092606,0.091320,-0.640869,1.007080,-26.702881
31.065916,0.419727,-1.111888,10.025552,0.569992,-0.285807,-0.038610,-1.434326,0.976562,-22.918701
31.076020,0.302970,-1.303489,9.949510,0.453235,-0.477409,-0.114652,1.708984,2.014160,-17.517090
31.086121,0.208965,-0.847837,10.062076,0.359230,-0.021757,-0.002086,-0.305176,1.556396,-19.775391
31.096211,0.618514,-0.800535,9.959689,0.768779,0.025545,-0.104473,-1.556396,1.159668,-18.798828
31.106314,0.735870,-1.548979,9.926757,0.886135,-0.722898,-0.137405,-2.471924,0.579834,-17.791748
31.116418,0.796943,-1.959126,10.174642,0.947208,-1.133046,0.110480,-0.518799,0.274658,-7.263184
31.126509,-0.200583,-1.275348,10.081236,-0.050318,-0.449267,0.017074,1.647949,0.671387,-2.197266
31.136611,0.092208,-1.195714,9.902807,0.242473,-0.369633,-0.161355,0.274658,0.579834,1.922607
31.146711,-0.227527,-1.368754,10.020762,-0.077262,-0.542673,-0.043400,0.366211,-0.030518,2.075195
31.156802,0.105381,-1.322051,10.139914,0.255646,-0.495970,0.075752,1.037598,-0.091553,1.159668
31.166906,-0.067659,-0.747246,10.105186,0.082606,0.078834,0.041024,2.441406,0.274658,-0.579834
31.177008,0.058678,-0.667612,10.041119,0.208943,0.158469,-0.023042,0.396729,0.518799,0.427246
31.187099,0.154479,-0.931064,10.059681,0.304744,-0.104983,-0.004481,-2.258301,1.098633,-5.584717
31.197201,0.327519,-0.386197,10.053693,0.477784,0.439884,-0.010468,-0.457764,1.373291,-6.347656
31.207302,0.184417,-0.352667,10.160870,0.334682,0.473414,0.096709,0.000000,1.617432,-10.314941
31.217393,-0.091609,-0.667013,10.039922,0.058656,0.159067,-0.024240,-0.671387,1.434326,-16.296387
31.227496,0.111368,-0.916694,10.042916,0.261633,-0.090613,-0.021246,-0.671387,1.220703,-14.160156
31.237600,0.215552,-0.741857,10.020163,0.365817,0.084223,-0.043999,-1.556396,0.183105,-8.575439
31.247690,-0.034129,-0.578996,9.892628,0.116136,0.247084,-0.171534,-0.885010,-0.274658,-6.408691
31.257793,-0.201780,-0.085622,9.811796,-0.051515,0.740458,-0.252365,-0.366211,-1.464844,-10.498047
31.267895,0.437091,-0.373623,9.931547,0.587356,0.452457,-0.132614,-0.793457,-0.640869,-13.183594
31.277985,0.451461,-0.606539,10.126143,0.601726,0.219542,0.061981,-2.288818,0.610352,-13.702393
31.288089,0.213755,-0.754431,9.992021,0.364021,0.071649,-0.072140,-0.762939,0.396729,-11.322021
31.298192,0.037123,-0.657433,10.063273,0.187388,0.168648,-0.000888,0.000000,0.640869,-8.422852
31.308282,0.292192,-0.816103,10.095606,0.442457,0.009978,0.031444,0.274658,0.305176,-4.699707
31.318372,0.371827,-0.865201,10.111772,0.522092,-0.039120,0.047611,0.946045,-0.793457,-3.601074
31.328465,0.158670,-0.893941,9.953102,0.308935,-0.067861,-0.111059,4.119873,-0.549316,1.190186
31.338556,-0.047302,-0.395178,10.014774,0.102963,0.430902,-0.049388,1.739502,-0.396729,1.037598
31.348646,-0.359852,-0.222737,10.189611,-0.209587,0.603344,0.125449,0.396729,-0.244141,1.037598
31.358736,-0.048499,-0.031734,10.064471,0.101766,0.794346,0.000309,2.563477,0.091553,-5.096436
31.368826,0.005988,0.203577,10.027348,0.156253,1.029657,-0.036814,2.593994,0.579834,-5.554199
31.378918,-0.018561,-0.022154,10.238110,0.131704,0.803926,0.173948,0.915527,1.068115,-9.796143
31.389008,0.055684,0.030536,10.166858,0.205949,0.856617,0.102696,2.044678,0.976562,-11.138916
31.399099,-0.032932,0.104782,10.030941,0.117334,0.930863,-0.033221,1.831055,1.403809,-9.979248
31.409189,0.132924,-0.023351,10.390792,0.283189,0.802729,0.326631,0.854492,0.366211,-9.307861
31.419280,0.458646,0.239502,10.044712,0.608911,1.065582,-0.019450,-2.990723,0.793457,-9.002686
31.429370,0.353265,-0.283810,10.065668,0.503530,0.542271,0.001507,-2.258301,1.464844,-10.894775
31.439459,0.265248,-0.038919,9.983639,0.415513,0.787161,-0.080523,-0.488281,1.434326,-10.131836
31.449562,0.462838,-0.689766,10.121353,0.613103,0.136315,0.057191,-4.730225,1.861572,-13.458252
31.459654,0.033530,-0.602946,10.061477,0.183795,0.223134,-0.002685,-2.868652,1.861572,-13.671875
31.469745,-0.207768,-1.013692,10.042916,-0.057503,-0.187612,-0.021246,-2.319336,1.525879,-8.148193
31.479836,-0.251477,-0.885558,10.029743,-0.101212,-0.059478,-0.034419,-1.525879,0.762939,-7.385254
31.489927,-0.404758,-1.002316,10.306967,-0.254493,-0.176235,0.242805,2.563477,0.213623,-2.319336
31.500018,-0.083826,-0.847238,10.108180,0.066439,-0.021158,0.044018,0.762939,0.671387,-1.129150
31.510108,-0.462239,-0.947230,10.480007,-0.311974,-0.121150,0.415845,-0.762939,1.342773,1.617432
31.520199,-0.552052,-0.677192,9.878857,-0.401787,0.148889,-0.185305,0.915527,0.213623,5.798340
31.530289,-0.319735,-1.105302,9.906998,-0.169470,-0.279221,-0.157163,2.075195,-0.457764,9.185791
31.540380,-0.240699,-0.858615,10.267449,-0.090434,-0.032534,0.203287,1.007080,0.030518,10.772705
31.550470,-0.424517,-1.040636,10.411749,-0.274252,-0.214556,0.347587,0.457764,0.122070,12.664795
31.560560,-0.256866,-0.817899,10.126143,-0.106601,0.008181,0.061981,2.777100,0.122070,9.490967
31.570651,-0.249082,-0.308359,9.963281,-0.098817,0.517722,-0.100880,2.746582,0.091553,5.859375
31.580740,-0.360450,-0.182620,9.939331,-0.210185,0.643460,-0.124831,4.150391,0.885010,3.295898
31.590831,0.246687,-0.520318,9.834549,0.396952,0.305762,-0.229613,2.655029,0.091553,-3.814697
31.600922,-0.052092,-0.416733,10.071656,0.098173,0.409347,0.007494,1.831055,-0.061035,-6.439209
31.611012,0.090412,-0.707130,10.283016,0.240677,0.118951,0.218855,-0.091553,-0.122070,-12.176514
31.621102,0.337099,-0.939446,10.150692,0.487364,-0.113366,0.086530,-2.716064,-1.220703,-14.221191
31.631191,0.369432,-0.561632,9.870474,0.519697,0.264448,-0.193687,-2.349854,-1.831055,-10.467529
31.641281,-0.150287,-0.840652,10.114167,-0.000022,-0.014571,0.050006,-1.190186,-0.457764,-9.094238
31.651371,0.196392,-0.824485,9.884246,0.346657,0.001595,-0.179916,-1.983643,0.549316,-7.354736
31.661461,0.455652,-1.102308,10.172247,0.605917,-0.276227,0.108085,-1.007080,0.610352,-3.692627
31.671552,0.594564,-1.022673,10.125544,0.744829,-0.196593,0.061382,0.701904,0.610352,-2.929688
31.681640,0.113763,-0.702938,10.083631,0.264028,0.123142,0.019469,-0.244141,0.427246,-4.394531
31.691729,-0.060474,-0.968187,10.075847,0.089791,-0.142106,0.011685,-0.244141,0.305176,-3.662109
31.701819,-0.007784,-0.758024,10.017768,0.142481,0.068057,-0.046394,0.518799,0.762939,-6.744385
31.711910,0.083227,-1.223855,10.118359,0.233492,-0.397775,0.054197,-1.373291,0.701904,-6.896973
31.722000,0.013771,-1.201701,10.088421,0.164036,-0.375621,0.024259,0.518799,0.274658,-7.080078
31.732090,-0.119152,-0.904120,10.041718,0.031113,-0.078039,-0.022444,-2.716064,-0.061035,-8.026123
31.742180,-0.031734,-1.023871,10.168654,0.118531,-0.197790,0.104492,-1.708984,0.335693,-9.613037
31.752270,-0.033530,-1.245410,10.202184,0.116735,-0.419330,0.138023,-1.647949,1.098633,-11.260986
31.762360,-0.173040,-1.011896,9.929152,-0.022775,-0.185815,-0.135009,-0.640869,0.946045,-10.864258
31.772450,-0.320334,-1.061592,10.003398,-0.170069,-0.235512,-0.060764,-0.640869,0.732422,-5.798340
31.782537,-0.426912,-1.174158,9.801019,-0.276647,-0.348078,-0.263143,0.122070,0.793457,-4.760742
31.792627,-0.036524,-1.141227,9.967473,0.113741,-0.315146,-0.096689,-0.976562,-0.091553,-3.326416
31.802720,-0.451461,-0.902922,10.071057,-0.301196,-0.076842,0.006895,0.244141,0.640869,-2.075195
31.812812,-0.312550,-1.170566,10.084828,-0.162285,-0.344485,0.020667,0.671387,1.129150,-1.861572
31.823082,-0.141306,-1.202899,10.299183,0.008959,-0.376818,0.235021,-0.946045,0.701904,-0.549316
31.833173,-0.022154,-0.890947,10.068662,0.128111,-0.064867,0.004500,0.885010,0.518799,-2.380371
31.843261,0.004191,-0.703537,9.999207,0.154456,0.122543,-0.064955,1.281738,1.220703,-3.784180
31.853362,0.150287,-0.399968,9.805210,0.300552,0.426112,-0.258952,0.885010,1.678467,-5.584717
31.863702,-0.080832,-0.734672,10.090816,0.069433,0.091408,0.026654,-0.793457,1.495361,-6.378174
31.873790,-0.237706,-1.012495,10.066866,-0.087441,-0.186414,0.002704,-0.976562,0.885010,-5.645752
31.883893,-0.216151,-1.053809,10.032138,-0.065885,-0.227728,-0.032024,0.122070,0.671387,-2.929688
31.893995,-0.415536,-0.652044,10.153685,-0.265271,0.174036,0.089524,0.946045,1.159668,1.342773
31.904085,-0.167053,-0.786764,10.194999,-0.016788,0.039316,0.130838,1.617432,0.183105,1.007080
31.914186,0.270038,-0.379611,10.044712,0.420303,0.446470,-0.019450,3.845215,0.305176,-2.197266
31.924287,0.037123,-0.142504,10.105186,0.187388,0.683577,0.041024,4.333496,0.396729,-1.525879
31.934375,0.167651,-0.584984,10.339898,0.317916,0.241097,0.275736,-6.561279,1.312256,-6.744385
31.944479,0.241298,-0.316143,10.023755,0.391563,0.509938,-0.040406,-2.258301,0.701904,-6.866455
31.954580,0.255668,-0.692161,10.308164,0.405933,0.133920,0.244002,1.647949,0.793457,-10.070801
31.964667,0.354463,-0.156275,10.105186,0.504728,0.669805,0.041024,0.366211,1.312256,-10.650635
31.974768,0.406555,-0.461041,10.437495,0.556820,0.365039,0.373333,0.061035,0.976562,-11.688232
31.984869,0.435894,-0.103585,10.074650,0.586159,0.722496,0.010488,-1.434326,0.823975,-14.465332
31.994957,0.363444,-0.365240,10.016570,0.513709,0.460840,-0.047591,0.122070,0.915527,-14.648438
32.005061,-0.139510,-0.487386,10.080038,0.010755,0.338694,0.015877,0.396729,0.885010,-16.632080
32.015161,-0.102387,-0.614921,9.969868,0.047878,0.211159,-0.094294,0.213623,0.823975,-13.916016
32.025251,-0.015568,-0.818498,9.984836,0.134697,0.007582,-0.079325,0.579834,1.190186,-9.368896
32.035352,-0.050894,-0.935854,10.039922,0.099371,-0.109773,-0.024240,1.495361,1.098633,-6.744385
32.045455,-0.148491,-1.681304,10.363250,0.001774,-0.855223,0.299088,1.007080,0.030518,-3.814697
32.055543,-0.493973,-0.953817,9.978250,-0.343708,-0.127736,-0.085912,2.807617,0.000000,4.180908
32.065648,-0.389789,-0.635878,9.504635,-0.239524,0.190203,-0.559527,0.549316,0.549316,8.880615
32.075793,-0.016765,-1.423240,10.353071,0.133500,-0.597160,0.288909,-6.591797,0.427246,13.610840
32.087565,-0.161065,-1.107697,10.339898,-0.010800,-0.281616,0.275736,-4.608154,-0.152588,11.749268
32.097670,-0.267643,-1.010099,10.129136,-0.117378,-0.184019,0.064975,-2.655029,-0.091553,9.002686
32.107767,-0.256267,-0.867596,9.956096,-0.106002,-0.041515,-0.108066,-0.579834,-0.152588,7.324219
32.117869,-0.232916,-0.616718,10.220746,-0.082651,0.209363,0.156584,-1.312256,0.183105,3.112793
32.127967,0.043709,-1.012495,10.120754,0.193974,-0.186414,0.056592,-1.373291,0.030518,-0.396729
32.138050,-0.200583,-0.716111,10.029144,-0.050318,0.109970,-0.035017,1.983643,0.518799,-5.004883
32.148183,-0.199385,-0.788560,9.984238,-0.049120,0.037520,-0.079924,1.098633,0.335693,-6.774902
32.158265,-0.530497,-0.591570,9.788445,-0.380232,0.234511,-0.275717,0.213623,1.342773,-4.913330
32.168332,-0.481399,-0.890349,10.190808,-0.331134,-0.064268,0.126646,0.335693,2.166748,-0.762939
32.178398,-0.382604,-0.311353,9.892029,-0.232339,0.514728,-0.172132,0.885010,1.586914,0.061035
32.188465,-0.004191,-0.756227,10.109377,0.146074,0.069853,0.045216,-1.678467,1.464844,1.251221
32.198531,0.091609,-0.728086,10.427915,0.241875,0.097994,0.363753,-0.732422,0.305176,-0.274658
32.208597,0.156874,-0.006586,10.155482,0.307139,0.819494,0.091320,2.380371,-0.488281,-5.889893
32.218663,0.456850,-0.126337,10.246492,0.607115,0.699743,0.182331,3.326416,-0.091553,-8.514404
32.228745,0.305964,-0.082029,10.093810,0.456229,0.744051,0.029648,3.356934,0.274658,-7.476807
32.238811,0.165855,-0.916694,9.891431,0.316120,-0.090613,-0.172731,-2.227783,1.037598,-1.922607
32.248878,-0.001796,-0.637674,10.093211,0.148469,0.188406,0.029049,-0.427246,0.823975,1.068115
32.258943,0.042512,-0.692759,10.215357,0.192777,0.133321,0.151195,1.159668,-0.122070,9.399414
32.269009,-0.140109,-0.668809,10.106384,0.010156,0.157271,0.042222,1.525879,-0.213623,9.979248
32.279075,-0.082029,-0.566422,10.035731,0.068236,0.259658,-0.028431,2.532959,-0.274658,8.300781
32.289142,0.502355,-0.866398,9.929152,0.652620,-0.040318,-0.135009,2.990723,-0.152588,7.110596
32.299212,0.211959,-1.019081,10.153087,0.362224,-0.193000,0.088925,1.922607,-0.030518,5.737305
32.309305,0.047900,-1.312471,10.033336,0.198165,-0.486390,-0.030826,0.366211,0.122070,2.655029
32.319373,-0.299377,-1.012495,9.909992,-0.149112,-0.186414,-0.154170,0.793457,2.990723,3.143311
32.329439,-0.068258,-1.490900,10.412347,0.082007,-0.664819,0.348186,-2.441406,0.854492,-0.152588
32.339503,-0.129930,-1.477128,10.163864,0.020335,-0.651048,0.099702,-2.197266,1.159668,-1.403809
32.349570,-0.165256,-1.235830,10.041718,-0.014991,-0.409750,-0.022444,-3.234863,0.213623,-1.770020
32.359636,-0.187410,-1.436413,9.943522,-0.037145,-0.610333,-0.120639,-2.868652,-0.549316,-1.861572
32.369702,-0.111967,-1.124462,9.987231,0.038298,-0.298381,-0.076930,-1.617432,-0.793457,-4.058838
32.379863,-0.005389,-1.120869,9.942325,0.144876,-0.294789,-0.121837,-0.244141,-0.793457,-4.241943
32.389933,0.208965,-1.025068,9.806407,0.359230,-0.198988,-0.257754,-0.366211,-0.823975,-2.868652
32.400001,0.362845,-1.179547,10.065668,0.513110,-0.353467,0.001507,0.335693,-0.701904,-2.990723
32.410067,0.362247,-1.186732,10.051897,0.512512,-0.360652,-0.012265,0.183105,-0.885010,-2.807617
32.420132,0.419727,-1.026266,10.064471,0.569992,-0.200185,0.000309,0.518799,-0.549316,-3.356934
32.430197,0.253872,-0.561033,10.030941,0.404137,0.265047,-0.033221,0.305176,-0.091553,-3.936768
32.440263,0.401166,-0.564626,10.066866,0.551431,0.261455,0.002704,0.457764,0.122070,-5.065918
32.450328,0.522114,-0.749042,10.214758,0.672379,0.077038,0.150597,-0.701904,0.946045,-7.232666
32.460396,0.484393,-0.768801,10.171049,0.634658,0.057279,0.106887,0.946045,0.366211,-8.239746
32.470462,0.172441,-0.685574,10.049502,0.322706,0.140506,-0.014660,4.119873,-0.793457,-14.801025
32.480528,-0.073647,-0.637075,10.047706,0.076618,0.189005,-0.016456,3.784180,-0.793457,-16.998291
32.490594,-0.305365,-0.853226,10.087822,-0.155100,-0.027145,0.023661,1.464844,-0.366211,-18.371582
32.500659,-0.587379,-1.162183,9.896221,-0.437114,-0.336103,-0.167941,-3.784180,0.457764,-17.028809
32.510724,-0.444875,-1.472338,10.037527,-0.294610,-0.646258,-0.026635,-4.302979,-0.244141,-13.488770
32.520940,-0.451461,-1.295107,10.126143,-0.301196,-0.469026,0.061981,-3.662109,-0.122070,-7.507324
32.531007,-0.248483,-1.142424,10.103989,-0.098218,-0.316344,0.039827,-1.953125,-0.244141,-4.852295
32.541073,0.176034,-0.835263,10.043514,0.326299,-0.009183,-0.020647,-0.549316,0.183105,-2.838135
32.551140,0.193398,-0.847238,10.187814,0.343663,-0.021158,0.123653,-0.183105,0.640869,-2.929688
32.561206,0.289797,-0.835862,10.112371,0.440062,-0.009781,0.048209,0.122070,0.946045,-6.011963
32.571272,0.397573,-0.726290,10.140513,0.547838,0.099791,0.076351,-0.030518,1.525879,-7.446289
32.581338,0.423918,-0.871787,10.219548,0.574183,-0.045707,0.155387,1.098633,1.586914,-10.589600
32.591404,0.534089,-1.092728,10.138118,0.684354,-0.266647,0.073956,2.197266,1.708984,-16.113281
32.601469,0.505948,-1.154399,10.038126,0.656213,-0.328319,-0.026036,2.777100,1.403809,-18.096924
32.611535,0.344883,-1.553170,10.003997,0.495148,-0.727090,-0.060165,3.570557,1.434326,-20.141602
32.621601,0.392783,-1.898652,10.072853,0.543048,-1.072571,0.008692,1.556396,1.098633,-20.172119
32.631667,0.282014,-1.977089,9.841734,0.432279,-1.151008,-0.222428,-0.305176,1.495361,-15.380859
32.641732,0.080832,-2.177672,10.029743,0.231097,-1.351591,-0.034419,-0.579834,1.251221,-11.932373
32.651798,0.185614,-2.062711,9.966275,0.335879,-1.236630,-0.097887,0.274658,1.007080,-9.918213
32.661865,0.080832,-2.105222,9.986034,0.231097,-1.279142,-0.078128,2.014160,1.037598,-8.270264
32.671932,0.071252,-1.942960,10.056687,0.221517,-1.116879,-0.007475,2.014160,0.946045,-6.439209
32.681997,0.166454,-1.731000,10.017768,0.316719,-0.904920,-0.046394,1.037598,0.793457,-2.929688
32.692063,-0.031135,-1.624422,9.989626,0.119130,-0.798342,-0.074535,0.091553,0.732422,-3.051758
32.702128,-0.066462,-1.400488,10.011780,0.083803,-0.574407,-0.052381,0.091553,0.762939,-3.692627
32.712194,-0.119751,-1.350192,9.987830,0.030514,-0.524112,-0.076332,-0.396729,0.793457,-3.509521
32.722260,0.020956,-1.417253,10.054292,0.171221,-0.591172,-0.009870,-0.976562,0.640869,-5.584717
32.732326,-0.129331,-1.243614,10.035132,0.020934,-0.417533,-0.029030,-0.885010,0.579834,-6.561279
32.742396,-0.234113,-1.177152,9.994417,-0.083848,-0.351072,-0.069745,-1.281738,0.549316,-7.385254
32.752463,-0.121547,-1.131647,10.087822,0.028718,-0.305566,0.023661,-1.098633,0.701904,-9.490967
32.762528,-0.052690,-1.260379,10.118359,0.097575,-0.434299,0.054197,-1.068115,0.396729,-9.796143
32.772595,-0.039518,-1.186133,10.132130,0.110747,-0.360053,0.067968,-0.396729,0.183105,-11.535645
32.782661,-0.043110,-1.074166,10.151290,0.107155,-0.248086,0.087129,0.671387,0.427246,-11.291504
32.792727,0.175435,-0.755629,10.093810,0.325700,0.070452,0.029648,0.061035,0.701904,-11.291504
32.802792,0.232317,-0.885558,10.084828,0.382582,-0.059478,0.020667,0.549316,0.885010,-10.162354
32.812857,0.173040,-0.950224,10.138716,0.323305,-0.124144,0.074555,0.274658,0.732422,-8.819580
32.822922,0.181423,-0.871787,10.093211,0.331688,-0.045707,0.029049,-2.593994,0.579834,-6.317139
32.832988,0.253872,-0.813708,10.111174,0.404137,0.012373,0.047012,-2.471924,0.885010,-4.547119
32.843053,0.253872,-0.847238,10.082433,0.404137,-0.021158,0.018272,0.305176,0.915527,-1.220703
32.853118,-0.183219,-0.722098,9.965676,-0.032954,0.103982,-0.098485,0.671387,0.701904,-1.098633
32.863195,-0.241897,-0.736469,10.020163,-0.091632,0.089612,-0.043999,-0.762939,-0.610352,-0.640869
32.873262,-0.035925,-0.680186,10.054292,0.114340,0.145895,-0.009870,-0.518799,-0.366211,-1.434326
32.883327,0.174238,-0.829874,10.088421,0.324503,-0.003794,0.024259,-2.197266,-0.854492,-2.777100
32.893391,-0.225731,-0.753234,10.104587,-0.075466,0.072847,0.040426,-2.014160,-0.518799,-4.241943
32.903457,-0.289199,-0.846639,10.011780,-0.138934,-0.020559,-0.052381,-1.373291,-0.518799,-5.554199
32.913522,-0.161664,-0.781375,10.060878,-0.011399,0.044705,-0.003283,-1.007080,-0.915527,-6.774902
32.923587,-0.043110,-0.717907,10.108779,0.107155,0.108173,0.044617,-0.549316,-1.098633,-6.805420
32.933652,0.161065,-0.487985,10.056088,0.311330,0.338095,-0.008073,0.183105,-0.274658,-7.843018
32.943716,0.159269,-0.675994,10.100396,0.309534,0.150086,0.036234,0.457764,0.030518,-7.720947
32.953781,0.011975,-0.673599,10.068063,0.162240,0.152481,0.003902,1.098633,0.396729,-7.293701
32.963846,-0.005988,-0.497565,9.912387,0.144277,0.328515,-0.151775,1.159668,0.915527,-3.631592
32.973911,-0.055684,-0.775388,10.160870,0.094581,0.050693,0.096709,-0.122070,0.732422,-1.556396
32.983983,0.019759,-0.722098,10.023157,0.170024,0.103982,-0.041005,0.701904,0.915527,-0.396729
32.994048,0.002994,-0.729882,10.033336,0.153259,0.096198,-0.030826,0.366211,1.037598,-0.488281
33.004114,-0.014370,-0.677192,10.013577,0.135895,0.148889,-0.050585,0.640869,0.793457,0.549316
33.014181,0.028740,-0.741259,10.063872,0.179005,0.084822,-0.000290,1.129150,0.671387,1.342773
33.024246,-0.047900,-0.740660,10.106384,0.102365,0.085421,0.042222,1.037598,0.549316,1.922607
33.034311,0.053888,-0.508942,10.057286,0.204153,0.317139,-0.006876,-0.579834,-0.061035,0.854492
33.044396,0.227527,-0.395178,10.115964,0.377792,0.430902,0.051802,-1.251221,0.122070,0.000000
33.054461,0.150886,-0.308958,9.918973,0.301151,0.517123,-0.145188,-0.671387,0.305176,-4.333496
33.064526,0.043110,-0.510139,10.084230,0.193375,0.315941,0.020068,-1.098633,0.091553,-5.981445
33.074594,-0.010778,-0.690963,10.152488,0.139487,0.135117,0.088326,-1.373291,-0.122070,-7.263184
33.084659,-0.078437,-0.921484,10.189012,0.071828,-0.095403,0.124850,-0.427246,0.091553,-6.927490
33.094728,-0.077239,-0.793350,10.084828,0.073026,0.032730,0.020667,-0.732422,0.000000,-6.530762
33.104793,-0.148491,-0.892145,9.977651,0.001774,-0.066064,-0.086510,0.976562,0.183105,-5.798340
33.114858,-0.314346,-0.705932,10.065668,-0.164081,0.120148,0.001507,0.732422,0.091553,-6.469727
33.124924,0.052092,-0.871188,10.071656,0.202357,-0.045108,0.007494,-0.030518,0.030518,-7.843018
33.134989,0.114961,-0.735271,10.076446,0.265226,0.090809,0.012284,-0.183105,0.305176,-9.521484
33.145055,0.111967,-0.784968,10.051298,0.262232,0.041113,-0.012864,0.427246,0.518799,-10.131836
33.155120,0.161664,-0.751437,10.044712,0.311929,0.074643,-0.019450,0.518799,1.037598,-9.979248
33.165186,0.036524,-0.988544,10.021959,0.186789,-0.162464,-0.042202,0.305176,0.854492,-9.216309
33.175250,-0.374222,-1.077160,10.030941,-0.223957,-0.251080,-0.033221,0.885010,0.885010,-6.072998
33.185315,-0.386197,-0.993334,10.098600,-0.235932,-0.167254,0.034438,1.190186,0.915527,-2.593994
33.195379,0.047900,-0.877176,10.041718,0.198165,-0.051095,-0.022444,1.037598,0.640869,0.366211
33.205445,-0.018561,-0.807720,9.963281,0.131704,0.018360,-0.100880,1.159668,0.671387,1.434326
33.215510,0.027543,-0.865201,10.047107,0.177808,-0.039120,-0.017055,0.915527,0.610352,1.861572
33.225575,0.214953,-0.670605,10.032138,0.365218,0.155475,-0.032024,1.373291,0.732422,1.739502
33.235640,0.101190,-0.664618,10.079440,0.251455,0.161462,0.015278,1.190186,0.488281,0.396729
33.245720,0.052690,-0.764610,10.032138,0.202955,0.061470,-0.032024,0.244141,0.213623,-4.760742
33.255799,0.036524,-0.721500,9.993818,0.186789,0.104581,-0.070344,0.732422,0.396729,-5.645752
33.265865,0.046104,-0.933459,10.024953,0.196369,-0.107378,-0.039209,-0.122070,-0.091553,-6.042480
33.275931,0.025746,-0.895737,10.018965,0.176011,-0.069657,-0.045196,-0.213623,-0.518799,-5.065918
33.285996,-0.152682,-0.748444,10.018367,-0.002417,0.077637,-0.045795,-0.183105,-0.457764,-4.425049
33.296062,0.066462,-0.847238,10.023755,0.216727,-0.021158,-0.040406,-0.091553,-0.122070,-6.164551
33.306130,0.035925,-0.791554,10.030342,0.186190,0.034526,-0.033820,-0.091553,0.213623,-7.812500
33.316195,0.155676,-0.855621,10.103390,0.305941,-0.029540,0.039228,-0.701904,0.030518,-8.758545
33.326260,-0.032932,-0.820893,10.083032,0.117334,0.005187,0.018871,-0.427246,0.030518,-9.307861
33.336327,0.028141,-1.003513,10.049502,0.178407,-0.177433,-0.014660,1.281738,0.366211,-7.781982
33.346392,-0.047900,-1.011896,10.025552,0.102365,-0.185815,-0.038610,1.800537,0.640869,-6.866455
33.356456,-0.021555,-1.131048,10.096804,0.128710,-0.304968,0.032642,2.471924,0.610352,-3.631592
33.366531,0.000599,-1.068777,10.089619,0.150864,-0.242697,0.025457,2.410889,0.640869,-4.028320
33.376598,-0.129930,-0.974773,10.009385,0.020335,-0.148693,-0.054776,3.173828,0.854492,-2.105713
33.386664,0.007784,-1.747167,10.138118,0.158049,-0.921086,0.073956,1.953125,2.899170,-0.885010
33.396730,0.079634,-1.269959,9.924362,0.229899,-0.443879,-0.139800,2.227783,2.655029,4.333496
33.406796,0.242496,-0.902324,10.072255,0.392761,-0.076243,0.008093,1.861572,1.953125,7.354736
33.416862,0.190404,-0.655038,10.021959,0.340669,0.171043,-0.042202,1.586914,1.586914,4.852295
33.426927,0.036524,-0.643661,10.041718,0.186789,0.182419,-0.022444,1.129150,1.251221,-1.098633
33.436992,0.147294,-0.726290,10.077643,0.297559,0.099791,0.013482,0.885010,1.037598,-3.692627
33.447057,0.052092,-0.831671,10.070458,0.202357,-0.005590,0.006297,0.610352,0.701904,-5.279541
33.457129,0.032932,-0.865800,10.060878,0.183197,-0.039719,-0.003283,0.335693,0.640869,-5.615234
33.467195,0.100591,-1.043031,10.052496,0.250856,-0.216951,-0.011666,0.030518,0.640869,-4.730225
33.477268,0.002994,-0.894540,10.029743,0.153259,-0.068459,-0.034419,-0.213623,0.549316,-4.821777
33.487335,-0.039518,-0.899330,10.068662,0.110747,-0.073249,0.004500,-0.976562,1.098633,-5.096436
33.497401,-0.043709,-0.775388,10.072255,0.106556,0.050693,0.008093,-0.976562,0.976562,-5.584717
33.507471,-0.032333,-0.580193,10.087224,0.117932,0.245887,0.023062,-0.823975,0.823975,-5.004883
33.517539,0.041913,-0.801733,10.068662,0.192178,0.024348,0.004500,-0.701904,0.793457,-4.486084
33.527605,0.086221,-0.769400,10.029144,0.236486,0.056680,-0.035017,-0.549316,0.823975,-4.699707
33.537670,0.264650,-0.878972,10.051897,0.414915,-0.052892,-0.012265,-0.030518,0.762939,-5.340576
33.547736,0.234712,-0.992736,9.931547,0.384977,-0.166655,-0.132614,0.396729,0.183105,-6.927490
33.557802,0.073647,-0.905916,10.006392,0.223912,-0.079836,-0.057770,0.946045,-1.220703,-7.263184
33.567868,-0.005988,-0.709525,10.092612,0.144277,0.116556,0.028451,1.281738,-1.739502,-10.253906
33.577933,0.075443,-0.807720,9.994417,0.225708,0.018360,-0.069745,0.457764,-1.922607,-11.840820
33.587999,0.197589,-0.767005,9.987231,0.347854,0.059075,-0.076930,1.098633,-2.807617,-13.092041
33.598064,-0.047900,-0.552052,10.072255,0.102365,0.274028,0.008093,-0.549316,-2.197266,-14.465332
33.608130,-0.007185,-0.541274,10.070458,0.143080,0.284806,0.006297,-1.037598,-1.739502,-13.092041
33.618195,0.224533,-0.871188,10.097402,0.374798,-0.045108,0.033241,-2.410889,-0.732422,-10.955811
33.628260,0.050894,-1.138233,10.090217,0.201159,-0.312153,0.026056,-2.105713,-0.427246,-10.894775
33.638326,-0.193997,-1.090333,10.076446,-0.043732,-0.264252,0.012284,-1.831055,-0.427246,-6.835938
33.648391,-0.244292,-1.063987,10.054292,-0.094027,-0.237907,-0.009870,-1.525879,-0.488281,-3.112793
33.658457,-0.191602,-0.994532,10.057286,-0.041337,-0.168451,-0.006876,-1.647949,-0.488281,-0.213623
33.668522,-0.089214,-0.986149,10.066866,0.061051,-0.160069,0.002704,-1.464844,-0.549316,3.265381
33.678587,-0.091011,-0.862207,10.069261,0.059254,-0.036127,0.005099,-1.098633,-0.549316,4.028320
33.688652,-0.051493,-0.704136,10.063273,0.098772,0.121945,-0.000888,-0.671387,-0.518799,5.157471
33.698717,0.011376,-0.756826,10.068063,0.161641,0.069254,0.003902,-0.579834,-0.427246,5.340576
33.708781,0.037123,-0.840053,10.061477,0.187388,-0.013973,-0.002685,-0.244141,-0.274658,4.089355
33.718847,0.063468,-1.058599,10.059681,0.213733,-0.232518,-0.004481,-0.183105,-0.183105,3.051758
33.728911,0.091011,-1.066382,10.060280,0.241276,-0.240302,-0.003882,-0.091553,-0.152588,2.471924
33.738975,0.049697,-0.919687,10.067465,0.199962,-0.093607,0.003303,0.000000,0.000000,1.403809
33.749041,0.058678,-0.962199,10.053094,0.208943,-0.136119,-0.011067,0.061035,-0.030518,0.885010
33.759106,0.104183,-1.047222,10.050699,0.254448,-0.221142,-0.013462,-0.213623,0.061035,-2.532959
33.769171,0.090412,-1.001717,10.059681,0.240677,-0.175637,-0.004481,-0.335693,0.122070,-4.638672
33.779237,0.001796,-0.703537,10.077643,0.152061,0.122543,0.013482,-0.549316,0.122070,-5.523682
33.789302,-0.030536,-0.574206,10.078242,0.119729,0.251874,0.014080,-0.335693,0.122070,-4.272461
33.799367,-0.023351,-0.596959,10.074650,0.126914,0.229122,0.010488,-0.244141,0.122070,-3.356934
33.809432,-0.013771,-0.632285,10.071057,0.136494,0.193795,0.006895,-0.122070,0.122070,-1.983643
33.819498,-0.016166,-0.646057,10.071656,0.134099,0.180024,0.007494,-0.061035,0.122070,-1.556396
33.829562,-0.011975,-0.665217,10.069860,0.138290,0.160864,0.005698,-0.061035,0.122070,-0.946045
33.839628,-0.013173,-0.669408,10.061477,0.137092,0.156672,-0.002685,-0.091553,0.091553,-0.732422
33.849694,-0.012574,-0.674797,10.051897,0.137691,0.151284,-0.012265,-0.061035,0.091553,-0.488281
33.859764,-0.009580,-0.681982,10.055490,0.140685,0.144099,-0.008672,0.000000,0.091553,-0.366211
33.869830,-0.012574,-0.685574,10.063872,0.137691,0.140506,-0.000290,0.000000,0.091553,-0.305176
33.879896,-0.012574,-0.683179,10.071057,0.137691,0.142901,0.006895,-0.030518,0.091553,-0.183105
33.889962,-0.008383,-0.685574,10.062675,0.141882,0.140506,-0.001487,-0.030518,0.091553,-0.152588
33.900036,0.001796,-0.693957,10.060878,0.152061,0.132123,-0.003283,0.000000,0.091553,-0.091553
33.910103,-0.003593,-0.696352,10.063273,0.146672,0.129728,-0.000888,0.000000,0.091553,-0.091553
33.920168,-0.009580,-0.692161,10.067465,0.140685,0.133920,0.003303,-0.030518,0.091553,-0.061035
33.930234,-0.010778,-0.689766,10.068662,0.139487,0.136315,0.004500,-0.061035,0.091553,-0.030518
33.940300,-0.009580,-0.686173,10.068063,0.140685,0.139907,0.003902,-0.030518,0.061035,-0.061035
33.950365,-0.004191,-0.680784,10.063872,0.146074,0.145296,-0.000290,-0.030518,0.061035,-0.030518
33.960430,-0.000599,-0.677791,10.064471,0.149666,0.148290,0.000309,-0.030518,0.061035,-0.030518
33.970495,-0.000599,-0.677192,10.074650,0.149666,0.148889,0.010488,0.000000,0.091553,-0.030518
33.980561,0.000000,-0.677791,10.072853,0.150265,0.148290,0.008692,0.000000,0.091553,0.030518
33.990626,0.000000,-0.675396,10.070458,0.150265,0.150685,0.006297,0.000000,0.061035,0.000000
34.000692,0.000000,-0.680186,10.056687,0.150265,0.145895,-0.007475,0.000000,0.061035,0.000000
34.010757,0.001796,-0.678988,10.056088,0.152061,0.147092,-0.008073,0.000000,0.091553,-0.030518
34.020823,0.001796,-0.686772,10.059082,0.152061,0.139309,-0.005080,0.030518,0.091553,0.000000
34.030888,-0.001796,-0.683778,10.066866,0.148469,0.142302,0.002704,0.000000,0.091553,0.000000
34.040958,-0.005389,-0.690364,10.060280,0.144876,0.135716,-0.003882,0.000000,0.030518,-0.030518
34.051023,-0.004790,-0.689167,10.058483,0.145475,0.136914,-0.005678,-0.030518,0.030518,-0.030518
34.061089,-0.006586,-0.683778,10.064471,0.143679,0.142302,0.000309,-0.030518,0.030518,-0.030518
34.071154,-0.009580,-0.684377,10.070458,0.140685,0.141704,0.006297,0.000000,0.030518,-0.030518
34.081220,-0.013771,-0.684976,10.069860,0.136494,0.141105,0.005698,0.000000,0.000000,-0.030518
34.091284,-0.011376,-0.688568,10.063273,0.138889,0.137512,-0.000888,0.030518,0.061035,-0.030518
34.101350,-0.008981,-0.679587,10.063273,0.141284,0.146494,-0.000888,0.000000,0.061035,0.030518
34.111415,-0.004191,-0.679587,10.068063,0.146074,0.146494,0.003902,0.000000,0.000000,0.030518
34.121480,-0.006586,-0.680784,10.068063,0.143679,0.145296,0.003902,0.030518,0.030518,0.030518
34.131546,-0.004790,-0.678389,10.069860,0.145475,0.147691,0.005698,0.030518,0.030518,0.000000
34.141612,0.003593,-0.673599,10.071057,0.153858,0.152481,0.006895,0.030518,0.030518,-0.030518
34.151678,0.000599,-0.675994,10.067465,0.150864,0.150086,0.003303,0.061035,0.030518,-0.030518
34.161743,0.000000,-0.684976,10.065668,0.150265,0.141105,0.001507,0.030518,0.030518,-0.030518
34.171808,0.001796,-0.682581,10.071656,0.152061,0.143500,0.007494,0.030518,0.030518,-0.030518
34.181874,0.000599,-0.680186,10.068063,0.150864,0.145895,0.003902,0.030518,0.061035,-0.030518
34.191940,0.001796,-0.669408,10.065668,0.152061,0.156672,0.001507,0.000000,0.061035,-0.030518
34.202006,0.008981,-0.681383,10.071057,0.159246,0.144697,0.006895,-0.030518,0.030518,-0.061035
34.212071,0.004191,-0.664019,10.068063,0.154456,0.162061,0.003902,0.000000,0.061035,-0.030518
34.222137,0.004191,-0.670007,10.053693,0.154456,0.156074,-0.010468,0.000000,0.091553,-0.030518
34.232203,0.008383,-0.680784,10.077643,0.158648,0.145296,0.013482,-0.030518,0.091553,-0.061035
34.242269,0.000599,-0.683778,10.056088,0.150864,0.142302,-0.008073,0.000000,0.091553,-0.061035
34.252335,0.005389,-0.695154,10.075847,0.155654,0.130926,0.011685,-0.030518,0.091553,-0.061035
34.262401,0.003593,-0.700543,10.069261,0.153858,0.125537,0.005099,0.000000,0.091553,-0.061035
34.272467,0.000000,-0.698148,10.064471,0.150265,0.127932,0.000309,0.030518,0.061035,-0.091553
34.282532,0.000000,-0.692161,10.068063,0.150265,0.133920,0.003902,0.030518,0.091553,-0.030518
34.292598,0.000000,-0.689766,10.072853,0.150265,0.136315,0.008692,0.000000,0.091553,-0.030518
34.302664,0.000000,-0.694556,10.074051,0.150265,0.131525,0.009889,-0.030518,0.091553,0.000000
34.312729,-0.008981,-0.693358,10.059681,0.141284,0.132722,-0.004481,-0.030518,0.091553,-0.030518
34.322795,-0.005389,-0.701142,10.079440,0.144876,0.124938,0.015278,0.030518,0.091553,-0.030518
34.332861,-0.010179,-0.696352,10.077643,0.140086,0.129728,0.013482,0.030518,0.061035,-0.030518
34.342927,0.000599,-0.686772,10.066866,0.150864,0.139309,0.002704,0.091553,0.091553,-0.030518
34.352992,-0.004790,-0.678988,10.061477,0.145475,0.147092,-0.002685,0.122070,0.091553,-0.030518
34.363058,-0.005988,-0.674797,10.063273,0.144277,0.151284,-0.000888,0.091553,0.091553,0.000000
34.373125,-0.002994,-0.680784,10.075847,0.147271,0.145296,0.011685,0.061035,0.091553,0.030518
34.383191,0.001198,-0.689766,10.066866,0.151463,0.136315,0.002704,0.091553,0.091553,0.030518
34.393256,0.002994,-0.689766,10.060280,0.153259,0.136315,-0.003882,0.061035,0.061035,-0.030518
34.403321,0.000000,-0.688568,10.057286,0.150265,0.137512,-0.006876,0.061035,0.061035,0.000000
34.413387,-0.004790,-0.698148,10.070458,0.145475,0.127932,0.006297,0.030518,0.061035,-0.030518
34.423453,-0.010778,-0.691562,10.063872,0.139487,0.134519,-0.000290,0.061035,0.061035,-0.061035
34.433518,-0.009580,-0.694556,10.055490,0.140685,0.131525,-0.008672,0.030518,0.030518,-0.061035
34.443584,-0.003593,-0.695753,10.067465,0.146672,0.130327,0.003303,0.061035,0.030518,-0.030518
34.453649,-0.004191,-0.692161,10.061477,0.146074,0.133920,-0.002685,0.061035,0.061035,-0.030518
34.463717,0.001198,-0.681982,10.062675,0.151463,0.144099,-0.001487,0.061035,0.030518,-0.030518
34.473783,0.000000,-0.683179,10.067465,0.150265,0.142901,0.003303,0.061035,0.030518,-0.061035
34.483849,-0.007185,-0.683179,10.071057,0.143080,0.142901,0.006895,0.061035,0.030518,-0.030518
34.493914,-0.007185,-0.680784,10.067465,0.143080,0.145296,0.003303,0.061035,0.061035,0.030518
34.503980,-0.007185,-0.682581,10.061477,0.143080,0.143500,-0.002685,0.030518,0.061035,0.000000
34.514045,-0.010179,-0.684976,10.080038,0.140086,0.141105,0.015877,0.061035,0.091553,0.000000
34.524110,-0.010179,-0.680186,10.079440,0.140086,0.145895,0.015278,0.061035,0.061035,0.000000
34.534175,-0.009580,-0.677791,10.076446,0.140685,0.148290,0.012284,0.091553,0.061035,0.000000
34.544241,-0.004191,-0.672402,10.065668,0.146074,0.153679,0.001507,0.091553,0.061035,0.000000
34.554306,0.000000,-0.669408,10.063872,0.150265,0.156672,-0.000290,0.061035,0.030518,0.000000
34.564372,-0.002994,-0.673599,10.066267,0.147271,0.152481,0.002105,0.091553,0.061035,0.030518
34.574436,-0.002994,-0.683778,10.071057,0.147271,0.142302,0.006895,0.122070,0.061035,0.000000
34.584502,-0.001796,-0.694556,10.059082,0.148469,0.131525,-0.005080,0.122070,0.061035,0.000000
34.594568,-0.002395,-0.695154,10.062675,0.147870,0.130926,-0.001487,0.122070,0.061035,0.000000
34.604634,0.000599,-0.690364,10.076446,0.150864,0.135716,0.012284,0.061035,0.091553,0.030518
34.614699,-0.002395,-0.693957,10.072853,0.147870,0.132123,0.008692,0.061035,0.030518,0.000000
34.624765,-0.006586,-0.691562,10.073452,0.143679,0.134519,0.009290,0.030518,0.030518,-0.030518
34.634830,-0.007185,-0.689167,10.066267,0.143080,0.136914,0.002105,0.000000,0.091553,-0.030518
34.644896,-0.003593,-0.687371,10.059082,0.146672,0.138710,-0.005080,0.061035,0.061035,-0.030518
34.654961,-0.014370,-0.686772,10.060878,0.135895,0.139309,-0.003283,0.030518,0.061035,-0.030518
34.665026,-0.011975,-0.686772,10.064471,0.138290,0.139309,0.000309,0.030518,0.030518,-0.030518
34.675092,-0.002994,-0.690364,10.070458,0.147271,0.135716,0.006297,0.061035,0.000000,-0.030518
34.685158,0.000000,-0.686772,10.062675,0.150265,0.139309,-0.001487,0.061035,0.000000,-0.030518
34.695222,-0.004790,-0.685574,10.051298,0.145475,0.140506,-0.012864,0.030518,0.061035,-0.030518
34.705288,-0.006586,-0.684976,10.048903,0.143679,0.141105,-0.015259,0.030518,0.061035,0.000000
34.715354,-0.004191,-0.691562,10.052496,0.146074,0.134519,-0.011666,0.030518,0.061035,-0.030518
34.725420,0.004790,-0.686772,10.061477,0.155055,0.139309,-0.002685,0.030518,0.061035,-0.061035
34.735485,0.001796,-0.689766,10.056088,0.152061,0.136315,-0.008073,0.000000,0.061035,-0.030518
34.745551,-0.005988,-0.687969,10.063872,0.144277,0.138111,-0.000290,0.000000,0.000000,0.000000
34.755616,-0.002395,-0.685574,10.065070,0.147870,0.140506,0.000908,0.000000,0.000000,0.000000
34.765681,-0.008383,-0.670007,10.071057,0.141882,0.156074,0.006895,0.030518,0.000000,0.030518
34.775747,-0.008383,-0.665217,10.071057,0.141882,0.160864,0.006895,0.000000,0.000000,-0.030518
34.785813,-0.013173,-0.670605,10.071057,0.137092,0.155475,0.006895,0.000000,0.030518,-0.030518
34.795879,-0.017364,-0.677192,10.068662,0.132901,0.148889,0.004500,0.000000,0.000000,-0.030518
34.805945,-0.013173,-0.678389,10.069860,0.137092,0.147691,0.005698,0.000000,0.030518,-0.061035
34.816010,-0.008981,-0.674797,10.071656,0.141284,0.151284,0.007494,0.061035,0.000000,-0.030518
34.826076,-0.009580,-0.687371,10.063273,0.140685,0.138710,-0.000888,0.030518,0.000000,-0.030518
34.836142,-0.013771,-0.686772,10.059082,0.136494,0.139309,-0.005080,0.000000,0.030518,-0.030518
34.846208,-0.015568,-0.692759,10.049502,0.134697,0.133321,-0.014660,-0.030518,0.030518,0.000000
34.856272,-0.020358,-0.690364,10.048304,0.129907,0.135716,-0.015857,0.000000,0.000000,0.000000
34.866338,-0.028740,-0.686772,10.068063,0.121525,0.139309,0.003902,-0.030518,-0.030518,0.000000
34.876405,-0.028740,-0.679587,10.073452,0.121525,0.146494,0.009290,-0.030518,-0.030518,-0.030518
34.886471,-0.017364,-0.681982,10.068063,0.132901,0.144099,0.003902,0.000000,0.030518,-0.061035
34.896536,-0.010179,-0.678988,10.069261,0.140086,0.147092,0.005099,0.000000,0.030518,-0.061035
34.906602,-0.010179,-0.682581,10.075248,0.140086,0.143500,0.011087,0.000000,0.030518,-0.030518
34.916667,-0.007784,-0.688568,10.081835,0.142481,0.137512,0.017673,0.000000,0.030518,-0.030518
34.926733,-0.002994,-0.688568,10.072255,0.147271,0.137512,0.008093,-0.030518,0.030518,-0.030518
34.936798,0.001198,-0.687969,10.072255,0.151463,0.138111,0.008093,0.000000,0.030518,-0.030518
34.946865,0.000000,-0.689766,10.068662,0.150265,0.136315,0.004500,0.000000,0.000000,0.000000
34.956930,-0.002395,-0.684976,10.064471,0.147870,0.141105,0.000309,0.030518,0.000000,0.000000
34.966996,0.002395,-0.685574,10.063872,0.152660,0.140506,-0.000290,0.000000,0.000000,0.000000
34.977061,-0.005389,-0.690364,10.059082,0.144876,0.135716,-0.005080,0.030518,0.030518,0.030518
34.987126,-0.005389,-0.691562,10.061477,0.144876,0.134519,-0.002685,0.000000,0.030518,0.030518
34.997192,-0.009580,-0.695753,10.057885,0.140685,0.130327,-0.006277,0.000000,0.061035,0.030518
35.007257,-0.014969,-0.696352,10.063273,0.135296,0.129728,-0.000888,0.030518,0.030518,0.030518
35.017323,-0.016765,-0.695154,10.059681,0.133500,0.130926,-0.004481,0.030518,0.061035,0.030518
35.027406,-0.011975,-0.695753,10.054292,0.138290,0.130327,-0.009870,0.030518,0.061035,0.000000
35.037471,-0.017364,-0.687969,10.051897,0.132901,0.138111,-0.012265,0.061035,0.061035,0.000000
35.047543,-0.007185,-0.683778,10.056088,0.143080,0.142302,-0.008073,0.030518,0.091553,-0.030518
35.057609,-0.006586,-0.682581,10.056687,0.143679,0.143500,-0.007475,0.030518,0.091553,-0.030518
35.067674,0.001796,-0.673000,10.063273,0.152061,0.153080,-0.000888,0.061035,0.091553,0.000000
35.077740,0.000000,-0.674198,10.065070,0.150265,0.151882,0.000908,0.091553,0.122070,0.000000
35.087806,0.001796,-0.675994,10.062076,0.152061,0.150086,-0.002086,0.091553,0.091553,0.000000
35.097872,-0.002994,-0.669408,10.065070,0.147271,0.156672,0.000908,0.061035,0.061035,0.030518
35.107937,-0.000599,-0.668210,10.066267,0.149666,0.157870,0.002105,0.091553,0.061035,0.030518
35.118003,-0.004191,-0.673599,10.069261,0.146074,0.152481,0.005099,0.061035,0.030518,0.000000
35.128068,-0.000599,-0.673599,10.069860,0.149666,0.152481,0.005698,0.061035,0.030518,0.000000
35.138133,0.002395,-0.675396,10.068063,0.152660,0.150685,0.003902,0.030518,0.000000,0.000000
35.148198,0.004790,-0.678389,10.069261,0.155055,0.147691,0.005099,0.030518,0.000000,0.000000
35.158264,0.002395,-0.683179,10.072255,0.152660,0.142901,0.008093,0.000000,0.000000,-0.030518
35.168328,-0.005389,-0.677192,10.072255,0.144876,0.148889,0.008093,0.000000,0.030518,0.000000
35.178393,-0.009580,-0.679587,10.072853,0.140685,0.146494,0.008692,-0.030518,0.030518,0.000000
35.188458,-0.016765,-0.673000,10.071057,0.133500,0.153080,0.006895,-0.030518,0.000000,0.030518
35.198524,-0.015568,-0.672402,10.068662,0.134697,0.153679,0.004500,0.000000,0.030518,0.000000
35.208589,-0.016166,-0.674198,10.063273,0.134099,0.151882,-0.000888,0.061035,0.030518,-0.030518
35.218654,-0.019759,-0.678988,10.072853,0.130506,0.147092,0.008692,0.030518,0.030518,-0.030518
35.228719,-0.016765,-0.686772,10.071656,0.133500,0.139309,0.007494,0.061035,0.061035,-0.061035
35.238787,-0.010778,-0.685574,10.068662,0.139487,0.140506,0.004500,0.061035,0.061035,-0.061035
35.248928,-0.012574,-0.682581,10.065070,0.137691,0.143500,0.000908,0.030518,0.061035,-0.030518
35.258995,-0.011376,-0.685574,10.063273,0.138889,0.140506,-0.000888,0.030518,0.061035,0.000000
35.269061,-0.011975,-0.686772,10.064471,0.138290,0.139309,0.000309,0.061035,0.061035,-0.030518
35.279126,-0.004191,-0.684976,10.065668,0.146074,0.141105,0.001507,0.030518,0.122070,0.000000
35.289192,-0.002994,-0.687371,10.064471,0.147271,0.138710,0.000309,0.030518,0.091553,0.000000
35.299258,-0.002994,-0.681383,10.062675,0.147271,0.144697,-0.001487,0.061035,0.061035,0.030518
35.309323,-0.001796,-0.689766,10.070458,0.148469,0.136315,0.006297,0.061035,0.091553,0.000000
35.319433,-0.002994,-0.692161,10.074051,0.147271,0.133920,0.009889,0.000000,0.061035,0.000000
35.329498,-0.001198,-0.688568,10.075847,0.149068,0.137512,0.011685,0.061035,0.030518,0.000000
35.339564,-0.004191,-0.692759,10.075248,0.146074,0.133321,0.011087,0.030518,0.061035,0.000000
35.349630,-0.004790,-0.693358,10.067465,0.145475,0.132722,0.003303,0.030518,0.091553,0.030518
35.359695,-0.003593,-0.695154,10.071656,0.146672,0.130926,0.007494,0.000000,0.091553,0.030518
35.369761,-0.004790,-0.696951,10.077643,0.145475,0.129130,0.013482,-0.030518,0.091553,0.000000
35.379826,-0.008383,-0.693358,10.084828,0.141882,0.132722,0.020667,0.000000,0.091553,0.000000
35.389891,-0.003593,-0.686772,10.077045,0.146672,0.139309,0.012883,0.000000,0.061035,0.000000
35.399956,-0.004790,-0.687969,10.065668,0.145475,0.138111,0.001507,0.000000,0.091553,0.000000
35.410022,0.001198,-0.682581,10.067465,0.151463,0.143500,0.003303,-0.030518,0.091553,0.000000
35.420087,0.002395,-0.681982,10.072255,0.152660,0.144099,0.008093,0.061035,0.030518,-0.030518
35.430153,0.008383,-0.675396,10.075248,0.158648,0.150685,0.011087,0.030518,0.030518,-0.030518
35.440218,0.009580,-0.675994,10.072255,0.159845,0.150086,0.008093,0.030518,0.061035,-0.061035
35.450284,0.004790,-0.681383,10.068063,0.155055,0.144697,0.003902,0.061035,0.061035,-0.030518
35.460356,0.004790,-0.676593,10.069860,0.155055,0.149487,0.005698,0.061035,0.091553,-0.030518
35.470423,0.012574,-0.678988,10.075847,0.162839,0.147092,0.011685,0.030518,0.061035,-0.030518
35.480488,0.007784,-0.681383,10.077045,0.158049,0.144697,0.012883,0.000000,0.091553,-0.030518
35.490554,0.005389,-0.683778,10.077045,0.155654,0.142302,0.012883,0.030518,0.061035,0.030518
35.500619,0.004191,-0.675396,10.073452,0.154456,0.150685,0.009290,0.030518,0.061035,0.000000
35.510685,0.001796,-0.680186,10.071656,0.152061,0.145895,0.007494,0.061035,0.061035,0.000000
35.520749,-0.002994,-0.680186,10.080637,0.147271,0.145895,0.016475,0.091553,0.061035,0.030518
35.530815,0.000000,-0.680784,10.078242,0.150265,0.145296,0.014080,0.061035,0.061035,0.030518
35.540881,-0.004191,-0.681383,10.068662,0.146074,0.144697,0.004500,0.030518,0.091553,-0.030518
35.550946,-0.001796,-0.678389,10.067465,0.148469,0.147691,0.003303,0.030518,0.061035,0.000000
35.561012,-0.000599,-0.679587,10.070458,0.149666,0.146494,0.006297,0.000000,0.061035,-0.061035
35.571077,0.000000,-0.678389,10.074051,0.150265,0.147691,0.009889,0.000000,0.091553,-0.091553
35.581143,0.000000,-0.679587,10.071057,0.150265,0.146494,0.006895,-0.030518,0.091553,-0.061035
35.591208,-0.006586,-0.674797,10.066267,0.143679,0.151284,0.002105,-0.061035,0.091553,-0.030518
35.601274,-0.007185,-0.673000,10.068662,0.143080,0.153080,0.004500,-0.030518,0.122070,-0.061035
35.611339,-0.004191,-0.676593,10.075847,0.146074,0.149487,0.011685,-0.061035,0.091553,-0.030518
35.621405,-0.000599,-0.678988,10.080637,0.149666,0.147092,0.016475,-0.061035,0.122070,-0.030518
35.631470,-0.005389,-0.685574,10.075248,0.144876,0.140506,0.011087,0.000000,0.122070,-0.030518
35.641535,-0.008981,-0.686772,10.068662,0.141284,0.139309,0.004500,0.000000,0.091553,-0.030518
35.651601,-0.001796,-0.690364,10.065668,0.148469,0.135716,0.001507,0.000000,0.091553,0.000000
35.661666,-0.006586,-0.685574,10.069860,0.143679,0.140506,0.005698,0.000000,0.091553,0.000000
35.671732,-0.003593,-0.686173,10.070458,0.146672,0.139907,0.006297,0.000000,0.091553,0.000000
35.681797,-0.005988,-0.687371,10.073452,0.144277,0.138710,0.009290,-0.061035,0.091553,-0.030518
35.691862,-0.002994,-0.689766,10.072853,0.147271,0.136315,0.008692,-0.030518,0.122070,-0.030518
35.701928,-0.002395,-0.686772,10.074051,0.147870,0.139309,0.009889,0.000000,0.122070,-0.030518
35.711993,-0.005389,-0.679587,10.081835,0.144876,0.146494,0.017673,-0.030518,0.061035,-0.030518
35.722059,-0.006586,-0.684377,10.079440,0.143679,0.141704,0.015278,-0.030518,0.091553,0.000000
35.732125,-0.002994,-0.684377,10.072853,0.147271,0.141704,0.008692,0.000000,0.122070,0.000000
35.742189,-0.001198,-0.684976,10.071057,0.149068,0.141105,0.006895,-0.030518,0.091553,-0.030518
35.752255,0.003593,-0.676593,10.070458,0.153858,0.149487,0.006297,-0.030518,0.091553,0.000000
35.762320,0.004191,-0.678988,10.080637,0.154456,0.147092,0.016475,-0.030518,0.091553,0.000000
35.772385,-0.002994,-0.684976,10.081236,0.147271,0.141105,0.017074,0.000000,0.061035,0.030518
35.782451,-0.007185,-0.687969,10.073452,0.143080,0.138111,0.009290,0.061035,0.061035,0.000000
35.792517,-0.009580,-0.689167,10.068063,0.140685,0.136914,0.003902,0.061035,0.061035,0.030518
35.802582,-0.013771,-0.674797,10.070458,0.136494,0.151284,0.006297,0.030518,0.061035,0.000000
35.812648,-0.010179,-0.673599,10.068063,0.140086,0.152481,0.003902,0.030518,0.061035,0.000000
35.822714,0.000000,-0.676593,10.069261,0.150265,0.149487,0.005099,0.000000,0.061035,0.030518
35.832779,0.005988,-0.678988,10.071057,0.156253,0.147092,0.006895,0.000000,0.061035,0.000000
35.842845,0.012574,-0.678988,10.066866,0.162839,0.147092,0.002704,0.030518,0.091553,-0.030518
35.852910,0.007784,-0.677192,10.064471,0.158049,0.148889,0.000309,0.030518,0.061035,-0.030518
35.862980,0.010778,-0.681982,10.074051,0.161043,0.144099,0.009889,0.030518,0.091553,0.000000
35.873045,0.000599,-0.684377,10.081236,0.150864,0.141704,0.017074,0.030518,0.091553,-0.030518
35.883110,0.001198,-0.681982,10.080038,0.151463,0.144099,0.015877,0.030518,0.091553,0.000000
35.893177,0.004191,-0.679587,10.077643,0.154456,0.146494,0.013482,0.000000,0.091553,-0.061035
35.903242,0.002395,-0.680186,10.076446,0.152660,0.145895,0.012284,0.000000,0.091553,-0.061035
35.913308,0.001796,-0.674198,10.087224,0.152061,0.151882,0.023062,0.000000,0.061035,-0.030518
35.923374,0.000000,-0.678988,10.087224,0.150265,0.147092,0.023062,-0.030518,0.061035,0.000000
35.933439,-0.000599,-0.680784,10.086026,0.149666,0.145296,0.021864,0.000000,0.061035,0.030518
35.943504,-0.004191,-0.684976,10.080038,0.146074,0.141105,0.015877,0.000000,0.030518,0.030518
35.953569,-0.004191,-0.678988,10.072853,0.146074,0.147092,0.008692,0.000000,0.030518,0.030518
35.963634,-0.009580,-0.677791,10.078242,0.140685,0.148290,0.014080,0.000000,0.030518,0.030518
35.973700,-0.004191,-0.678988,10.076446,0.146074,0.147092,0.012284,0.000000,0.030518,0.000000
35.983765,-0.004790,-0.684377,10.075248,0.145475,0.141704,0.011087,-0.030518,0.061035,0.000000
35.993831,-0.001796,-0.690364,10.072255,0.148469,0.135716,0.008093,-0.030518,0.030518,0.000000
36.003897,-0.005389,-0.691562,10.074650,0.144876,0.134519,0.010488,0.030518,0.061035,-0.030518
36.013962,0.001796,-0.682581,10.087822,0.152061,0.143500,0.023661,0.030518,0.030518,-0.030518
36.024028,0.007185,-0.685574,10.092612,0.157450,0.140506,0.028451,0.030518,0.030518,-0.030518
36.034093,0.002994,-0.688568,10.080637,0.153259,0.137512,0.016475,0.091553,0.000000,-0.030518
36.044164,0.002994,-0.692161,10.081236,0.153259,0.133920,0.017074,0.061035,0.030518,-0.030518
36.054230,-0.003593,-0.694556,10.079440,0.146672,0.131525,0.015278,0.030518,0.030518,0.030518
36.064295,-0.001796,-0.690963,10.085427,0.148469,0.135117,0.021266,0.030518,0.030518,0.000000
36.074362,-0.000599,-0.687371,10.086026,0.149666,0.138710,0.021864,0.061035,0.000000,0.000000
36.084427,-0.005389,-0.683778,10.075847,0.144876,0.142302,0.011685,0.061035,0.030518,0.000000
36.094492,-0.004191,-0.684976,10.072255,0.146074,0.141105,0.008093,0.061035,0.030518,0.000000
36.104560,-0.007784,-0.692161,10.084828,0.142481,0.133920,0.020667,0.030518,0.030518,0.000000
36.114626,-0.004790,-0.690364,10.091415,0.145475,0.135716,0.027253,0.061035,0.030518,-0.030518
36.124692,-0.003593,-0.685574,10.080637,0.146672,0.140506,0.016475,0.061035,0.000000,-0.030518
36.134758,-0.002994,-0.686772,10.074051,0.147271,0.139309,0.009889,0.061035,0.000000,0.000000
36.144823,-0.002994,-0.690364,10.077045,0.147271,0.135716,0.012883,0.091553,0.030518,0.000000
36.154888,0.000000,-0.687371,10.078841,0.150265,0.138710,0.014679,0.061035,0.030518,0.000000
36.164954,0.001796,-0.684976,10.080038,0.152061,0.141105,0.015877,0.030518,0.030518,-0.030518
36.175019,0.000000,-0.692161,10.074650,0.150265,0.133920,0.010488,0.000000,0.000000,0.000000
36.185085,-0.003593,-0.687371,10.074051,0.146672,0.138710,0.009889,0.030518,0.000000,0.000000
36.195149,-0.003593,-0.680784,10.068662,0.146672,0.145296,0.004500,0.000000,0.030518,-0.030518
36.205216,-0.001198,-0.686173,10.072853,0.149068,0.139907,0.008692,0.030518,0.030518,-0.030518
36.215281,0.001796,-0.684377,10.075248,0.152061,0.141704,0.011087,0.061035,0.030518,-0.030518
36.225347,0.002994,-0.699944,10.071656,0.153259,0.126136,0.007494,0.122070,0.000000,-0.030518
36.235413,0.008981,-0.695753,10.072255,0.159246,0.130327,0.008093,0.061035,0.000000,-0.061035
36.245478,0.007784,-0.688568,10.065668,0.158049,0.137512,0.001507,0.030518,0.030518,-0.030518
36.255543,0.003593,-0.687371,10.069860,0.153858,0.138710,0.005698,0.061035,0.000000,-0.061035
36.265608,0.000000,-0.677192,10.074051,0.150265,0.148889,0.009889,0.091553,0.000000,-0.061035
36.275673,0.001198,-0.680784,10.069261,0.151463,0.145296,0.005099,0.091553,0.000000,-0.061035
36.285739,-0.005988,-0.674797,10.073452,0.144277,0.151284,0.009290,0.061035,0.030518,-0.061035
36.295805,-0.004790,-0.680784,10.073452,0.145475,0.145296,0.009290,0.000000,0.030518,-0.091553
36.305870,-0.006586,-0.681982,10.074650,0.143679,0.144099,0.010488,0.000000,0.030518,-0.061035
36.315936,-0.008383,-0.681383,10.079440,0.141882,0.144697,0.015278,0.000000,0.030518,-0.030518
36.326000,-0.005988,-0.681982,10.075248,0.144277,0.144099,0.011087,0.000000,0.061035,-0.030518
36.336066,-0.003593,-0.683778,10.069261,0.146672,0.142302,0.005099,0.000000,0.061035,0.000000
36.346131,-0.004790,-0.685574,10.064471,0.145475,0.140506,0.000309,0.030518,0.061035,0.000000
36.356197,-0.002395,-0.684976,10.063872,0.147870,0.141105,-0.000290,0.061035,0.030518,0.030518
36.366262,0.000000,-0.684976,10.079440,0.150265,0.141105,0.015278,0.061035,0.030518,0.030518
36.376328,-0.004191,-0.689167,10.084828,0.146074,0.136914,0.020667,0.061035,0.000000,0.030518
36.386393,-0.000599,-0.686772,10.077643,0.149666,0.139309,0.013482,0.091553,0.030518,0.030518
36.396458,-0.002994,-0.689167,10.072853,0.147271,0.136914,0.008692,0.091553,0.000000,0.030518
36.406523,-0.008981,-0.688568,10.079440,0.141284,0.137512,0.015278,0.091553,0.030518,-0.030518
36.416589,-0.002395,-0.689167,10.086625,0.147870,0.136914,0.022463,0.122070,0.000000,0.000000
36.426655,0.002994,-0.687371,10.084828,0.153259,0.138710,0.020667,0.061035,0.030518,0.000000
36.436720,0.008981,-0.692161,10.081835,0.159246,0.133920,0.017673,0.061035,0.061035,-0.030518
36.446785,0.008383,-0.689167,10.078242,0.158648,0.136914,0.014080,0.061035,0.061035,0.000000
36.456851,0.000000,-0.689167,10.085427,0.150265,0.136914,0.021266,0.061035,0.061035,-0.061035
36.466917,-0.000599,-0.693957,10.085427,0.149666,0.132123,0.021266,0.061035,0.061035,-0.030518
36.476983,-0.007784,-0.692161,10.074051,0.142481,0.133920,0.009889,0.061035,0.061035,-0.061035
36.487048,-0.008981,-0.692759,10.069860,0.141284,0.133321,0.005698,0.061035,0.030518,-0.061035
36.497114,-0.002994,-0.691562,10.064471,0.147271,0.134519,0.000309,0.061035,0.000000,-0.030518
36.507179,-0.007784,-0.692759,10.071057,0.142481,0.133321,0.006895,0.061035,0.030518,-0.030518
36.517245,-0.013173,-0.689766,10.073452,0.137092,0.136315,0.009290,0.030518,0.030518,-0.030518
36.527311,-0.017364,-0.686772,10.068063,0.132901,0.139309,0.003902,0.030518,0.061035,-0.030518
36.537376,-0.014370,-0.687371,10.066866,0.135895,0.138710,0.002704,0.030518,0.061035,0.000000
36.547442,-0.011975,-0.687969,10.063273,0.138290,0.138111,-0.000888,0.000000,0.061035,0.000000
36.557507,-0.005988,-0.688568,10.068063,0.144277,0.137512,0.003902,0.030518,0.061035,0.000000
36.567572,-0.002395,-0.685574,10.072255,0.147870,0.140506,0.008093,0.030518,0.030518,0.000000
36.577638,-0.011975,-0.688568,10.072853,0.138290,0.137512,0.008692,0.030518,0.061035,-0.030518
36.587703,-0.010179,-0.692759,10.066267,0.140086,0.133321,0.002105,0.061035,0.061035,-0.030518
36.597769,-0.015568,-0.692759,10.066267,0.134697,0.133321,0.002105,0.061035,0.061035,-0.030518
36.607835,-0.008383,-0.688568,10.077045,0.141882,0.137512,0.012883,0.061035,0.030518,-0.061035
36.617901,-0.008383,-0.686173,10.080038,0.141882,0.139907,0.015877,0.030518,0.061035,-0.061035
36.627966,-0.007185,-0.691562,10.075248,0.143080,0.134519,0.011087,0.000000,0.091553,-0.061035
36.638032,-0.006586,-0.690364,10.074051,0.143679,0.135716,0.009889,-0.030518,0.061035,-0.061035
36.648097,-0.005389,-0.688568,10.068063,0.144876,0.137512,0.003902,-0.030518,0.061035,-0.061035
36.658163,-0.008383,-0.686173,10.071656,0.141882,0.139907,0.007494,0.000000,0.061035,-0.061035
36.668228,-0.001796,-0.694556,10.076446,0.148469,0.131525,0.012284,-0.030518,0.000000,-0.091553
36.678297,0.001796,-0.693358,10.074650,0.152061,0.132722,0.010488,0.000000,0.000000,-0.061035
36.688363,0.001198,-0.690963,10.070458,0.151463,0.135117,0.006297,0.000000,0.000000,-0.030518
36.698429,0.000000,-0.692759,10.066866,0.150265,0.133321,0.002704,-0.030518,0.000000,0.030518
36.708494,-0.002994,-0.691562,10.078841,0.147271,0.134519,0.014679,-0.030518,0.000000,0.030518
36.718558,0.000000,-0.692759,10.074650,0.150265,0.133321,0.010488,0.000000,0.000000,0.000000
36.728623,-0.004191,-0.691562,10.075248,0.146074,0.134519,0.011087,0.030518,0.061035,0.030518
36.738689,-0.005988,-0.688568,10.068063,0.144277,0.137512,0.003902,0.030518,0.030518,-0.030518
36.748755,-0.005389,-0.692759,10.059681,0.144876,0.133321,-0.004481,0.030518,0.030518,-0.030518
36.758821,0.000599,-0.683778,10.070458,0.150864,0.142302,0.006297,0.061035,0.030518,-0.061035
36.768887,0.004790,-0.684377,10.075847,0.155055,0.141704,0.011685,0.061035,0.030518,-0.061035
36.778952,-0.001198,-0.681383,10.071057,0.149068,0.144697,0.006895,0.091553,0.030518,-0.030518
36.789017,-0.003593,-0.686173,10.072853,0.146672,0.139907,0.008692,0.061035,0.030518,-0.061035
36.799083,0.000000,-0.687371,10.075847,0.150265,0.138710,0.011685,0.061035,0.000000,-0.030518
36.809148,-0.000599,-0.691562,10.083032,0.149666,0.134519,0.018871,0.030518,0.000000,-0.030518
36.819213,-0.002395,-0.690364,10.083032,0.147870,0.135716,0.018871,0.061035,0.030518,-0.030518
36.829279,-0.001796,-0.690963,10.078841,0.148469,0.135117,0.014679,0.122070,0.030518,-0.061035
36.839344,-0.003593,-0.690364,10.073452,0.146672,0.135716,0.009290,0.091553,0.061035,-0.061035
36.849410,-0.005988,-0.687371,10.069261,0.144277,0.138710,0.005099,0.061035,0.061035,-0.061035
36.859481,-0.008981,-0.686772,10.081835,0.141284,0.139309,0.017673,0.061035,0.061035,-0.061035
36.869546,-0.004191,-0.681383,10.082433,0.146074,0.144697,0.018272,0.000000,0.030518,-0.061035
36.879611,-0.002395,-0.689766,10.080038,0.147870,0.136315,0.015877,0.000000,0.030518,-0.030518
36.889677,-0.010179,-0.685574,10.073452,0.140086,0.140506,0.009290,0.030518,0.000000,-0.061035
36.899742,-0.007784,-0.683778,10.071057,0.142481,0.142302,0.006895,0.030518,0.030518,-0.091553
36.909807,-0.011376,-0.680784,10.074650,0.138889,0.145296,0.010488,0.030518,0.000000,-0.061035
36.919873,-0.005988,-0.691562,10.080038,0.144277,0.134519,0.015877,0.000000,0.061035,-0.061035
36.929937,0.001198,-0.690364,10.070458,0.151463,0.135716,0.006297,0.030518,0.030518,-0.061035
36.940002,0.002395,-0.687371,10.068662,0.152660,0.138710,0.004500,0.000000,0.030518,-0.061035
36.950068,-0.001796,-0.684976,10.068063,0.148469,0.141105,0.003902,0.000000,-0.030518,-0.061035
36.960135,-0.007185,-0.686772,10.078242,0.143080,0.139309,0.014080,-0.030518,0.000000,-0.030518
36.970201,-0.004790,-0.682581,10.075847,0.145475,0.143500,0.011685,-0.061035,0.030518,0.030518
36.980268,-0.002395,-0.679587,10.071057,0.147870,0.146494,0.006895,-0.061035,0.030518,0.030518
36.990333,-0.001796,-0.678389,10.071057,0.148469,0.147691,0.006895,-0.061035,0.000000,0.000000
37.000398,-0.001796,-0.674797,10.074650,0.148469,0.151284,0.010488,-0.183105,-0.030518,-0.030518
37.010464,0.001796,-0.692161,10.086026,0.152061,0.133920,0.021864,-0.091553,0.030518,-0.030518
37.020529,0.001796,-0.674797,10.077045,0.152061,0.151284,0.012883,0.061035,0.061035,-0.030518
37.030595,-0.001198,-0.658630,10.071057,0.149068,0.167450,0.006895,-0.213623,0.030518,-0.030518
37.040661,0.006586,-0.692161,10.074051,0.156851,0.133920,0.009889,-0.640869,-0.061035,0.000000
37.050728,0.008383,-0.699346,10.075847,0.158648,0.126735,0.011685,-0.457764,-0.030518,0.000000
37.060793,0.004191,-0.690364,10.082433,0.154456,0.135716,0.018272,0.213623,0.091553,0.030518
37.070858,-0.010179,-0.638871,10.059082,0.140086,0.187209,-0.005080,0.762939,0.213623,-0.030518
37.080924,0.000000,-0.677791,10.084230,0.150265,0.148290,0.020068,0.091553,0.030518,-0.061035
37.090989,-0.015568,-0.640069,10.053693,0.134697,0.186011,-0.010468,0.671387,0.183105,-0.030518
37.101054,0.000000,-0.698747,10.080637,0.150265,0.127333,0.016475,0.305176,0.061035,-0.030518
37.111120,-0.010778,-0.666414,10.072255,0.139487,0.159666,0.008093,-0.152588,-0.030518,-0.030518
37.121184,-0.008383,-0.677192,10.077045,0.141882,0.148889,0.012883,-0.610352,-0.091553,0.030518
37.131251,0.001198,-0.676593,10.075847,0.151463,0.149487,0.011685,-1.098633,-0.183105,0.030518
37.141348,0.006586,-0.707728,10.081236,0.156851,0.118352,0.017074,-1.129150,-0.183105,0.000000
37.151444,0.000000,-0.704734,10.074051,0.150265,0.121346,0.009889,-0.427246,-0.061035,0.000000
37.161541,-0.001796,-0.679587,10.081236,0.148469,0.146494,0.017074,-0.579834,-0.091553,0.000000
37.171638,-0.004191,-0.707728,10.084828,0.146074,0.118352,0.020667,-0.701904,-0.122070,0.000000
37.181734,0.005389,-0.729283,10.080637,0.155654,0.096797,0.016475,0.305176,0.061035,-0.061035
37.191831,-0.004191,-0.674797,10.076446,0.146074,0.151284,0.012284,0.854492,0.152588,-0.061035
37.201928,-0.005988,-0.674198,10.081835,0.144277,0.151882,0.017673,0.000000,0.030518,0.000000
37.212024,-0.001796,-0.703537,10.086625,0.148469,0.122543,0.022463,-0.152588,0.000000,-0.030518
37.222120,0.004191,-0.721500,10.089619,0.154456,0.104581,0.025457,0.549316,0.183105,-0.061035
37.232251,0.003593,-0.715512,10.082433,0.153858,0.110568,0.018272,0.976562,0.244141,-0.030518
37.242347,-0.010179,-0.649649,10.066866,0.140086,0.176431,0.002704,0.701904,0.213623,-0.061035
37.252443,-0.015568,-0.656235,10.058483,0.134697,0.169845,-0.005678,0.823975,0.213623,-0.030518
37.262539,-0.004191,-0.673000,10.078242,0.146074,0.153080,0.014080,0.427246,0.152588,-0.030518
37.272635,-0.002994,-0.676593,10.072853,0.147271,0.149487,0.008692,0.030518,0.030518,0.030518
37.282727,-0.005389,-0.692161,10.072853,0.144876,0.133920,0.008692,0.000000,0.030518,0.030518
37.292825,-0.003593,-0.684377,10.071057,0.146672,0.141704,0.006895,0.366211,0.122070,0.000000
37.302921,-0.001796,-0.684377,10.076446,0.148469,0.141704,0.012284,0.366211,0.091553,0.030518
37.313014,-0.005389,-0.680784,10.084828,0.144876,0.145296,0.020667,0.213623,0.091553,0.000000
37.323110,-0.006586,-0.680186,10.080038,0.143679,0.145895,0.015877,0.244141,0.091553,0.030518
37.333234,0.000000,-0.680784,10.074051,0.150265,0.145296,0.009889,0.213623,0.122070,0.030518
37.343330,0.001796,-0.683778,10.068063,0.152061,0.142302,0.003902,0.122070,0.061035,0.000000
37.353426,0.002994,-0.684377,10.069860,0.153259,0.141704,0.005698,0.091553,0.061035,0.000000
37.363523,0.003593,-0.680784,10.071656,0.153858,0.145296,0.007494,0.091553,0.030518,0.000000
37.373619,0.000599,-0.678389,10.073452,0.150864,0.147691,0.009290,0.061035,0.000000,0.000000
37.383715,0.000000,-0.683778,10.068063,0.150265,0.142302,0.003902,0.000000,0.030518,0.000000
37.393811,-0.011376,-0.667612,10.060280,0.138889,0.158469,-0.003882,-0.061035,-0.030518,0.000000
37.403906,-0.006586,-0.665815,10.066267,0.143679,0.160265,0.002105,-0.366211,-0.061035,0.000000
37.414002,-0.004790,-0.694556,10.075847,0.145475,0.131525,0.011685,-0.305176,0.000000,-0.030518
37.424098,-0.005389,-0.677192,10.076446,0.144876,0.148889,0.012284,-0.091553,0.030518,0.000000
37.434219,0.001198,-0.676593,10.065668,0.151463,0.149487,0.001507,-0.640869,-0.061035,0.000000
37.444315,0.002395,-0.696951,10.064471,0.152660,0.129130,0.000309,-0.823975,-0.091553,0.000000
37.454412,-0.001198,-0.701741,10.063872,0.149068,0.124340,-0.000290,-0.732422,-0.091553,0.000000
37.464509,0.000000,-0.716111,10.071656,0.150265,0.109970,0.007494,-0.549316,-0.061035,-0.030518
37.474606,0.004790,-0.740660,10.071656,0.155055,0.085421,0.007494,0.915527,0.183105,0.000000
37.484702,-0.011376,-0.650847,10.067465,0.138889,0.175234,0.003303,1.037598,0.183105,0.000000
37.494798,0.000000,-0.703537,10.048304,0.150265,0.122543,-0.015857,0.579834,0.091553,0.000000
37.504894,0.000000,-0.681982,10.060878,0.150265,0.144099,-0.003283,0.457764,0.152588,0.000000
37.514990,-0.012574,-0.670007,10.056687,0.137691,0.156074,-0.007475,0.457764,0.152588,-0.030518
37.525085,-0.005988,-0.671803,10.056088,0.144277,0.154277,-0.008073,0.061035,0.030518,-0.030518
37.535210,-0.005988,-0.667013,10.051897,0.144277,0.159067,-0.012265,-0.152588,0.000000,-0.030518
37.545305,-0.000599,-0.672402,10.052496,0.149666,0.153679,-0.011666,-0.549316,-0.091553,0.000000
37.555439,-0.001198,-0.693358,10.066866,0.149068,0.132722,0.002704,-0.427246,-0.091553,0.030518
37.565535,0.001198,-0.682581,10.066866,0.151463,0.143500,0.002704,-0.366211,-0.061035,0.000000
37.575630,-0.005389,-0.681383,10.058483,0.144876,0.144697,-0.005678,-0.762939,-0.091553,0.000000
37.585725,-0.004191,-0.689766,10.054292,0.146074,0.136315,-0.009870,-0.915527,-0.152588,0.000000
37.595821,-0.002395,-0.713117,10.054891,0.147870,0.112963,-0.009271,-0.579834,-0.122070,-0.061035
37.605917,-0.001198,-0.695154,10.059681,0.149068,0.130926,-0.004481,-0.396729,-0.061035,-0.030518
37.616012,0.000000,-0.701741,10.062675,0.150265,0.124340,-0.001487,-0.366211,-0.030518,-0.030518
37.626107,0.004191,-0.698747,10.053693,0.154456,0.127333,-0.010468,-0.396729,-0.030518,-0.030518
37.636231,0.004790,-0.688568,10.054292,0.155055,0.137512,-0.009870,-0.579834,-0.061035,-0.030518
37.646327,0.010179,-0.747845,10.053693,0.160444,0.078236,-0.010468,-0.915527,-0.152588,-0.030518
37.656422,0.010778,-0.712518,10.055490,0.161043,0.113562,-0.008672,-0.335693,-0.091553,-0.030518
37.666517,0.007784,-0.734073,10.059681,0.158049,0.092007,-0.004481,-0.213623,-0.030518,0.000000
37.676612,0.012574,-0.725691,10.060878,0.162839,0.100389,-0.003283,0.335693,0.030518,0.000000
37.686708,0.005988,-0.714315,10.058483,0.156253,0.111766,-0.005678,0.762939,0.122070,-0.030518
37.696803,0.005389,-0.704734,10.055490,0.155654,0.121346,-0.008672,0.915527,0.122070,-0.061035
37.706899,-0.003593,-0.687371,10.056088,0.146672,0.138710,-0.008073,0.946045,0.152588,-0.061035
37.716995,0.001796,-0.687969,10.060878,0.152061,0.138111,-0.003283,0.427246,0.122070,-0.030518
37.727091,0.000000,-0.693957,10.062076,0.150265,0.132123,-0.002086,0.396729,0.122070,0.000000
37.737211,-0.008981,-0.690963,10.059082,0.141284,0.135117,-0.005080,0.396729,0.122070,0.000000
37.747306,-0.007185,-0.690364,10.062675,0.143080,0.135716,-0.001487,0.366211,0.122070,0.000000
37.757401,-0.008383,-0.683778,10.064471,0.141882,0.142302,0.000309,0.122070,0.061035,0.030518
37.767497,-0.013771,-0.677192,10.062076,0.136494,0.148889,-0.002086,-0.183105,0.030518,0.030518
37.777592,-0.010179,-0.700543,10.059681,0.140086,0.125537,-0.004481,-0.274658,0.000000,-0.030518
37.787687,-0.004191,-0.729882,10.059082,0.146074,0.096198,-0.005080,0.274658,0.061035,0.000000
37.797782,-0.001796,-0.718506,10.059082,0.148469,0.107575,-0.005080,0.701904,0.183105,0.000000
37.807880,0.001796,-0.714315,10.072853,0.152061,0.111766,0.008692,1.220703,0.274658,-0.061035
37.817976,0.002395,-0.670605,10.074051,0.152660,0.155475,0.009889,1.098633,0.274658,-0.061035
37.828072,0.003593,-0.692759,10.068662,0.153858,0.133321,0.004500,0.732422,0.213623,-0.030518
37.838199,0.005988,-0.688568,10.069860,0.156253,0.137512,0.005698,0.610352,0.152588,0.000000
37.848295,0.005389,-0.684976,10.070458,0.155654,0.141105,0.006297,0.427246,0.152588,0.000000
37.858392,0.005988,-0.678988,10.065070,0.156253,0.147092,0.000908,0.396729,0.122070,0.000000
37.868488,0.005988,-0.675994,10.066267,0.156253,0.150086,0.002105,0.305176,0.122070,-0.030518
37.878581,0.005988,-0.675994,10.060280,0.156253,0.150086,-0.003882,0.213623,0.091553,-0.030518
37.888678,0.000599,-0.671803,10.055490,0.150864,0.154277,-0.008672,0.183105,0.061035,0.000000
37.898773,-0.000599,-0.671803,10.064471,0.149666,0.154277,0.000309,-0.061035,-0.030518,0.030518
37.908870,-0.005389,-0.632884,10.061477,0.144876,0.193196,-0.002685,-0.366211,-0.061035,0.000000
37.918964,-0.006586,-0.613125,10.066267,0.143679,0.212955,0.002105,-2.136230,-0.366211,-0.030518
37.929061,0.004790,-0.725092,10.062076,0.155055,0.100988,-0.002086,-1.922607,-0.305176,-0.030518
37.939192,-0.001796,-0.680784,10.057885,0.148469,0.145296,-0.006277,-1.403809,-0.244141,-0.030518
37.949288,-0.010179,-0.714913,10.057885,0.140086,0.111167,-0.006277,-1.281738,-0.152588,-0.030518
37.959383,-0.002994,-0.699944,10.061477,0.147271,0.126136,-0.002685,-0.915527,-0.122070,-0.030518
37.969479,0.003593,-0.715512,10.062675,0.153858,0.110568,-0.001487,-0.610352,-0.061035,-0.030518
37.979575,0.003593,-0.719703,10.063273,0.153858,0.106377,-0.000888,-0.183105,-0.030518,0.000000
37.989670,0.001198,-0.715512,10.065070,0.151463,0.110568,0.000908,0.671387,0.091553,-0.030518
37.999766,0.014370,-0.757425,10.080637,0.164635,0.068655,0.016475,1.312256,0.213623,-0.030518
38.009862,-0.000599,-0.655637,10.094409,0.149666,0.170444,0.030247,1.800537,0.396729,-0.061035
38.019959,0.000000,-0.664019,10.072853,0.150265,0.162061,0.008692,1.617432,0.335693,-0.091553
38.030054,-0.005988,-0.653840,10.068662,0.144277,0.172240,0.004500,1.373291,0.305176,-0.091553
38.040174,-0.001796,-0.667013,10.067465,0.148469,0.159067,0.003303,0.946045,0.244141,-0.061035
38.050273,-0.001796,-0.678988,10.072853,0.148469,0.147092,0.008692,0.793457,0.213623,-0.061035
38.060371,-0.011975,-0.646057,10.074051,0.138290,0.180024,0.009889,0.457764,0.152588,-0.061035
38.070467,-0.000599,-0.704734,10.077643,0.149666,0.121346,0.013482,0.213623,0.061035,-0.091553
38.080563,0.004191,-0.717308,10.076446,0.154456,0.108772,0.012284,0.061035,0.030518,-0.061035
38.090655,-0.007185,-0.705333,10.058483,0.143080,0.120747,-0.005678,0.091553,0.030518,-0.091553
38.100751,-0.010778,-0.693957,10.062076,0.139487,0.132123,-0.002086,0.091553,0.030518,-0.091553
38.110847,-0.016765,-0.683778,10.071656,0.133500,0.142302,0.007494,0.152588,0.061035,-0.061035
38.120944,-0.019160,-0.684377,10.060280,0.131105,0.141704,-0.003882,0.122070,0.030518,-0.061035
38.131041,-0.017364,-0.677791,10.065668,0.132901,0.148290,0.001507,0.122070,0.061035,0.000000
38.141165,-0.010179,-0.677192,10.059681,0.140086,0.148889,-0.004481,0.091553,0.061035,0.000000
38.151261,-0.007185,-0.675994,10.056687,0.143080,0.150086,-0.007475,0.000000,0.030518,0.030518
38.161358,-0.007784,-0.675396,10.072255,0.142481,0.150685,0.008093,-0.030518,0.030518,0.030518
38.171455,-0.001796,-0.676593,10.068063,0.148469,0.149487,0.003902,-0.061035,0.000000,0.000000
38.181551,-0.007784,-0.679587,10.070458,0.142481,0.146494,0.006297,-0.122070,0.030518,-0.030518
38.191648,-0.007185,-0.664618,10.063872,0.143080,0.161462,-0.000290,-0.152588,0.030518,-0.030518
38.201744,-0.004191,-0.658630,10.068662,0.146074,0.167450,0.004500,-0.823975,-0.091553,0.000000
38.211875,-0.004790,-0.683179,10.069860,0.145475,0.142901,0.005698,-1.068115,-0.122070,-0.030518
38.221972,0.000599,-0.705932,10.077045,0.150864,0.120148,0.012883,-0.579834,-0.061035,-0.030518
38.232069,-0.001198,-0.673599,10.067465,0.149068,0.152481,0.003303,-0.457764,-0.030518,-0.030518
38.242185,-0.002395,-0.670605,10.065668,0.147870,0.155475,0.001507,-0.793457,-0.061035,-0.030518
38.252282,0.000000,-0.716710,10.068063,0.150265,0.109371,0.003902,-0.640869,-0.030518,0.000000
38.262378,-0.001796,-0.718506,10.069261,0.148469,0.107575,0.005099,-0.183105,0.030518,-0.030518
38.272475,-0.005988,-0.696352,10.068063,0.144277,0.129728,0.003902,0.213623,0.030518,-0.061035
38.282573,-0.002395,-0.704136,10.069860,0.147870,0.121945,0.005698,0.305176,0.061035,-0.061035
38.292670,0.007784,-0.719105,10.074051,0.158049,0.106976,0.009889,1.098633,0.244141,-0.122070
38.302766,-0.004191,-0.671204,10.062675,0.146074,0.154876,-0.001487,1.159668,0.274658,-0.213623
38.312862,-0.010179,-0.653242,10.062076,0.140086,0.172839,-0.002086,0.854492,0.213623,-0.183105
38.322959,0.004191,-0.680186,10.071656,0.154456,0.145895,0.007494,0.671387,0.183105,-0.183105
38.333056,0.001796,-0.695154,10.068063,0.152061,0.130926,0.003902,0.518799,0.152588,-0.122070
38.343170,0.000000,-0.694556,10.061477,0.150265,0.131525,-0.002685,0.305176,0.091553,-0.122070
38.353263,-0.000599,-0.692161,10.066267,0.149666,0.133920,0.002105,0.274658,0.091553,-0.091553
38.363359,-0.004191,-0.684377,10.071057,0.146074,0.141704,0.006895,0.213623,0.091553,-0.091553
38.373459,-0.005389,-0.687371,10.071656,0.144876,0.138710,0.007494,0.183105,0.061035,-0.091553
38.383555,-0.004191,-0.688568,10.065668,0.146074,0.137512,0.001507,0.122070,0.061035,-0.122070
38.393652,-0.001796,-0.687969,10.058483,0.148469,0.138111,-0.005678,0.122070,0.091553,-0.122070
38.403749,-0.008981,-0.692161,10.061477,0.141284,0.133920,-0.002685,0.122070,0.091553,-0.091553
38.413846,-0.008383,-0.689167,10.065070,0.141882,0.136914,0.000908,0.091553,0.122070,-0.091553
38.423943,-0.009580,-0.690364,10.065070,0.140685,0.135716,0.000908,0.091553,0.091553,-0.061035
38.434039,-0.007784,-0.694556,10.065668,0.142481,0.131525,0.001507,0.061035,0.061035,-0.061035
38.444234,-0.005389,-0.693358,10.059681,0.144876,0.132722,-0.004481,0.030518,0.061035,-0.061035
38.454324,-0.008981,-0.693358,10.063273,0.141284,0.132722,-0.000888,0.000000,0.030518,-0.061035
38.464416,-0.013173,-0.684377,10.070458,0.137092,0.141704,0.006297,0.000000,0.061035,-0.061035
38.474506,-0.014370,-0.687969,10.066866,0.135895,0.138111,0.002704,0.000000,0.030518,-0.061035
38.484596,-0.017364,-0.679587,10.065070,0.132901,0.146494,0.000908,0.061035,0.061035,-0.061035
38.494685,-0.016765,-0.686173,10.062076,0.133500,0.139907,-0.002086,0.061035,0.061035,-0.030518
38.504783,-0.008981,-0.687969,10.077643,0.141284,0.138111,0.013482,0.061035,0.061035,-0.030518
38.514874,-0.008383,-0.689766,10.077045,0.141882,0.136315,0.012883,0.030518,0.061035,-0.061035
38.524963,-0.011376,-0.684976,10.069261,0.138889,0.141105,0.005099,0.030518,0.061035,-0.091553
38.535053,-0.011376,-0.686772,10.066866,0.138889,0.139309,0.002704,0.030518,0.061035,-0.061035
38.545235,-0.007784,-0.681982,10.060878,0.142481,0.144099,-0.003283,0.061035,0.030518,-0.030518
38.555331,-0.008383,-0.690364,10.066267,0.141882,0.135716,0.002105,0.091553,0.030518,0.000000
38.565427,-0.013173,-0.683179,10.066267,0.137092,0.142901,0.002105,0.091553,0.091553,0.000000
38.575523,-0.008383,-0.681383,10.063872,0.141882,0.144697,-0.000290,0.061035,0.000000,0.000000
38.585618,-0.015568,-0.685574,10.056687,0.134697,0.140506,-0.007475,0.030518,0.030518,-0.030518
38.595715,-0.011975,-0.672402,10.064471,0.138290,0.153679,0.000309,0.030518,0.061035,-0.061035
38.605812,-0.013771,-0.668809,10.064471,0.136494,0.157271,0.000309,0.030518,0.030518,-0.061035
38.615907,-0.012574,-0.674198,10.067465,0.137691,0.151882,0.003303,0.091553,0.030518,-0.061035
38.626003,-0.008981,-0.683179,10.062675,0.141284,0.142901,-0.001487,0.091553,0.030518,-0.061035
38.636100,-0.007784,-0.681982,10.061477,0.142481,0.144099,-0.002685,0.091553,0.030518,-0.030518
38.646222,-0.007784,-0.675994,10.066267,0.142481,0.150086,0.002105,0.091553,0.061035,0.000000
38.656318,-0.001796,-0.680784,10.073452,0.148469,0.145296,0.009290,0.091553,0.061035,0.000000
38.666414,0.007185,-0.675994,10.076446,0.157450,0.150086,0.012284,0.122070,0.030518,0.000000
38.676511,0.005988,-0.681982,10.072255,0.156253,0.144099,0.008093,0.091553,0.030518,-0.030518
38.686607,0.000000,-0.684377,10.066866,0.150265,0.141704,0.002704,0.091553,0.061035,-0.030518
38.696703,-0.004790,-0.683778,10.064471,0.145475,0.142302,0.000309,0.091553,0.061035,-0.030518
38.706803,0.000000,-0.683778,10.066267,0.150265,0.142302,0.002105,0.061035,0.061035,-0.061035
38.716900,0.004790,-0.681982,10.065668,0.155055,0.144099,0.001507,0.061035,0.030518,-0.030518
38.726995,0.002994,-0.684377,10.065070,0.153259,0.141704,0.000908,0.061035,0.030518,-0.030518
38.737091,-0.004191,-0.678389,10.060280,0.146074,0.147691,-0.003882,0.061035,0.030518,0.000000
38.747215,-0.004191,-0.681383,10.065070,0.146074,0.144697,0.000908,0.000000,0.061035,0.000000
38.757311,-0.003593,-0.677192,10.068063,0.146672,0.148889,0.003902,0.000000,0.061035,-0.030518
38.767409,0.001796,-0.674797,10.063273,0.152061,0.151284,-0.000888,0.030518,0.061035,-0.061035
38.777504,-0.001796,-0.681982,10.070458,0.148469,0.144099,0.006297,0.000000,0.091553,-0.061035
38.787599,-0.006586,-0.699346,10.109976,0.143679,0.126735,0.045814,-0.030518,-0.030518,-0.061035
38.797696,0.009580,-0.643063,9.924362,0.159845,0.183018,-0.139800,0.152588,0.061035,-0.061035
38.807791,-0.028141,-0.650248,10.165062,0.122124,0.175833,0.100900,0.091553,0.000000,-0.061035
38.817887,-0.047900,-0.611329,9.921967,0.102365,0.214752,-0.142195,0.183105,0.122070,-0.030518
38.827984,-0.022154,-0.710722,10.070458,0.128111,0.115358,0.006297,0.061035,-0.030518,-0.061035
38.838080,0.007185,-0.727487,10.069261,0.157450,0.098593,0.005099,0.000000,-0.030518,-0.061035
38.848173,0.017963,-0.717308,10.117161,0.168228,0.108772,0.053000,0.030518,0.061035,-0.030518
38.858270,0.009580,-0.673599,9.975855,0.159845,0.152481,-0.088307,0.091553,0.061035,-0.030518
38.868365,0.007185,-0.667612,9.995015,0.157450,0.158469,-0.069146,0.091553,0.061035,-0.061035
38.878458,0.018561,-0.661624,10.103390,0.168826,0.164456,0.039228,0.061035,0.030518,-0.061035
38.888555,0.023351,-0.669408,10.051897,0.173616,0.156672,-0.012265,0.000000,0.122070,-0.061035
38.898651,0.007185,-0.699944,10.062076,0.157450,0.126136,-0.002086,0.000000,0.061035,-0.061035
38.908748,-0.005988,-0.687371,9.992620,0.144277,0.138710,-0.071541,0.061035,0.061035,-0.030518
38.918842,-0.008981,-0.691562,10.097402,0.141284,0.134519,0.033241,0.091553,0.061035,-0.030518
38.928938,-0.031734,-0.691562,10.052496,0.118531,0.134519,-0.011666,0.091553,0.091553,-0.061035
38.939034,-0.034129,-0.694556,10.002799,0.116136,0.131525,-0.061363,0.061035,0.122070,-0.061035
38.949160,-0.005389,-0.694556,10.077045,0.144876,0.131525,0.012883,0.030518,0.000000,0.000000
38.959257,0.007784,-0.684976,10.074650,0.158049,0.141105,0.010488,0.030518,0.030518,-0.030518
38.969353,0.019160,-0.670605,10.090217,0.169425,0.155475,0.026056,0.000000,0.030518,0.000000
38.979449,0.028740,-0.665217,9.996812,0.179005,0.160864,-0.067350,0.000000,0.030518,0.030518
38.989543,0.034129,-0.664618,10.024354,0.184394,0.161462,-0.039807,0.061035,0.030518,0.000000
38.999639,0.024549,-0.671803,10.096804,0.174814,0.154277,0.032642,0.030518,0.000000,-0.030518
39.009734,0.012574,-0.674797,10.059681,0.162839,0.151284,-0.004481,0.000000,0.061035,-0.061035
39.019831,-0.011975,-0.684976,10.049502,0.138290,0.141105,-0.014660,0.061035,0.000000,-0.061035
39.029927,-0.023950,-0.690963,10.026749,0.126315,0.135117,-0.037412,0.061035,0.030518,-0.061035
39.040022,-0.019160,-0.696352,10.130334,0.131105,0.129728,0.066172,0.091553,0.061035,0.000000
39.050151,-0.019160,-0.697549,10.058483,0.131105,0.128531,-0.005678,0.091553,0.061035,0.000000
39.060247,-0.012574,-0.689766,10.056088,0.137691,0.136315,-0.008073,0.122070,0.091553,0.030518
39.070343,-0.002395,-0.683179,10.069261,0.147870,0.142901,0.005099,0.122070,0.030518,0.030518
39.080439,0.007185,-0.683179,10.065070,0.157450,0.142901,0.000908,0.122070,0.091553,0.030518
39.090535,0.010778,-0.684377,10.072853,0.161043,0.141704,0.008692,0.091553,0.122070,0.030518
39.100631,0.007784,-0.678389,10.016570,0.158049,0.147691,-0.047591,0.061035,0.122070,0.030518
39.110727,0.001198,-0.687371,10.093810,0.151463,0.138710,0.029648,0.091553,0.061035,0.030518
39.120823,-0.002994,-0.689167,10.077643,0.147271,0.136914,0.013482,0.091553,0.091553,0.030518
39.130919,-0.013173,-0.692759,10.063273,0.137092,0.133321,-0.000888,0.030518,0.091553,0.030518
39.141015,-0.016166,-0.690963,10.036928,0.134099,0.135117,-0.027234,0.030518,0.091553,0.030518
39.151138,-0.020956,-0.690963,10.036329,0.129309,0.135117,-0.027832,0.030518,0.091553,0.000000
39.161235,-0.011975,-0.693957,10.095606,0.138290,0.132123,0.031444,0.030518,0.061035,0.000000
39.171327,-0.005988,-0.692161,10.045909,0.144277,0.133920,-0.018252,0.030518,0.030518,-0.030518
39.181423,-0.001796,-0.687969,10.068063,0.148469,0.138111,0.003902,-0.030518,0.030518,-0.030518
39.191519,0.001796,-0.684377,10.070458,0.152061,0.141704,0.006297,0.000000,0.061035,-0.030518
39.201615,0.003593,-0.685574,10.093211,0.153858,0.140506,0.029049,0.061035,0.061035,-0.030518
39.211712,0.002395,-0.686173,10.074051,0.152660,0.139907,0.009889,0.030518,0.061035,-0.030518
39.221807,-0.005389,-0.694556,10.039323,0.144876,0.131525,-0.024839,0.030518,0.061035,-0.030518
39.231903,-0.010179,-0.692161,10.082433,0.140086,0.133920,0.018272,0.061035,0.091553,-0.030518
39.241999,-0.011376,-0.696951,10.062675,0.138889,0.129130,-0.001487,0.061035,0.061035,-0.030518
39.252136,-0.013771,-0.684976,10.062076,0.136494,0.141105,-0.002086,0.030518,0.030518,-0.061035
39.262233,-0.010179,-0.680784,10.051298,0.140086,0.145296,-0.012864,0.061035,0.061035,-0.030518
39.272389,-0.001796,-0.684976,10.074051,0.148469,0.141105,0.009889,0.061035,0.091553,-0.030518
39.282496,-0.004191,-0.687371,10.080038,0.146074,0.138710,0.015877,0.061035,0.091553,-0.030518
39.292614,-0.004191,-0.682581,10.057286,0.146074,0.143500,-0.006876,0.030518,0.091553,0.000000
39.302722,0.002994,-0.685574,10.071057,0.153259,0.140506,0.006895,0.061035,0.091553,0.000000
39.312836,-0.004191,-0.677192,10.066866,0.146074,0.148889,0.002704,0.061035,0.091553,0.000000
39.322946,-0.002395,-0.680186,10.054292,0.147870,0.145895,-0.009870,0.030518,0.091553,-0.030518
39.333089,-0.001198,-0.683179,10.061477,0.149068,0.142901,-0.002685,0.030518,0.122070,0.000000
39.343225,-0.012574,-0.675396,10.068662,0.137691,0.150685,0.004500,0.000000,0.091553,-0.030518
39.353406,-0.014969,-0.681383,10.086026,0.135296,0.144697,0.021864,0.030518,0.122070,-0.030518
39.363516,-0.007185,-0.682581,10.050699,0.143080,0.143500,-0.013462,0.000000,0.061035,0.000000
39.373642,-0.010179,-0.685574,10.065668,0.140086,0.140506,0.001507,0.030518,0.061035,0.030518
39.383761,-0.002395,-0.684377,10.073452,0.147870,0.141704,0.009290,0.030518,0.091553,0.030518
39.393857,0.002395,-0.678389,10.059681,0.152660,0.147691,-0.004481,0.061035,0.122070,0.030518
39.403971,0.008981,-0.673599,10.062076,0.159246,0.152481,-0.002086,0.091553,0.122070,0.030518
39.414094,0.012574,-0.673000,10.057885,0.162839,0.153080,-0.006277,0.091553,0.091553,0.000000
39.424185,0.011975,-0.678988,10.075248,0.162240,0.147092,0.011087,0.091553,0.091553,0.000000
39.434280,0.004790,-0.684976,10.053693,0.155055,0.141105,-0.010468,0.061035,0.061035,-0.030518
39.444364,-0.001198,-0.690364,10.051298,0.149068,0.135716,-0.012864,0.061035,0.030518,0.000000
39.454512,-0.006586,-0.693957,10.059082,0.143679,0.132123,-0.005080,0.091553,0.030518,0.030518
39.464598,-0.008383,-0.692161,10.071057,0.141882,0.133920,0.006895,0.061035,0.030518,0.000000
39.474673,-0.011376,-0.687969,10.068662,0.138889,0.138111,0.004500,0.061035,0.030518,0.000000
39.484748,-0.006586,-0.684976,10.038724,0.143679,0.141105,-0.025437,0.030518,0.030518,0.030518
39.494823,-0.002395,-0.683778,10.054292,0.147870,0.142302,-0.009870,0.061035,0.030518,-0.030518
39.504900,0.005988,-0.675994,10.060878,0.156253,0.150086,-0.003283,0.061035,0.061035,-0.030518
39.514975,0.010179,-0.674797,10.068063,0.160444,0.151284,0.003902,0.030518,0.061035,0.030518
39.525050,0.011376,-0.673000,10.056088,0.161641,0.153080,-0.008073,0.061035,0.061035,-0.030518
39.535124,0.032333,-0.678988,9.947115,0.182598,0.147092,-0.117047,0.061035,0.091553,-0.030518
39.545201,-0.002395,-0.683778,10.108180,0.147870,0.142302,0.044018,0.000000,0.030518,-0.030518
39.555345,0.002395,-0.656235,10.039922,0.152660,0.169845,-0.024240,0.061035,0.030518,0.030518
39.565439,-0.011975,-0.646655,9.929751,0.138290,0.179425,-0.134411,0.061035,0.152588,0.030518
39.575539,-0.004790,-0.684377,10.133328,0.145475,0.141704,0.069166,0.030518,-0.061035,0.000000
39.585637,0.018561,-0.667013,9.862092,0.168826,0.159067,-0.202070,0.061035,-0.030518,0.000000
39.595732,-0.008981,-0.682581,10.217153,0.141284,0.143500,0.152992,0.061035,0.030518,0.000000
39.605829,0.002994,-0.672402,9.902208,0.153259,0.153679,-0.161953,0.061035,-0.030518,-0.030518
39.615925,-0.004790,-0.673599,9.966275,0.145475,0.152481,-0.097887,0.091553,0.091553,-0.061035
39.626019,-0.002395,-0.671803,10.127340,0.147870,0.154277,0.063178,0.091553,-0.030518,-0.061035
39.636116,0.006586,-0.663420,10.010583,0.156851,0.162660,-0.053579,0.030518,0.030518,-0.030518
39.646214,-0.001198,-0.679587,10.121353,0.149068,0.146494,0.057191,0.000000,0.030518,-0.061035
39.656407,0.010179,-0.665815,9.926158,0.160444,0.160265,-0.138003,0.091553,-0.030518,-0.030518
39.666495,0.017364,-0.681383,10.178833,0.167629,0.144697,0.114671,0.061035,0.000000,-0.030518
39.676589,0.016166,-0.678389,10.101594,0.166431,0.147691,0.037432,0.061035,-0.030518,0.000000
39.686678,0.011975,-0.678389,10.045909,0.162240,0.147691,-0.018252,0.030518,0.061035,0.000000
39.696769,-0.001796,-0.683179,10.063273,0.148469,0.142901,-0.000888,0.000000,0.061035,0.000000
39.706859,0.007185,-0.683179,10.084828,0.157450,0.142901,0.020667,0.030518,0.091553,-0.030518
39.716949,0.002994,-0.689766,10.131531,0.153259,0.136315,0.067370,0.000000,0.091553,-0.061035
39.727039,-0.001198,-0.683179,10.045311,0.149068,0.142901,-0.018851,0.000000,0.061035,-0.030518
39.737130,-0.010179,-0.684377,10.040521,0.140086,0.141704,-0.023641,0.030518,0.030518,-0.030518
39.747231,-0.006586,-0.676593,10.111772,0.143679,0.149487,0.047611,0.061035,0.030518,0.000000
39.757405,0.005988,-0.671204,10.074051,0.156253,0.154876,0.009889,0.061035,0.061035,0.000000
39.767502,0.004790,-0.677192,10.067465,0.155055,0.148889,0.003303,0.030518,0.091553,0.000000
39.777596,0.011975,-0.675396,10.040521,0.162240,0.150685,-0.023641,0.030518,0.061035,-0.030518
39.787693,0.019160,-0.675994,10.100396,0.169425,0.150086,0.036234,0.061035,0.061035,-0.030518
39.797792,0.020358,-0.681383,10.104587,0.170623,0.144697,0.040426,0.030518,0.061035,-0.030518
39.807893,0.007185,-0.684377,10.020762,0.157450,0.141704,-0.043400,0.030518,0.061035,-0.030518
39.817990,0.000599,-0.687371,10.041119,0.150864,0.138710,-0.023042,0.000000,0.030518,-0.030518
39.828086,-0.004790,-0.692759,10.092014,0.145475,0.133321,0.027852,-0.030518,0.030518,0.000000
39.838184,-0.010778,-0.697549,10.095606,0.139487,0.128531,0.031444,-0.030518,0.061035,0.000000
39.848280,-0.012574,-0.693358,10.069261,0.137691,0.132722,0.005099,0.000000,0.030518,-0.030518
