time,ecg_signal
0.00013065338134765625,1.2085320006051063
0.006132841110229492,2.1885683761320562
0.008505821228027344,2.1571144052880293
0.010865926742553711,2.1506663740475624
0.013335227966308594,2.148536699835861
0.01575183868408203,2.138035552267498
0.01812291145324707,2.112610591961216
0.020673036575317383,2.0710923756471127
0.02310800552368164,2.0122840419154215
0.02557516098022461,2.001565337367694
0.027952909469604492,1.9744988649486142
0.03049612045288086,1.963176365277334
0.03330111503601074,1.9468691285692608
0.035669803619384766,1.9291593944024317
0.03806018829345703,1.9040682201466823
0.04044365882873535,1.9148971933003895
0.042786359786987305,1.9507344902437318
0.04517006874084473,1.9705202544355696
0.04751753807067871,1.983958719248619
0.05001258850097656,2.035601977777717
0.05515599250793457,2.100372564837046
0.05752992630004883,2.114036931280724
0.05987191200256348,2.137938992731451
0.062241554260253906,2.166077156791348
0.06469225883483887,2.1791150783437585
0.06705331802368164,2.180091998588085
0.06954526901245117,2.2680595240663917
0.07185101509094238,2.3032864693744743
0.07439088821411133,2.3006066442259128
0.0767514705657959,2.3220446493678866
0.07926821708679199,2.3991629361108466
0.08155083656311035,2.4689975343939703
0.08381056785583496,2.528459731156794
0.08607006072998047,2.589487146078008
0.08832716941833496,2.6423129609004214
0.09058141708374023,2.6958438987545845
0.0931093692779541,2.751053303605712
0.0953671932220459,2.7957103008878588
0.09762334823608398,2.835967878814683
0.09987711906433105,2.872467383440421
0.10213375091552734,2.889017807128168
0.1044156551361084,2.9260507733882397
0.10667276382446289,2.9529354516190827
0.10892915725708008,2.9790726875153406
0.11118245124816895,3.0003467798646426
0.11344504356384277,3.0194298052108057
0.11569952964782715,3.0367097898375737
0.11795496940612793,3.048101430905036
0.12022542953491211,3.051491147457498
0.12250137329101562,2.992782949540967
0.1248772144317627,2.9429981640575127
0.12723445892333984,2.9002407670308075
0.1295936107635498,2.9192570351668636
0.13185930252075195,2.9274097594511224
0.13413143157958984,2.9358462018783333
0.13639068603515625,2.927892557131357
0.1386575698852539,2.9298303043640024
0.1409163475036621,2.9383442328386584
0.1431736946105957,2.9382202551627463
0.1454308032989502,2.938737027494553
0.1476907730102539,2.9296997701763834
0.14995074272155762,2.9319575943896288
0.15221023559570312,2.9251102119815604
0.15447592735290527,2.9209355021638275
0.15673255920410156,2.910362232966689
0.15898942947387695,2.890913831104497
0.16124725341796875,2.8960797662830076
0.16350746154785156,2.8869936331502952
0.16576480865478516,2.8753892034756188
0.16801834106445312,2.8633025721672265
0.170274019241333,2.8522548499411164
0.1725296974182129,2.8385326669851145
0.17478609085083008,2.8231624154046076
0.1771228313446045,2.786999081015477
0.17943477630615234,2.731960145468729
0.18178439140319824,2.6755002350211425
0.18417048454284668,2.671016773106667
0.1864612102508545,2.6636764602275442
0.1887197494506836,2.6559671945532792
0.19097495079040527,2.6455405527997677
0.19324016571044922,2.6394656466800743
0.1954965591430664,2.6295659100491893
0.1977536678314209,2.62332411090423
0.20002508163452148,2.613047672873458
0.20228242874145508,2.5978317973413225
0.20453906059265137,2.578934738509028
0.20679378509521484,2.5760796756839364
0.20904922485351562,2.57063657887418
0.21130728721618652,2.562091059934027
0.21357035636901855,2.5562575526544515
0.21582579612731934,2.5456145460146122
0.21808195114135742,2.538910214771058
0.2203376293182373,2.5308224595573496
0.22259306907653809,2.52497583925436
0.2248551845550537,2.519538702909792
0.2271106243133545,2.5001773238393454
0.22937369346618652,2.5041857366783304
0.2316274642944336,2.4995425342968147
0.23388385772705078,2.4945738905160297
0.23613834381103516,2.4902251351148053
0.23839378356933594,2.4863371236726195
0.24065756797790527,2.4976417419483354
0.2430129051208496,2.4754360288901363
0.24527192115783691,2.472332414666702
0.2475264072418213,2.4709519709291423
0.24978160858154297,2.4609824968555567
0.25203657150268555,2.464142139451759
0.2543003559112549,2.461233432439975
0.25655698776245117,2.4587610314799586
0.25881314277648926,2.458653743106573
0.26106882095336914,2.4551036900405516
0.26332926750183105,2.4508807004547952
0.26558780670166016,2.4498954355592053
0.26784300804138184,2.4474337634365275
0.2701072692871094,2.4459108645809726
0.27236294746398926,2.4467280443582586
0.2746269702911377,2.4453458124811425
0.276883602142334,2.447143488781868
0.27913689613342285,2.446335249702364
0.28139209747314453,2.448715859498484
0.28365230560302734,2.4470338162224072
0.28590893745422363,2.449322038808112
0.2881627082824707,2.448324256935627
0.29042506217956543,2.4509915651072935
0.2926805019378662,2.4520817341901937
0.2949521541595459,2.4544796293353595
0.2973785400390625,2.456128294006383
0.29964327812194824,2.456224257495911
0.30189990997314453,2.456332737962334
0.3042013645172119,2.458719904270161
0.30646729469299316,2.444772415730049
0.30872297286987305,2.4488297043835763
0.3109769821166992,2.4585005591512394
0.31323838233947754,2.457551653093297
0.3154933452606201,2.460968787785624
0.3177499771118164,2.4633946971171734
0.3200042247772217,2.467403706002677
0.32225918769836426,2.4705538118545785
0.32451558113098145,2.4610200477862416
0.3267695903778076,2.4796852445227198
0.3290255069732666,2.483161983866928
0.33127856254577637,2.487401662755211
0.333554744720459,2.4893423902204503
0.3358118534088135,2.492879330263058
0.33806705474853516,2.493591605853034
0.34032273292541504,2.4989965556855864
0.3425765037536621,2.501430809668399
0.3448371887207031,2.50493615924551
0.3470914363861084,2.5080481181202074
0.3493480682373047,2.510056198842072
0.35160136222839355,2.5114348544400755
0.35385775566101074,2.500215470816549
0.3561115264892578,2.5153258461148553
0.3583669662475586,2.5001582503507436
0.3606224060058594,2.5211754466504392
0.36287617683410645,2.5150212663437443
0.3651432991027832,2.5186541698758806
0.3673989772796631,2.5176790377711105
0.36965513229370117,2.5195333384911227
0.37190914154052734,2.5056365139051096
0.3742339611053467,2.461789543842023
0.37658047676086426,2.3897442090206393
0.37891554832458496,2.3828360298676525
0.38124561309814453,2.3861852152568357
0.38355278968811035,2.3962214465405283
0.3858156204223633,2.3805609203053617
0.38813328742980957,2.3659971196648026
0.3905029296875,2.38565294571554
0.3930847644805908,2.3828676203331494
0.39534616470336914,2.4104311955489153
0.39760279655456543,2.4208375717207873
0.3998563289642334,2.430115035786037
0.4021146297454834,2.4368163867969974
0.40438055992126465,2.4416485359249753
0.40663647651672363,2.454061800725675
0.4088928699493408,2.451620394184636
0.411146879196167,2.4587616275264774
0.4134035110473633,2.470869716509547
0.41565752029418945,2.471270259770186
0.41791224479675293,2.478323278227243
0.4201657772064209,2.4850723129597085
0.42243027687072754,2.4978587028811816
0.424701452255249,2.495455443317347
0.4269585609436035,2.5017431380442545
0.4292137622833252,2.5093624006941795
0.431471586227417,2.500094473373231
0.4337348937988281,2.519336643139916
0.4359896183013916,2.5227537778322433
0.4382452964782715,2.52923697581732
0.44050049781799316,2.532279197249317
0.44275426864624023,2.534385029600266
0.4450099468231201,2.540417020370605
0.4472634792327881,2.5392350601238083
0.44951820373535156,2.5455799753165214
0.45177149772644043,2.539313738264291
0.45403122901916504,2.539185588262747
0.45628857612609863,2.551551765388461
0.4585423469543457,2.5547877019390706
0.4608020782470703,2.555084533105437
0.46318602561950684,2.548314040698295
0.4654510021209717,2.548733061401017
0.46770739555358887,2.548364108605875
0.46996450424194336,2.547058766729685
0.4722311496734619,2.5478926358094975
0.4744865894317627,2.5474104341757817
0.4767417907714844,2.5485137162820957
0.47899460792541504,2.5470545944040532
0.4812502861022949,2.5447091513525426
0.48352956771850586,2.53432304076231
0.48580503463745117,2.5344553630894855
0.48805928230285645,2.5337222258713514
0.4903147220611572,2.534453574949929
0.4925711154937744,2.5273576411435177
0.49483585357666016,2.525940242521792
0.49709391593933105,2.528444829993824
0.4994809627532959,2.5197455310518184
0.501744270324707,2.5210192824625115
0.5040020942687988,2.518997492670714
0.5062582492828369,2.514652909595121
0.5085153579711914,2.51645893054711
0.5107681751251221,2.50788182114146
0.5130307674407959,2.496033012394072
0.5152957439422607,2.4986830352166933
0.5175533294677734,2.4973872300848043
0.5198080539703369,2.496049701696599
0.5220625400543213,2.4977061149723667
0.5243232250213623,2.4959358568115064
0.5265779495239258,2.4976226684597336
0.5288338661193848,2.496561109609736
0.5310871601104736,2.498134076372871
0.5333435535430908,2.4956586951802606
0.5355978012084961,2.4989470838245254
0.537853479385376,2.494392692374312
0.540107250213623,2.495175897500026
0.5423617362976074,2.4538609330488366
0.5447530746459961,2.349581402490306
0.5472972393035889,2.3415127207652
0.5496594905853271,2.299785888169514
0.5521464347839355,2.2608187509559095
0.5545346736907959,2.225783136580364
0.5568971633911133,2.195007466674741
0.5592350959777832,2.2024318221130157
0.5615134239196777,2.2313317336239495
0.5637719631195068,2.2430422595789743
0.5660390853881836,2.265849383574651
0.5682971477508545,2.2803434467725094
0.5705513954162598,2.2984263060601124
0.5730340480804443,2.3143115418328692
0.5752921104431152,2.3310258783132887
0.5775611400604248,2.3026337984363794
0.579871416091919,2.3225101616990758
0.5821473598480225,2.33901707399095
0.5844159126281738,2.361278815421917
0.586672306060791,2.378210708881701
0.5889284610748291,2.395149754899711
0.5911839008331299,2.4195095800768827
0.5934474468231201,2.429310372985646
0.5957026481628418,2.444874935731284
0.5979592800140381,2.460326249638349
0.6002297401428223,2.4734809963084454
0.6024835109710693,2.4853518587770296
0.6047399044036865,2.4996325373211548
0.6069943904876709,2.5104436290792975
0.6092500686645508,2.5242039590125036
0.611504077911377,2.5333496967970963
0.6137645244598389,2.5292876397714186
0.6160199642181396,2.5262334974090455
0.6182756423950195,2.53932923547378
0.6205322742462158,2.548090523253742
0.6227855682373047,2.5544741814701775
0.6250460147857666,2.5733885256515174
0.6273388862609863,2.549105590475272
0.6296548843383789,2.553400701689804
0.6319198608398438,2.560423321774402
0.6341817378997803,2.537993495225131
0.6365008354187012,2.5367644473033484
0.638796329498291,2.534481589136313
0.6411185264587402,2.533780042383676
0.6434011459350586,2.5450506860078197
0.645660400390625,2.5511935414306572
0.6479191780090332,2.5580945680254183
0.650174617767334,2.5627526715699043
0.6524298191070557,2.567442961626406
0.6546905040740967,2.5718721833076694
0.6569483280181885,2.575922319402971
0.6592025756835938,2.5813475348171635
0.661466121673584,2.5781747791975476
0.6637296676635742,2.5821498134314793
0.6659889221191406,2.5783857796652057
0.6682453155517578,2.5831839541416115
0.6704990863800049,2.583474228796271
0.6729130744934082,2.586889575349042
0.6751797199249268,2.578354189199709
0.6774506568908691,2.5352385682151994
0.679790735244751,2.4822846033912422
0.6821694374084473,2.429814032294039
0.6845381259918213,2.3896309601820658
0.6869175434112549,2.3439428024223807
0.689307451248169,2.3043825989225626
0.6916463375091553,2.2805788851474387
0.6939890384674072,2.2633322791257235
0.6963059902191162,2.2291037117366446
0.6985974311828613,2.1877279505405367
0.7008764743804932,2.184166572590658
0.7031974792480469,2.1589663218219663
0.7056291103363037,2.144279735598533
0.7079038619995117,2.1235563902326096
0.7102081775665283,2.1126564875431644
0.7125144004821777,2.0968630429343036
0.7148618698120117,2.092275868925556
0.7172353267669678,2.0632937029950265
0.7195804119110107,2.0475771483870924
0.7219524383544922,2.0524706903065075
0.7243244647979736,2.0591160129447
0.726646900177002,2.0615633799509263
0.7289879322052002,2.0685973249193816
0.731306791305542,2.0726778593871424
0.733651876449585,2.1393540071671016
0.735914945602417,2.1842196207308318
0.7381727695465088,2.2379120871915923
0.7404305934906006,2.2886022673371156
0.7426841259002686,2.3414608647180635
0.7449464797973633,2.384248660117228
0.7472019195556641,2.428076556691713
0.7494862079620361,2.469924982777236
0.751744270324707,2.5107577455947094
0.7540004253387451,2.53913909663428
0.7562558650970459,2.585379789516901
0.7585098743438721,2.620067908771981
0.7607648372650146,2.6546481436071567
0.7630252838134766,2.6857325656095226
0.7652828693389893,2.7153930324784556
0.7675364017486572,2.738840906481851
0.769791841506958,2.7687838994006992
0.7720458507537842,2.7836397628354743
0.7743043899536133,2.8050968414660504
0.7765617370605469,2.826290467535313
0.7788166999816895,2.8412649442273312
0.7810719013214111,2.857700330936948
0.7833278179168701,2.868999584793995
0.7855837345123291,2.8813031770352335
0.7878379821777344,2.889023171546837
0.7900934219360352,2.8984794495677293
0.7923476696014404,2.904788601969314
0.7946078777313232,2.910378922269216
0.7968642711639404,2.91364764137836
0.7991170883178711,2.915529956284756
0.8013713359832764,2.915843476753649
0.8036291599273682,2.9129031792763684
0.8058853149414062,2.911372531816069
0.8081388473510742,2.907354582232783
0.810394287109375,2.8907874692425097
0.812650203704834,2.890926944127911
0.8149056434631348,2.8932670227607518
0.817162036895752,2.8882423506071984
0.8194248676300049,2.857312304653204
0.8216829299926758,2.849338990371107
0.8239443302154541,2.8430661968071695
0.8262012004852295,2.8333095113407984
0.8284575939178467,2.8226784256313353
0.830711841583252,2.8130671755155534
0.8329670429229736,2.7997556686110103
0.8352260589599609,2.788524960103626
0.8374819755554199,2.7744534938876027
0.8397362232208252,2.7627691939794055
0.841991662979126,2.7500573098727834
0.8442478179931641,2.7389887260185155
0.8465008735656738,2.725079980502126
0.8487548828125,2.7116373433634453
0.8510076999664307,2.695460640842991
0.8532683849334717,2.6931461922104587
0.8555247783660889,2.6712486352024833
0.8577797412872314,2.659028489473878
0.8600327968597412,2.6472374972388146
0.8622879981994629,2.6279428753784746
0.864565372467041,2.6167437573365877
0.8668220043182373,2.6025113585604855
0.8690774440765381,2.590384792135333
0.8713316917419434,2.5779435131482495
0.8735883235931396,2.568044968610402
0.8758413791656494,2.556591338704984
0.8780958652496338,2.5488969741936893
0.8803517818450928,2.536784116838469
0.8826055526733398,2.5309309400237727
0.88486647605896,2.505305112040652
0.8871915340423584,2.409210492278396
0.889545202255249,2.3438200168395062
0.8920316696166992,2.3416045119290962
0.8945448398590088,2.283119831457118
0.8969576358795166,2.2347393315719764
0.8993837833404541,2.193210982467053
0.901839017868042,2.154330868045195
0.9043734073638916,2.1242436318687954
0.9067988395690918,2.099304449475342
0.9092013835906982,2.03321481146989
0.9115338325500488,2.015991451262409
0.9138920307159424,2.013015987040518
0.9162459373474121,2.049999481439529
0.9185395240783691,2.0702763879628643
0.9209079742431641,2.094940792911147
0.9232223033905029,2.128805771923753
0.9254801273345947,2.1609833432416132
0.9277336597442627,2.1934118501438915
0.9299883842468262,2.2239675788840745
0.9322428703308105,2.2609087539802495
0.9344995021820068,2.2656675893864144
0.9367556571960449,2.3077848324519197
0.9390089511871338,2.3337641160206934
0.9412648677825928,2.3631039098625077
0.9435265064239502,2.3891559111065757
0.9457838535308838,2.4149325388589546
0.9480373859405518,2.4397090005527735
0.9502925872802734,2.4601748538225716
0.9525480270385742,2.481630144313591
0.954808235168457,2.5004699826800802
0.9570655822753906,2.5215974475857554
0.9593229293823242,2.5349429291418706
0.9615819454193115,2.5544521277489816
0.9638395309448242,2.5698855602604818
0.9660947322845459,2.5782808754778954
0.9683501720428467,2.597258996636748
0.9706025123596191,2.6125374570533584
0.9729282855987549,2.6174560329265635
0.9751834869384766,2.617491795717692
0.9774396419525146,2.642550783461426
0.9796934127807617,2.650921660771568
0.9819483757019043,2.656408865023716
0.9842109680175781,2.662039120440378
0.9864654541015625,2.668475230750469
0.9887216091156006,2.6717886533485236
0.9909749031066895,2.676888427363447
0.9932308197021484,2.6649037200097703
0.995513916015625,2.6734158603448703
0.9977796077728271,2.675831040839081
1.0000333786010742,2.6749375671073876
1.0024325847625732,2.6722744312613527
1.0047123432159424,2.6735326854625567
1.006969928741455,2.673084458480413
1.009225845336914,2.6731828061560163
1.011479139328003,2.656250316649713
1.0137627124786377,2.656262833626608
1.0160179138183594,2.6652518111767542
1.0183086395263672,2.6453301483786285
1.0205864906311035,2.647857981664894
1.0228421688079834,2.631683067283996
1.0251293182373047,2.6281795058464414
1.027383804321289,2.6256153137225287
1.0296385288238525,2.617398216414239
1.031891107559204,2.6206973338958424
1.0341532230377197,2.6164457340771836
1.0364093780517578,2.6126393810080746
1.0386629104614258,2.6080116758360474
1.0409178733825684,2.612405134726183
1.0431745052337646,2.59916336526434
1.045433521270752,2.5959357733649937
1.0476882457733154,2.5897553670114717
1.049943208694458,2.578265974314925
1.0522041320800781,2.57208199168229
1.0544703006744385,2.5689378462955768
1.0567271709442139,2.562787838314514
1.0589821338653564,2.5585845182638787
1.0612380504608154,2.5521126451626595
1.063511610031128,2.5453904325235404
1.0657711029052734,2.537881438479595
1.068042516708374,2.500277459654505
1.0703306198120117,2.5106623781517
1.0725975036621094,2.5060817606546593
1.0748627185821533,2.5044962769146295
1.0771210193634033,2.4996021389486955
1.0793750286102295,2.49785453055555
1.0816309452056885,2.494253217488911
1.0838868618011475,2.4907740939586276
1.08614182472229,2.48702198112273
1.088397741317749,2.497845589857768
1.0906507968902588,2.481654582220862
1.0929145812988281,2.4799218749906866
1.0951721668243408,2.4612060143001098
1.0974278450012207,2.4746707051599866
1.099682331085205,2.4612012459279593
1.1019408702850342,2.4610510422052196
1.104207992553711,2.468010481358824
1.1064631938934326,2.4643328743377775
1.1087188720703125,2.4609491182505034
1.1109733581542969,2.462590630363301
1.1132302284240723,2.461168463369425
1.1154835224151611,2.459990079401741
1.1177377700805664,2.4583944628708916
1.119990587234497,2.4563565798230864
1.122246265411377,2.455000573992798
1.1245050430297852,2.450704866731747
1.1267590522766113,2.4219408538271017
1.1290664672851562,2.419663956125254
1.1313767433166504,2.419532825891116
1.1336565017700195,2.4127104774368378
1.135958194732666,2.3837187747620074
1.1382842063903809,2.378167197485828
1.1405737400054932,2.3612114621652918
1.1429088115692139,2.3736825434783153
1.1451842784881592,2.3763629646733957
1.147437572479248,2.3835316161551017
1.1496946811676025,2.382936761729331
1.1519484519958496,2.3829200724268045
1.15421462059021,2.394926833501677
1.1564719676971436,2.3999342203061844
1.1587255001068115,2.4195882582173653
1.1609797477722168,2.4093207608843756
1.1632392406463623,2.414412190248035
1.1655058860778809,2.4167635937647334
1.167759895324707,2.4210861231191303
1.1700143814086914,2.422098806154586
1.172269344329834,2.428638628558949
1.1745243072509766,2.439238719849434
1.176785945892334,2.43856041891103
1.1790399551391602,2.44131117359533
1.1812951564788818,2.4463489587722966
1.1835548877716064,2.4486771164747614
1.1858136653900146,2.4587306331074994
1.1880683898925781,2.452289158378739
1.1903254985809326,2.4585536072914134
1.192580223083496,2.4606940103404535
1.1948821544647217,2.4642577724764076
1.197141408920288,2.467870410426904
1.1993951797485352,2.46844261508496
1.2016496658325195,2.4712684716306295
1.2039053440093994,2.472730573741266
1.206160306930542,2.4753048986559985
1.2084150314331055,2.4783244703202807
1.2106685638427734,2.4805751419753004
1.212928295135498,2.495157420057943
1.2151830196380615,2.497566044040447
1.217437982559204,2.4976781007859827
1.219691514968872,2.4863436801843264
1.2219457626342773,2.48759716601338
1.2242472171783447,2.489685713015284
1.226503610610962,2.491944729321567
1.2287578582763672,2.475281652841765
1.2310118675231934,2.4954077595958424
1.2332677841186523,2.4828127006069063
1.2355213165283203,2.485254107147945
1.237776279449463,2.48586684296928
1.2400288581848145,2.4871817215897707
1.2422831058502197,2.4885562048621424
1.244541883468628,2.4899044620876865
1.246795892715454,2.489735184876345
1.2490525245666504,2.480575738021819
1.2513060569763184,2.4905166018625025
1.2535724639892578,2.489594517897906
1.2558298110961914,2.4903801072096954
1.258084774017334,2.4900683748803587
1.2603399753570557,2.495381533549015
1.2625961303710938,2.485058007843257
1.2648561000823975,2.484782038305049
1.2671093940734863,2.484370170160552
1.2693638801574707,2.497636973576185
1.2716171741485596,2.48259573967406
1.2738804817199707,2.482158241529255
1.2761354446411133,2.4826291182791134
1.2783901691436768,2.48323589363526
1.2806456089019775,2.484624085977565
1.2829039096832275,2.4820199587368914
1.285165786743164,2.483217416193177
1.2874205112457275,2.4806734896509037
1.289675235748291,2.4817332603613447
1.2919285297393799,2.495296894943344
1.2941861152648926,2.4826136210696244
1.2964420318603516,2.4815341808240627
1.2986953258514404,2.4823805668807704
1.300950288772583,2.480396328019658
1.3032104969024658,2.478106317294397
1.3054661750793457,2.4798133945242635
1.3077192306518555,2.480377254531056
1.3099734783172607,2.4821588375757737
1.3122379779815674,2.479899225222972
1.3144958019256592,2.4823090412985134
1.3167524337768555,2.4794617270781667
1.3190057277679443,2.479690608941389
1.3212599754333496,2.4774387451933317
1.323514461517334,2.4793288087044725
1.3257684707641602,2.478062209852005
1.3280212879180908,2.479696569406577
1.3302762508392334,2.4659135897056568
1.3325309753417969,2.4650654155093927
1.3347890377044678,2.4659708101714624
1.337045669555664,2.465862925751558
1.3392994403839111,2.466844614368035
1.3415541648864746,2.4668905099499834
1.3438117504119873,2.468517120899811
1.3460681438446045,2.4684557281083737
1.3483233451843262,2.4700447881275163
1.350576639175415,2.4684122167125007
1.3528311252593994,2.4694231116083993
1.3551018238067627,2.4688699804389453
1.357356309890747,2.469697293007051
1.3596091270446777,2.4705752695292555
1.3618638515472412,2.470996078371534
1.3641226291656494,2.4728187886260495
1.3663790225982666,2.472195323967376
1.368633508682251,2.4725726214137818
1.3708865642547607,2.470558580226729
1.3731448650360107,2.472189363502188
1.375399112701416,2.4724116888537035
1.3776533603668213,2.4745348065536983
1.3799073696136475,2.461217935230486
1.3821616172790527,2.4734958974714156
1.3844172954559326,2.472650107461227
1.3866708278656006,2.4354061407334973
1.389009714126587,2.3886874185427924
1.3913331031799316,2.4097594511222185
1.3936197757720947,2.415316988863586
1.3958756923675537,2.4198916458954387
1.3981316089630127,2.4256798536395854
1.4003911018371582,2.4219754245251925
1.402648687362671,2.4323108711613264
1.4049077033996582,2.421948602431846
1.4071624279022217,2.441217594291877
1.409416913986206,2.4445590310763157
1.4116697311401367,2.449620062067516
1.4139256477355957,2.4538245742111893
1.4161791801452637,2.4579605410051992
1.418442726135254,2.460341746847838
1.4206969738006592,2.4643179731748073
1.422957420349121,2.467298801815367
1.4252140522003174,2.471344169538518
1.42746901512146,2.4611112429036193
1.4297301769256592,2.4784460638101176
1.4319829940795898,2.460960443134361
1.4342420101165771,2.4680903515923442
1.4364984035491943,2.476415929367057
1.4387526512145996,2.475722131219164
1.4410083293914795,2.4808856822115994
1.4432642459869385,2.4839624743416873
1.445518970489502,2.4891117202176716
1.4477720260620117,2.49335855166418
1.4500272274017334,2.4952825898268927
1.4522812366485596,2.4978032705549325
1.4545412063598633,2.5022181871197446
1.456798791885376,2.5070002683401427
1.4590563774108887,2.5102141511695564
1.4613118171691895,2.5121215000297425
1.4635818004608154,2.51046747094005
1.4658429622650146,2.5146874802932118
1.4680969715118408,2.51491338192384
1.470353126525879,2.518413367082282
1.4726083278656006,2.5198408984948277
1.4748649597167969,2.5238803057527908
1.477121353149414,2.5262454183394216
1.479374647140503,2.5294372474476394
1.4816293716430664,2.5326904693472945
1.483888864517212,2.5338617007567525
1.4861454963684082,2.5368657752115458
1.4884049892425537,2.5362917824139335
1.4906582832336426,2.5391998933791986
1.4929132461547852,2.5406852413040686
1.4951717853546143,2.5442466192539475
1.497426986694336,2.544648950654143
1.4998247623443604,2.5407317329325356
1.5020878314971924,2.542595570396849
1.5043444633483887,2.5450012141467586
1.5066003799438477,2.5451418811251973
1.508854627609253,2.548024958136673
1.5111076831817627,2.5493994414090446
1.5133681297302246,2.55050689584099
1.515622615814209,2.551816410042812
1.517883062362671,2.550914591659855
1.5201363563537598,2.5518110456241425
1.5223910808563232,2.5498572051354893
1.524651050567627,2.5515994491099656
1.5269050598144531,2.5506046474700748
1.5291597843170166,2.5507602156114837
1.5314135551452637,2.548099463951524
1.5336692333221436,2.539350693148457
1.5359225273132324,2.530119720711675
1.5381767749786377,2.534969155188698
1.540431261062622,2.5343903940189354
1.5426838397979736,2.53360301656759
1.5449416637420654,2.5338748137801663
1.5472002029418945,2.5368413373042746
1.549454689025879,2.5366273566040225
1.5517122745513916,2.5243940978520034
1.5539751052856445,2.5247630506471457
1.556236982345581,2.5227990773676727
1.558490514755249,2.52357572598168
1.5607452392578125,2.5342288654123384
1.563002109527588,2.5203737640826422
1.5652577877044678,2.5178435466103015
1.5675115585327148,2.5167968889232744
1.569765567779541,2.51605898333299
1.5720171928405762,2.5141850130778565
1.5742781162261963,2.5136569158621924
1.5765376091003418,2.511924804678536
1.5787911415100098,2.5115188969992275
1.581045389175415,2.507782877419338
1.5833039283752441,2.507888377653167
1.585559368133545,2.5060513622822
1.5878126621246338,2.505188286922966
1.5900681018829346,2.5031170252701074
1.5923240184783936,2.500160634536819
1.5945796966552734,2.501042187338136
1.5968339443206787,2.5003609061671384
1.5990869998931885,2.4987038968448516
1.6013414859771729,2.497741877763495
1.6035995483398438,2.497177421710184
1.6058626174926758,2.4949637049393303
1.6081161499023438,2.4952605361056968
1.6103711128234863,2.4926665416558436
1.6126253604888916,2.4927404514241758
1.6148829460144043,2.490978537914579
1.617138147354126,2.4909207214022544
1.619391918182373,2.480557260579736
1.6216471195220947,2.4864307029760724
1.6239030361175537,2.4952700728499977
1.6262106895446777,2.461376483604489
1.6285090446472168,2.458793814038493
1.630769968032837,2.461242969184276
1.6330649852752686,2.4231383112833873
1.6354212760925293,2.423250964075442
1.6377487182617188,2.3978426930716865
1.6400146484375,2.3961278672370754
1.6422717571258545,2.4196210407759
1.6445393562316895,2.411041547184175
1.6467978954315186,2.4177196523809017
1.6490533351898193,2.4205818677642186
1.651306390762329,2.4264970334168714
1.6535632610321045,2.4220248963862536
1.6558165550231934,2.434387497232854
1.6580724716186523,2.438693933331243
1.660327434539795,2.44288652454454
1.662581205368042,2.44155614871456
1.6648461818695068,2.444058352000517
1.6671037673950195,2.4491581260154396
1.6693603992462158,2.4586680482230245
1.671614170074463,2.454900438177638
1.6738791465759277,2.457104022157672
1.6761338710784912,2.4599882912621847
1.6783888339996338,2.4587455342704696
1.6806461811065674,2.4640878992185473
1.682919979095459,2.4609640194134736
1.6851768493652344,2.4696192109130872
1.687431812286377,2.4691465460236723
1.6896872520446777,2.471946772569033
1.6919395923614502,2.475608286334072
1.6942005157470703,2.4776664349635165
1.6964588165283203,2.4809417105843674
1.6987123489379883,2.4450072580584594
1.7010889053344727,2.412377287432824
1.7035901546478271,2.4512615741803137
1.705981731414795,2.4739310114301456
1.7083346843719482,2.493121325149694
1.7106544971466064,2.5136747972577567
1.7130343914031982,2.5302884018764975
1.7153494358062744,2.5464996750950424
1.7176644802093506,2.560606904102195
1.7199747562408447,2.5750389784620973
1.7222952842712402,2.588496516763749
1.7246506214141846,2.5998702764356465
1.7269670963287354,2.6093283425960947
1.7292845249176025,2.6194110655082543
1.7315967082977295,2.6262149365204497
1.7342150211334229,2.612684084496985
1.736607551574707,2.591139983074663
1.738990068435669,2.577317068256982
1.7413880825042725,2.5623920634260253
1.7437806129455566,2.552260464699324
1.7461943626403809,2.5485631881431567
1.7486023902893066,2.5399860787375066
1.7509818077087402,2.553353614014818
1.7534191608428955,2.5675007781387302
1.7558205127716064,2.524864378555343
1.7620415687561035,2.535674874266967
1.7644243240356445,2.550013965369936
1.7667944431304932,2.551103538406317
1.7691121101379395,2.5692406379271313
1.7714157104492188,2.5804028010848525
1.7737250328063965,2.5932237617044165
1.7760286331176758,2.598771166654964
1.778334140777588,2.610665274937782
1.7806382179260254,2.6185992501496376
1.7831377983093262,2.6281115565432973
1.7854466438293457,2.6342192452215247
1.787750244140625,2.6403781939003697
1.790055274963379,2.645442801170683
1.792358636856079,2.649286705170477
1.7946691513061523,2.654358464999016
1.7969753742218018,2.6563891954885954
1.7992801666259766,2.6568177529356185
1.8015851974487305,2.6526066842802387
1.8038651943206787,2.6043138032333615
1.8061213493347168,2.5655415732314077
1.8083760738372803,2.531259957702155
1.8106293678283691,2.4968454237992077
1.812920331954956,2.465543444817477
1.8151745796203613,2.41913585890959
1.817478895187378,2.3397275614413693
1.8197720050811768,2.329741994111776
1.822040319442749,2.3097392689870917
1.8243062496185303,2.290704523408952
1.8265600204467773,2.273826274135861
1.82881498336792,2.2587588141869084
1.83107328414917,2.2431322626033143
1.8333289623260498,2.231205967808481
1.8355824947357178,2.217579748342007
1.8378374576568604,2.207680607757641
1.8400905132293701,2.197866701825464
1.8423449993133545,2.1937408678222736
1.844606876373291,2.1878894791471337
1.8468616008758545,2.184601090502869
1.8491170406341553,2.1850588542293137
1.8513710498809814,2.181462905581344
1.8536310195922852,2.1817037083749424
1.8558857440948486,2.1831252793223
1.8581416606903076,2.186499498665273
1.8604013919830322,2.1882632003144264
1.8626573085784912,2.18913164009233
1.8649141788482666,2.192201279664192
1.8671691417694092,2.1995547055667286
1.869424819946289,2.204520965161439
1.871678352355957,2.213444377594516
1.8739397525787354,2.2221937444441013
1.8762023448944092,2.2243955402845788
1.8784620761871338,2.231445578509042
1.8807189464569092,2.242107658637483
1.8829727172851562,2.2049513107480183
1.8854637145996094,2.17389311479248
1.887786626815796,2.2022154572266883
1.890059232711792,2.217437889270531
1.8923149108886719,2.2340389769123763
1.8946170806884766,2.249298363840385
1.8968768119812012,2.266187341950815
1.8991334438323975,2.279857072813162
1.90138840675354,2.2978856918675534
1.9036540985107422,2.31183556459374
1.905911922454834,2.324439564280458
1.9081659317016602,2.3412337709943976
1.9104290008544922,2.3573306032813313
1.9126839637756348,2.369565650172907
1.9149439334869385,2.382924840798955
1.9172008037567139,2.398217606332017
1.9194540977478027,2.4114802374220177
1.9217088222503662,2.4240824489691795
1.923969030380249,2.435913376321003
1.9262261390686035,2.4490937529914083
1.9284813404083252,2.4588200400853206
1.9307339191436768,2.4653682071409473
1.932995319366455,2.4676880201921487
1.9352498054504395,2.4797239875464423
1.937504529953003,2.4951705330813567
1.93975830078125,2.496337592165183
1.9420135021209717,2.5044712429608396
1.944272518157959,2.5130966321345127
1.9465267658233643,2.5201061391956974
1.9487814903259277,2.526629272297534
1.9510340690612793,2.534485165415426
1.953294277191162,2.539258305938042
1.955549716949463,2.546174829742292
1.9578039646148682,2.5495818316438
1.960057258605957,2.5557819075324426
1.9623138904571533,2.557906217325475
1.9645743370056152,2.5626930669180235
1.9668292999267578,2.5645384269402536
1.9690852165222168,2.558869428499869
1.9713373184204102,2.570019074680695
1.9735970497131348,2.5727114168061513
1.9758522510528564,2.57481248078495
1.9781067371368408,2.5756356210274243
1.980363368988037,2.5734713761176318
1.9826557636260986,2.543539112036122
1.9849205017089844,2.5527122679605805
1.987173318862915,2.552368945165747
1.989427089691162,2.554605907750834
1.9916796684265137,2.5537434284381186
1.9939398765563965,2.539248769193741
1.9962036609649658,2.539257113845004
1.9984571933746338,2.55690843545299
2.000710964202881,2.5562164254446538
2.003070592880249,2.555584616134717
2.0053317546844482,2.555199570083567
2.007765769958496,2.5366649075347074
2.010042667388916,2.5000712275589976
2.012302875518799,2.4993905424345186
2.014561414718628,2.4977001545071786
2.0168168544769287,2.488181291601812
2.0190701484680176,2.4807479954657548
2.021329402923584,2.492024599555087
2.0235934257507324,2.4976256486923276
2.025850296020508,2.496465146120208
2.0281035900115967,2.4994966387148665
2.0303585529327393,2.500160634536819
2.03261399269104,2.5009760261745484
2.034874677658081,2.5013735892025935
2.0371315479278564,2.5002673268636855
2.0393853187561035,2.5001272559317655
2.041640043258667,2.5044676666817267
2.0438947677612305,2.50744670718273
2.0461490154266357,2.5070443757825345
2.0484039783477783,2.508755029291514
2.050657033920288,2.5090798746442644
2.052915573120117,2.5110706700170837
2.055171012878418,2.5106832397798584
2.0574257373809814,2.50525623622611
2.059684991836548,2.5069102653158026
2.0619418621063232,2.504361570401379
2.064234733581543,2.5041201715612615
2.0664939880371094,2.4952700728499977
2.0687878131866455,2.4951621884300934
2.0710487365722656,2.4829491952597134
2.0733089447021484,2.47864991171955
2.075589418411255,2.480154333133022
2.077855110168457,2.4836137871281845
2.0801076889038086,2.4837496857344727
2.082364320755005,2.4887791262601766
2.084627628326416,2.488653360444708
2.086881637573242,2.491179405591417
2.089136838912964,2.4912646402436067
2.0913901329040527,2.4954172963401433
2.093649387359619,2.491944133275048
2.0959041118621826,2.4794784163806933
2.0981593132019043,2.4682077727565495
2.1004154682159424,2.457911069144138
2.1026692390441895,2.4493411122967137
2.104926109313965,2.440334849397522
2.1071791648864746,2.43413954188103
2.109433650970459,2.425615480615554
2.1116855144500732,2.421614816381313
2.1139438152313232,2.413729120937481
2.116208076477051,2.40965871926054
2.1184608936309814,2.4040481333789985
2.1207146644592285,2.400874185666345
2.123075008392334,2.3965337749163838
2.125335454940796,2.3938867323263566
2.1275901794433594,2.391917990674733
2.129844903945923,2.3897716271605045
2.132098436355591,2.379761025877121
2.134526252746582,2.3536947195166014
2.1368229389190674,2.35925166121145
2.13908314704895,2.3425200393819856
2.1414105892181396,2.3047843342762393
2.1437511444091797,2.304185903571356
2.1460702419281006,2.303216135885255
2.148334503173828,2.304819501020849
2.1505894660949707,2.3197898053872352
2.1528444290161133,2.327931204787636
2.155111074447632,2.3366322918691984
2.1573681831359863,2.344712894524681
2.1596219539642334,2.353963536496584
2.1618764400482178,2.3620477154311796
2.1641321182250977,2.363581343124073
2.1663870811462402,2.378083154926676
2.1686463356018066,2.386296079909334
2.170898914337158,2.396493243753105
2.173158884048462,2.402496624290541
2.1754133701324463,2.4125412002254962
2.177669048309326,2.4197217726375784
2.1799230575561523,2.4455752903908836
2.182183027267456,2.463585432003192
2.184443235397339,2.4823001006007313
2.1866989135742188,2.4986264107974065
2.1889562606811523,2.5141909735430445
2.1912097930908203,2.530973259326608
2.1934654712677,2.5450351887983307
2.1957194805145264,2.560047216421034
2.1979780197143555,2.572050401216793
2.2002344131469727,2.5842288236890822
2.2024879455566406,2.578347632688002
2.204746961593628,2.6148387926624768
2.207000732421875,2.613830877999172
2.209257125854492,2.6173511287392532
2.2115111351013184,2.629368022604945
2.2137696743011475,2.637847976428029
2.2160239219665527,2.640686349950594
2.2182817459106445,2.6467994030474906
2.220536708831787,2.6515266479881583
2.222790241241455,2.6540270631345586
2.225045680999756,2.6562956161851425
2.227304458618164,2.656518537583177
2.2295596599578857,2.662290652071315
2.2318127155303955,2.6612016750814527
2.234077215194702,2.662201245093494
2.2363340854644775,2.6605180097243797
2.2385880947113037,2.6580801794624542
2.2408456802368164,2.643762546034163
2.2431578636169434,2.647438364915653
2.2454137802124023,2.6516226114776864
2.247666835784912,2.6455006176830076
2.2499213218688965,2.651558834500174
2.2521748542785645,2.6515761198492194
2.2544331550598145,2.641220407631446
2.25669002532959,2.6369914575805016
2.2589428424835205,2.6378402278232844
2.261198043823242,2.6305964744802086
2.26346492767334,2.6286974702712858
2.2657227516174316,2.6219526078644524
2.267977237701416,2.6213780190203213
2.2702317237854004,2.6166597147774358
2.2724874019622803,2.613999559163995
2.274746894836426,2.610922170987388
2.2770023345947266,2.6078722009506463
2.2792558670043945,2.6049295192872903
2.281510353088379,2.597824644783097
2.283766031265259,2.598632287816082
2.286024570465088,2.594285320554414
2.2882792949676514,2.5784167740841837
2.2905335426330566,2.534208599830699
2.293003797531128,2.4541041200285103
2.2952709197998047,2.447820001580715
2.2975316047668457,2.4609830929020755
2.2997868061065674,2.463553841537695
2.302042245864868,2.4692991339324872
2.304304361343384,2.472994026302579
2.30655837059021,2.4781355235738185
2.3088133335113525,2.482201156878609
2.3110666275024414,2.48694211088921
2.3133223056793213,2.49161809582926
2.3155746459960938,2.4943849437695675
2.3178296089172363,2.4990555642909484
2.320082902908325,2.5017371775790664
2.3223366737365723,2.5050392752932638
2.3245973587036133,2.5078806290484223
2.326852560043335,2.511384190485977
2.329108476638794,2.5132027284148606
2.331362009048462,2.5170269628795343
2.3336215019226074,2.5182381294057525
2.3358771800994873,2.5222530987564444
2.338132381439209,2.5368663712580646
2.340388536453247,2.5197353982609987
2.3426434993743896,2.53418296983039
2.3448987007141113,2.5324037709717477
2.3471522331237793,2.5351265114696635
2.3494064807891846,2.5363603277635964
2.3516592979431152,2.539127175703904
2.353917360305786,2.540782992933153
2.356171131134033,2.5424251010924697
2.3584303855895996,2.543809717155661
2.360684871673584,2.5466015990497586
2.3629372119903564,2.539142076866874
2.3653030395507812,2.551467722829309
2.3675572872161865,2.552953666800698
2.3698127269744873,2.554988569615909
2.3720664978027344,2.5575003096461666
2.374321937561035,2.5587275694283926
2.3765766620635986,2.573433229140428
2.378829002380371,2.561451502019346
2.381082534790039,2.5642004685640893
2.383343458175659,2.56237477807698
2.38559889793396,2.5647214132215277
2.3878514766693115,2.5759616584732123
2.390105724334717,2.556190199397826
2.392432689666748,2.4798437928967227
2.3947815895080566,2.4929812542177743
2.39704966545105,2.4980607626510576
2.3993051052093506,2.500168979188082
2.401559829711914,2.500098049652344
2.4038145542144775,2.51199275398168
2.4060683250427246,2.5167754312485973
2.408328056335449,2.520523371758863
2.4105803966522217,2.52578109810127
2.4129884243011475,2.5305625832751493
2.4152421951293945,2.5357237500815093
2.417497158050537,2.5382903263914973
2.4197494983673096,2.5425466945823065
2.4220032691955566,2.5390788959358805
2.424264907836914,2.539185588262747
2.4265201091766357,2.551315134920494
2.4287750720977783,2.5547155803102948
2.431027889251709,2.557576603600574
2.4332828521728516,2.559204406643439
2.4355363845825195,2.56223470714506
2.4377946853637695,2.5586190889619695
2.4400475025177,2.5664928634754256
2.4423015117645264,2.57598788452004
2.4445619583129883,2.56945640676694
2.4468166828155518,2.5689604960632915
2.4490702152252197,2.575894305216587
2.451321840286255,2.57072658189852
2.4535796642303467,2.5721708026135923
2.455834150314331,2.572056361681981
2.458087682723999,2.573424288442646
2.4603404998779297,2.5732329575101085
2.4625933170318604,2.5633147434371404
2.4648594856262207,2.558620281055007
2.467139720916748,2.5598368119998947
2.4693989753723145,2.5602606010747673
2.471651792526245,2.559129900828588
2.4739127159118652,2.5611743403881
2.476166248321533,2.5757160873074634
2.478437900543213,2.5588491629182295
2.4806923866271973,2.558306760586114
2.4829444885253906,2.5573483177838705
2.4853110313415527,2.5576677987179517
2.4875648021698,2.554832405427981
2.489818572998047,2.553319639363246
2.4920709133148193,2.551318711199607
2.494325876235962,2.5513324202695395
2.4965810775756836,2.54867166860958
2.498832941055298,2.5481286702309456
2.5010857582092285,2.5419619729473557
2.5033481121063232,2.542725508537949
2.505603551864624,2.54000932455174
2.5078563690185547,2.5386682198844217
2.5102477073669434,2.5305405295539534
2.5125091075897217,2.532425228646425
2.514768362045288,2.5307861007197023
2.5170254707336426,2.529907528150979
2.519277572631836,2.5288960372085616
2.521530866622925,2.527524534168784
2.52378511428833,2.5268706711376514
2.526038885116577,2.534472648438531
2.5282928943634033,2.526306811130859
2.5305442810058594,2.525007429719857
2.532905340194702,2.5259545476382432
2.535159111022949,2.5244566827364783
2.5374128818511963,2.5259700448477322
2.5396645069122314,2.523956599707198
2.541918992996216,2.524653378087685
2.5441763401031494,2.524339261572273
2.546440601348877,2.5249817997195483
2.548694372177124,2.5235334066788444
2.5509464740753174,2.5246796041345125
2.553201198577881,2.5254258543760604
2.555452585220337,2.525964680429063
2.557705879211426,2.5278797778939937
2.559957981109619,2.5001427531412546
2.5622341632843018,2.5002446770959708
2.564502000808716,2.510432900241959
2.5667569637298584,2.5140383856342297
2.569011688232422,2.514922322621622
2.571263074874878,2.518310847081047
2.573521852493286,2.5001809001184583
2.575775623321533,2.522980871555909
2.578028917312622,2.5366732521859707
2.580281972885132,2.5274571809121587
2.582533836364746,2.536722724047032
2.584789276123047,2.531501356542272
2.5870418548583984,2.534584705184067
2.589294910430908,2.534463707740749
2.5915465354919434,2.5384333775560113
2.5938048362731934,2.534406487274943
2.5960581302642822,2.5390663789589856
2.5983126163482666,2.5393244671016295
2.600567102432251,2.5438049487835106
2.6028194427490234,2.5441816501833974
2.6050777435302734,2.5465205367232007
2.6073312759399414,2.5479367432518893
2.6095852851867676,2.5492295681511843
2.611837387084961,2.5459495241581824
2.614093065261841,2.477757630080894
2.6163601875305176,2.4092307578600356
2.6186563968658447,2.3704436266951117
2.620967149734497,2.3390498565494844
2.623290777206421,2.343827169397732
2.6255533695220947,2.3721316304363764
2.6278059482574463,2.3830696801030253
2.6300623416900635,2.399130153552312
2.6323158740997314,2.4172636767940134
2.634578227996826,2.415232946304434
2.6368837356567383,2.40720300760305
2.6391797065734863,2.420760681719861
2.6414477825164795,2.432700089538108
2.6437244415283203,2.406616497828543
2.646044969558716,2.4133542076771506
2.6483452320098877,2.4154391783999416
2.6506478786468506,2.4219855573160123
2.652920722961426,2.442077689418517
2.6551876068115234,2.454763347478312
2.6574480533599854,2.461146409648229
2.6597018241882324,2.48104542267864
2.6619555950164795,2.497735917298307
2.6642377376556396,2.500042617326095
2.6664938926696777,2.5081405053306227
2.6687512397766113,2.520675363621159
2.671004295349121,2.514798940992229
2.673290967941284,2.519135179416559
2.675546884536743,2.519606652212936
2.6778295040130615,2.4751648277240785
2.6801397800445557,2.4982568619557455
2.6825029850006104,2.512843908410538
2.6847751140594482,2.534304563320227
2.687030076980591,2.5293681060514577
2.689284086227417,2.5393155264038474
2.691535234451294,2.5441810541368786
2.6937973499298096,2.5536903802979447
2.6960525512695312,2.559378452226931
2.6983072757720947,2.5672420939495675
2.7005615234375,2.5715449537688437
2.7028141021728516,2.577146598952603
2.7050695419311523,2.5682517967524285
2.707339286804199,2.5657108504427493
2.7096023559570312,2.571948477262077
2.711862564086914,2.5762745828955866
2.714125156402588,2.5782373640820224
2.716381072998047,2.5836089353095217
2.7186334133148193,2.578216502453864
2.7208919525146484,2.578245112686767
2.7231509685516357,2.589257072121748
2.7254068851470947,2.5880065665252885
2.7276594638824463,2.592625330999533
2.729912757873535,2.572961160297532
2.7321665287017822,2.5792506431639963
2.7344303131103516,2.580566713877525
2.7366843223571777,2.581178257605822
2.738935947418213,2.5824716785516357
2.7411985397338867,2.5782623980358124
2.743457317352295,2.5835141639130312
2.745711326599121,2.578293988501309
2.7479629516601562,2.5820443131976503
2.750216484069824,2.5782808754778954
2.7524702548980713,2.5779339764039486
2.754727602005005,2.5766602249932555
2.7569828033447266,2.575997421264341
2.759235382080078,2.5730553356475037
2.761488914489746,2.575757214517261
2.7637434005737305,2.5587442587309193
2.7659974098205566,2.565627999976635
2.7682511806488037,2.5635448173934003
2.7705085277557373,2.561554022020581
2.7728841304779053,2.575714299167907
2.7751405239105225,2.556457824284771
2.777395725250244,2.554900950777644
2.7796483039855957,2.551586336086552
2.781902313232422,2.5497439562969157
2.7841615676879883,2.5458654815990305
2.7864255905151367,2.5434604338956395
2.788679838180542,2.540030782226417
2.7909324169158936,2.5320032277111086
2.79318904876709,2.5270846518379035
2.7954413890838623,2.525153461116965
2.7976949214935303,2.536803190327071
2.799949884414673,2.5190559052295574
2.8022046089172363,2.5185242317347805
2.804464101791382,2.514587344478052
2.806718111038208,2.513431610278083
2.808971881866455,2.509504259765656
2.8112239837646484,2.508699596965265
2.813481569290161,2.5051948434346727
2.8157358169555664,2.505113185061596
2.8179898262023926,2.502054870373591
2.8202435970306396,2.5001797080254207
2.8224966526031494,2.4967959519381466
2.824756383895874,2.4950310581959556
2.827009439468384,2.493861018879535
2.8292675018310547,2.4911907304752745
2.831519842147827,2.490387259767921
2.833775281906128,2.4874618634536105
2.8360280990600586,2.487320004382134
2.8382818698883057,2.4855419976165294
2.840536594390869,2.485847173434159
2.842900276184082,2.4842998366713327
2.8451550006866455,2.4798980331299343
2.847409248352051,2.465829547146505
2.8496639728546143,2.4681511483372627
2.8519153594970703,2.4679800829863647
2.8541741371154785,2.466835077623734
2.8564293384552,2.467506822050431
2.858682870864868,2.4663904269207033
2.8609368801116943,2.468688186250709
2.8631927967071533,2.4614527775588964
2.8654487133026123,2.463144357579274
2.867701292037964,2.4625220850136382
2.869954824447632,2.464505727828232
2.8722116947174072,2.4626395061778434
2.8744733333587646,2.4651691276036654
2.876729726791382,2.464701231086401
2.8789823055267334,2.467043693905317
2.8812367916107178,2.4610987259267243
2.8835177421569824,2.46868759020419
2.8857738971710205,2.461105282438431
2.888028621673584,2.4698820674278816
2.8902828693389893,2.472000416755726
2.892537832260132,2.4612197233700424
2.8948254585266113,2.3830869654520708
2.897157907485962,2.3964294667755923
2.8994357585906982,2.408657361108942
2.9016964435577393,2.411945153706688
2.903968572616577,2.4198153519410313
2.9062259197235107,2.4239233045486577
2.908479690551758,2.4302992141603488
2.910731792449951,2.4221131112710372
2.9131131172180176,2.4412068654545385
2.9153685569763184,2.4467375811025596
2.91762375831604,2.458538706128443
2.919875383377075,2.457837159375806
2.922130584716797,2.460363204522515
2.9243850708007812,2.4662688334308664
2.9266374111175537,2.4694719874229416
2.9288909435272217,2.476123270526322
2.931142807006836,2.47846990567087
2.9334022998809814,2.48382597968888
2.9356563091278076,2.486400900650132
2.937910556793213,2.4910977472183404
2.9401626586914062,2.494001685857974
2.9424240589141846,2.4972161647339064
2.94468355178833,2.50089019547584
2.946936845779419,2.5034525994601964
2.949190855026245,2.5066617139174596
2.9514431953430176,2.5074449190431736
2.953697919845581,2.510295809542633
2.9559502601623535,2.5001993775605413
2.958204507827759,2.5125351563137954
2.960458755493164,2.51326292911326
2.9627108573913574,2.5155642647223786
2.965085029602051,2.515859903795708
2.9673378467559814,2.518610062433489
2.9695911407470703,2.517090143810528
2.971843957901001,2.5169333835760814
2.9741017818450928,2.5175574442812736
2.976356267929077,2.5182965419645957
2.9786081314086914,2.519333066860803
2.980876922607422,2.5185737035958415
2.9831314086914062,2.500101625931457
2.9853861331939697,2.516577543804353
2.987638473510742,2.516645493107497
2.989891529083252,2.5149366277380736
2.9921436309814453,2.5149372237845924
2.994401454925537,2.5134953872555954
2.9966561794281006,2.5000068545349663
2.998908281326294,2.511934341422837
3.0011610984802246,2.5110438479237374
3.003418207168579,2.500263154538054
3.0056726932525635,2.50693649136263
3.007924795150757,2.503068745502084
3.0101804733276367,2.5001266598852467
3.0125732421875,2.494265138419287
3.014836072921753,2.492705880726085
3.017091751098633,2.4928286663089594
3.01934552192688,2.490148841160398
3.021599292755127,2.4976536628787116
3.0238592624664307,2.48819738485782
3.0261142253875732,2.487898765551897
3.0283679962158203,2.485934196225905
3.030620574951172,2.4856039864544854
3.0328738689422607,2.4838879685268362
3.0351319313049316,2.482664881070242
3.037386655807495,2.48259573967406
3.0396502017974854,2.476425466111358
3.0419182777404785,2.4780270431073954
3.044173002243042,2.4763616891338454
3.0464301109313965,2.476797399139094
3.048685073852539,2.466559704132045
3.050938129425049,2.469821866729482
3.0531978607177734,2.4696114623083427
3.0554516315460205,2.4696281516108693
3.0577056407928467,2.4612167431374483
3.0599582195281982,2.469965513940515
3.0622119903564453,2.458209688450061
3.064509153366089,2.461090381275461
3.0667667388916016,2.4446240001468658
3.0691535472869873,2.440166764279218
3.07141375541687,2.4427965215202
3.073673725128174,2.44474201735759
3.075925827026367,2.4562874384269047
3.0781807899475098,2.450104051840788
3.0804357528686523,2.454425389102148
3.082688570022583,2.4562975712177244
3.084954261779785,2.457929546586221
3.087209463119507,2.4600222659137567
3.089463949203491,2.46238618640735
3.0917160511016846,2.4660327990094184
3.0939745903015137,2.4687263332279126
3.0962400436401367,2.4609926296463764
3.0984954833984375,2.4562689609848216
3.1007511615753174,2.4603369784756874
3.1030030250549316,2.461453969651934
3.1052591800689697,2.465347941559308
3.1075119972229004,2.46095090639006
3.1097657680511475,2.4713590707014883
3.1120173931121826,2.471008595348429
3.1142773628234863,2.4746337502758204
3.116533041000366,2.4610391212748435
3.118785858154297,2.4770048233276394
3.1210408210754395,2.4782970521804155
3.1233015060424805,2.4791046952134006
3.1255569458007812,2.481231985239027
3.1278114318847656,2.4803635454611235
3.130066156387329,2.482521233859209
3.1323206424713135,2.480154333133022
3.1345841884613037,2.460943753831834
3.13684344291687,2.460701758945198
3.1391358375549316,2.445530586901973
3.141439914703369,2.45197861814244
3.14371395111084,2.4220743682473147
3.146043539047241,2.405631232932953
3.1483609676361084,2.4000605821681718
3.1506645679473877,2.403996277331862
3.152935266494751,2.4195465349610488
3.1554267406463623,2.412980486509858
3.157681465148926,2.417436530284468
3.1599366664886475,2.422150662201722
3.162191152572632,2.425273945960277
3.1644458770751953,2.4311211623097853
3.1666979789733887,2.4322912016262057
3.168952226638794,2.436245374231979
3.1712043285369873,2.4389514254273683
3.173461437225342,2.456227833775024
3.1757149696350098,2.4459209973717924
3.1779699325561523,2.450256639749603
3.1802306175231934,2.452677780709002
3.182483434677124,2.455292040740495
3.184741258621216,2.456970507737459
3.1869990825653076,2.4593231033471947
3.189253568649292,2.4617293431436233
3.1915056705474854,2.4615958287234103
3.193763494491577,2.463949616426184
3.196030378341675,2.452357703728402
3.1982955932617188,2.458858783109043
3.200563669204712,2.4424657157022613
3.203014850616455,2.4587830852011545
3.2052717208862305,2.4585041354303523
3.207524061203003,2.456808383084343
3.20977783203125,2.460123593821954
3.2120301723480225,2.4609515024365787
3.2142891883850098,2.4609401775527213
3.216545343399048,2.464132602707458
3.218797206878662,2.4658206064487227
3.2210519313812256,2.4672695955359454
3.2233083248138428,2.4611142231362133
3.2255632877349854,2.470611628366903
3.227815866470337,2.473699745380848
3.230069160461426,2.4611505819738606
3.2323241233825684,2.4748888581858703
3.23458194732666,2.473842200498843
3.2368366718292236,2.4758818716862048
3.239088535308838,2.4746420949270838
3.241342782974243,2.4766221614625645
3.2436015605926514,2.4764475198325537
3.2458572387695312,2.47805982566593
3.24811053276062,2.4782875154361146
3.250364065170288,2.4765822263458044
3.2526185512542725,2.460158760566564
3.255070686340332,2.467249329954306
3.2573318481445312,2.468059953219885
3.259586811065674,2.4669578632066087
3.2618408203125,2.4667063315756717
3.264115333557129,2.4611130310431757
3.266374111175537,2.4622890308247842
3.268629789352417,2.4632200554871626
3.2708816528320312,2.463657553631968
3.2731873989105225,2.463737423865488
3.2754416465759277,2.4646589117835656
3.277695655822754,2.4649348813217737
3.2799477577209473,2.466323669710597
3.2822012901306152,2.461092765461536
3.284456968307495,2.466643150644678
3.2867093086242676,2.468068893917667
3.2889630794525146,2.4666997750639648
3.29121470451355,2.4692419134666816
3.2934787273406982,2.466232474593219
3.2957329750061035,2.461198861741884
3.2979869842529297,2.468836601833892
3.300241470336914,2.468414600898576
3.3024938106536865,2.4676325878658996
3.3047540187835693,2.469915446032935
3.3070080280303955,2.4708798493003665
3.309262275695801,2.472000416755726
3.311514377593994,2.4731394616531683
3.3137686252593994,2.461018855693204
3.316021680831909,2.4745085805068707
3.3182754516601562,2.473662790496682
3.3205292224884033,2.4762240023880007
3.3229076862335205,2.4758383602903318
3.3251638412475586,2.4778023335698047
3.327415704727173,2.4772646996098397
3.329671859741211,2.4780920121779455
3.3319244384765625,2.4610760761590096
3.334184169769287,2.4792388056801324
3.3364388942718506,2.461049254065663
3.3386919498443604,2.4799194908046114
3.3409461975097656,2.480560836858849
3.343198537826538,2.4802419519712866
3.3454527854919434,2.481518087568055
3.347705125808716,2.460974748250812
3.349959135055542,2.497580945203417
3.352220296859741,2.480984029887203
3.3544774055480957,2.48290091549169
3.35673189163208,2.4952331179658316
3.3589844703674316,2.4833425859621268
3.361238479614258,2.481079397330212
3.363495349884033,2.4805906391847894
3.3657500743865967,2.4807205773258896
3.368002414703369,2.4820843317609227
3.370256185531616,2.4827781299088154
3.372509479522705,2.4809661484916385
3.3747639656066895,2.482452688509546
3.3770177364349365,2.481561002917409
3.37926983833313,2.4828645566540426
3.3815228939056396,2.479952273363146
3.3837814331054688,2.4814978219864154
3.3860363960266113,2.480619845464211
3.388291358947754,2.4978598949742192
3.390542984008789,2.4817922689667067
3.392796277999878,2.4812701322162307
3.3950541019439697,2.451689535580818
3.3973913192749023,2.38894371854588
3.399717330932617,2.4103930485717115
3.4019927978515625,2.419437458448107
3.40425443649292,2.419489314495243
3.406507968902588,2.421949198478365
3.4087674617767334,2.428427628091291
3.411020040512085,2.4320986786006307
3.413282871246338,2.438912682403646
3.4155373573303223,2.442075305232442
3.417792320251465,2.4470427569201894
3.420044422149658,2.450399690914117
3.422297954559326,2.4519649090725073
3.4245588779449463,2.4560806102848782
3.4268131256103516,2.4601998877763616
3.429068088531494,2.4609485222039846
3.4313199520111084,2.4666693766915055
3.433575391769409,2.4710074032553915
3.435826539993286,2.473494109331859
3.4380805492401123,2.4781784389231727
3.440333366394043,2.480613884999023
3.4425852298736572,2.4978181717179027
3.4448423385620117,2.4851253610998825
3.447096347808838,2.488709388817476
3.4493496417999268,2.4912968267556224
3.451601982116699,2.4936583630631404
3.453859806060791,2.495336830060104
3.456112861633301,2.4979618189289354
3.458367347717285,2.5002667308171667
3.4606220722198486,2.499985992906808
3.462873697280884,2.496185600302887
3.465146541595459,2.496185600302887
3.4674010276794434,2.496406137514846
3.4696619510650635,2.4978563186951064
3.4719161987304688,2.498665749867648
3.4741828441619873,2.4987795947527403
3.476438522338867,2.5003013015152575
3.478691577911377,2.5002452731424896
3.480944871902466,2.5001081824431637
3.4832043647766113,2.5010684133849637
3.485459089279175,2.502646148520249
3.487710475921631,2.496720850076777
3.4899637699127197,2.497929036370401
3.4922235012054443,2.499532997552514
3.494478702545166,2.4992945789449905
3.496732473373413,2.5001266598852467
3.4989843368530273,2.5002053380257294
3.5012378692626953,2.501501739204137
3.503495454788208,2.5011834503630936
3.5057501792907715,2.502537072007307
3.508002519607544,2.502884567127772
3.510256052017212,2.503500283181701
3.5125088691711426,2.501008212686564
3.5147664546966553,2.501414716412391
3.517157793045044,2.4956992263435396
3.519416570663452,2.4972900745022386
3.5216727256774902,2.497676908692945
3.5239288806915283,2.4969789382194207
3.5261833667755127,2.498441636376576
3.5284371376037598,2.4978306886947976
3.530689239501953,2.4987104533565585
3.5329487323760986,2.4975672361334844
3.5352020263671875,2.499075233826069
3.537456750869751,2.497864067299851
3.5397086143493652,2.498606145215767
3.541961669921875,2.4983802435851388
3.544226884841919,2.4982264635832863
3.546480655670166,2.4983307717240777
3.5487349033355713,2.4972692128740803
3.5509870052337646,2.497553527063552
3.55324125289917,2.4960282440219217
3.5554933547973633,2.4976506826461176
3.5577468872070312,2.4959573144861835
3.5599992275238037,2.4970695372902796
3.5622525215148926,2.493655978877065
3.564509868621826,2.4945428960970517
3.566763162612915,2.4839797596907327
3.5690295696258545,2.485679684362374
3.5712835788726807,2.486049233204035
3.573545217514038,2.486114798321104
3.575798511505127,2.486973105308188
3.578052043914795,2.486009298087275
3.580305576324463,2.487114964379664
3.582557201385498,2.484610376907632
3.5848116874694824,2.484258709461535
3.587064027786255,2.483183441541605
3.5893170833587646,2.4844315629519897
3.5915701389312744,2.4840548615521025
3.5938310623168945,2.4858829362252877
3.596085548400879,2.485934792272424
3.598339557647705,2.486656008560182
3.600593328475952,2.497671544274276
3.6028449535369873,2.4855485541282363
3.605104446411133,2.480492291509186
3.607358694076538,2.486257849485618
3.6096134185791016,2.487802802062369
3.6118650436401367,2.4868151529807037
3.6141200065612793,2.497861087067257
3.6163740158081055,2.487121520891371
3.6186256408691406,2.4976226684597336
3.6208791732788086,2.4880984411356977
3.6231367588043213,2.489199935102455
3.6253912448883057,2.4807140208141827
3.627643585205078,2.4896582948754187
3.629897117614746,2.4901506292999542
3.6321487426757812,2.4893257009179237
3.634413003921509,2.4976941940419906
3.6366827487945557,2.495321332850615
3.638936758041382,2.490293680464468
3.64119029045105,2.484233079461226
3.6435000896453857,2.4610272003444673
3.6458067893981934,2.461124355927033
3.6480679512023926,2.4606230808047154
3.6503660678863525,2.4170669814428067
3.65268611907959,2.4160769481750664
3.655017614364624,2.413701106751097
3.6572823524475098,2.420738627998665
3.659534215927124,2.425172022005561
3.6617887020111084,2.4310305632389264
3.664053201675415,2.4304518020691637
3.6663153171539307,2.432995132564918
3.6685733795166016,2.4221154954571125
3.6708309650421143,2.443038516406836
3.673090696334839,2.447347932737819
3.6753432750701904,2.451760465116556
3.6775965690612793,2.45879023775938
3.6798489093780518,2.4621584966371652
3.682102680206299,2.4682232699660385
3.684363842010498,2.4720481004772306
3.6866183280944824,2.4763587089012513
3.6888725757598877,2.4976721403207947
3.6911284923553467,2.4978086349736017
3.693387031555176,2.4885651455599245
3.6956403255462646,2.4922159304876246
3.697894334793091,2.4967649575191686
3.7001471519470215,2.495747506111563
3.702425003051758,2.50043004756332
3.7046804428100586,2.5019010903717387
3.7069337368011475,2.5056061155326503
3.7091870307922363,2.5075843939285747
3.7114391326904297,2.5112167014141917
3.7136971950531006,2.513421477487263
3.7159512042999268,2.515707315886893
3.718205451965332,2.5000491738378017
3.7204604148864746,2.5196179770967935
3.7227132320404053,2.5205901289689696
3.724971055984497,2.522646489458858
3.7272253036499023,2.5367704077685365
3.7294788360595703,2.5245490699468935
3.7317306995391846,2.527123394861626
3.733985424041748,2.526170316478052
3.736238718032837,2.527492943703287
3.7384910583496094,2.5275501641690927
3.7407443523406982,2.528972927209488
3.74300217628479,2.53423303773797
3.745258092880249,2.530203167224308
3.7475106716156006,2.5304070151337403
3.7497642040252686,2.5300303137338536
3.752016305923462,2.5294962560530014
3.754274845123291,2.528372112318529
3.7565317153930664,2.5292751227945236
3.758784294128418,2.5278344783585642
3.761038303375244,2.5343337695996486
3.763293981552124,2.5267311962522503
3.76554799079895,2.526524368110224
3.7678003311157227,2.523575129935161
3.7700541019439697,2.523367109700097
3.772308349609375,2.5214365150256772
3.774566888809204,2.536874119862809
3.7768216133117676,2.5204125071063648
3.779074192047119,2.5194039963965413
3.781327724456787,2.5187847040634996
3.7835841178894043,2.5163123031034833
3.7858383655548096,2.514717878665671
3.7880911827087402,2.5135013477207835
3.790344476699829,2.5000897050010806
3.792598009109497,2.512390913056244
3.7948520183563232,2.512874902829516
3.7971060276031494,2.511101068389543
3.7993578910827637,2.5112238539724174
3.8016116619110107,2.5097855937225333
3.8038692474365234,2.5093808781362625
3.8061234951019287,2.508923114409818
3.808378219604492,2.508749068826326
3.8106300830841064,2.509283126507178
3.812883138656616,2.5074675688108883
3.8151395320892334,2.5000801682567797
3.817394495010376,2.5063666708906496
3.8196465969085693,2.5068679460129673
3.8219008445739746,2.503944337838213
3.824155330657959,2.5066038974051352
3.826416492462158,2.506465018566253
3.8286702632904053,2.5072714695062004
3.8309223651885986,2.5069704660142023
3.8331809043884277,2.506704629266814
3.8354344367980957,2.5063738234488753
3.8376882076263428,2.506840527873102
3.8399405479431152,2.5076964506741106
3.842196226119995,2.5079366574211903
3.844453811645508,2.5106301916396845
3.8467061519622803,2.5108221186187407
3.8489596843719482,2.5122240200309776
3.8512120246887207,2.511707247699171
3.8534674644470215,2.5143340247075585
3.855719804763794,2.5130042449240975
3.8579728603363037,2.5160500426352077
3.8602325916290283,2.5164708514774863
3.8624844551086426,2.514891328202644
3.8647422790527344,2.5000163912792672
3.866997241973877,2.513866724236813
3.8692526817321777,2.516480984268306
3.871509552001953,2.515259088904749
3.873772382736206,2.5180122277751242
3.876025915145874,2.518164815683939
3.8782804012298584,2.5144961493606743
3.8805389404296875,2.513450087720166
3.88279390335083,2.5159260649592956
3.885049819946289,2.514832319597282
3.8873019218444824,2.5192168377896356
3.8895556926727295,2.5205472136196154
3.8918089866638184,2.524557414598157
3.894068717956543,2.527313533701126
3.8963236808776855,2.5300064718731012
3.898575782775879,2.532103959572787
3.9008305072784424,2.480662760813565
3.903365135192871,2.458501751244277
3.9058196544647217,2.4719050493127166
3.908095359802246,2.4773237082152018
3.9103496074676514,2.482601700139248
3.9126031398773193,2.48950749510616
3.9148592948913574,2.493591605853034
3.917114019393921,2.4987229703334535
3.919365644454956,2.501974404093552
3.9216184616088867,2.5077185043953065
3.923879861831665,2.511728705373848
3.9261348247528076,2.5002118945374363
3.9283885955810547,2.521164121766582
3.93064022064209,2.5254073769339773
3.932894468307495,2.527810636497812
3.9351749420166016,2.5300464069898614
3.9374313354492188,2.534531657043893
3.939683437347412,2.5366494103252184
3.9419379234313965,2.539742891757833
3.9442012310028076,2.5407317329325356
3.9464550018310547,2.543803160643954
3.9487080574035645,2.544555967397209
3.950960874557495,2.546563452072555
3.953218936920166,2.547068303473986
3.955471992492676,2.548065489299952
3.957726240158081,2.5502952993268133
3.959979295730591,2.539282147798794
3.9622323513031006,2.5538435642532784
3.9645674228668213,2.552475041446095
3.96682071685791,2.5527098837745053
3.9690747261047363,2.553966349836153
3.971327543258667,2.551635211901094
3.9735820293426514,2.5518325032988196
3.975835084915161,2.5547793572878073
3.9780890941619873,2.539267246635824
3.9803426265716553,2.539245192914628
3.982595443725586,2.5543120568170616
3.9848556518554688,2.554319805421806
3.9871108531951904,2.5545391505407276
3.989365816116333,2.5538739626257376
3.9916179180145264,2.5561431117228404
3.9938902854919434,2.55481810031153
3.9961445331573486,2.5565597482394873
3.9983983039855957,2.5554660028774743
4.000652551651001,2.556814856149537
4.002923250198364,2.554189271234187
4.0051774978637695,2.555190033339266
4.007429599761963,2.555084533105437
4.009682655334473,2.556436366610094
4.011935234069824,2.5551012224079637
4.014192581176758,2.5567534633581
4.0164475440979,2.5544032519344393
4.018836736679077,2.547216719057169
4.021097421646118,2.5498667418797902
4.023357152938843,2.539242808728553
4.02562403678894,2.548869556053824
4.027878522872925,2.5471404251027616
4.030132532119751,2.547893827902535
4.032386779785156,2.544061844833117
4.034641265869141,2.5466832574228353
4.036895275115967,2.5446447783285113
4.039147138595581,2.5453093701969824
4.041401147842407,2.5391289638434604
4.043659210205078,2.539167706867183
4.045915126800537,2.5438806466913992
4.048168420791626,2.542890613423659
4.050429821014404,2.5435873918041456
4.05268406867981,2.5425413301636373
4.054940700531006,2.543707197154426
4.0571959018707275,2.5428828648189143
4.059448480606079,2.539114658727009
4.061702728271484,2.5411799599146794
4.063957452774048,2.539140288727318
4.0662171840667725,2.528509203017855
4.068515777587891,2.506119907631863
4.070791006088257,2.5116184367678684
4.073068857192993,2.513487042604332
4.075324058532715,2.5002893805848814
4.07757830619812,2.517345251720578
4.079829931259155,2.5193473719772546
4.082082986831665,2.5199666643102963
4.084341049194336,2.5225070145734567
4.086594104766846,2.5343427102974307
4.088849306106567,2.5198265933783763
4.091101884841919,2.519656720120516
4.093358039855957,2.5343778770420404
4.095610857009888,2.530830208162094
4.097865104675293,2.534192506574691
4.100116968154907,2.535298768913599
4.102370977401733,2.5364592714857186
4.104629278182983,2.5378027603391122
4.106882095336914,2.5388982938406817
4.109135627746582,2.540111844552975
4.11138916015625,2.5398442196660302
4.113647222518921,2.5417891194569013
4.115900278091431,2.541072075494775
4.118154525756836,2.542828028539184
4.120408296585083,2.5419136931793322
4.122660160064697,2.542726104584468
4.124913930892944,2.541504209220911
4.127166509628296,2.5425526550474946
4.129420042037964,2.5392803596592377
4.131671667098999,2.54165977736232
4.13392972946167,2.5393435405902314
4.136183261871338,2.539580171058198
4.138446092605591,2.5399544882720098
4.140703439712524,2.537331287542735
4.142956256866455,2.53004700303638
4.1453797817230225,2.5098106276763232
4.147678375244141,2.508956493014871
4.149945497512817,2.497105300081408
4.152293920516968,2.469700273239645
4.1546173095703125,2.4610367370887682
4.156933546066284,2.451620394184636
4.159200191497803,2.4604704928959005
4.161461114883423,2.466503079712758
4.163726568222046,2.4689122997417807
4.165985822677612,2.46118098034632
4.1682398319244385,2.4772003265858085
4.17049241065979,2.478249368458911
4.172746181488037,2.4832507947982303
4.175006628036499,2.4852898699390735
4.177261829376221,2.4897673713883606
4.179514169692993,2.4915984262941393
4.181767702102661,2.4958696956479187
4.1840221881866455,2.497780024740699
4.18627667427063,2.502279579911182
4.188530445098877,2.50013500453651
4.190782308578491,2.5078299650943237
4.193045377731323,2.5097849976760145
4.195299386978149,2.5128868237598923
4.197552919387817,2.5160792489146293
4.199804306030273,2.500253617793753
4.202059507369995,2.5187268875511752
4.204334259033203,2.5208857680422985
4.206587553024292,2.523693147145885
4.208841800689697,2.524619403436113
4.211093425750732,2.5284174118539586
4.213348865509033,2.528049055105335
4.215601205825806,2.5291201506996335
4.217855930328369,2.5309631265357884
4.2201087474823,2.533065382607625
4.22236180305481,2.533266846330982
4.22462010383606,2.534770671697935
4.226872682571411,2.5366213961388344
4.229128360748291,2.5369873687013826
4.231380939483643,2.53836900453198
4.233651638031006,2.537902300107753
4.235904932022095,2.539285724077907
4.238158226013184,2.5379756138295666
4.240411758422852,2.5401732373444124
4.242663860321045,2.538335029880408
4.244919061660767,2.539593880128131
4.247171640396118,2.5399020361783546
4.249425411224365,2.5409933973542924
4.251676797866821,2.5408843208413505
4.253934144973755,2.540512387813614
4.2562174797058105,2.540742461769874
4.258472681045532,2.54056960827942
4.260726690292358,2.539077703842843
4.2629852294921875,2.5391605543089573
4.265244007110596,2.5344297330891767
4.267502784729004,2.5308904088604938
4.269758224487305,2.5367364331169644
4.272011041641235,2.5289830600003076
4.274267196655273,2.529103461397107
4.276521444320679,2.526427808574177
4.278773307800293,2.5265619190409088
4.281026601791382,2.5258192450784738
4.283285617828369,2.525314989723562
4.285540580749512,2.5251773029777174
4.287793159484863,2.5233522085371267
4.290046215057373,2.5231453803951003
4.2923009395599365,2.520315351523799
4.294557571411133,2.520765962692018
4.296812295913696,2.5180050752168985
4.299064636230469,2.5189116619720058
4.301318168640137,2.5159916300763645
4.303572177886963,2.51687914334287
4.305825233459473,2.5140294449364475
4.308077335357666,2.513962091679822
4.31033182144165,2.5128927842250803
4.312585353851318,2.512334884683476
4.3148415088653564,2.511079014668347
4.317096710205078,2.5095793616270257
4.31934928894043,2.509544194882416
4.321605443954468,2.5068202622914626
4.323862552642822,2.507732809511758
4.326117992401123,2.5056889659987647
4.328372001647949,2.500171959420676
4.3306238651275635,2.5051149732011524
4.332894325256348,2.505600751113981
4.335146903991699,2.5036856536490504
4.337400674819946,2.5040730838862757
4.339653491973877,2.5028333071271547
4.341907739639282,2.5019267203720474
4.344165563583374,2.5022336843292337
4.346428155899048,2.501269281061802
4.348681926727295,2.502049505954922
4.350933313369751,2.4976131317154326
4.353192329406738,2.5004938245408326
4.355448007583618,2.499025165918489
4.357702970504761,2.500269115003242
4.359955549240112,2.4983122942819946
4.36220908164978,2.4998441338353317
4.364464282989502,2.4985983966110226
4.366717576980591,2.499240338711779
4.368970632553101,2.4984744189351105
4.371223449707031,2.4980702993953585
4.373481512069702,2.498165666838368
4.375734806060791,2.497484981713889
4.377989292144775,2.49698430263809
4.380242824554443,2.4960777158829828
4.382494926452637,2.4946835630754904
4.3847527503967285,2.493725120273247
4.387006044387817,2.495098411452581
4.3892600536346436,2.497593462180312
4.391511917114258,2.495234906105388
4.393767595291138,2.494507133305923
4.3960206508636475,2.4951621884300934
4.398274660110474,2.4943628900483716
4.400528192520142,2.494060694463336
4.4030327796936035,2.4144211309458172
4.405369520187378,2.4162295360838812
4.407646894454956,2.426380208299185
4.409907579421997,2.429745486944376
4.412161588668823,2.4356719774808857
4.4144370555877686,2.4388667868216976
4.416692733764648,2.4443736606089663
4.418944835662842,2.446223192956828
4.421198129653931,2.4511626304581915
4.423452615737915,2.4532899204838183
4.425706624984741,2.4575552293724097
4.427958726882935,2.458666260083468
4.430212020874023,2.4654015857460005
4.43246603012085,2.46894269811424
4.434723854064941,2.4716135825650194
4.436979055404663,2.4611315084852587
4.439231872558594,2.476602491927444
4.44148588180542,2.475883659825761
4.4437432289123535,2.482148704784954
4.445997953414917,2.4862691743694754
4.448261499404907,2.495300471222457
4.45051383972168,2.4900820839502913
4.452767610549927,2.490571438142233
4.455021381378174,2.494299113070859
4.457274913787842,2.4956986302970208
4.459526538848877,2.497738897530901
4.461780786514282,2.4953195447110588
4.464038610458374,2.501049339896362
4.4662926197052,2.49552398866701
4.468597412109375,2.4972626563623734
4.470851421356201,2.4995896219718006
4.473156929016113,2.497884928928009
4.4754109382629395,2.501542270367416
4.477665901184082,2.500766217799928
4.479917764663696,2.500737607567025
4.482171535491943,2.5002947450035506
4.484426259994507,2.5001701712811197
4.486678123474121,2.5020477178153655
4.488932371139526,2.5029173496863066
4.491183757781982,2.503665388067411
4.493443012237549,2.5044682627282455
4.495697736740112,2.506005466700252
4.497951984405518,2.500117123140946
4.500208377838135,2.5070652374106928
4.502461194992065,2.505719364371224
4.504719018936157,2.506589592288684
4.506972074508667,2.500092089187156
4.509226083755493,2.505886853443009
4.511478662490845,2.4999412894178974
4.5137341022491455,2.5006493926822415
4.515986680984497,2.5005599857044203
4.5182411670684814,2.4999818205811764
4.520495653152466,2.4995425342968147
4.522872447967529,2.5003042817478516
4.525131702423096,2.500008046628004
4.527523517608643,2.4978116152061958
4.52978515625,2.4963358040256267
4.532052040100098,2.4954727286663925
4.53431248664856,2.49622911169876
4.536567449569702,2.494213282372151
4.538820266723633,2.4954691523872796
4.54107403755188,2.494057118184223
4.543328523635864,2.4947264784248446
4.545582056045532,2.494507133305923
4.547834873199463,2.4952325219193128
4.550087928771973,2.495277821454742
4.552340984344482,2.494038044695621
4.554597854614258,2.493315040268307
4.556852579116821,2.4977347252052695
4.5591044425964355,2.493094503056348
4.561358213424683,2.4910286058221587
4.56361722946167,2.4912807334996145
4.56587290763855,2.49760955543632
4.568124771118164,2.4905070651182015
4.570378541946411,2.488796411609222
4.572631597518921,2.488448320442238
4.574885129928589,2.4873968943830604
4.577138185501099,2.4799129342929045
4.579398155212402,2.4800685024343134
4.581653833389282,2.4800190305732523
4.583914279937744,2.4806997156977313
4.586169958114624,2.475865778430197
4.58842396736145,2.4804076529035153
4.590676546096802,2.4789646242814807
4.5929296016693115,2.4610045505767526
4.595305681228638,2.4612405849982006
4.597560882568359,2.479217944051974
4.599814176559448,2.4777373644992546
4.602068185806274,2.477838692407452
4.604323625564575,2.4768081279764327
4.6065757274627686,2.4774774882170543
4.608830213546753,2.4744525521341028
4.611082077026367,2.4742981760857314
4.613341808319092,2.4739137260811
4.615595579147339,2.470931705347503
4.617849349975586,2.473982867477282
4.620112180709839,2.473551329797665
4.622365236282349,2.4713638390736388
4.624626874923706,2.4691680036983494
4.626880884170532,2.46969788905357
4.6291351318359375,2.468734677879176
4.631387710571289,2.46948271626028
4.6336424350738525,2.467861469729122
4.635894775390625,2.468293603455258
4.638148546218872,2.4610599829030018
4.640401840209961,2.468320425548604
4.642653942108154,2.467730339494984
4.64491081237793,2.461174423834613
4.647164344787598,2.4690589271854075
4.649417877197266,2.4661979038951283
4.651669979095459,2.4609950138324517
4.653989553451538,2.437541775410387
4.6562886238098145,2.4406012821914294
4.658547639846802,2.438883476124224
4.660845518112183,2.407023597600889
4.66317081451416,2.4197205805445408
4.665485620498657,2.3829260328919926
4.6677772998809814,2.3954775804850557
4.670044422149658,2.402074027308706
4.67229962348938,2.408981610415174
4.674569606781006,2.412252713710393
4.676832914352417,2.417421033074979
4.679086208343506,2.4220183398745467
4.68134069442749,2.4289801632142263
4.683600187301636,2.4309089697490895
4.685856103897095,2.4376824423888257
4.688107967376709,2.4220439698748555
4.690361976623535,2.448143654840428
4.692615270614624,2.453198129319922
4.694870233535767,2.4587956021780495
4.697124004364014,2.4639907436359816
4.699376344680786,2.46846764903875
4.701633930206299,2.4713215197708034
4.703892230987549,2.475247082143674
4.7061474323272705,2.4787411068369276
4.708402156829834,2.480992970584985
4.7106547355651855,2.4864986522792165
4.71290922164917,2.4879506215990332
4.715168714523315,2.49246328979293
4.717423677444458,2.4931475511965218
4.719675779342651,2.4978312847413164
4.72192907333374,2.4954071635493236
4.724183082580566,2.502521574797818
4.726444482803345,2.5044462090070496
4.728697299957275,2.507620156719703
4.730949401855469,2.509823144653218
4.733206272125244,2.5115129365340394
4.735459804534912,2.5114169730445113
4.737715244293213,2.5125125065460807
4.739967107772827,2.5000843405824114
4.742221355438232,2.515781821701744
4.744478940963745,2.519563736863582
4.746732234954834,2.5198659324486177
4.74898624420166,2.5368049784666273
4.751238584518433,2.5221261408479383
4.753492832183838,2.524566951342458
4.755744934082031,2.5244686036668544
4.757998466491699,2.5269535216037657
4.760251760482788,2.5295928155890484
4.7625041007995605,2.529674473962125
4.764760732650757,2.532433573297688
4.767017841339111,2.531212870027169
4.769272565841675,2.5367429896286713
4.771525144577026,2.5314506925881735
4.773784160614014,2.533893887268768
4.776037693023682,2.5342783372733995
4.77829122543335,2.536147539156382
4.78054404258728,2.5341883342490594
4.782795667648315,2.534618679835639
4.7850501537323,2.5315681137523787
4.787301540374756,2.532626692369782
4.789554834365845,2.5313350595635247
4.791806221008301,2.531518045844799
4.794062614440918,2.532095018875005
4.796318531036377,2.5311186946771973
4.798570156097412,2.5309595502566755
4.800823926925659,2.5283625755742283
4.803109645843506,2.528385821388462
4.80536413192749,2.5255963236804395
4.807616233825684,2.526489797412133
4.809869289398193,2.525293532048885
4.812121152877808,2.524780335996191
4.814375638961792,2.5236514238895684
4.816628932952881,2.5214853908402195
4.8188817501068115,2.5192263745339365
4.8211352825164795,2.5167742391555596
4.823393821716309,2.500125467792209
4.825657844543457,2.5139078514466107
4.827910661697388,2.5141200440073064
4.830163955688477,2.510659397919106
4.832417964935303,2.5094112765087218
4.834675550460815,2.5057151920455922
4.836930513381958,2.5047919159879584
4.839182615280151,2.500502169192096
4.841435432434082,2.500868141754644
4.843689918518066,2.4990156291741883
4.845943450927734,2.497537433807544
4.84820294380188,2.4962332840243917
4.850455284118652,2.492646276074204
4.852708339691162,2.4896708118523136
4.855087995529175,2.4879458532268828
4.857343435287476,2.4878790960167763
4.85959529876709,2.4867251499563636
4.861849546432495,2.497785985205887
4.86410927772522,2.4662491638957458
4.866365432739258,2.446350746911853
4.868623971939087,2.434894136773841
4.870877027511597,2.4250230103758588
4.873132705688477,2.4110266460212046
4.875385522842407,2.4024566891737806
4.877639532089233,2.397524404230643
4.879892110824585,2.385810898043024
4.882146120071411,2.3795452570373126
4.88443922996521,2.372508331836263
4.886696815490723,2.366014405013848
4.88895058631897,2.359018010976077
4.891202211380005,2.357617897703397
4.893460273742676,2.3530790034626725
4.8957133293151855,2.351505440653019
4.89796781539917,2.349090856205327
4.90022873878479,2.343957107538832
4.902480602264404,2.3447516375484034
4.904735326766968,2.344665806849695
4.906987190246582,2.343765180559776
4.909241199493408,2.345783990118979
4.911493539810181,2.28561428613833
4.91400408744812,2.2450264984400867
4.916329860687256,2.2633328751722424
4.918622732162476,2.273095521103802
4.920889139175415,2.28143838422756
4.923221826553345,2.289685879908309
4.9254772663116455,2.2999575495669307
4.927730083465576,2.3077139029161815
4.929983854293823,2.3174765488477407
4.9322381019592285,2.3390993284105455
4.934492826461792,2.3337420622994975
4.936746597290039,2.341341059367783
4.938998460769653,2.349071782716725
4.9412522315979,2.3606964779730415
4.943512678146362,2.3682877264365825
4.945768117904663,2.3786696647011834
4.948029279708862,2.4012759210200216
4.950284242630005,2.421255400330472
4.952538013458252,2.437876753553957
4.954796075820923,2.4573096582066607
4.957052946090698,2.4735018579366037
4.959305286407471,2.490894495355427
4.961559057235718,2.504895032035712
4.96381688117981,2.5207898045527704
4.966071844100952,2.533486787496422
4.968329906463623,2.5466170962592476
4.970581531524658,2.555237121014252
4.972839593887329,2.5652507025302294
4.975113868713379,2.5764492245255974
4.977368116378784,2.5847098332297604
4.979621887207031,2.593058060772188
4.981876850128174,2.599122834101061
4.984136581420898,2.606745673030099
4.986391544342041,2.6108458770329808
4.988645553588867,2.6156035203461077
4.9908976554870605,2.6173558971114037
4.993155479431152,2.6241645364957495
4.995409727096558,2.626198843264442
4.9976646900177,2.6289370809718466
4.999917030334473,2.630343750756234
5.0021703243255615,2.630194143080013
5.004425287246704,2.6315888919340242
5.006685256958008,2.6307794607614827
5.008938789367676,2.617391659902532
5.011189937591553,2.6292666946967476
5.013447284698486,2.6290086065541036
5.015700101852417,2.6251986772058817
5.017954349517822,2.6229861525280658
5.0202085971832275,2.6178786299083985
5.022463798522949,2.613843991022586
5.024722576141357,2.6107791198228743
5.026975631713867,2.59769291850244
5.029229640960693,2.6030591253112703
5.031481027603149,2.59916336526434
5.033735990524292,2.595056008703233
5.036298990249634,2.587330053726441
5.0385589599609375,2.578223058965571
5.040815353393555,2.5794187282823002
5.043076276779175,2.5767073126682414
5.045331239700317,2.5703683579407164
5.047584056854248,2.5669536074344643
5.049838066101074,2.5733724323955096
5.052090167999268,2.5566670366128728
5.054347515106201,2.5506392181681656
5.056603670120239,2.5443682127437843
5.058855295181274,2.5402841019969107
5.0611090660095215,2.5368449135833875
5.063363075256348,2.5308349765342446
5.065616607666016,2.5204166794319964
5.067873239517212,2.485282717380848
5.070165634155273,2.490238248138219
5.072425842285156,2.4887087927709572
5.074690580368042,2.49520391168641
5.076947450637817,2.481409011055113
5.079200267791748,2.476761040301447
5.081454277038574,2.4754545063322193
5.083714962005615,2.470493611156179
5.085970163345337,2.461223895695674
5.08824896812439,2.4586084435711437
5.0905022621154785,2.457171971460816
5.0927574634552,2.455129916087379
5.095012903213501,2.4520179572126812
5.097268104553223,2.4514576734850015
5.099520683288574,2.448579364845677
5.101774454116821,2.449436479739723
5.1040332317352295,2.446469360169096
5.106288909912109,2.4472686585508177
5.1085429191589355,2.445049577361295
5.110795974731445,2.4453481966672177
5.113111257553101,2.442902021754029
5.1153647899627686,2.44364171548387
5.117618799209595,2.443231039432411
5.119870901107788,2.4431183866403563
5.122125148773193,2.44327157059569
5.124380111694336,2.442975931522361
5.1266326904296875,2.445095472943243
5.128888368606567,2.4447050624734237
5.1311399936676025,2.4416574766227575
5.133397817611694,2.444698505961717
5.135650157928467,2.448072129258171
5.1379053592681885,2.4473628339007893
5.140158414840698,2.448935800663924
5.142421245574951,2.44930296531951
5.144678592681885,2.4517902674424965
5.1469316482543945,2.4591252159029504
5.149185657501221,2.481735048500901
5.151437759399414,2.498717605914784
5.153692960739136,2.5124290600334476
5.155946969985962,2.5288650427895836
5.158201694488525,2.5393310236133364
5.16045618057251,2.552325433769874
5.162967205047607,2.5391063140757457
5.165287971496582,2.560634918288579
5.167548894882202,2.563375540182059
5.1698668003082275,2.5488528667512975
5.172182321548462,2.551498717248287
5.174545526504517,2.55040199165368
5.176818609237671,2.5651267248543173
5.179072141647339,2.576671549877113
5.181326389312744,2.5851729613748744
5.183584451675415,2.5946131461397584
5.185839653015137,2.603283238802342
5.188092470169067,2.609850479346571
5.1903462409973145,2.6148793238257557
5.19260048866272,2.62272389205979
5.194860935211182,2.6277229342130344
5.197117328643799,2.630182222149637
5.199369192123413,2.634613231970457
5.201622009277344,2.636170105477584
5.2038795948028564,2.6399806308723246
5.206135034561157,2.639181332490603
5.2083892822265625,2.641754465312298
5.210646152496338,2.642513232530741
5.212916374206543,2.6417449285679973
5.215169906616211,2.6368114515318215
5.217427968978882,2.6357183022163273
5.2196807861328125,2.635498361050887
5.221935510635376,2.6172664901335825
5.2242045402526855,2.617304637110786
5.2264604568481445,2.6171878119931
5.228715658187866,2.6164701719844548
5.230968713760376,2.6128199831032735
5.233227252960205,2.610207511211337
5.235480308532715,2.6068553455895596
5.237733602523804,2.5978872296675717
5.239986181259155,2.60141880529151
5.242239236831665,2.5782618019892936
5.244494915008545,2.594604801488495
5.246748685836792,2.590543936555855
5.249002456665039,2.5873664125640885
5.251254320144653,2.5820091464530406
5.253512859344482,2.579360911769976
5.25576639175415,2.574228355196518
5.258020639419556,2.5707790339921752
5.260274410247803,2.566376038357739
5.262526988983154,2.563560910649408
5.2647857666015625,2.556896514522614
5.26703953742981,2.547036713008489
5.269298553466797,2.5445440464668327
5.271552562713623,2.5397011685015163
5.273807525634766,2.5359973354336423
5.276060581207275,2.531474534448926
5.278314590454102,2.529754940242164
5.2805702686309814,2.5246647029715423
5.282945156097412,2.5242790608738734
5.285200834274292,2.5196775817486743
5.287452936172485,2.51785427544764
5.289706468582153,2.5138393060969477
5.291958570480347,2.5100520265164405
5.294216871261597,2.5000497698843205
5.29647159576416,2.5065961488003907
5.298723459243774,2.5043603783083412
5.30097770690918,2.502848208290125
5.303231477737427,2.5008890033828024
5.305484771728516,2.4980953333491485
5.307735919952393,2.496633827285031
5.3099892139434814,2.493892013298513
5.3122429847717285,2.4941799037670975
5.314501047134399,2.49166816373684
5.316756725311279,2.497698962414141
5.31900954246521,2.48832732299892
5.321263551712036,2.4886462078864824
5.323522090911865,2.4788752173036595
5.3257763385772705,2.4610486580191444
5.328029632568359,2.4756380886600122
5.330283880233765,2.4748817056276446
5.332538366317749,2.474212941433542
5.334792613983154,2.4738290874754294
5.337046146392822,2.4748548835342983
5.339298725128174,2.472814020253899
5.341552019119263,2.474731501904905
5.343809604644775,2.4740621416642834
5.346065044403076,2.4761965842481355
5.3483192920684814,2.4753847688895187
5.350571393966675,2.477264103563321
5.352824449539185,2.461242373137757
5.355081796646118,2.4776598784518096
5.3573362827301025,2.478332814971544
5.359589338302612,2.4794617270781667
5.361842632293701,2.4812176801225756
5.3640968799591064,2.480958399886894
5.366349935531616,2.4836733917800653
5.368602752685547,2.4831792692159733
5.370854616165161,2.485642729478208
5.373111248016357,2.4850353580755424
5.375364065170288,2.487349210661556
5.377617359161377,2.4871799334502143
5.379869699478149,2.4890288697515572
5.382122993469238,2.488861380679772
5.384381532669067,2.490804492331087
5.386634349822998,2.4975731965986725
5.388888120651245,2.4975851175290487
5.391139984130859,2.494067250975043
5.39339804649353,2.4975851175290487
5.395649671554565,2.4947980040071016
5.397903680801392,2.4976256486923276
5.400156259536743,2.497702538693254
5.402417421340942,2.497201859617455
5.404674530029297,2.498922645917254
5.4069273471832275,2.499497830807904
5.409181833267212,2.501278221759584
5.41143536567688,2.5021627547934955
5.4136927127838135,2.5034514073671588
5.415945529937744,2.503658235509185
5.418199062347412,2.500148117559924
5.420482158660889,2.431982449529463
5.422867059707642,2.434456042582517
5.42515754699707,2.4424084952364558
5.427415609359741,2.4325272360476538
5.429670572280884,2.4442079596767377
5.431922435760498,2.4416628410414267
5.434184551239014,2.4557045049315103
5.436440706253052,2.4601158452172096
5.438693523406982,2.467363770885917
5.440948486328125,2.4716439809374786
5.443207263946533,2.4782034728769626
5.445461988449097,2.48290091549169
5.447714328765869,2.488746343701642
5.449967861175537,2.495241462617095
5.45223593711853,2.4961063261158856
5.454490423202515,2.50164538641517
5.456744194030762,2.504640520172181
5.458996295928955,2.5112918032755616
5.461250305175781,2.513673605164719
5.463507413864136,2.5194647931414598
5.465763330459595,2.5216183092139137
5.468019247055054,2.5185766838284356
5.470276355743408,2.536831204513455
5.4725306034088135,2.5196465873296963
5.47479510307312,2.5279399785923933
5.47705078125,2.5344798009967566
5.479304075241089,2.5349333923975697
5.481558084487915,2.5365087433467797
5.483812570571899,2.5390753196567677
5.486066818237305,2.5391194270991595
5.4883201122283936,2.5429353169125695
5.490573883056641,2.5440415792514774
5.492921829223633,2.5479587969730852
5.495175123214722,2.5462141688125333
5.497430324554443,2.549702829087118
5.4996819496154785,2.5491789041970856
5.501936435699463,2.545767133923427
5.5042054653167725,2.547954028600935
5.5064613819122314,2.548055952555651
5.508715867996216,2.5488093553554245
5.5109686851501465,2.5492999016404037
5.513224363327026,2.5502666890939105
5.515477418899536,2.549703425133637
5.5177319049835205,2.5508567751475306
5.519984006881714,2.5494518935026997
5.522237300872803,2.5496766030402904
5.524496793746948,2.5494441448979552
5.526750326156616,2.550659483749805
5.5290045738220215,2.53585845659476
5.531256198883057,2.5390723394241737
5.533514022827148,2.5380513117374552
5.535766839981079,2.5313267149122614
5.53802227973938,2.5318697132908956
5.540276288986206,2.5316432156137485
5.542528390884399,2.5338426272681507
5.544963359832764,2.5342759530873242
5.547253608703613,2.5331059137709038
5.549508571624756,2.5121960058445936
5.551826238632202,2.436192922138324
5.55422568321228,2.4083366880818233
5.556550025939941,2.3959931607238247
5.558845043182373,2.351219338323991
5.56116509437561,2.3737910239447384
5.563426733016968,2.385239289431487
5.5656843185424805,2.3830720642891006
5.56793737411499,2.406491328059593
5.5701916217803955,2.4173167249341874
5.572445869445801,2.4264570983001112
5.574699401855469,2.422051122433081
5.576956033706665,2.447945171349665
5.579209089279175,2.457188064716824
5.581463813781738,2.4677416643788415
5.583717107772827,2.4755075544723932
5.585970878601074,2.484034595970463
5.588231325149536,2.4975833293894922
5.5904834270477295,2.5007268787296866
5.5927369594573975,2.5092288862739665
5.594989538192749,2.5002673268636855
5.597255706787109,2.517335714976277
5.599510431289673,2.523308101094735
5.601765155792236,2.529428902796376
5.6040167808532715,2.5351235312370695
5.60627007484436,2.541144197123551
5.608524322509766,2.5391194270991595
5.610776901245117,2.552987045405751
5.613030195236206,2.557035989408015
5.61528205871582,2.560851879221425
5.617535591125488,2.564027615073635
5.619788646697998,2.5734350172799845
5.622042655944824,2.570662208874489
5.62429666519165,2.5747838705520474
5.626549005508423,2.578502604782892
5.62880277633667,2.581491778074715
5.6310553550720215,2.5731358019275428
5.633309364318848,2.5575479933676712
5.635561943054199,2.5733879296049986
5.637817144393921,2.568660088617812
5.640069246292114,2.5720962967987413
5.642322301864624,2.5762751789421054
5.644576787948608,2.5782486889658798
5.646829128265381,2.5784114096655144
5.649082899093628,2.5851699811422804
5.6513352394104,2.58706064069994
5.653588771820068,2.5897964942212695
5.65584135055542,2.5905421484162985
5.658094882965088,2.59343714635815
5.660348176956177,2.5893458830530505
5.662600994110107,2.5924041977410552
5.664855718612671,2.5951340907971967
5.667108058929443,2.5923839321594158
5.66936731338501,2.585767219754126
5.671659469604492,2.568054505354703
5.673961877822876,2.571149178880355
5.676246643066406,2.548951214426901
5.67859673500061,2.4556687421403818
5.6809775829315186,2.391567515321674
5.6833155155181885,2.3506298483168897
5.685655355453491,2.339034955386514
5.68799901008606,2.2851469856675846
5.690354108810425,2.2541621034338597
5.692695140838623,2.2334083596954772
5.695022821426392,2.213263775499317
5.697317361831665,2.191843651752907
5.699580669403076,2.1680768928619494
5.701857566833496,2.152385968254324
5.7041449546813965,2.146203177714727
5.706459283828735,2.1278407726098028
5.708741903305054,2.1115907563675353
5.71107292175293,2.1047719841923693
5.713376760482788,2.0984783290002738
5.7157018184661865,2.104775560471482
5.718058109283447,2.0914479603109313
5.720404386520386,2.0916577686855518
5.722729206085205,2.0938112847580057
5.725070238113403,2.1036532048765664
5.727389574050903,2.1047243004708647
5.729730844497681,2.1142741577952098
5.732055902481079,2.1435036830310445
5.7343714237213135,2.196232342270892
5.73663330078125,2.2633471802886937
5.738887071609497,2.3082980285046135
5.74114203453064,2.3602297735488147
5.743395090103149,2.4065902717817154
5.745650291442871,2.4536898676979386
5.747902870178223,2.49890476452169
5.750156402587891,2.5406637836293915
5.7524261474609375,2.580404589224409
5.754678964614868,2.6156380910441985
5.756936550140381,2.64968546029156
5.759189605712891,2.6847842555980987
5.761444568634033,2.7175656220395115
5.7636964321136475,2.7453533107463493
5.765949964523315,2.771960231299428
5.7682108879089355,2.7952441925101508
5.770464181900024,2.8182217858102065
5.7727179527282715,2.8374520346465153
5.774970054626465,2.8565887041793707
5.777224063873291,2.873322710194911
5.779475927352905,2.888506995261549
5.7817299365997314,2.9013064982064365
5.783982276916504,2.9111972941395394
5.786236524581909,2.9201266670378048
5.788490295410156,2.927644005733014
5.7907421588897705,2.933864943249815
5.792999744415283,2.938986174939415
5.795252084732056,2.941418044736152
5.797505855560303,2.942679875216469
5.799757242202759,2.940135948674196
5.802011013031006,2.939526789131974
5.804264545440674,2.9364613218857434
5.806516170501709,2.9330179611465885
5.808770656585693,2.925083985934733
5.811022758483887,2.9221150782245493
5.813277244567871,2.9248276859316453
5.815528869628906,2.906895626413301
5.817782402038574,2.8976557132787364
5.8200342655181885,2.8883281813059067
5.8222880363464355,2.8775814625717953
5.824542999267578,2.8650060731179803
5.826796293258667,2.8533140246050386
5.8290510177612305,2.841482501206696
5.831303596496582,2.8294846808296064
5.83355712890625,2.8172555944032185
5.8358094692230225,2.7934268466743046
5.838064432144165,2.77830574253866
5.840318441390991,2.7666017730953425
5.842570543289185,2.7530619803740954
5.844823837280273,2.740158765334936
5.84707498550415,2.732046572213956
5.849328279495239,2.713756884784327
5.851579904556274,2.6953247422367026
5.8538336753845215,2.690712534274165
5.856086254119873,2.6758316368856
5.85834002494812,2.664445360236807
5.860594272613525,2.6540091817389944
5.862846612930298,2.6369860931618323
5.865100145339966,2.617485835252504
5.867352485656738,2.6172235747842283
5.8696129322052,2.6094171535273976
5.8718671798706055,2.600955677146396
5.874121427536011,2.5937393419431856
5.8763747215271,2.586388896273243
5.878627300262451,2.581473300632632
5.88088059425354,2.5675806483722505
5.883137941360474,2.558781809661604
5.885394334793091,2.560401268053206
5.887646913528442,2.555162019152882
5.8899009227752686,2.5524130526081388
5.892153739929199,2.548223441627436
5.894418478012085,2.546072309741057
5.896671533584595,2.5391933368674917
5.89892315864563,2.541504209220911
5.90117621421814,2.5381121084823737
5.903428077697754,2.5373604938221566
5.905681371688843,2.535714809383727
5.9079320430755615,2.535193864726289
5.910185098648071,2.5357207698489153
5.912439584732056,2.534469668205937
5.91469144821167,2.536090914737095
5.916945219039917,2.5359347505491674
5.91919732093811,2.537337844054442
5.9214653968811035,2.5385287449990206
5.923717498779297,2.5396940159432906
5.925971508026123,2.540844981771109
5.928233623504639,2.542973463889773
5.930492162704468,2.4781689021788718
5.932821035385132,2.467000778555963
5.9351067543029785,2.481481132683889
5.937372446060181,2.4858298880851137
5.939625263214111,2.4782851312500394
5.9418792724609375,2.4954077595958424
5.944132089614868,2.5002959370965883
5.946385860443115,2.5087073455700093
5.948642015457153,2.514655889827715
5.950893878936768,2.5342509191335343
5.953147649765015,2.5310096181642554
5.95539927482605,2.5378212377811953
5.957653284072876,2.5392070459374243
5.9599058628082275,2.551868266089948
5.962159156799316,2.5585660408217956
5.964412450790405,2.5644943194978618
5.9666643142700195,2.569974371191784
5.968918085098267,2.575111696137392
5.971169948577881,2.5796511864246354
5.973423480987549,2.583753774613592
5.975675821304321,2.5872549518650714
5.977929353713989,2.5952193254493863
5.98020339012146,2.5946250670701345
5.982455492019653,2.597371053382284
5.984708547592163,2.5999418020179035
5.9869606494903564,2.61258156449575
5.989214181900024,2.6147803801036336
5.9914655685424805,2.604971242543607
5.993719577789307,2.5925997009992243
5.9960010051727295,2.5990596531700674
5.998263359069824,2.599374961778517
6.0005176067352295,2.600403142023461
6.002771377563477,2.6123687758885357
6.00502610206604,2.5999918699254834
6.007277965545654,2.6009115697040044
6.009544372558594,2.6012191297077094
6.011796712875366,2.6016143085496792
6.014049768447876,2.6016226532009425
6.016304969787598,2.5927421561172195
6.018590211868286,2.578167030592803
6.020860195159912,2.5854495269596014
6.023112773895264,2.585342238586216
6.0253660678863525,2.585221241142898
6.027618408203125,2.578293988501309
6.029873371124268,2.5854608518434588
6.03212571144104,2.5782707426870757
6.034379005432129,2.5842771034571057
6.036633729934692,2.58328468600329
6.038892507553101,2.5823566415735058
6.041151762008667,2.5646784978721735
6.043405532836914,2.5733414379765316
6.045659065246582,2.5656554181165
6.047910690307617,2.5661614616109683
6.050164461135864,2.5665250499874412
6.05241847038269,2.5653961378808186
6.05481219291687,2.5586870382651137
6.05707573890686,2.5604119968905446
6.059328556060791,2.5582656333763163
6.061583518981934,2.5393310236133364
6.063835620880127,2.5570681759200307
6.06609034538269,2.556104368699118
6.068351745605469,2.523867192729377
6.07063889503479,2.5327059665567835
6.072907447814941,2.53217250492245
6.075161457061768,2.5367274924191823
6.077415943145752,2.531396452354962
6.079668283462524,2.5308504737437336
6.081922292709351,2.5311175025841597
6.084174871444702,2.5277784499857963
6.086430788040161,2.5342848937851064
6.0886852741241455,2.5268432529977862
6.090938091278076,2.5277194413804343
6.093192100524902,2.527857128126279
6.095444440841675,2.5367084189305804
6.097698211669922,2.528133693711006
6.099949598312378,2.528944316976585
6.102202415466309,2.5290891562806554
6.104455947875977,2.521580758283229
6.106715440750122,2.5236669210990574
6.108973026275635,2.525162997861266
6.111225605010986,2.534332577506611
6.1134796142578125,2.527185383699582
6.115732192993164,2.528612319065609
6.117985486984253,2.529888454662377
6.120239734649658,2.5308039821152666
6.122492074966431,2.5314161218900826
6.12474513053894,2.532654110509647
6.127000570297241,2.5337317626156524
6.129255056381226,2.5351294917022575
6.131507158279419,2.5352481049595004
6.133760929107666,2.5365367575331637
6.13601279258728,2.537654344755929
6.13826584815979,2.538051907783974
6.140519142150879,2.5384673522075833
6.1427717208862305,2.5317886509643377
6.1450278759002686,2.5275757941694015
6.147280693054199,2.530755702347243
6.149533748626709,2.536918227305201
6.151785850524902,2.531850043755775
6.154038906097412,2.5325480142292993
6.156292676925659,2.5328138509766878
6.158544540405273,2.5332191626094773
6.160797834396362,2.5336125533118907
6.163050174713135,2.533909384478257
6.165303707122803,2.5331094900500166
6.167555809020996,2.532891337024133
6.169809103012085,2.5322428384116695
6.172060012817383,2.531154457468326
6.17431378364563,2.530665699322903
6.1765666007995605,2.52995700001204
6.178818225860596,2.5254902274000917
6.181120872497559,2.504175007840992
6.183415174484253,2.5001612305833376
6.185713529586792,2.4929621807291724
6.188024520874023,2.4589255403191497
6.190350770950317,2.4570891209947017
6.19266152381897,2.4545410221267967
6.194922924041748,2.4586674521765057
6.197179794311523,2.4625334098974956
6.199432611465454,2.465822394588279
6.201688528060913,2.4690058790452336
6.2039406299591064,2.4702867830141524
6.206194162368774,2.4611267401131083
6.208451271057129,2.4771538349573414
6.21070408821106,2.479293641959863
6.2129576206207275,2.4819204189682504
6.2152099609375,2.483198342704575
6.217465877532959,2.4848178010961774
6.2197182178497314,2.4868318422832303
6.221972227096558,2.4893954383606243
6.224238872528076,2.4914577593157006
6.22649073600769,2.4938783042285806
6.22874903678894,2.4954327935496323
6.23100209236145,2.496748268216642
6.2332611083984375,2.498721182193897
6.23551344871521,2.4976500865995988
6.237768173217773,2.501505911529769
6.240020513534546,2.5030955675954303
6.242273569107056,2.504889667617043
6.2445268630981445,2.502838671545824
6.24677848815918,2.4978211519504967
6.2490315437316895,2.496418654491741
6.251283645629883,2.498379051492101
6.2535364627838135,2.499237358479185
6.255788326263428,2.500763237567334
6.258040904998779,2.5020167233963875
6.260294437408447,2.502642572241136
6.2625463008880615,2.5036177043459062
6.264800310134888,2.50504106343282
6.267052412033081,2.5059512264670403
6.269306659698486,2.5008860231502084
6.271563291549683,2.5025692585193227
6.273822069168091,2.5010588766406627
6.276076078414917,2.503204644108372
6.2783308029174805,2.504985631106571
6.28058385848999,2.5058564550705498
6.282835960388184,2.5001671910485257
6.285090208053589,2.500126063838728
6.287342548370361,2.508624495103895
6.289596319198608,2.5099864613993716
6.291848182678223,2.5120255365402144
6.2941014766693115,2.5131186858557086
6.2963550090789795,2.5148102658760862
6.298605918884277,2.500299513375701
6.30086088180542,2.5172278305563727
6.3031165599823,2.5186398647594292
6.305373430252075,2.519284191046261
6.3076255321502686,2.500253617793753
6.3098790645599365,2.5203856850130184
6.312132358551025,2.520977559206195
6.3143861293792725,2.52126008525611
6.3166399002075195,2.5208798075771104
6.318892240524292,2.5344052951819056
6.321146726608276,2.5367555066055663
6.323398590087891,2.520572843619924
6.3256518840789795,2.5368168993970035
6.327903509140015,2.522095742475479
6.33015775680542,2.521993222474244
6.332411766052246,2.5204822445490653
6.334664583206177,2.5190642498808207
6.336918115615845,2.518081965217825
6.339169979095459,2.516930999390006
6.341423511505127,2.51477331099192
6.34367561340332,2.500191628955797
6.345929861068726,2.5149032491330203
6.34818172454834,2.500247061282046
6.350441217422485,2.5000688433729223
6.352694511413574,2.4991944431298307
6.35494589805603,2.4977132675305924
6.3571999073028564,2.4974671003183246
6.359451532363892,2.497120797290897
6.361704587936401,2.494601308655895
6.363956689834595,2.494023143532651
6.366209268569946,2.4916872372254417
6.368462800979614,2.4889692650996764
6.370714902877808,2.487044034843926
6.3729681968688965,2.4952927226177124
6.3752195835113525,2.483969030853394
6.377472877502441,2.4821349957150214
6.379725456237793,2.4806126929059853
6.381978988647461,2.4769553514665783
6.384232521057129,2.4731352893275367
6.386484384536743,2.469371255561263
6.388736963272095,2.461046869879588
6.390988826751709,2.461238796858644
6.393242597579956,2.4610367370887682
6.3954949378967285,2.458684737525551
6.3977484703063965,2.456136638657646
6.400000095367432,2.451387339995782
6.402252435684204,2.448314124144807
6.404505729675293,2.4445405536342326
6.4067583084106445,2.4402430582336256
6.409011363983154,2.4372544809883214
6.411263704299927,2.434183053276903
6.413517236709595,2.4315121688261234
6.415769100189209,2.427001884818302
6.418022155761719,2.423415472914633
6.420275926589966,2.4197307133353605
6.422527551651001,2.4167564412065077
6.424780607223511,2.4196252131015314
6.427032709121704,2.4109497560202784
6.429286241531372,2.409391094373595
6.431537866592407,2.419570376821801
6.433793067932129,2.4048527961793895
6.436044931411743,2.399292278205428
6.43834924697876,2.3216786768053383
6.440680980682373,2.330618182494424
6.442943811416626,2.3364057941920513
6.44520378112793,2.339554111904396
6.447456359863281,2.343706171954414
6.4497106075286865,2.339492719112959
6.451962471008301,2.3343857925398104
6.454216718673706,2.341195624017194
6.456470966339111,2.3460069115170135
6.458723783493042,2.3511871518119754
6.460978031158447,2.3563113637341693
6.46323037147522,2.361648960310097
6.4654834270477295,2.3655226666358313
6.467735290527344,2.3693093501698197
6.469989061355591,2.3667523106041326
6.472252130508423,2.363553924984208
6.474505424499512,2.3722842183451913
6.4767608642578125,2.378170773764941
6.479012966156006,2.382719204749966
6.481266736984253,2.388670729240266
6.483518123626709,2.390423106005562
6.485771656036377,2.3939451448852
6.488023519515991,2.397707390511917
6.49027681350708,2.3829141119616164
6.492530345916748,2.4070832022527697
6.494782447814941,2.410736371366545
6.49703574180603,2.4155428904942142
6.499286890029907,2.41799562191911
6.501539945602417,2.4207708145106808
6.503794431686401,2.4241450338536543
6.506048202514648,2.4219098594081236
6.508303165435791,2.4287798915839067
6.510555267333984,2.421952178710959
6.512808799743652,2.4339201967621085
6.515060663223267,2.43699520075264
6.5173139572143555,2.4390914963592882
6.51956582069397,2.4417939712755645
6.521819353103638,2.4438288740907756
6.524072170257568,2.446229749468535
6.526325941085815,2.4490681229910995
6.528579235076904,2.4562230654028734
6.530831575393677,2.453162962575312
6.5330846309661865,2.4542877023563032
6.53533673286438,2.4567827530840343
6.537590980529785,2.4582675049623854
6.539843320846558,2.4599483561454245
6.542097091674805,2.4616548373287723
6.544351100921631,2.463355954093451
6.546602487564087,2.4652019101622
6.548856019973755,2.4664309580839823
6.55110764503479,2.4668845494847953
6.553361415863037,2.448271208795453
6.555613994598389,2.442972951289767
6.5578672885894775,2.4490186511300385
6.560118913650513,2.4477377471611197
6.5625529289245605,2.4469926890126095
6.564817905426025,2.4501183569572396
6.567071199417114,2.452261144192355
6.569325923919678,2.4542191570066403
6.571579456329346,2.456512744011014
6.573832988739014,2.4585655282217895
6.576085090637207,2.463116939439409
6.578339099884033,2.4661162455220516
6.580592632293701,2.4678042492633163
6.582844972610474,2.461003954530234
6.5850989818573,2.4725863304837143
6.587351322174072,2.4751284688864312
6.58960485458374,2.4775800082182893
6.591863393783569,2.479581532428447
6.594115734100342,2.480697927558175
6.5963685512542725,2.4806675291857156
6.598620653152466,2.485060988075851
6.600874662399292,2.486419974138734
6.603126287460327,2.488053737646787
6.605379343032837,2.4806174612781358
6.607631206512451,2.4915352453631456
6.609884262084961,2.4914553751296253
6.612136602401733,2.486217318322339
6.6143999099731445,2.4895724641767103
6.616656064987183,2.4906340230267077
6.618908166885376,2.4928286663089594
6.621161937713623,2.4941977851626618
6.623413801193237,2.496657669145783
6.625668048858643,2.4976018068315753
6.627920627593994,2.4998381733701436
6.630174398422241,2.50085026035908
6.63242769241333,2.502520978751299
6.634679555892944,2.503121197595739
6.636933326721191,2.5002399087238203
6.639184951782227,2.505519688787423
6.641438245773315,2.506362498565018
6.64369010925293,2.5066378720567073
6.64594292640686,2.5074675688108883
6.64820408821106,2.5076034674171765
6.650455713272095,2.5070032485727367
6.652709007263184,2.507238686947666
6.654961347579956,2.495920955648536
6.657215118408203,2.494185268185767
6.659466505050659,2.496216594721865
6.6617207527160645,2.496841847520095
6.663973331451416,2.498094141256111
6.666226148605347,2.498148977535841
6.6684792041778564,2.494802772379252
6.670741558074951,2.4906310427941136
6.672998666763306,2.4922218909528127
6.675251483917236,2.4930360904975046
6.677505254745483,2.4951580161044618
6.679757595062256,2.4934926621309117
6.682012319564819,2.4943450086528074
6.684267044067383,2.493569552131838
6.686519145965576,2.4919894328104775
6.688826322555542,2.469625767424794
6.691121339797974,2.471145090001236
6.693391561508179,2.471272643956261
6.695671319961548,2.4221435096434965
6.698001146316528,2.4350139421241215
6.700303077697754,2.418718626346424
6.702587604522705,2.4219098594081236
6.704853057861328,2.4348065179355762
6.707105398178101,2.4393418358971877
6.709362745285034,2.4433359436197213
6.711615800857544,2.4468901690113745
6.713869333267212,2.4507299006855368
6.716120958328247,2.4543371742173643
6.718374013900757,2.4579480240283043
6.720628023147583,2.461090381275461
6.722879409790039,2.464713152016777
6.725133419036865,2.4683544002001763
6.727385520935059,2.4781796310162103
6.729638576507568,2.4754282802853917
6.731891393661499,2.4570271321567456
6.7342023849487305,2.4026122573151896
6.736529588699341,2.3595687579594564
6.738861322402954,2.3222163107653033
6.7412049770355225,2.2851374489232836
6.743570566177368,2.294063245542436
6.745858669281006,2.313974179503224
6.748114109039307,2.3245242028861286
6.75036883354187,2.3411342312257566
6.752623081207275,2.3546108430160095
6.754875421524048,2.3674014052631147
6.757129430770874,2.3728623834684353
6.759381294250488,2.379403397965836
6.7616353034973145,2.3960807795620895
6.763887405395508,2.4024453642899233
6.766141891479492,2.4176111719144786
6.768396854400635,2.4220320489444793
6.770648241043091,2.441792183136008
6.772914409637451,2.45390921281686
6.775167226791382,2.4648639517860356
6.777420520782471,2.475785312150158
6.779672622680664,2.4952980870363817
6.781926155090332,2.4955525988999128
6.784177303314209,2.5042936210982347
6.786442041397095,2.5132814065553433
6.7886962890625,2.520442905478824
6.790949106216431,2.52818674185118
6.793203115463257,2.5349429291418706
6.79545521736145,2.5420561482973274
6.797708749771118,2.5537183944843287
6.799960374832153,2.551993435858898
6.802213907241821,2.55636841730695
6.804467439651489,2.5734660116989625
6.806720018386841,2.564804859734161
6.808973789215088,2.5689604960632915
6.8112263679504395,2.5716355528397026
6.813480377197266,2.572845527272883
6.81573224067688,2.575698205911899
6.817988395690918,2.576976129648224
6.8202431201934814,2.579040834789376
6.822495698928833,2.5782343838494284
6.824748992919922,2.580600092482578
6.827000856399536,2.580370018526318
6.829254627227783,2.5782564375706243
6.831506729125977,2.579973051544792
6.833760023117065,2.5792369340940637
6.836010694503784,2.578001329660574
6.838263750076294,2.5764182301066194
6.840517282485962,2.5749114245070723
6.842769145965576,2.574163982172487
6.845022678375244,2.571475812372662
6.847274541854858,2.5688460551316803
6.8495283126831055,2.558667368729993
6.8517796993255615,2.5587406824518064
6.854034185409546,2.5615337564389415
6.856287956237793,2.5586649845439178
6.858540296554565,2.55557805962301
6.860793828964233,2.53663868148788
6.8630452156066895,2.536821667769154
6.865299224853516,2.5359562082238445
6.867550849914551,2.533468310054339
6.8698036670684814,2.5253811508871498
6.8720598220825195,2.522901001322389
6.874314308166504,2.5000461936052076
6.876569747924805,2.5168308635748464
6.878821611404419,2.514832319597282
6.881075143814087,2.5128617898061023
6.883326768875122,2.5101241481452163
6.885579824447632,2.5074115404381203
6.887831687927246,2.505529225531724
6.890084981918335,2.5032159689922295
6.892338752746582,2.5023487213073636
6.894591331481934,2.5011488796650028
6.896845102310181,2.4988314507998766
6.8990983963012695,2.498895823823908
6.901352405548096,2.4956467742498845
6.903604507446289,2.4930712572421143
6.905857563018799,2.4914172281524216
6.908109188079834,2.4895152437109047
6.910362243652344,2.4879559860177025
6.91261625289917,2.486870585306953
6.914868116378784,2.480706868255957
6.917121648788452,2.49777942869418
6.919373512268066,2.481309471286472
6.921626091003418,2.479553518242063
6.923878192901611,2.4788156126517786
6.9261314868927,2.4777224633362844
6.9283857345581055,2.4766293140207902
6.930637836456299,2.476467785414193
6.93289041519165,2.4743786423657705
6.935142278671265,2.4732878772363516
6.937396764755249,2.473755177707097
6.939648628234863,2.4730637637452797
6.9419028759002686,2.472381886527763
6.94416880607605,2.4712738360492987
6.946427822113037,2.441655688483201
6.948759078979492,2.382828877309427
6.951083183288574,2.402569938012354
6.953359842300415,2.4061360843343835
6.955612659454346,2.4099430334500114
6.957866430282593,2.414055754429788
6.960118532180786,2.417983104942215
6.962371826171875,2.4099543583338687
6.96462607383728,2.4133881823287227
6.9668779373168945,2.418821146347659
6.969131946563721,2.4222180154583475
6.971384286880493,2.427200368309065
6.973637580871582,2.4320986786006307
6.9758899211883545,2.437134079591522
6.978143215179443,2.441406541038339
6.980397462844849,2.4466016824962713
6.982649326324463,2.450409227658418
6.9849021434783936,2.458508307755984
6.987153768539429,2.456283266101273
6.9894068241119385,2.464400227594403
6.991658687591553,2.4681302867091044
6.993912220001221,2.4612107826722602
6.996164083480835,2.460981900809038
6.99842381477356,2.497671544274276
7.00067663192749,2.4857720715727893
7.002927780151367,2.480529842439871
7.005180835723877,2.493865191205167
7.007431983947754,2.4973031875256524
7.009685277938843,2.5014671685060463
7.011936664581299,2.5046113138927595
7.014189720153809,2.508453429752997
7.016442775726318,2.509720624651983
7.0186944007873535,2.5001654029089693
7.020948171615601,2.5163218398477842
7.023200035095215,2.500042021279576
7.0254528522491455,2.519721689191066
7.027705192565918,2.523646655517418
7.029959440231323,2.526442709737147
7.032254695892334,2.528919283022795
7.034506797790527,2.536706034744505
7.036760568618774,2.532949749582976
7.03901219367981,2.5345614593698333
7.041265249252319,2.536429469159778
7.0435168743133545,2.5379481956897014
7.045770168304443,2.536796037768845
7.048022031784058,2.5401601243209986
7.05027437210083,2.5407412696768366
7.052527904510498,2.54167467852529
7.054779291152954,2.5421187331818023
7.057033061981201,2.54334003249884
7.059284448623657,2.539155189890288
7.061537981033325,2.544337814371325
7.063789367675781,2.5411209513093174
7.066043853759766,2.5235930113307252
7.068321943283081,2.497158348221582
7.071883916854858,2.496458589608501
7.074180364608765,2.488259373695776
7.076437950134277,2.4829170087476977
7.0786919593811035,2.497602402878094
7.080946207046509,2.4858096225034743
7.083200693130493,2.489608226967839
7.08545446395874,2.4917975058314212
7.087707281112671,2.4977037307862915
7.089961051940918,2.498283684049092
7.092224359512329,2.501008808733083
7.0944764614105225,2.5020417573501774
7.096730470657349,2.5046578055212265
7.098981857299805,2.507810295559203
7.1012351512908936,2.5000718236055164
7.103487014770508,2.5103667390783713
7.105740547180176,2.500029504302681
7.107992649078369,2.5154021400692628
7.110246419906616,2.500051558023877
7.112500190734863,2.5193598889541495
7.114752292633057,2.520828547576493
7.117005109786987,2.5215157892126787
7.119256258010864,2.5228771594616366
7.121510028839111,2.518590988944887
7.123769760131836,2.521701159680028
7.126025676727295,2.524003687382184
7.128281354904175,2.5343248289018665
7.130533933639526,2.519727649656254
7.1327879428863525,2.52738148300427
7.135040044784546,2.5291106139553325
7.137293815612793,2.5304004586220334
7.139545917510986,2.5314345993321656
7.141799449920654,2.532422248413831
7.1440510749816895,2.5334730784264896
7.146305799484253,2.536749546140378
7.148559331893921,2.5352940005414486
7.150812149047852,2.5364068193920635
7.153066158294678,2.5343117158784527
7.15531849861145,2.5358697814786173
7.157572031021118,2.536446158462305
7.1598241329193115,2.5369635268406303
7.162078142166138,2.5365778847429614
7.164347171783447,2.5367322607913327
7.166607618331909,2.5290790234898357
7.168860673904419,2.5220260050327785
7.171112298965454,2.5247195392512727
7.173366069793701,2.5250020653011878
7.175617933273315,2.5263884695039356
7.177870988845825,2.5260135562436052
7.180123329162598,2.527313533701126
7.182377099990845,2.526782456252868
7.184631109237671,2.526362839503627
7.186882495880127,2.527213397885966
7.189136505126953,2.534404699135387
7.191389560699463,2.526921931138269
7.193642854690552,2.526331845084649
7.195895195007324,2.5235298303997316
7.198196887969971,2.5023731592146348
7.200491905212402,2.495235502151907
7.202749252319336,2.4977317449726755
7.205016613006592,2.4585375140354055
7.20733118057251,2.467494305073536
7.209631681442261,2.4498519241633323
7.211912393569946,2.4614742352335734
7.214173793792725,2.4667838176231167
7.216428756713867,2.4695590102146876
7.218684673309326,2.4741390316652097
7.2209389209747314,2.478721437301807
7.223191261291504,2.4837657789904806
7.225445032119751,2.489256559521742
7.227696657180786,2.4936804167843363
7.229950428009033,2.499426305225647
7.232251405715942,2.503662407834817
7.2345051765441895,2.5084206471944626
7.236758708953857,2.5132378951594703
7.23901104927063,2.517882885680543
7.241264343261719,2.519600691747748
7.243516445159912,2.5266841085772644
7.245773792266846,2.534435097507846
7.248025894165039,2.5349774998399615
7.250279426574707,2.5392285036121014
7.252536296844482,2.542884056911952
7.254789113998413,2.5469395574259233
7.257044553756714,2.550649947005504
7.259296417236328,2.5548127358928605
7.261550664901733,2.557974166628619
7.263803005218506,2.560513324798742
7.266057729721069,2.562551803893066
7.268311262130737,2.5628569797106957
7.270566940307617,2.548108404649306
7.27283787727356,2.5564631887034404
7.275095224380493,2.5581249663978776
7.277350425720215,2.5625196173810503
7.279603719711304,2.5668135365025444
7.281859397888184,2.569564887233363
7.284112453460693,2.571106263531001
7.2863664627075195,2.5737866847260813
7.288620710372925,2.575531312886633
7.290872573852539,2.5781843159418485
7.293127059936523,2.58141429202727
7.295379400253296,2.582872221812275
7.297632932662964,2.5783887598977997
7.299884557723999,2.586852620464876
7.302138328552246,2.585447738820045
7.304391384124756,2.5859859688265288
7.306643009185791,2.5863257153422494
7.308896064758301,2.5872579320976654
7.3111512660980225,2.5865456565076896
7.313405513763428,2.5867983802316643
7.3156578540802,2.5855705244029195
7.317912578582764,2.584291408573557
7.32016396522522,2.5813296534215993
7.3224241733551025,2.5798878168926023
7.324678182601929,2.57922382107065
7.326930046081543,2.5790849422317677
7.3291850090026855,2.577734300820148
7.331437587738037,2.5766453238302853
7.333691358566284,2.5734660116989625
7.335943222045898,2.572174378892705
7.3381969928741455,2.571314283766065
7.340449571609497,2.5704959118957413
7.342701435089111,2.573545285885964
7.344954252243042,2.5700381481692967
7.347205638885498,2.571239181904695
7.349458694458008,2.5700160944481008
7.351710557937622,2.57007152677435
7.353964328765869,2.571099707019294
7.356223106384277,2.5720122542395893
7.358474969863892,2.5758174152156608
7.3607282638549805,2.5780740473358685
7.36298131942749,2.5783333275715505
7.365234375,2.578382203386093
7.3674867153167725,2.587927292338287
7.369740724563599,2.590394328879634
7.371993064880371,2.5796905254948768
7.374246597290039,2.563219375994131
7.376499891281128,2.551300233757524
7.378752946853638,2.539512817801573
7.381006717681885,2.5288584862778767
7.383259057998657,2.5277337464968856
7.385512351989746,2.5378057405717063
7.3877646923065186,2.5446876936778655
7.390018463134766,2.550333446304017
7.392271280288696,2.5575599142980474
7.394523620605469,2.5634005741358488
7.3967766761779785,2.569390245603352
7.39902925491333,2.5733015028597714
7.401282072067261,2.578116366638704
7.403534173965454,2.5781658384997654
7.405787706375122,2.5850585204432632
7.4080400466918945,2.5894674765428873
7.4102942943573,2.5939849131089345
7.412548303604126,2.593025874260172
7.41480016708374,2.599011373402044
7.417052745819092,2.612380100772393
7.419305086135864,2.5976631161765
7.42155909538269,2.6027819636800245
7.4238104820251465,2.604971242543607
7.426063776016235,2.607618285133634
7.428317308425903,2.6094582807371953
7.4305689334869385,2.611165357967062
7.4328224658966064,2.611236883549319
7.4350745677948,2.6123848691445435
7.437328577041626,2.6148978012678388
7.439581394195557,2.6128098503124537
7.441835403442383,2.6145193117283956
7.444087743759155,2.6152804631329136
7.446341514587402,2.6125994458913144
7.448594808578491,2.615794851278645
7.450846910476685,2.6145634191707874
7.453105211257935,2.6139763133497613
7.455357789993286,2.5591287087355505
7.457692623138428,2.5318792500351965
7.459994792938232,2.5471380409166864
7.462265491485596,2.553940719835844
7.464521169662476,2.5544646447258765
7.466773509979248,2.5568392940568083
7.469027280807495,2.55501300752318
7.471285343170166,2.5556138224141387
7.473545789718628,2.552835053543455
7.475799083709717,2.5438371352955262
7.478054523468018,2.5520321788826204
7.480309009552002,2.5556013054372437
7.482561826705933,2.557057447082692
7.48481559753418,2.55890399919796
7.487067937850952,2.5610950662010987
7.4893224239349365,2.5640377478644547
7.49157452583313,2.5675967416282583
7.493828773498535,2.5703433239869264
7.49608039855957,2.572945067041524
7.49833345413208,2.5747314184583923
7.500586986541748,2.577060172207376
7.502838373184204,2.5785735343186302
7.505091428756714,2.580180475733337
7.507343053817749,2.5816372134253043
7.509596347808838,2.583741257636697
7.511847972869873,2.5842192869447813
7.514101266860962,2.585727284637366
7.516354560852051,2.5856176120779053
7.518605947494507,2.5782647822218876
7.520859003067017,2.5872615083767783
7.52311110496521,2.586714933719031
7.525365829467773,2.587433169774195
7.527617931365967,2.5872239574460933
7.529871940612793,2.5881245837360125
7.53212308883667,2.5886800990915417
7.534376382827759,2.5889358030481104
7.536629676818848,2.5883486972270844
7.538881301879883,2.5883820758321376
7.541134834289551,2.5883361802501894
7.54338812828064,2.5881961093182695
7.545641899108887,2.5883486972270844
7.547894477844238,2.5885012851358993
7.550147771835327,2.5882855162960907
7.552401304244995,2.587576220938709
7.554653167724609,2.5871774658176263
7.556906461715698,2.5869992479085027
7.559158802032471,2.585851858359797
7.561413526535034,2.5852748853295906
7.563666343688965,2.586059878594861
7.565920114517212,2.5825503566921184
7.568171977996826,2.5830122927441947
7.570429801940918,2.578341672222814
7.572683334350586,2.58210451389605
7.574934720993042,2.5781712029184347
7.57718825340271,2.563816018559458
7.57957649230957,2.548612063957699
7.581838846206665,2.5546357100767745
7.584091901779175,2.549683755598516
7.58634614944458,2.552318877258167
7.588599681854248,2.539220755007357
7.590851306915283,2.5545641844945175
7.593104124069214,2.5559809870697245
7.595355749130249,2.5566902824271063
7.597609519958496,2.5577828356960817
7.599879741668701,2.558068341978591
7.602133274078369,2.5583049724465576
7.604387044906616,2.559003538966601
7.60663914680481,2.5599393320011297
7.60889196395874,2.560031123165026
7.611143350601196,2.55860895617115
7.613396883010864,2.5605776978227732
7.615648984909058,2.5605616045667654
7.617902517318726,2.5601008606077267
7.62015438079834,2.5592687796674705
7.6224143505096436,2.559698529207531
7.624667167663574,2.5575760075540552
7.6269190311431885,2.5559064812548735
7.629173278808594,2.5392320798912142
7.631432294845581,2.536859218699839
7.633688688278198,2.525081935534708
7.63594126701355,2.513723673072299
7.638195037841797,2.502428591540884
7.640449047088623,2.493125497475326
7.6427001953125,2.4842104296935115
7.644954204559326,2.4611350847643716
7.64720606803894,2.461056406623889
7.64945912361145,2.4617007329107206
7.6517112255096436,2.455730730978338
7.653965950012207,2.4562469072636257
7.656227111816406,2.444999509453715
7.6584789752960205,2.4410542775457236
7.660732746124268,2.4377646968084212
7.6629838943481445,2.4347647946792597
7.665237188339233,2.4326994934915893
7.6674888134002686,2.4291095053088076
7.669742107391357,2.4220850970846532
7.6719970703125,2.418778230998305
7.674253225326538,2.419608523799005
7.676508903503418,2.417519380750582
7.678761005401611,2.410242844848972
7.681014776229858,2.4053957945580238
7.683267116546631,2.4195662044961694
7.685521841049194,2.410717297877943
7.687774419784546,2.412156154174346
7.690027475357056,2.414695312344469
7.692281484603882,2.415447523051205
7.694534063339233,2.4186214707638585
7.696788787841797,2.4196246170550126
7.699042797088623,2.4257269413145712
7.701296091079712,2.4296381985709905
7.703548192977905,2.4306538618390396
7.705855846405029,2.4112942709081495
7.7081522941589355,2.407977272030982
7.710464000701904,2.3890313373841447
7.7127931118011475,2.3709574187943243
7.715103626251221,2.387542413180162
7.717378377914429,2.392623709753002
7.719675302505493,2.4143984811781025
7.721948862075806,2.436600617957189
7.724211931228638,2.455758149118203
7.726467609405518,2.4610385252283247
7.728722810745239,2.4923655381638454
7.730975389480591,2.5002697110497607
7.733229875564575,2.5344184082053194
7.7354819774627686,2.5428691557489818
7.737735748291016,2.557735748021096
7.73998761177063,2.5715449537688437
7.742241382598877,2.58482010183574
7.744494915008545,2.596838783840988
7.746746778488159,2.612604214263465
7.74899959564209,2.619020655038435
7.751250982284546,2.6278874430522254
7.7535083293914795,2.6367858215315128
7.75576114654541,2.6435896925437086
7.758013725280762,2.6508429826310853
7.760277509689331,2.6558008975745317
7.762530088424683,2.6613363815947033
7.76478385925293,2.6656171876927837
7.767036437988281,2.6564881392107176
7.769290208816528,2.672297677075586
7.771542310714722,2.675483545718616
7.7737956047058105,2.6906076300868547
7.776054620742798,2.6776352736515134
7.778308868408203,2.677906474817571
7.780562877655029,2.674948891991245
7.782814979553223,2.660971005078674
7.78506875038147,2.656546551769561
7.787320375442505,2.656521517815771
7.78957462310791,2.6618519618334724
7.791827201843262,2.6606467557724423
7.794080495834351,2.656442839675288
7.796334266662598,2.6556703633869128
7.798586845397949,2.653776723596659
7.800839900970459,2.6503238261132034
7.8030924797058105,2.6539340798776245
7.8053460121154785,2.643280344400447
7.807597875595093,2.6412478257713112
7.809852361679077,2.6369175478121694
7.81210470199585,2.63327629962877
7.814357757568359,2.6289704595769
7.816610336303711,2.6251742392986106
7.818862438201904,2.6215288187895798
7.821115970611572,2.617655708510364
7.8233678340911865,2.612765742870062
7.825621128082275,2.6085832844475845
7.827873229980469,2.5976571557113117
7.830126523971558,2.5988420961907024
7.832380533218384,2.594095181714914
7.834632635116577,2.578220674779496
7.836885929107666,2.5844088297377623
7.839138746261597,2.5795397257256183
7.841394901275635,2.5745901554334347
7.843647241592407,2.569633432583026
7.8459014892578125,2.5646105485690294
7.848153591156006,2.5591346692007386
7.850414752960205,2.539155189890288
7.852668046951294,2.548379605815364
7.8549206256866455,2.543554609245611
7.857173919677734,2.5380542919700493
7.859425783157349,2.5332644621449067
7.861678600311279,2.5198289775644516
7.8639304637908936,2.5234797624921517
7.8661839962005615,2.5000092387210415
7.868436574935913,2.509668172558328
7.870692491531372,2.504873574361035
7.872949600219727,2.497926056137807
7.875201463699341,2.493222057011373
7.877456188201904,2.491022049310452
7.8797080516815186,2.4868682011208776
7.881961822509766,2.4750557512111366
7.8842315673828125,2.4593147586959314
7.886486530303955,2.456146175401947
7.8887410163879395,2.458343798916793
7.890993595123291,2.457358534021203
7.893246650695801,2.45525448980981
7.895498037338257,2.4535945002549293
7.8977508544921875,2.4587705682242595
7.900002956390381,2.451620394184636
7.902256011962891,2.4513801874375565
7.904510021209717,2.451241308598674
7.906761884689331,2.450899773943397
7.909015417098999,2.4510374606892418
7.911267280578613,2.4517223181393524
7.91352105140686,2.4514582695315204
7.915773391723633,2.4514582695315204
7.918027400970459,2.452177101633203
7.9202799797058105,2.452962690944992
7.922532320022583,2.4533024374607133
7.924785137176514,2.4544635360793516
7.927037000656128,2.4560645170288704
7.929290771484375,2.4553343600433304
7.931542158126831,2.456995541691249
7.933796644210815,2.4588015626432376
7.936049222946167,2.4586805651999195
7.938302993774414,2.461366946860188
7.940556287765503,2.4624875143155474
7.94280743598938,2.4640312747992605
7.945062160491943,2.465851004821182
7.94731593132019,2.4674370846077305
7.949569225311279,2.46948271626028
7.951821327209473,2.461174423834613
7.954075336456299,2.471863922102919
7.956328630447388,2.47275858792765
7.958580732345581,2.4743166535278145
7.960833787918091,2.4763366551800554
7.963085412979126,2.427449515753927
7.965415716171265,2.398543643777805
7.967716455459595,2.41522996607184
7.969987630844116,2.4201074147352473
7.97224235534668,2.4219545628970343
7.9744954109191895,2.4302348411363175
7.976749897003174,2.4359705967868086
7.979002952575684,2.4414887954579347
7.981256484985352,2.4450901085245738
7.983508348464966,2.4509075225481416
7.985761642456055,2.4561294860994205
7.988013505935669,2.4460813338853518
7.990266799926758,2.4539759700269665
7.992521286010742,2.4596318554439374
7.9947731494903564,2.463827426889828
7.997026205062866,2.468405064154275
7.99927830696106,2.4609544826691727
8.001532077789307,2.461177404067207
8.003783702850342,2.4799385642932132
8.00605034828186,2.483139334099213
8.008304595947266,2.4867442234449655
8.010556936264038,2.4902644741850466
8.012810468673706,2.4978557226485876
8.015061855316162,2.4956282968078014
8.017316102981567,2.498988211034323
8.019567728042603,2.5002601743054598
8.021820783615112,2.501834929208151
8.024073123931885,2.499532997552514
8.02633023262024,2.503105104339731
8.028583526611328,2.503972948071116
8.030835628509521,2.50472098645222
8.03308892250061,2.5063231594947766
8.035341739654541,2.506439984612463
8.03759503364563,2.507422269275459
8.039847373962402,2.5075665125330104
8.042101621627808,2.5089147697585545
8.044355392456055,2.509503663719137
8.04660677909851,2.5111725939718
8.048861026763916,2.511529625836566
8.051113367080688,2.5125035658482986
8.053367137908936,2.512207330728451
8.055619478225708,2.512741388409303
8.057873725891113,2.513379158184428
8.060125827789307,2.513114513530077
8.062379121780396,2.5130233184126993
8.064632892608643,2.5132897512066066
8.066884756088257,2.4943450086528074
8.069173574447632,2.4975737926451913
8.071434497833252,2.4899354565066645
8.073692560195923,2.491284905825246
8.075945615768433,2.4922433486274898
8.078200340270996,2.4938967816706636
8.08045482635498,2.4978598949742192
8.082706928253174,2.496831714729275
8.084960460662842,2.4980494377672002
8.087352991104126,2.4942615621401742
8.089619636535645,2.482425270369681
8.091872453689575,2.4896243202238466
8.094134330749512,2.491926251879484
8.096388339996338,2.4948504561007567
8.098640441894531,2.497910558928318
8.100894212722778,2.5006368757053465
8.103145599365234,2.503357232017187
8.105399370193481,2.506047786003087
8.107651472091675,2.5001856684906087
8.10990571975708,2.5111863030417325
8.112157344818115,2.512857021433952
8.114416599273682,2.5150397437858274
8.116670846939087,2.5175789019559507
8.118922472000122,2.51849442940884
8.121175527572632,2.521353068513044
8.123427629470825,2.522497477829156
8.125680923461914,2.5238183169148347
8.127933502197266,2.521996202706838
8.130187034606934,2.5195369147702356
8.132440090179443,2.5226661589939785
8.134691715240479,2.5236675171455762
8.136945724487305,2.516826095202696
8.139206171035767,2.516968550320691
8.141462087631226,2.5101831567505783
8.143717527389526,2.5110307349003236
8.14597201347351,2.5106486690817675
8.148231744766235,2.5101020944240204
8.15048336982727,2.5096544634883955
8.152737140655518,2.508508862079246
8.154988288879395,2.500176131746308
8.157241582870483,2.500036060814388
8.159493923187256,2.504715622033551
8.161748170852661,2.5034359101576698
8.164000034332275,2.5002637505845726
8.166253805160522,2.500449121051922
8.16850757598877,2.4989894031273607
8.170759439468384,2.497620880320177
8.173012971878052,2.494402229118613
8.175264358520508,2.492339312117018
8.177517414093018,2.4901583779046987
8.179770469665527,2.495169340988319
8.182024240493774,2.4857589585493756
8.184277296066284,2.4832835773567647
8.186528444290161,2.481141982214687
8.188781976699829,2.479125556841559
8.191033601760864,2.465779479238925
8.193286657333374,2.4609777284834062
8.195541858673096,2.4436858229262617
8.197818040847778,2.4472668704112612
8.200082063674927,2.4286058460004147
8.202364921569824,2.4220099952232834
8.204623937606812,2.4332335511724414
8.206877708435059,2.4327090302358902
8.209131479263306,2.4333885232673316
8.211383819580078,2.4316146888273584
8.213677406311035,2.4103554976410266
8.215975522994995,2.4194911026347996
8.218245029449463,2.37800626492575
8.220558881759644,2.3719194378756807
8.222852230072021,2.355553788608764
8.225163698196411,2.367257758052082
8.227424144744873,2.3709013904215563
8.229679584503174,2.3779603693438016
8.231932163238525,2.379913613785936
8.23418927192688,2.383117959871049
8.236443281173706,2.387604402018118
8.2386953830719,2.392176674863896
8.240949153900146,2.3976901051628716
8.24320101737976,2.4033763889523017
8.245455265045166,2.407663751562089
8.24770736694336,2.4131211534882966
8.249961137771606,2.4153765935154667
8.252224206924438,2.4075433501652896
8.254507064819336,2.409860779030416
8.256777286529541,2.4160423774769755
8.25903034210205,2.421102812421657
8.261290788650513,2.4256631643370588
8.263543605804443,2.430954269284519
8.265796661376953,2.43439464979108
8.26804780960083,2.436352066558846
8.270310401916504,2.4219879415020875
8.2725670337677,2.4399599361371918
8.274820327758789,2.4441495471178944
8.277075052261353,2.4477514562310523
8.279327392578125,2.4562695570313404
8.281582117080688,2.4562480993566633
8.283833980560303,2.4567469902929058
8.286087989807129,2.460814411737253
8.288341045379639,2.4629101112973824
8.290593147277832,2.466863091810118
8.292847156524658,2.4646338778297756
8.29509949684143,2.4557498044669397
8.297354936599731,2.462053592449855
8.299626111984253,2.4611756159276506
8.301881313323975,2.465372379466579
8.304134607315063,2.4682047925239554
8.306389570236206,2.460937793366646
8.308643579483032,2.461196477555809
8.310895919799805,2.475104627025679
8.31314992904663,2.477897701012814
8.315401792526245,2.4788758133501783
8.317655324935913,2.471207078839192
8.319917440414429,2.4675741753070564
8.322176218032837,2.4702265823157528
8.324430465698242,2.471993860244019
8.326682806015015,2.473992404221583
8.328936576843262,2.4748548835342983
8.331188917160034,2.4761870475038346
8.33344316482544,2.4760344595950197
8.335695266723633,2.476806935883395
8.3379487991333,2.478388843344312
8.340207815170288,2.4798724031296255
8.342459917068481,2.481399474310812
8.34471344947815,2.4830630401448057
8.346965551376343,2.48417109062327
8.349218845367432,2.484886942492359
8.351470470428467,2.4856570345946594
8.353726625442505,2.4976196882271395
8.355979204177856,2.4870267494948806
8.358232975006104,2.4880984411356977
8.36048698425293,2.4893018590571714
8.362739324569702,2.489479480919776
8.364993810653687,2.4902155983705043
8.367246627807617,2.4977323410191943
8.369500160217285,2.490673362096949
8.371752500534058,2.490735946981424
8.374006032943726,2.4977496263682397
8.376259326934814,2.491791545366233
8.378511667251587,2.4911633123354093
8.380765438079834,2.492369710489477
8.38301682472229,2.4909737695424283
8.385270595550537,2.491432129315392
8.387522459030151,2.491223513033809
8.389776229858398,2.491285501871765
8.392027616500854,2.4976810810185768
8.394281148910522,2.491540013735296
8.396534204483032,2.4766817661144453
8.398786544799805,2.480591235231308
8.401039838790894,2.481425104311121
8.403291702270508,2.481695113384141
8.405545234680176,2.4977907535780375
8.407796859741211,2.4806866026743175
8.4100501537323,2.4952176207563426
8.41230320930481,2.484348116439356
8.414555788040161,2.485365567846962
8.416809320449829,2.484955487842022
8.419060707092285,2.4851158243555815
8.42131495475769,2.485245166450163
8.423567533493042,2.486142812507488
8.425820589065552,2.4864420278599297
8.428071975708008,2.4977937338106315
8.430326461791992,2.487016616704061
8.432579755783081,2.495352923316112
8.434831380844116,2.486499844372254
8.437084674835205,2.4855938536636657
8.439337015151978,2.485789356921835
8.441590547561646,2.485798297619617
8.44384217262268,2.4870857581002426
8.44609546661377,2.4865725620475487
8.448350429534912,2.495240866570576
8.450602769851685,2.4871632441476876
8.452856302261353,2.4871578797290184
8.455108642578125,2.4951520556392737
8.457362413406372,2.487336693684661
8.459613561630249,2.487149535077755
8.461867332458496,2.488228379276798
8.46411919593811,2.4880984411356977
8.466372728347778,2.487854658109505
8.468626737594604,2.483767567130037
8.470969438552856,2.4052289015327575
8.47330927848816,2.4109735978810307
8.475577592849731,2.4145904081571588
8.477838039398193,2.4201688075266845
8.480091571807861,2.424469283159886
8.48234510421753,2.4289074455389317
8.484599828720093,2.4365672393521356
8.486852884292603,2.4375155493635594
8.489107131958008,2.42211668755015
8.49135947227478,2.4462273652824598
8.493613719940186,2.4508371890589222
8.495865821838379,2.4541094844471796
8.498119592666626,2.448643737869708
8.50037407875061,2.4488815604307126
8.502625703811646,2.451322370925232
8.504880905151367,2.458701426828078
8.50713324546814,2.4611130310431757
8.50938630104065,2.4656066257484706
8.511638641357422,2.470652159530182
8.513892650604248,2.4612030340675157
8.516144037246704,2.478134331480781
8.518397569656372,2.481384573147842
8.52065110206604,2.486114798321104
8.522902727127075,2.489319144406217
8.525156497955322,2.4930575481721817
8.527408599853516,2.496598660540421
8.529661893844604,2.4975678321800032
8.53191351890564,2.502906620848968
8.534167051315308,2.5051853066903718
8.536421298980713,2.5061342127483144
8.538673400878906,2.5090602051091437
8.54092788696289,2.511132062808521
8.543180227279663,2.512906493295013
8.54543423652649,2.5146010535479846
8.547686576843262,2.5168672224124937
8.549940347671509,2.5173953196281578
8.552205562591553,2.5188186787150717
8.554460763931274,2.534279529366437
8.5567147731781,2.5219729568926046
8.558968782424927,2.522767486902176
8.561222791671753,2.5243505864561304
8.563475370407104,2.525010409952451
8.565729141235352,2.524929347625893
8.567981719970703,2.525044980650542
8.570235013961792,2.5196710252369674
8.572488069534302,2.5256863267047795
8.574739694595337,2.5267031820658663
8.576993465423584,2.5263050229913024
8.57924509048462,2.5267580183455967
8.58149790763855,2.5342038314585484
8.583749055862427,2.526408735085575
8.586002349853516,2.5267031820658663
8.588255643844604,2.525103989255904
8.59050726890564,2.5252828032115464
8.592760562896729,2.524553838319044
8.595011949539185,2.524016800405598
8.597409009933472,2.5188347719710795
8.599671363830566,2.5175693652116498
8.601926326751709,2.497726976600525
8.604179382324219,2.4984648821908095
8.606441259384155,2.4979308245099574
8.608694553375244,2.496785223100808
8.61094617843628,2.4981233475355324
8.613200187683105,2.497633993343591
8.61545181274414,2.497825920322647
8.61771273612976,2.5010159612913085
8.619964599609375,2.5022837522368135
8.622219324111938,2.5030425194552564
8.624472856521606,2.505654395300674
8.6267249584198,2.505874932512633
8.62897801399231,2.5075545916026343
8.631230115890503,2.5087282071981676
8.633483648300171,2.5093963753457516
8.635735273361206,2.500126063838728
8.637989282608032,2.5107207907105433
8.640242338180542,2.5119128837481597
8.642493963241577,2.513536514465393
8.644747257232666,2.513785065863736
8.64699935913086,2.5083926330080786
8.649261951446533,2.509880365119024
8.651515483856201,2.5001403689551793
8.653770208358765,2.5111773623439504
8.656022787094116,2.512033285144959
8.658276319503784,2.513275446090155
8.660529375076294,2.5142726319161213
8.662781476974487,2.5000122189536356
8.665034770965576,2.500135600583029
8.66728663444519,2.5159862656576952
8.6695396900177,2.51219779398415
8.671795129776001,2.5116810216523433
8.674052000045776,2.512613834454278
8.676308631896973,2.5115558518833936
8.678561687469482,2.514776291224514
8.680814743041992,2.5129702702725254
8.683067083358765,2.513294519578757
8.685320854187012,2.513315977253434
8.687573432922363,2.5133118049278025
8.689828395843506,2.5140199081921466
8.6920804977417,2.514572443315082
8.694333791732788,2.514966430064014
8.696586847305298,2.5149092095982084
8.698838949203491,2.5146934407584
8.70109224319458,2.5146070140131727
8.703343868255615,2.501772344323676
8.705597162246704,2.5001153350013894
8.707849740982056,2.4928376070067415
8.710108995437622,2.474417385389493
8.712363481521606,2.4535092656027397
8.7146155834198,2.4374523684325657
8.716871738433838,2.421398451494986
8.71912431716919,2.4195322298445974
8.721379518508911,2.383113787545417
8.723676204681396,2.355116290463959
8.725990772247314,2.344656270105394
8.728255271911621,2.347708028281692
8.730536937713623,2.315918483247576
8.732863187789917,2.3389163421292714
8.735189437866211,2.3226013568164534
8.737488508224487,2.3447236233620194
8.739747524261475,2.357896847474199
8.742000579833984,2.3728188720725623
8.74425745010376,2.3830404738236037
8.746509552001953,2.3829695442878656
8.748762845993042,2.4126031890634523
8.751015186309814,2.425653627592758
8.753269672393799,2.437591843317967
8.75552225112915,2.4500867664917427
8.757775783538818,2.4610397173213623
8.76002812385559,2.472625073507437
8.762281894683838,2.4836918692221484
8.764535903930664,2.4941024177196525
8.766788244247437,2.5018587710689033
8.769042015075684,2.5103667390783713
8.771299123764038,2.518759074063191
8.773554563522339,2.527232471374568
8.77580714225769,2.534842197280192
8.778066396713257,2.5414255310804283
8.780320405960083,2.549125260010393
8.782572984695435,2.5391778396580027
8.784826278686523,2.559805221534398
8.787077903747559,2.565583892534243
8.789331197738647,2.569809862352593
8.79158329963684,2.5757554263777047
8.79384970664978,2.578372070595273
8.796101331710815,2.5821933248273523
8.798354625701904,2.584484527645651
8.80060863494873,2.587253163725515
8.802860260009766,2.590177367946788
8.805113792419434,2.5781557057089457
8.807366609573364,2.578325578966806
8.809620380401611,2.5842437248520524
8.811872482299805,2.585273693236553
8.814125537872314,2.5868037446503336
8.816379308700562,2.5874838337282937
8.818631649017334,2.578421542456334
8.820883989334106,2.588787387464927
8.823135614395142,2.588340352575821
8.825389623641968,2.5895694004976035
8.827641487121582,2.5953373426601103
8.829895734786987,2.5881961093182695
8.832147598266602,2.587284754191012
8.834408044815063,2.5862315399922777
8.83666181564331,2.5854399902153005
8.838913917541504,2.584823678114853
8.841167688369751,2.582377503201664
8.84342074394226,2.5826838711123314
8.845674276351929,2.5813391901659
8.847925662994385,2.5808122850432738
8.850178718566895,2.578331539431994
8.852432012557983,2.5787064526923245
8.854684352874756,2.572918244948178
8.856937170028687,2.572174378892705
8.859188318252563,2.572392531918589
8.861441850662231,2.573278257045538
8.863693475723267,2.573740789144133
8.865948915481567,2.5735941617005063
8.868207454681396,2.5742808072901733
8.870463132858276,2.5686410151292103
8.872719526290894,2.5677272758158773
8.874972343444824,2.5676062783725593
8.877227306365967,2.5588277052435524
8.879478693008423,2.5693830930451265
8.88173246383667,2.569580384442852
8.883984088897705,2.569054671413263
8.886237621307373,2.5697335683981857
8.888492822647095,2.5699701988661525
8.890744686126709,2.5703641856150847
8.892997980117798,2.575751254052073
8.895250082015991,2.5707897628295138
8.897504329681396,2.57111162794967
8.899755954742432,2.5757876128897204
8.902008771896362,2.5732240168123264
8.904262065887451,2.5727453914577234
8.906513929367065,2.5714674677213987
8.908767700195312,2.5566086240540296
8.911019802093506,2.560441799216485
8.913272857666016,2.561557598299694
8.915524959564209,2.5614473296937144
8.917779445648193,2.5614383889959322
8.920031070709229,2.5587025354746027
8.922284603118896,2.561255998761177
8.924538850784302,2.56156951923007
8.926790714263916,2.575881788239692
8.9290452003479,2.5608286334071915
8.931297063827515,2.575872251495391
8.933550357818604,2.560382790611123
8.935802936553955,2.559204406643439
8.938055992126465,2.558847970825192
8.940309047698975,2.539099757564039
8.942560911178589,2.5570586391757297
8.944814443588257,2.556743926613799
8.947067022323608,2.5555422968318817
8.949320316314697,2.5545153086799752
8.95157241821289,2.553317255177171
8.953825950622559,2.552703923309317
8.956077575683594,2.5393053936130277
8.958330869674683,2.551974362370296
8.96058440208435,2.550659483749805
8.962836503982544,2.551063603289557
8.965091228485107,2.550230926302782
8.967345476150513,2.5491145311730543
8.969598770141602,2.5452008897305594
8.97185206413269,2.5451842004280327
8.974105834960938,2.545332616011216
8.976359367370605,2.546062772996756
8.97861123085022,2.545143073218235
8.980863809585571,2.53912419547131
8.983182430267334,2.461009914995422
8.985520124435425,2.4774053665882785
8.987786054611206,2.4806395149993317
8.990041732788086,2.485642729478208
8.992296934127808,2.491073905357588
8.994549036026001,2.4956956500644267
8.99680233001709,2.500051558023877
8.999054193496704,2.504348457377965
9.001307487487793,2.507629693464004
9.003559589385986,2.5112828625777794
9.005813360214233,2.5002697110497607
9.008065700531006,2.519597115468635
9.010319709777832,2.5122645511942565
9.012572288513184,2.5150045770412177
9.014824390411377,2.5197234773306225
9.017077207565308,2.523597183656357
9.019329071044922,2.5196400308179894
9.02158236503601,2.5310340560715265
9.02384328842163,2.5350514096082937
9.026097059249878,2.539580171058198
9.028350591659546,2.542715971793648
9.030602216720581,2.547158306498326
9.032855749130249,2.5493064581521105
9.035107612609863,2.5512698353850647
9.037360668182373,2.5390633987263915
9.039612293243408,2.5552162593860936
9.041866540908813,2.555538720552769
9.044120073318481,2.5577494570910284
9.04637622833252,2.560997910618533
9.048630475997925,2.5633695797168707
9.050883054733276,2.5586476991948723
9.053136348724365,2.5646290260111124
9.055393695831299,2.575688669167598
9.057646989822388,2.5667569120832576
9.059899091720581,2.567659326512733
9.06215214729309,2.568794795131063
9.0644052028656,2.5733330933252683
9.066657543182373,2.5552544063632974
9.068945407867432,2.53917426337889
9.07120680809021,2.5450888329850234
9.073464393615723,2.5454524213614964
9.075716972351074,2.544359272046002
9.0779709815979,2.5461235697416744
9.08023476600647,2.546873396262335
9.082486391067505,2.5453189069412834
9.084739446640015,2.5456813032247188
9.08699107170105,2.5450792962407225
9.089244604110718,2.5391349243086485
9.091496467590332,2.5439474039015058
9.093750476837158,2.544139926927081
9.096002340316772,2.5425502708614194
9.098255634307861,2.542427485278545
9.10050892829895,2.539245192914628
9.102761030197144,2.5413075138697043
9.105014324188232,2.539518778266761
9.107397556304932,2.5338527600589704
9.10966181755066,2.5347313326276937
9.11192512512207,2.5301983988521575
9.114179849624634,2.517376246139556
9.116432905197144,2.519815268494519
9.1186842918396,2.520793380831883
9.120938301086426,2.5205990696667517
9.12319016456604,2.5204941654794415
9.125443696975708,2.5343146961110468
9.127695322036743,2.5193598889541495
9.12994909286499,2.534341518204393
9.132207155227661,2.52016991617321
9.134459018707275,2.520050706869448
9.136712551116943,2.536806170559665
9.138965368270874,2.5367364331169644
9.141218662261963,2.5226292041098124
9.143471240997314,2.536684577069828
9.145724534988403,2.52286047015911
9.147977113723755,2.524665299018061
9.150230407714844,2.5247541099493636
9.152483940124512,2.523678245982915
9.154736042022705,2.525712552751607
9.156989812850952,2.521822753169865
9.159250497817993,2.5247970252987177
9.161505222320557,2.526884380207584
9.163757801055908,2.5284960899944413
9.166011333465576,2.5308039821152666
9.168264389038086,2.532735768882724
9.170515775680542,2.534316484250603
9.172769784927368,2.5361582679937205
9.175021409988403,2.5381413147617953
9.17727518081665,2.539978330132762
9.179527282714844,2.5421950271362097
9.181782484054565,2.5444796734428015
9.184034585952759,2.546435302071011
9.186288118362427,2.548114365114494
9.188541650772095,2.5504973590966893
9.190793514251709,2.5522205295825637
9.193046569824219,2.55426794937467
9.195298433303833,2.555532760087581
9.197551965713501,2.5575402447629267
9.199804544448853,2.5589200924539677
9.202057600021362,2.561047978526113
9.204310417175293,2.562750883430348
9.206562519073486,2.5653955418342997
9.208815813064575,2.566967316504397
9.211066722869873,2.5757286042843583
9.213319778442383,2.573426672628721
9.215572357177734,2.5564011998654843
9.217830419540405,2.560863800151801
9.220083475112915,2.5759151668447453
9.222337484359741,2.565307922996035
9.224591255187988,2.5674501141846315
9.22684383392334,2.5691130839721064
9.22909688949585,2.5759580821940995
9.231348752975464,2.5758186073086984
9.233651876449585,2.5539395277428065
9.2359459400177,2.5520971479531704
9.238212823867798,2.5212863113029376
9.240529775619507,2.5161442179851794
9.242837905883789,2.5000646710472907
9.24513864517212,2.5111827267626197
9.247398614883423,2.5147572177359123
9.249654054641724,2.518671455224926
9.251905918121338,2.5226917889942873
9.25416350364685,2.526474300202644
9.256417751312256,2.5306704676950535
9.25866985321045,2.533226315167703
9.260923862457275,2.536799614047958
9.263175010681152,2.5396731543151323
9.265429258346558,2.5411990334032812
9.267682313919067,2.543346589010547
9.269935369491577,2.5437429599455545
9.272202014923096,2.5406292129313006
9.27445673942566,2.543088500867903
9.276711702346802,2.5455728227582957
9.278962850570679,2.5472953971976517
9.281223058700562,2.5483271537217087
9.28347635269165,2.5469234641699154
9.285735130310059,2.5484398065137635
9.287988662719727,2.5540027086738
9.290242910385132,2.550554579562495
9.292497158050537,2.55095214259054
9.294749736785889,2.5500157535094923
9.297004222869873,2.5500491321145455
9.299257278442383,2.549609249783665
9.301511526107788,2.5487515388431
9.30376386642456,2.548218077208767
9.30601692199707,2.5475361999912502
9.308271408081055,2.545919721832242
9.31052279472351,2.5455889160143035
9.312776327133179,2.544514840187411
9.315028667449951,2.5437739543645326
9.317282676696777,2.5344058912284244
9.319535255432129,2.529152337211649
9.321788787841797,2.5368633910254705
9.32404112815857,2.5307413972307917
9.326294183731079,2.5342527072730907
9.328547954559326,2.5306704676950535
9.33079981803894,2.53010720373478
9.33305311203003,2.529659572799155
9.335304975509644,2.5294521486106096
9.337558269500732,2.5294497644245344
9.339810371398926,2.5297096407067348
9.342063426971436,2.5196650647717793
9.344316720962524,2.5342288654123384
9.34656810760498,2.5277349385899233
9.348822116851807,2.5266590746234745
9.35107421875,2.526855769974681
9.353328227996826,2.5266274841579777
9.355581045150757,2.5264796646213132
9.357835054397583,2.5195643329101007
9.360086679458618,2.526259723455873
9.362339973449707,2.526524368110224
9.364593505859375,2.526434365085884
9.366845846176147,2.5262454183394216
9.369100332260132,2.525672021588328
9.371351957321167,2.5248542457645233
9.373605728149414,2.524700465762671
9.375857830047607,2.5236085085402142
9.378113031387329,2.5232729343501252
9.380367279052734,2.5224050906187405
9.382619857788086,2.5214388992117525
9.384873628616333,2.5212588931630724
9.387126445770264,2.5210574294397152
9.389379978179932,2.51969963546987
9.391631841659546,2.5199070596584154
9.393885612487793,2.519647183376215
9.396137952804565,2.5002601743054598
9.398391485214233,2.518622579410384
9.400653839111328,2.5179174563786337
9.402904987335205,2.5147011893631444
9.405158042907715,2.5159546751921984
9.407409429550171,2.5165984054325112
9.409662961959839,2.516241373567745
9.411914825439453,2.500253021747234
9.414167881011963,2.5150743144839183
9.416421175003052,2.5140264647038535
9.418672800064087,2.512411774684402
9.420926094055176,2.4971440431051306
9.423178434371948,2.501474321064272
9.425432443618774,2.5011065603621674
9.427685022354126,2.5024488571225234
9.429938793182373,2.4985823033550147
9.432199478149414,2.500033080581794
9.434452772140503,2.500197589420985
9.436706304550171,2.5000742077915916
9.438957691192627,2.5004801154709
9.441212177276611,2.5005647540765708
9.4434654712677,2.5002482533750836
9.445719242095947,2.5004139543073123
9.44797134399414,2.5001111626757577
9.450225591659546,2.497723400321412
9.452478885650635,2.4978527424159935
9.454730749130249,2.5003048777943704
9.456983804702759,2.5003859401209283
9.459235906600952,2.50010997058272
9.461488485336304,2.500247657328565
9.463740587234497,2.5000992417453816
9.465993642807007,2.501654327112952
9.468247413635254,2.501644790368651
9.470499277114868,2.499380409643699
9.472756147384644,2.4954941863410696
9.475008726119995,2.495545446341687
9.4772629737854,2.4966433640293317
9.479515314102173,2.497164904733289
9.481769323348999,2.4978247282296095
9.484021186828613,2.497167884965883
9.486275434494019,2.4980857966048475
9.488528490066528,2.489365039988165
9.490848541259766,2.412237216500904
9.493183374404907,2.4218788649891456
9.495445013046265,2.434953145379203
9.497702360153198,2.4219760205717114
9.499955892562866,2.4444231324700274
9.502209424972534,2.4563255854041084
9.504462718963623,2.450496250450164
9.506715774536133,2.454331809798695
9.50896954536438,2.458215648915249
9.511220932006836,2.4619212701226796
9.513474464416504,2.4657782871458873
9.515726566314697,2.4686524234595804
9.517979860305786,2.4719241228013185
9.520233154296875,2.4750998586535284
9.522485733032227,2.464893754111976
9.524739265441895,2.468510564388104
9.526991605758667,2.4726042118792786
9.529245615005493,2.4751833051661616
9.531497955322266,2.4786385868356926
9.533751249313354,2.482096252691299
9.536003112792969,2.4844017606260493
9.538256406784058,2.4953475588974428
9.540510177612305,2.489914594878506
9.542762279510498,2.4923709025825147
9.545017004013062,2.4978587028811816
9.547268867492676,2.49819964148994
9.549522638320923,2.5000396370935007
9.551774501800537,2.500806748963207
9.554027795791626,2.5031664971311685
9.556281805038452,2.5002363324447074
9.558533906936646,2.506399453449184
9.56078839302063,2.5000873208150054
9.563040494918823,2.510252894193279
9.56529426574707,2.512054742819636
9.567546129226685,2.500159442443781
9.569799423217773,2.5141438858680587
9.572051525115967,2.5147822516897023
9.574306011199951,2.516440453105027
9.576560497283936,2.5176170489331544
9.578813076019287,2.518616022898677
9.581066131591797,2.534348670762619
9.58331847190857,2.5204852247816594
9.585572004318237,2.5204470778044556
9.587824583053589,2.520576419899037
9.590078592300415,2.521161141533988
9.592332601547241,2.522182765267225
9.594584703445435,2.5218328859606847
9.596839189529419,2.5221440222435025
9.599091529846191,2.521750631541089
9.60134482383728,2.521012129904286
9.603596210479736,2.5206717873420463
9.605849742889404,2.5195315503515663
9.608101606369019,2.518902125227705
9.610354661941528,2.518217863824113
9.612607955932617,2.514880003318787
9.61486005783081,2.5166562219448356
9.617261171340942,2.5112918032755616
9.61952543258667,2.5120040788655373
9.621779918670654,2.511328162113209
9.624032735824585,2.5056764490218697
9.626286029815674,2.482757864327176
9.628539085388184,2.4952056998259664
9.630790948867798,2.4976006147385377
9.633044481277466,2.486431299022591
9.635296106338501,2.4870029076341282
9.637549638748169,2.4880614862515316
9.639801740646362,2.488766013236763
9.642055749893188,2.490235863952144
9.644309997558594,2.4918529381576704
9.646562576293945,2.493429481199918
9.648815631866455,2.49475389656471
9.65106725692749,2.4958804244852573
9.653321266174316,2.4968019124033347
9.655574083328247,2.4990436433605723
9.657828330993652,2.50126034036402
9.660080194473267,2.503381669924458
9.662334203720093,2.505445182972572
9.66458797454834,2.5077125439301184
9.666839838027954,2.5040915613283588
9.669105052947998,2.507620156719703
9.671358108520508,2.505504191577934
9.673617601394653,2.507608235789327
9.675870895385742,2.5073215374137803
9.67812728881836,2.5107482088504085
9.680382013320923,2.5144431012205004
9.682634353637695,2.5165537019436006
9.684889793395996,2.5195178412816337
9.687141418457031,2.521210613395049
9.68939471244812,2.5366643114881886
9.691647291183472,2.5270476969537374
9.693901062011719,2.5292947923296443
9.696152687072754,2.531433407239128
9.698413848876953,2.5313255228192237
9.700669288635254,2.5343582075069198
9.702921390533447,2.536346022647145
9.705174207687378,2.537729446617299
9.707426071166992,2.5395110296620165
9.709680795669556,2.5411990334032812
9.711933851242065,2.543098037612204
9.714186906814575,2.5448182278654845
9.71644115447998,2.539171283146296
9.718719720840454,2.5449743920534122
9.72097373008728,2.5443586759994834
9.723226070404053,2.543182676217875
9.72547960281372,2.5440546922748912
9.727731943130493,2.528574172088405
9.729985475540161,2.531557980961559
9.73223876953125,2.5321772732946006
9.734491109848022,2.534229461458857
9.736745119094849,2.536778156373281
9.738997220993042,2.530016008617402
9.74125051498413,2.527391019748571
9.743544340133667,2.5001797080254207
9.745850801467896,2.5053128606453967
9.748112201690674,2.506259382517264
9.750366449356079,2.4953916663398346
9.75269627571106,2.461034352902693
9.754997730255127,2.4463114078416117
9.757312059402466,2.4531367365284846
9.759572505950928,2.456503803313232
9.761828422546387,2.4595633100942744
9.764084577560425,2.4632361487431704
9.766339540481567,2.464225585964392
9.768593072891235,2.465822394588279
9.770845890045166,2.467808421588948
9.773099184036255,2.469036277417693
9.775351524353027,2.471859749777287
9.777605056762695,2.471941408150364
9.779857158660889,2.4732562867708547
9.782110929489136,2.47266858490331
9.784364223480225,2.472839650254208
9.786616563796997,2.472412880946741
9.788869619369507,2.472173866292699
9.791125297546387,2.4729123679295024
9.793380737304688,2.472982701418722
9.795633316040039,2.471447285586272
9.797892093658447,2.460953290576135
9.800145149230957,2.4610790563916036
9.802399158477783,2.4694606625390843
9.80465292930603,2.4685206971789238
9.806905269622803,2.4679771027537707
9.80915880203247,2.468768652530748
9.811410903930664,2.4676611980988024
9.813664197921753,2.466397579478929
9.815916538238525,2.465505893886792
9.818170547485352,2.4643942671292147
9.820424318313599,2.4632170752545686
9.822676658630371,2.462454135710494
9.824930191040039,2.4616911961664196
9.827183246612549,2.459869678004942
9.829436779022217,2.4563226051715144
9.83168911933899,2.4448057943351023
9.833942651748657,2.4459519917907704
9.836202621459961,2.445033484105287
9.838456392288208,2.4453511768998117
9.840709686279297,2.445111566199251
9.842961549758911,2.444033318046727
9.84521484375,2.443787150834459
9.847466945648193,2.4445965820070006
9.84972071647644,2.456109220517781
9.851972341537476,2.458738381712244
9.854225635528564,2.443371110364331
9.856478929519653,2.4426957896585213
9.858731269836426,2.44357674641332
9.860984802246094,2.441413097550046
9.863236904144287,2.444458299214637
9.865503549575806,2.4443820052602296
9.86775517463684,2.4439731173483272
9.870008707046509,2.444207363630219
9.872262954711914,2.43967085357557
9.874521255493164,2.4409279156837362
9.876777648925781,2.440288357769055
9.879029512405396,2.440662078936348
9.881283283233643,2.442414455701644
9.883535146713257,2.433266333730976
9.885797262191772,2.4368837400536227
9.888051271438599,2.4373814388968276
9.890307426452637,2.439312629617766
9.8925621509552,2.4415430356911463
9.89481520652771,2.4416610529018703
9.897069454193115,2.4442019992115496
9.899321556091309,2.445183091781508
9.901575088500977,2.4561241216807512
9.90382695198059,2.4490252076417454
9.90608024597168,2.450894409524728
9.908334970474243,2.4586531470600543
9.910587072372437,2.455115610970928
9.912840604782104,2.456512744011014
9.915092706680298,2.458060676820359
9.917346477508545,2.4589946817153314
9.91959810256958,2.4587121556654163
9.921851873397827,2.4611851526719515
9.92410397529602,2.4640443878226743
9.92635703086853,2.4666163285513316
9.928611040115356,2.4672821125128404
9.93086290359497,2.466990645765143
9.933116674423218,2.454158360261722
9.935368776321411,2.461049254065663
9.937622785568237,2.462780173156282
9.93987488746643,2.465111311091341
9.94212818145752,2.4674799999570847
9.94438099861145,2.4694076143989103
9.946632385253906,2.4715080823311903
9.948886156082153,2.473087009559513
9.951138257980347,2.4752619833066443
9.953392267227173,2.47581928680173
9.955644845962524,2.4770358177466174
9.957898139953613,2.477356490773736
9.960150241851807,2.4778738591520617
9.962410926818848,2.4610385252283247
9.964664459228516,2.4797335242907432
9.96691632270813,2.4790486668406326
9.969170808792114,2.48016029359821
9.971422910690308,2.476431426576546
9.973676919937134,2.4789622400954054
9.975928783416748,2.479460534985129
9.978181838989258,2.495123445406371
9.980435371398926,2.4807336903493034
9.982686758041382,2.4801734066216237
9.984940528869629,2.481689152918953
9.987192630767822,2.4822834112982046
9.989445924758911,2.4821475126919164
9.99169921875,2.4833682159624355
9.993953227996826,2.4846032243494065
9.996208667755127,2.4842473845776776
9.998461723327637,2.4840357880635007
10.000715017318726,2.4833682159624355
10.002974271774292,2.4172976514455855
10.005303144454956,2.406805444575005
10.007590293884277,2.417725016799571
10.009853839874268,2.422340204994703
10.01210641860962,2.426529219928887
10.014361381530762,2.4304398811387875
10.01661491394043,2.433881453738386
10.018867015838623,2.438106827510217
10.021120309829712,2.4421790173267146
10.023371458053589,2.446105771792623
10.025624990463257,2.449290448342615
10.027876615524292,2.4536898676979386
10.030130386352539,2.4586501668274603
10.032385349273682,2.4586120198502566
10.034636735916138,2.4491432248524694
10.036890745162964,2.4545296972429393
10.039142847061157,2.458753282875214
10.0413978099823,2.462650831061701
10.043649435043335,2.466586526225391
10.045902729034424,2.469706829751352
10.048154592514038,2.473696765148254
10.050417184829712,2.4766901107657087
10.052670001983643,2.479224500563681
10.054921627044678,2.4818548538511815
10.057175397872925,2.4834933857313852
10.059428215026855,2.4861976487872184
10.061682224273682,2.49517887773262
10.063934326171875,2.4899974453446205
10.06618857383728,2.491761146993774
10.068450212478638,2.466649707156385
10.07072901725769,2.476969060536511
10.072991371154785,2.461149985927342
10.075247526168823,2.47809976078269
10.077504634857178,2.4810031033758047
10.079756736755371,2.4837997536420526
10.082010507583618,2.486782370422169
10.084264039993286,2.4976018068315753
10.086516857147217,2.491073905357588
10.088771343231201,2.493292390500592
10.091023206710815,2.4955657119233265
10.093277215957642,2.49792963241692
10.095529079437256,2.5000742077915916
10.097783088684082,2.501256764084907
10.100036144256592,2.503506243646889
10.102289915084839,2.505389154599804
10.104543685913086,2.506964505549014
10.106796503067017,2.5082555423087527
10.109050273895264,2.509594262789996
10.111303091049194,2.51123756304235
10.113556146621704,2.511713208164359
10.115808010101318,2.5135412828375436
10.118062257766724,2.513126434460453
10.120315790176392,2.514242829590181
10.122567892074585,2.5154116768135637
10.124975204467773,2.5112822665312606
10.127236366271973,2.5137993709801876
10.129491329193115,2.5149145740168777
10.131743907928467,2.5155267137916937
10.133997678756714,2.514953913087119
10.136252164840698,2.5090417276670607
10.138503551483154,2.5019755961865897
10.140756845474243,2.5001463294203674
10.143009185791016,2.505836785535429
10.145262241363525,2.5065615781023
10.147514820098877,2.50013500453651
10.149768114089966,2.5079390416072656
10.15201997756958,2.508223951843256
10.15427303314209,2.5090089451085262
10.1565260887146,2.50013500453651
10.158777236938477,2.5075480350909274
10.161031484603882,2.50820189812206
10.163283348083496,2.5079181799791073
10.16553783416748,2.5079360613746715
10.167789697647095,2.507782281372819
10.170043706893921,2.5070187457822257
10.172297239303589,2.5000181794188236
10.174549102783203,2.500604689193331
10.176811933517456,2.5000938773267123
10.17906641960144,2.499979436395101
10.181321382522583,2.50052005058766
10.183582782745361,2.4998137354628724
10.185837030410767,2.5000002980232594
10.188089609146118,2.4999013543011372
10.190343856811523,2.497820555903978
10.192597389221191,2.4998256563932486
10.194849252700806,2.4995741247623116
10.197103023529053,2.499523460808213
10.199356317520142,2.499562799878454
10.20160961151123,2.4992737173168322
10.203861713409424,2.4953356379670666
10.206115484237671,2.498497664749344
10.208369016647339,2.4980548021858695
10.21062183380127,2.4978998300909794
10.21287488937378,2.497864067299851
10.215126752853394,2.4973967668291053
10.217381477355957,2.493806182599805
10.219634532928467,2.4949064844735247
10.221888303756714,2.4940398328351776
10.224140167236328,2.497618496134102
10.226394176483154,2.4936726681795918
10.228647708892822,2.497677504739464
10.230899810791016,2.4937441937618487
10.233153820037842,2.4928942314260283
10.235406398773193,2.4930420509626927
10.237659454345703,2.4915888895498384
10.239911556243896,2.476991114257707
10.242165088653564,2.4978503582299183
10.244419813156128,2.4829015115382087
10.246671915054321,2.483184037588124
10.248925685882568,2.48168557663984
10.251218318939209,2.4600222659137567
10.253523826599121,2.4415042926674237
10.255844354629517,2.422076156386871
10.258152961730957,2.4195560717053497
10.260463237762451,2.418489148436683
10.262724876403809,2.42415218641188
10.264978408813477,2.430805257654817
10.267230749130249,2.436218552138633
10.269484519958496,2.4414864112718595
10.271740436553955,2.4471858080847033
10.274001359939575,2.4484255848438243
10.276257276535034,2.4528410974551553
10.278510093688965,2.4589315007843378
10.280765533447266,2.464387710617508
10.283017635345459,2.4692913853277427
10.285272359848022,2.474619445159369
10.287524223327637,2.4611380649969656
10.289779424667358,2.4843040089969644
10.29203200340271,2.488887010680081
10.294286489486694,2.497558891482221
10.296539783477783,2.498593628238872
10.298795938491821,2.5002613663984974
10.301056623458862,2.5062730915871967
10.303309679031372,2.511439622812226
10.305565595626831,2.512350381892965
10.307821035385132,2.5154182333252706
10.31007695198059,2.518596949410075
10.312330961227417,2.5219729568926046
10.314584016799927,2.5247195392512727
10.316837787628174,2.536812131024853
10.319089651107788,2.5314250625878647
10.321343183517456,2.5342598598313164
10.323595523834229,2.5342217128541127
10.325849056243896,2.539400165009518
10.328101396560669,2.5419619729473557
10.330365419387817,2.5443080120453847
10.332619190216064,2.546566432305149
10.334872722625732,2.5478592572044443
10.337126970291138,2.553726143089073
10.339378595352173,2.556424445679718
10.34163236618042,2.5404050994402287
10.34388518333435,2.5412723471250946
10.346139192581177,2.5433513573826976
10.348392963409424,2.544384305999792
10.350645065307617,2.5462386067198044
10.352898120880127,2.539099757564039
10.355150699615479,2.5391158508200466
10.357404708862305,2.548232382325218
10.359656810760498,2.5491473137315888
10.361910820007324,2.547990387438582
10.364162683486938,2.5485137162820957
10.366423606872559,2.5495430886200774
10.368678092956543,2.549507325828949
10.370930433273315,2.5500491321145455
10.37318468093872,2.556184834979157
10.375436544418335,2.5501921832790595
10.377690076828003,2.5490984379170465
10.3799409866333,2.5498464762981508
10.382194757461548,2.548420136978643
10.384448528289795,2.548435634188132
10.386700868606567,2.547847336274068
10.388953447341919,2.539332811752893
10.391205549240112,2.539307777799103
10.393458366394043,2.5451001578688808
10.395710468292236,2.5448402815866804
10.397963523864746,2.543713157619614
10.400248289108276,2.5275328788200473
10.402501106262207,2.5144305842436054
10.404755115509033,2.502450049215561
10.407008171081543,2.4925264707239236
10.409262895584106,2.4828997233986523
10.41151475906372,2.4730274049076324
10.413769245147705,2.4648573952743287
10.416022777557373,2.45568960376854
10.41827654838562,2.4482223329809107
10.420530796051025,2.458527381244586
10.422783136367798,2.4353113693370068
10.425036907196045,2.4296572720595924
10.427289247512817,2.4242040424590163
10.42954397201538,2.419975092408072
10.431796073913574,2.4163088102708827
10.43405032157898,2.4196997189163825
10.436304092407227,2.410350729268876
10.43855619430542,2.4079999217986967
10.440809488296509,2.405954886192666
10.443061351776123,2.402344036381726
10.445314407348633,2.3894110190166256
10.447566032409668,2.394466685589157
10.449818849563599,2.3954722160663864
10.452070236206055,2.3963722463097867
10.454323768615723,2.3983672140082377
10.456576824188232,2.4004593372892544
10.458829164505005,2.402791071270832
10.46108341217041,2.4053719526972714
10.463335752487183,2.4059000499129355
10.465589761734009,2.410736371366545
10.46784257888794,2.4136748807042694
10.47009563446045,2.4175676605186056
10.472348928451538,2.4194821619370175
10.474602699279785,2.4212655331212916
10.47685694694519,2.423583558032937
10.479109287261963,2.4291500364720866
10.481363773345947,2.4339172165295144
10.48361587524414,2.450104051840788
10.485869884490967,2.461003358483715
10.488121509552002,2.4822059252507596
10.490375280380249,2.4981287119542017
10.492629051208496,2.5134518758597224
10.494880676269531,2.5279733571974465
10.497134685516357,2.5419595887612805
10.49938702583313,2.5549891656624277
10.501651048660278,2.56728083697329
10.503902196884155,2.5800177550337025
10.506157159805298,2.5284984741805165
10.508488655090332,2.5194600247693093
10.510778903961182,2.5425341776054116
10.51304316520691,2.5561270184668325
10.515298843383789,2.569465347464722
10.517552852630615,2.578366706176604
10.519805192947388,2.59355218333628
10.522058963775635,2.6033434395007418
10.524312257766724,2.6141122119560496
10.526564598083496,2.624321892776715
10.528818607330322,2.6332220593955586
10.531071662902832,2.641876058802135
10.533325433731079,2.649221736099927
10.535577058792114,2.654000837087731
10.537832975387573,2.6626345709126675
10.540085792541504,2.6564631052569276
10.542339324951172,2.6564100571167537
10.544593334197998,2.6767429920128576
10.54684591293335,2.663300950920695
10.549099206924438,2.65644701200092
10.551350831985474,2.656554896420824
10.553603649139404,2.668036540512626
10.555855512619019,2.670407613564445
10.558108568191528,2.656372506186069
10.560375928878784,2.6751616805984595
10.562628269195557,2.6763573499151887
10.564881563186646,2.6929542652314025
10.56713342666626,2.6747134536163157
10.569386720657349,2.6731261817367296
10.571639060974121,2.672459801728702
10.573892831802368,2.6714995707869016
10.57614541053772,2.6705917919387567
10.578398704528809,2.668477614936544
10.580652952194214,2.666992267011674
10.58290410041809,2.663708050693041
10.58515739440918,2.658891398774552
10.587408781051636,2.6560977287408982
10.589662313461304,2.651745397060561
10.59191632270813,2.6493200837755304
10.594170808792114,2.6458957965249774
10.59642505645752,2.642345743458956
10.598676204681396,2.6514086307774343
10.600930213928223,2.617265298040545
10.603182315826416,2.617218210365559
10.605435371398926,2.6174751064151653
10.60768747329712,2.6184651396829057
10.609940767288208,2.6135757700891222
10.612200260162354,2.6148310440577323
10.614452362060547,2.6058390862749916
10.616706371307373,2.5991216420080234
10.618957996368408,2.5937399379897044
10.621352195739746,2.583015272976789
10.623613595962524,2.580276439222865
10.625868558883667,2.5777360889597043
10.628121376037598,2.5738850324016846
10.630376100540161,2.5695940935127846
10.632631063461304,2.5649264532239977
10.634883165359497,2.5609496308505095
10.637136936187744,2.5393345998924493
10.639388799667358,2.554711407984663
10.641642808914185,2.5531563226170926
10.643895626068115,2.5513413609673217
10.646149396896362,2.5489112793101407
10.64840292930603,2.5389054463989074
10.650657415390015,2.530526820484021
10.652910709381104,2.5307455695564234
10.655163764953613,2.5263085992704153
10.65741753578186,2.52555102414501
10.659669160842896,2.52652138787763
10.661923170089722,2.5265374811336376
10.664175748825073,2.527695003473163
10.6664297580719,2.5196114205850866
10.668683290481567,2.536678020558121
10.670935153961182,2.520973982927082
10.67319917678833,2.517456712419595
10.675455808639526,2.5203248882681
10.677713632583618,2.5204941654794415
10.679966688156128,2.5343743007629276
10.682220458984375,2.524379196689033
10.68447494506836,2.5258848101955427
10.68672800064087,2.5272247227698235
10.688982009887695,2.5197669887264955
10.691234588623047,2.5303944981568454
10.693488836288452,2.5325015226008323
10.695741891860962,2.5349190872811183
10.697995662689209,2.537374798938608
10.700249671936035,2.5385090754639
10.702501773834229,2.539978330132762
10.704755067825317,2.540870611771418
10.70700740814209,2.541656797129726
10.709260940551758,2.544247811346985
10.71151328086853,2.545767133923427
10.713767290115356,2.547602361154838
10.716019630432129,2.548218077208767
10.718272924423218,2.5493905007112625
10.720527172088623,2.539180223844078
10.722778797149658,2.549708789552306
10.725031614303589,2.5515654744583935
10.727283954620361,2.5524321260967406
10.729537725448608,2.5540855591399145
10.73179006576538,2.554221457746203
10.73404312133789,2.5539854233247548
10.736296653747559,2.553668326576749
10.738548994064331,2.553761309833683
10.740803241729736,2.554118341698449
10.743054866790771,2.555237121014252
10.74530816078186,2.552175826093653
10.747602462768555,2.5308576263019593
10.749909162521362,2.528326216736581
10.75217056274414,2.5111392153667467
10.754494190216064,2.4821469166453975
10.756824493408203,2.479628024056914
10.759119033813477,2.465021308067001
10.761420011520386,2.477689084731231
10.763677835464478,2.4818423368742866
10.765933513641357,2.486146388786601
10.768196821212769,2.4867477997240783
10.770451068878174,2.497605979157207
10.772708654403687,2.4905040848856075
10.774961948394775,2.4995997547626203
10.777215003967285,2.503204644108372
10.779467105865479,2.500179111978902
10.78171992301941,2.5102141511695564
10.783972024917603,2.5108233107117783
10.78622579574585,2.514630259827406
10.78847885131836,2.5179246089368594
10.790730237960815,2.5208106661809286
10.792983531951904,2.5344827812293507
10.795253992080688,2.5269535216037657
10.797507762908936,2.529754940242164
10.799760580062866,2.5308981574652383
10.802019596099854,2.5330701509797753
10.804274797439575,2.535031144026654
10.806527614593506,2.537421290567075
10.808781623840332,2.539390628265217
10.811033487319946,2.539261286170636
10.813287019729614,2.539192144774454
10.815539836883545,2.5459930355540554
10.817793607711792,2.547760313482322
10.820045471191406,2.5497439562969157
10.822298765182495,2.5508007467747627
10.824552297592163,2.5525668326099913
10.826804399490356,2.5543811982132434
10.829057216644287,2.5559809870697245
10.831310272216797,2.5391379045412426
10.833564043045044,2.558360404772807
10.835815668106079,2.560052580839703
10.838068723678589,2.575869867309316
10.84032154083252,2.5616142227189806
10.842573404312134,2.563477464136775
10.844826459884644,2.5588050554758377
10.8470778465271,2.5659087378869936
10.849331140518188,2.5672105034840706
10.851583480834961,2.5683793507074535
10.85383653640747,2.5559905238140255
10.856088638305664,2.5590017508270444
10.85834264755249,2.5612101031792287
10.860595941543579,2.5624230578450033
10.862848043441772,2.5646564441509776
10.86510181427002,2.5660023171904465
10.86735463142395,2.567240305810011
10.869608163833618,2.566939302318013
10.87186050415039,2.568955131644622
10.874115228652954,2.5633147434371404
10.876371145248413,2.5652197081112513
10.878623962402344,2.566055961377139
10.88087773323059,2.5759705991709945
10.883129835128784,2.568424650242883
10.885383367538452,2.5695976697918974
10.887635946273804,2.569773503514946
10.889889001846313,2.5759020538213315
10.892141580581665,2.573467799838519
10.894394874572754,2.571882912145008
10.896647930145264,2.573051759368391
10.898900032043457,2.5733855454189234
10.901153802871704,2.574158021707299
10.903406143188477,2.5742825954297297
10.905659437179565,2.5740727870551092
10.907911539077759,2.574813672877988
10.910165548324585,2.575359651489216
10.912421226501465,2.5753519028844716
10.914674282073975,2.5747218817140913
10.916929244995117,2.5751379221842194
10.919182300567627,2.5758800001001356
10.921436309814453,2.5742527931037893
10.923688650131226,2.5745716779913517
10.925942182540894,2.5748983114836586
10.928202629089355,2.573999473333296
10.930455446243286,2.5758496017276764
10.932708501815796,2.573415347744864
10.934960842132568,2.5728097644817547
10.937214612960815,2.571767279120359
10.939467191696167,2.570897647249418
10.941721200942993,2.5758811921931732
10.943973541259766,2.56974131700293
10.946226596832275,2.575729200330877
10.948479175567627,2.57575781056378
10.950730562210083,2.5675985297678148
10.95298433303833,2.5588426064065226
10.955236673355103,2.562194175981781
10.95749044418335,2.5503596723508446
10.959742784500122,2.5545361703081335
10.961996793746948,2.5539091293703473
10.964250802993774,2.55337268750342
10.966511964797974,2.5390669750055044
10.968770265579224,2.5526031914476386
10.971022367477417,2.5518146219032554
10.973276615142822,2.5527957144732136
10.975528717041016,2.5533184472702084
10.977782964706421,2.553421563317962
10.980035066604614,2.5534948770397756
10.982288837432861,2.5543442433290773
10.984543085098267,2.553692168437501
10.986795425415039,2.55357772750589
10.989049673080444,2.5546696847283465
10.991301536560059,2.5564333863775
10.993558406829834,2.5433489731966223
10.995864868164062,2.5392690347753804
10.998122215270996,2.5491139351265355
11.00037670135498,2.5484523234906584
11.002627849578857,2.549199765825244
11.004882335662842,2.5374671861490232
11.007205724716187,2.460988457320745
11.009546756744385,2.484283147368806
11.011812448501587,2.4892178164980194
11.014068365097046,2.492910324682036
11.016322374343872,2.4851712566818307
11.018607378005981,2.497664987762569
11.020875215530396,2.4978402254390986
11.023127555847168,2.4967864151938457
11.025384187698364,2.497692405902434
11.027637958526611,2.5030449036413316
11.029891729354858,2.500196993374466
11.03214406967163,2.511853279096279
11.034398794174194,2.5153931993714806
11.0366530418396,2.5193700217449693
11.038905620574951,2.5232228664425453
11.041159868240356,2.5279483232436566
11.043412208557129,2.5307551063007243
11.045665979385376,2.5336262623818233
11.047918319702148,2.5362971468326028
11.050171852111816,2.539064590819429
11.052425861358643,2.541809385038541
11.054677963256836,2.5429537943546525
11.056931018829346,2.544546430652908
11.059183120727539,2.5289920006980897
11.061437606811523,2.535220686819635
11.063689947128296,2.5370600863766772
11.065943479537964,2.5387278245363025
11.068203449249268,2.5209048415309003
11.070488452911377,2.519753279656563
11.072752952575684,2.514670790990685
11.075009822845459,2.518600525689188
11.077266216278076,2.5195083045373328
11.07951831817627,2.520408334780733
11.081772089004517,2.5344583433220795
11.08402395248413,2.5366547747438877
11.086277961730957,2.522101702940667
11.088531732559204,2.522024216893222
11.090784549713135,2.519684138260381
11.09303879737854,2.519808711982812
11.095290660858154,2.5195404910493484
11.09754467010498,2.522926035276179
11.099797248840332,2.5224307206190493
11.102051019668579,2.522257867128595
11.104304313659668,2.5213763143272776
11.106556415557861,2.520859541995471
11.108809471130371,2.5196746015160802
11.111061096191406,2.519380154535789
11.113324642181396,2.5185963533635563
11.11557650566101,2.500039041046982
11.117958784103394,2.51119762792559
11.12023115158081,2.5114068402536915
11.12248420715332,2.5105175388476297
11.124739646911621,2.5094839941840164
11.126991271972656,2.508695424639633
11.129244565963745,2.508282960448618
11.13149642944336,2.5070592769455047
11.133750200271606,2.5061151392597125
11.13600206375122,2.5002548098867905
11.138255596160889,2.5041309003986
11.140509128570557,2.503357232017187
11.142761468887329,2.502270043166881
11.145014524459839,2.501424849203211
11.147266149520874,2.500511109889878
11.14952039718628,2.4997261166246076
11.151772022247314,2.498640119867339
11.154025316238403,2.4979707596267176
11.156279802322388,2.4977871772989246
11.158531427383423,2.496977746126383
11.160785436630249,2.485096154820461
11.163037538528442,2.484697995745897
11.165290355682373,2.4858495576202344
11.167542695999146,2.4806871987208363
11.169806003570557,2.4815842487316426
11.172060489654541,2.481645045476561
11.174314260482788,2.4819794275736125
11.176567554473877,2.482922969212886
11.178820371627808,2.4843195062064534
11.181074142456055,2.484552560395308
11.183326482772827,2.485782204363609
11.185580015182495,2.4871334418217472
11.187832355499268,2.4877819404342105
11.190086126327515,2.487938700668657
11.19234013557434,2.4899199592971755
11.194592952728271,2.492170630952195
11.196846723556519,2.494650184470437
11.199099063873291,2.4939438693456495
11.201366662979126,2.4963191147231
11.203622817993164,2.4975767728777853
11.205876350402832,2.4993810056902177
11.208127975463867,2.5019451978141305
11.210382461547852,2.5037875776037666
11.212636709213257,2.5057891018139244
11.214889287948608,2.507483662066896
11.217142820358276,2.5073948511355937
11.219395875930786,2.5092098127853646
11.221649885177612,2.5002792477940616
11.223902463912964,2.513099016320588
11.22615647315979,2.5154021400692628
11.228409767150879,2.517376246139556
11.230661630630493,2.516098322403231
11.232916355133057,2.517401280093346
11.235168933868408,2.5193646573263
11.237423419952393,2.5212922717681256
11.239675521850586,2.534359995646476
11.241928577423096,2.522220912244429
11.244252681732178,2.45490937887542
11.246586084365845,2.4106296790396784
11.24892282485962,2.3654445845418675
11.251244068145752,2.3283758554906675
11.253585577011108,2.280798826312879
11.255913734436035,2.2435602240038186
11.25824236869812,2.206065321691671
11.26058053970337,2.1805980420825533
11.262903928756714,2.144275563272901
11.265272617340088,2.128296152150172
11.26761507987976,2.093965660806377
11.270004034042358,2.0704248035460475
11.272345542907715,2.0528092447291906
11.274682998657227,2.0368864580257484
11.277025938034058,2.0844938855759962
11.279289484024048,2.1251078993210673
11.281548023223877,2.1631761983843085
11.283800601959229,2.201237940935843
11.286054134368896,2.237701682770453
11.288308143615723,2.2713437403850247
11.290560483932495,2.304900563347407
11.292819261550903,2.338450829798082
11.29507303237915,2.369348689240061
11.297326564788818,2.3990633963422057
11.299577951431274,2.4274942192428375
11.301831722259521,2.4549540823643308
11.30408501625061,2.4802669859250766
11.306339025497437,2.504668534358565
11.308592081069946,2.5272241267233047
11.310843706130981,2.547906940925949
11.313098430633545,2.5668105562699504
11.315349102020264,2.585220645096379
11.31760287284851,2.60205895925271
11.319854497909546,2.617420270135435
11.32210898399353,2.6344803135967627
11.324361801147461,2.6469233807234027
11.326613664627075,2.6597944092505466
11.328871011734009,2.670593580078313
11.33112359046936,2.681645474630055
11.333377838134766,2.6892903672802886
11.33562970161438,2.696824395278024
11.337882995605469,2.7038184051297196
11.34013557434082,2.710389221953061
11.342389106750488,2.716253127605096
11.344643354415894,2.7211669351061505
11.346895217895508,2.725869742139547
11.349149465560913,2.7287802372908874
11.351402282714844,2.7305200970792884
11.353655576705933,2.73160967011567
11.355906963348389,2.733569471069511
11.358160734176636,2.7353290003930333
11.360414266586304,2.736165253658921
11.362666606903076,2.7349856775981998
11.36492109298706,2.7293303882277473
11.367172718048096,2.714993681310854
11.369426012039185,2.7188959978694913
11.371678352355957,2.7155807871318802
11.373931884765625,2.71337541501229
11.376184225082397,2.70898434030823
11.37844467163086,2.705967152830023
11.380698204040527,2.7017787339423576
11.382950067520142,2.6948502892077313
11.38520359992981,2.6883986816881515
11.387455463409424,2.681740842073064
11.38970947265625,2.673902234304218
11.391961336135864,2.6674160560865467
11.394215106964111,2.658962924356809
11.396468162536621,2.6511165679832183
11.39872121810913,2.6431664995153548
11.40097427368164,2.63355644149261
11.403225660324097,2.624502494871914
11.405479431152344,2.61405201125765
11.407732486724854,2.6051589971970315
11.40998649597168,2.5958159680147133
11.412240743637085,2.5852528316083947
11.414492845535278,2.5764277668509203
11.416746377944946,2.575686284981523
11.418998718261719,2.555074996361136
11.421252012252808,2.5391170429130843
11.42350435256958,2.5367388173030396
11.425759077072144,2.525672617634847
11.428011894226074,2.5176075121888535
11.430266380310059,2.5087001930117836
11.432520389556885,2.499880492672979
11.434772729873657,2.4978587028811816
11.437026262283325,2.4953362340135854
11.439278364181519,2.4745246737628785
11.441531658172607,2.4679252467066344
11.443784236907959,2.4606159282464897
11.446053266525269,2.4545004909635177
11.448307991027832,2.458510691942059
11.450559377670288,2.4401816654421884
11.452813148498535,2.4336245576887796
11.455066680908203,2.428561142511504
11.457321405410767,2.421936085454951
11.459573745727539,2.4185660384376093
11.461827516555786,2.4144610660625774
11.464079856872559,2.410634447411829
11.466333627700806,2.4059036261920483
11.468587636947632,2.3875936731807794
11.470839977264404,2.3872545227115776
11.473093271255493,2.3832151154536145
11.475348711013794,2.378387734697787
11.477617025375366,2.3751136511699737
11.479869365692139,2.374509856046421
11.482123136520386,2.375200077915201
11.484377145767212,2.380491182862661
11.486629009246826,2.374506279767308
11.488882303237915,2.375109478844342
11.491133689880371,2.3805805898404824
11.493387460708618,2.377968713995065
11.49563980102539,2.3791035865668757
11.497893571853638,2.38064675100407
11.50014591217041,2.3827496031224253
11.50239872932434,2.3821458079988727
11.50465440750122,2.3838296394145058
11.506906270980835,2.3866543038671377
11.50916075706482,2.388726161566515
11.511412143707275,2.391968058582313
11.513665914535522,2.3945620530321663
11.515919208526611,2.3353388709233847
11.518251419067383,2.304851091486346
11.520549535751343,2.341381590531062
11.522805213928223,2.3433741740434377
11.525059700012207,2.3509785355303925
11.527312517166138,2.3588678072533376
11.529568672180176,2.3662867982729434
11.531821250915527,2.3740699737155406
11.534075021743774,2.3805394626306846
11.5363290309906,2.388136075512895
11.538579940795898,2.3946383469865737
11.540833234786987,2.4018671991666793
11.543085813522339,2.417255928189269
11.545339345932007,2.4151721495595155
11.547590970993042,2.4218621756866185
11.549844741821289,2.4290236746100993
11.552096128463745,2.4354556125945583
11.554349184036255,2.441344552200383
11.556602716445923,2.448259287865077
11.558854579925537,2.4535694663011394
11.561107635498047,2.4587270568283865
11.56335973739624,2.4658110697044218
11.565613031387329,2.4720767107101334
11.56786584854126,2.4756398767995687
11.570120096206665,2.469706233704833
11.572376251220703,2.458486850081307
11.574629306793213,2.469980415103485
11.576882600784302,2.4764505000651478
11.579134702682495,2.4756285519157113
11.581441164016724,2.3793706154073018
11.5838041305542,2.292659555990643
11.586153507232666,2.26302889144765
11.588486194610596,2.2331240455060057
11.590815305709839,2.1484788833235364
11.59316110610962,2.1410461832339984
11.595492601394653,2.1176149985331296
11.597826957702637,2.101898443925195
11.600147247314453,2.0869978770015094
11.60253095626831,2.0739176361462635
11.60485553741455,2.0505478442368323
11.607157468795776,2.0193698429310136
11.609546661376953,2.014991881250367
11.611938953399658,2.00880909071077
11.614363670349121,1.9543423598220777
11.617335557937622,1.9770266982348799
11.619707584381104,1.9848986846087795
11.622037172317505,1.999797463392909
11.624351024627686,2.0068498858034474
11.626682758331299,2.015619518234672
11.628993272781372,2.050389891909348
11.633599042892456,2.067939885609136
11.635918617248535,2.0705642784314486
11.638240575790405,2.0949306601203275
11.640557289123535,2.1078004965544337
11.64287781715393,2.117968454118783
11.645227432250977,2.1355440778188797
11.647525310516357,2.15800430274061
11.649876117706299,2.1486344514649454
11.65233302116394,2.1936037771229477
11.65465784072876,2.177230379251287
11.657018899917603,2.132972733136741
11.659363985061646,2.148464578207085
11.663068056106567,2.1905132759229273
11.665422201156616,2.2155031222704795
11.667773485183716,2.235756782979582
11.6702241897583,2.2505077422270467
11.672659873962402,2.2791900967586156
11.67513632774353,2.343288939391248
11.677595853805542,2.3622622921779506
11.679910659790039,2.4307194269561085
11.682184934616089,2.498435079864869
11.684461832046509,2.5560000605583264
11.686718702316284,2.612610174728653
11.688974857330322,2.666454633051709
11.691227912902832,2.714083518276634
11.693490743637085,2.761642666058858
11.69574522972107,2.800999021649244
11.698013544082642,2.8354600471806584
11.700271844863892,2.8708962048168427
11.702524662017822,2.9055020696523273
11.704779148101807,2.9337075869688496
11.707032680511475,2.961671109398736
11.70928692817688,2.9850957375878977
11.711539268493652,3.0074170836707452
11.713803768157959,3.025510075749168
11.71605920791626,3.040944700353706
11.718313932418823,3.0544231002835156
11.720568180084229,3.06345797341561
11.722820520401001,3.0721846904974806
11.725080966949463,3.0761746258943825
11.727334022521973,3.0807087517629568
11.729588270187378,3.080443511062087
11.731840133666992,3.0837736229626684
11.734095573425293,3.0755535454217844
11.736350536346436,3.0697796427940895
11.738616704940796,3.0617806985116838
11.740874528884888,3.047971492763936
11.74327301979065,3.0080029973987337
11.745573043823242,3.0079314718164767
11.747834920883179,2.999077200779581
11.750098466873169,2.9526666346391
11.752415180206299,2.9379770681830726
11.754840612411499,2.909722079005489
11.757155895233154,2.9003432870320425
11.759417057037354,2.885949955695862
11.761672973632812,2.8742984383462
11.763931512832642,2.8593174051424746
11.7661874294281,2.8458777482363877
11.768442153930664,2.8271982463834577
11.770697593688965,2.8164133806721425
11.77308964729309,2.8001407146621604
11.775344371795654,2.773225042012339
11.777600765228271,2.768793436145
11.779852867126465,2.738893954622025
11.782107830047607,2.7220061686046324
11.784371137619019,2.702551806277252
11.786630153656006,2.688913665880402
11.788901090621948,2.6726326552191564
11.791153907775879,2.658661920864811
11.793409585952759,2.6423409750868054
11.79566240310669,2.6299902951705807
11.797921419143677,2.614545537775223
11.800174951553345,2.5978663680394134
11.802457094192505,2.5716665472586806
11.80474591255188,2.5610050631767587
11.807002305984497,2.5392684387288615
11.809256553649902,2.5343462865765436
11.811508893966675,2.526390257643492
11.813770532608032,2.514676751455873
11.816025018692017,2.5049772864553077
11.818286180496216,2.4953731888977515
11.820558547973633,2.4806401110458505
11.822812557220459,2.471089657674987
11.82506775856018,2.4642333345691365
11.82732105255127,2.4561759777278875
11.829575300216675,2.4498227178839107
11.831827640533447,2.44124620452478
11.834098100662231,2.4365577026078347
11.836355686187744,2.43024855020625
11.838608026504517,2.425031355027122
11.840862274169922,2.4208250547438923
11.843278646469116,2.4167719384159967
11.845534563064575,2.413411428142956
11.847787141799927,2.409435201815987
11.850041627883911,2.4084237108735693
11.852295398712158,2.404108334077398
11.854549407958984,2.402492451964909
11.856803894042969,2.401781368467971
11.8590567111969,2.4020621063783296
11.861310243606567,2.3982241628437238
11.863573789596558,2.397219824459532
11.865830898284912,2.3964747663110217
11.86808443069458,2.3974737402765443
11.87034010887146,2.3829045752173155
11.872595310211182,2.3989298819219926
11.874854564666748,2.3958191151403327
11.877127408981323,2.389831827858904
11.879382848739624,2.386187599442911
11.88163709640503,2.3828366259141713
11.883892297744751,2.3869135841028193
11.886152744293213,2.3900022971632833
11.88840913772583,2.3939517013969067
11.89066219329834,2.3981448886567223
11.8930504322052,2.4049869066461214
11.895304679870605,2.4089351187867067
11.897559404373169,2.415205528164569
11.8998122215271,2.4191465877469285
11.902066946029663,2.42428212455298
11.904330253601074,2.4296787297342695
11.9065842628479,2.434540085141669
11.908839225769043,2.4410292435919336
11.911091327667236,2.4441531233970073
11.913346767425537,2.450508767427059
11.915602207183838,2.4537053649074276
11.917856216430664,2.4600097489368618
11.920108795166016,2.463732059446819
11.922362327575684,2.4559369630738455
11.924642324447632,2.461382444069677
11.926897764205933,2.4676480850753886
11.929152011871338,2.4724462595517944
11.931403636932373,2.4768558116979373
11.93366527557373,2.481069860585911
11.935918807983398,2.4851992708682147
11.938174962997437,2.4978116152061958
11.940429210662842,2.492730914679875
11.942682266235352,2.4981692431174807
11.944937705993652,2.500554621285751
11.947190284729004,2.5000813603498173
11.94944453239441,2.50731676904163
11.951696872711182,2.51203268909844
11.95395803451538,2.5139120237722423
11.956223249435425,2.5000318884887562
11.958476066589355,2.5201055431491786
11.960732221603394,2.5235232738880247
11.962984800338745,2.525837126474038
11.965395212173462,2.5282499227821735
11.967648983001709,2.529941502802551
11.969902753829956,2.5309070981630204
11.97215485572815,2.5337126891270505
11.974418878555298,2.5342223089006315
11.97667384147644,2.536067072876343
11.978925704956055,2.523954811567642
11.981194972991943,2.514819802620387
11.983458042144775,2.5343367498322427
11.985714435577393,2.521154585022281
11.987967491149902,2.5195863866312966
11.990221500396729,2.5252667099555386
11.992475032806396,2.527024451139504
11.994734048843384,2.528186145804661
11.996989727020264,2.5309166349073213
11.999247312545776,2.5249150425094418
12.001575946807861,2.449915701140845
12.003917694091797,2.466621692970001
12.006184816360474,2.471726831403593
12.008440256118774,2.475486692844235
12.010692834854126,2.4816212036158087
12.013107776641846,2.486419974138734
12.015365839004517,2.4915263046653635
12.017621994018555,2.4947831028441314
12.019874572753906,2.499889433370761
12.022127866744995,2.501691281997118
12.024389743804932,2.505516708554829
12.026644468307495,2.5089606653405028
12.02889895439148,2.5109866274579318
12.031151533126831,2.515501083791385
12.033406734466553,2.5160166640301544
12.035659551620483,2.519228162673493
12.03791356086731,2.5204792643164713
12.040165662765503,2.52406567622014
12.042427062988281,2.5083777318451084
12.044729471206665,2.5139203684235056
12.046986818313599,2.517248096138012
12.04924201965332,2.5198295736109704
12.05149507522583,2.5214323427000456
12.053757429122925,2.523388567374774
12.056011438369751,2.5253203541422313
12.058265924453735,2.526321712293829
12.060519695281982,2.529267374189779
12.062772035598755,2.528817359068079
12.065027236938477,2.531255785376523
12.067280054092407,2.5299152767557236
12.069585800170898,2.495415508200587
12.07186508178711,2.476102408898164
12.07416033744812,2.474066313989915
12.076428174972534,2.462290222917822
12.078684329986572,2.4683448634558753
12.080940008163452,2.4719050493127166
12.083256721496582,2.4621584966371652
12.085513830184937,2.4710759486050544
12.087766885757446,2.466879185066126
12.09002423286438,2.461174423834613
12.09228253364563,2.4756625265672834
12.09453821182251,2.4821385719941342
12.096794843673706,2.4855390173839353
12.099047660827637,2.4910292018686775
12.1013023853302,2.49303847468358
12.103573083877563,2.4948576086589824
12.105830430984497,2.498699128472701
12.108082294464111,2.5001123547687953
12.110336780548096,2.5080069909104097
12.112590789794922,2.5124797239875463
12.114850521087646,2.516385020778778
12.117105722427368,2.519784274075541
12.119364261627197,2.5242391257571133
12.122082710266113,2.5330129305139697
12.124354839324951,2.5366547747438877
12.12661600112915,2.539183204076672
12.128872871398926,2.543697660410125
12.131125688552856,2.5393268512877047
12.13338851928711,2.5488254486114323
12.135642766952515,2.5512698353850647
12.13789701461792,2.5554195112490072
12.140148878097534,2.557685680113516
12.142410516738892,2.561016388060616
12.144670963287354,2.564599223685172
12.1469247341156,2.5680711946572297
12.149178981781006,2.5710639442281655
12.151431798934937,2.5724038568024463
12.153687238693237,2.5757655591685245
12.155941486358643,2.5769469233688023
12.158195495605469,2.5781867001279237
12.160450220108032,2.5837710599626376
12.162703037261963,2.5735095230948355
12.164984464645386,2.579031298045075
12.167241096496582,2.5823137262241516
12.169495820999146,2.578294584547828
12.17174768447876,2.5811770655127844
12.174031972885132,2.5866833432535343
12.176291227340698,2.5930652133304135
12.178544521331787,2.593383502171457
12.180798768997192,2.597078394541549
12.183053493499756,2.5994876145705716
12.185309171676636,2.5860807402230193
12.187561750411987,2.5910762060971506
12.189815282821655,2.592635463790353
12.192067861557007,2.598187637113051
12.19432806968689,2.600275588068436
12.196584939956665,2.6039216046239857
12.198837995529175,2.614952637547569
12.201092004776001,2.6017561676211556
12.203352689743042,2.6037261013658166
12.205607891082764,2.6147714394058514
12.207860469818115,2.610006643534499
12.210114002227783,2.61231155542273
12.212367534637451,2.6152649659234246
12.214631795883179,2.6165804405904343
12.2168869972229,2.6171794673418365
12.21914005279541,2.6159671087225806
12.221394062042236,2.6147720354523702
12.223663330078125,2.614751173824212
12.225921392440796,2.6149895924317352
12.228173971176147,2.6121428742579074
12.230429887771606,2.61355192822837
12.232683420181274,2.610565735169141
12.23494291305542,2.61068613656594
12.23719835281372,2.6100239288835443
12.239449739456177,2.6079860458357387
12.241705179214478,2.607867432578496
12.24396300315857,2.605781865809186
12.246218919754028,2.597876500830233
12.248520374298096,2.5783053133851666
12.250810861587524,2.577877351984662
12.25314998626709,2.5450727397290156
12.25546407699585,2.5341978709933604
12.25779104232788,2.520675959667678
12.260077953338623,2.531252805143929
12.26234245300293,2.534425560763545
12.26461148262024,2.536010448457056
12.266866207122803,2.536138002412081
12.269123554229736,2.537204329634229
12.271376848220825,2.5383767531367245
12.273633003234863,2.538539473836359
12.275890350341797,2.5344237726239887
12.278147220611572,2.5339487235484985
12.280402898788452,2.5372645303326284
12.282655477523804,2.5368318005599737
12.28492283821106,2.537365262194307
12.28717827796936,2.5238439469151435
12.289432048797607,2.5089266906889307
12.291684865951538,2.5100275886091694
12.293970346450806,2.502422631075696
12.296249151229858,2.504153550166315
12.298503398895264,2.5004747510522307
12.300765037536621,2.499507963598724
12.30302357673645,2.4969109889162766
12.305280685424805,2.499128281966243
12.307541370391846,2.498327195444965
12.30979585647583,2.501437366180106
12.312047719955444,2.495303451455051
12.314310073852539,2.5020173194429063
12.316566705703735,2.49967485662399
12.318819522857666,2.4999198317432203
12.321073293685913,2.498044073348531
12.323333501815796,2.4981036780004118
12.325589179992676,2.4978467819508055
12.327841520309448,2.4976506826461176
12.330095767974854,2.4974927303186334
12.332351684570312,2.4948582047055012
12.334607362747192,2.4946406477261363
12.33686113357544,2.492494284211908
12.339113473892212,2.4928286663089594
12.34136700630188,2.495259344012659
12.343626260757446,2.4919900288569963
12.345881700515747,2.4906095851194365
12.34813404083252,2.490728794423198
12.350387334823608,2.487429676941595
12.352642059326172,2.4828430989793655
12.354904413223267,2.482993302702105
12.357160806655884,2.482903299677765
12.359412908554077,2.484392819928267
12.361667394638062,2.483569083639274
12.363921642303467,2.485428152731437
12.366175174713135,2.483244834333042
12.36842966079712,2.4843725543466273
12.37068223953247,2.4978622791602945
12.372969388961792,2.4844953399295022
12.37522292137146,2.4851992708682147
12.377476930618286,2.4878653869468437
12.379729270935059,2.4884036169533275
12.381983041763306,2.4886897192823554
12.384245157241821,2.489300070917615
12.386500835418701,2.490735350934905
12.388756036758423,2.4882695064865956
12.391008615493774,2.478121218457367
12.393263816833496,2.4859306199467923
12.395516395568848,2.4867215736772508
12.397771120071411,2.4911966909404626
12.400023698806763,2.4914553751296253
12.402278184890747,2.494929730287758
12.404537916183472,2.4973645803170896
12.406791687011719,2.5013419987370966
12.409045696258545,2.505320609250141
12.411298036575317,2.500165998955488
12.413569450378418,2.5019791724657026
12.415825605392456,2.5065317757763594
12.418079853057861,2.5111392153667467
12.420333623886108,2.514953913087119
12.422585725784302,2.5184807203389075
12.424841403961182,2.522132697359645
12.427093744277954,2.5283709202254916
12.42934775352478,2.5317832865456684
12.431600332260132,2.53642350869459
12.433862924575806,2.536374632880048
12.436118364334106,2.539348308962382
12.438373327255249,2.5454482490358648
12.440627574920654,2.5504931867710576
12.442880153656006,2.5392070459374243
12.445140600204468,2.539217774774763
12.447393655776978,2.562408752728552
12.449649810791016,2.564630814150669
12.451902627944946,2.5690063916452397
12.454158306121826,2.570836254457981
12.456412315368652,2.5759735794035885
12.458666801452637,2.577074477323827
12.460921049118042,2.5810149408596685
12.463180541992188,2.5852909785855984
12.46543550491333,2.58852095467102
12.467687368392944,2.5782588217566995
12.469941139221191,2.594042729621259
12.472201347351074,2.5928607693744623
12.474464178085327,2.5946089738141267
12.47672414779663,2.5938025228741792
12.478999614715576,2.595039915447225
12.481255292892456,2.599911999691963
12.483511209487915,2.6009181262157113
12.485766172409058,2.6057645804601406
12.488018274307251,2.6067468651231365
12.490272045135498,2.610397650050837
12.492525815963745,2.595913123597279
12.494786500930786,2.6018527271572025
12.49704384803772,2.6124867930992597
12.49929690361023,2.607009721637931
12.501550912857056,2.6090052853829007
12.503808736801147,2.5931820384481
12.50614309310913,2.526048126941696
12.508474111557007,2.553857273323211
12.510738372802734,2.5391003536105576
12.512996196746826,2.5616845562082
12.515255451202393,2.568809100247514
12.517510652542114,2.573446342163842
12.519763469696045,2.578726122227445
12.522018194198608,2.583794305776871
12.524285078048706,2.5890883909569253
12.526539325714111,2.592566322394171
12.528794050216675,2.578362533850972
12.531046390533447,2.600456190163635
12.533307313919067,2.6028034213547016
12.535560846328735,2.6065728195396445
12.53781509399414,2.6084903011906504
12.540067195892334,2.611628486112176
12.54232144355774,2.611655904252041
12.544576406478882,2.6142278449806984
12.546828746795654,2.6148894566165755
12.549083232879639,2.617025687339984
12.551335334777832,2.610698653542835
12.553616285324097,2.5977578875729903
12.55587363243103,2.605822396972465
12.558128356933594,2.607412649084645
12.560383081436157,2.6069644221025015
12.562635898590088,2.6066944130294813
12.564898252487183,2.615036680106721
12.567152738571167,2.615024759176345
12.569406986236572,2.6047858720762576
12.571659803390503,2.6010909797061657
12.573915004730225,2.6016733171550412
12.576169967651367,2.5988689182840488
12.578429698944092,2.5984004257202655
12.580683469772339,2.5948855393988537
12.582979679107666,2.593489002405286
12.585235118865967,2.5904670465549287
12.587487697601318,2.578160474081096
12.589741945266724,2.585525820914009
12.591995239257812,2.578183123848811
12.594254493713379,2.56738097278845
12.596509218215942,2.5450238639144733
12.598761320114136,2.5497439562969157
12.601015329360962,2.546560471839961
12.603269815444946,2.5465396102118025
12.605524778366089,2.5391218112852347
12.607776880264282,2.5442317180909773
12.610031127929688,2.541504209220911
12.612285375595093,2.5376060649879055
12.614548206329346,2.53555328077713
12.616804838180542,2.5365582152078407
12.619387149810791,2.5365552349752467
12.621654987335205,2.5364497347414177
12.623917579650879,2.536738221256521
12.626174211502075,2.5342384021566393
12.628430128097534,2.5366333170692106
12.630684852600098,2.5340428988984702
12.632958889007568,2.534332577506611
12.635212182998657,2.532763783069108
12.63746690750122,2.5347635191397093
12.639719724655151,2.533440295867955
12.641973495483398,2.534170452853495
12.644248962402344,2.533540431683115
12.646503925323486,2.5350925368180914
12.64875841140747,2.534683648906189
12.651010274887085,2.5350764435620836
12.653268337249756,2.5367733880011305
12.655522108078003,2.5342372100636017
12.657776594161987,2.5360557479924855
12.660030126571655,2.536889617072298
12.662283182144165,2.536343042414551
12.664538383483887,2.5345268886717425
12.666791200637817,2.536392514275612
12.669044733047485,2.5289431248835474
12.671304941177368,2.5280568037100797
12.673587083816528,2.519626321748057
12.67584490776062,2.517413797070241
12.678107500076294,2.5146660226185347
12.680365324020386,2.516784967992898
12.682619094848633,2.514829935411207
12.684883832931519,2.5190553091830385
12.687137842178345,2.521187963627334
12.689396858215332,2.52212018038275
12.691649436950684,2.523022594812226
12.69390606880188,2.536918227305201
12.696158409118652,2.5002166629095868
12.698424577713013,2.5001391768621417
12.700678825378418,2.5143340247075585
12.702987909317017,2.5109413279225024
12.705243825912476,2.5142905133116855
12.707496881484985,2.5160226244953425
12.709750890731812,2.5179091117273704
12.712003707885742,2.5075909504402816
12.714302062988281,2.500191628955797
12.71656346321106,2.5086727748719184
12.718815803527832,2.500026524070087
12.721070766448975,2.515274586114238
12.723326444625854,2.5169798752045485
12.725580930709839,2.522574367830082
12.727833032608032,2.519811692215406
12.730087041854858,2.529805604196263
12.732341766357422,2.5272467764910194
12.73461365699768,2.5334480444726997
12.736871004104614,2.536504571021148
12.739126205444336,2.540597622465804
12.741380453109741,2.5440886669264633
12.743663549423218,2.5406459022338272
12.745970726013184,2.5262454183394216
12.748283386230469,2.53092736374466
12.750544786453247,2.5331190267943176
12.752858400344849,2.504823506453455
12.755238056182861,2.50420600225997
12.757546424865723,2.4977496263682397
12.75983715057373,2.508062423236659
12.762103080749512,2.5146487372694892
12.7643723487854,2.521658244330674
12.76663088798523,2.526079121360674
12.76888632774353,2.5322768130632416
12.77113938331604,2.536050383573816
12.77340054512024,2.5392940687291703
12.775654554367065,2.543548648780423
12.77790880203247,2.5471308883584607
12.780161142349243,2.5512602986407638
12.782422542572021,2.552571004935623
12.784677267074585,2.5558003849745257
12.786929845809937,2.5562259621889547
12.789184093475342,2.559438056878812
12.791436433792114,2.5528368416830114
12.793723821640015,2.5500002563000033
12.79598093032837,2.5500896632778245
12.798236608505249,2.547978466508206
12.800495147705078,2.529754940242164
12.80274748802185,2.5373080417285014
12.805010795593262,2.5376191780113193
12.807265758514404,2.5368949814909674
12.80952000617981,2.5401797938561193
12.81177282333374,2.5391134666339714
12.814028263092041,2.541147177356145
12.816282987594604,2.539248769193741
12.81853461265564,2.5412753273576887
12.820787906646729,2.5397434878043517
12.823047161102295,2.540263836415271
12.825302124023438,2.5392845319848694
12.827554941177368,2.5395920919885744
12.829810380935669,2.53854901058066
12.832063436508179,2.5373199626588776
12.834321737289429,2.536069457062418
12.836577415466309,2.5344458263451846
12.838830471038818,2.534361187739514
12.841086864471436,2.531903091895949
12.843341588973999,2.531872097476971
12.845595359802246,2.519756259889157
12.84784746170044,2.5293538009350063
12.850101232528687,2.526375356480522
12.852354288101196,2.536681596837234
12.854620933532715,2.519327702442134
12.856877565383911,2.518868150576133
12.859130382537842,2.516556086129676
12.861384391784668,2.5154408830929853
12.863645315170288,2.5002267957004065
12.86590313911438,2.512493433057479
12.86815619468689,2.511185110948695
12.870420932769775,2.5000926852336747
12.872675895690918,2.5083646188216946
12.874930620193481,2.5003042817478516
12.877185344696045,2.4987140296356714
12.87944221496582,2.4953201407575776
12.881700038909912,2.496481239376216
12.883962631225586,2.494066058882005
12.886218547821045,2.4977466461356457
12.888472080230713,2.490704356515927
12.890724658966064,2.489570676037154
12.89297890663147,2.4871733769385074
12.895376920700073,2.4859431369236873
12.897632837295532,2.484731970397469
12.8998863697052,2.4758174986621735
12.902140140533447,2.464120085730563
12.904395580291748,2.4642947273605738
12.906648635864258,2.4610015703441586
12.908902645111084,2.463227804091907
12.911157131195068,2.4596151661414107
12.913434267044067,2.45621472075161
12.915691137313843,2.450440222077396
12.917946577072144,2.4489870606645416
12.920207023620605,2.4496272146257416
12.922460079193115,2.4486878453121
12.924721479415894,2.449232035783772
12.92697525024414,2.4494287311349785
12.929229259490967,2.4485590992640374
12.931482315063477,2.4494841634612277
12.93373727798462,2.4478527841392497
12.935989379882812,2.449082428107551
12.938243865966797,2.4467065866835815
12.94050931930542,2.458548838919263
12.942762613296509,2.4426272443088584
12.945024490356445,2.4441245131641045
12.947279214859009,2.4447390371249957
12.949533939361572,2.446198159003038
12.951786279678345,2.4560794181918406
12.954045534133911,2.458651358920498
12.956303358078003,2.45115845813256
12.958556175231934,2.4509301723158563
12.960811376571655,2.4536624495580734
12.963067531585693,2.453695232116608
12.965321779251099,2.4563506193578983
12.967574834823608,2.4578252384454298
12.969828605651855,2.4612685991845846
12.972081422805786,2.4578764984460473
12.974348545074463,2.461823518493595
12.976605653762817,2.463082368741318
12.978858947753906,2.4659731943575376
12.98111367225647,2.468044456010396
12.983422756195068,2.47038811092235
12.985679149627686,2.4735835163096804
12.987931489944458,2.4754109949363463
12.990185260772705,2.4789431666068036
12.992439270019531,2.480647263604076
12.99469542503357,2.483969030853394
12.996949672698975,2.4859949929708236
12.999203205108643,2.490324674883446
13.001456499099731,2.497671544274276
13.00371789932251,2.4265554459757146
13.006051778793335,2.3828139761464566
13.008357286453247,2.4212661291678104
13.01061725616455,2.4287733350722
13.012872695922852,2.4394348191541217
13.015141487121582,2.4502357781214448
13.017399072647095,2.4531814400173952
13.019651889801025,2.4612101866257414
13.021906614303589,2.461220319416561
13.024161338806152,2.47828989962219
13.026423215866089,2.4880608902050128
13.028678178787231,2.4977156517166677
13.030930757522583,2.504858077151546
13.033190727233887,2.511979640958266
13.03544569015503,2.518106403125096
13.037700891494751,2.5272032650951464
13.039953470230103,2.536890213118817
13.042207956314087,2.5296637451247865
13.044487476348877,2.5370624705627525
13.046743154525757,2.544164364834352
13.048997640609741,2.550411528397981
13.051250219345093,2.554083771000358
13.053505659103394,2.5606009436370067
13.055757999420166,2.563098378550813
13.058011293411255,2.56824106791509
13.060264825820923,2.571040102367413
13.062516927719116,2.573846885424481
13.064777374267578,2.576213786150668
13.067030668258667,2.576504060805328
13.069284200668335,2.5596347522300187
13.071570634841919,2.556675381264136
13.073853254318237,2.5592157315272965
13.0761079788208,2.557921118488445
13.078369855880737,2.5546541875188575
13.080626487731934,2.5533559982008933
13.082879543304443,2.551855749113053
13.085151672363281,2.549019759776564
13.087404489517212,2.5498661458332714
13.089659452438354,2.5454619581057973
13.091911792755127,2.5448611432148387
13.094175338745117,2.542371456905777
13.096431016921997,2.5408807445622377
13.098684310913086,2.537527386847423
13.100938558578491,2.5338837544779484
13.103226661682129,2.5233218101646675
13.105484008789062,2.5000742077915916
13.10773754119873,2.5042065983064887
13.109991788864136,2.5045588617991044
13.11224627494812,2.5030794743394225
13.114501953125,2.5002297759330006
13.11707615852356,2.499687373600885
13.119343280792236,2.494361101908815
13.121598958969116,2.4931797377085374
13.123863458633423,2.4889186011455777
13.12611985206604,2.486723957863326
13.128374338150024,2.484245596438121
13.130626440048218,2.4826839545588437
13.132880687713623,2.4781641338067213
13.135140657424927,2.4750909179557463
13.137397050857544,2.461099321973243
13.139650106430054,2.4691680036983494
13.141905307769775,2.468298967873927
13.1441650390625,2.464306052244431
13.146430969238281,2.4647000389933633
13.148685693740845,2.458638841943603
13.150940418243408,2.4510505737126556
13.153197050094604,2.4562534637753326
13.155450344085693,2.4463716085400113
13.157703876495361,2.4453738266675265
13.159956216812134,2.445260577828953
13.16220998764038,2.432548693722331
13.164489984512329,2.4366918130745665
13.166745662689209,2.4226382282541072
13.169009447097778,2.4069747217863466
13.171262979507446,2.3959353442115003
13.173531293869019,2.384506152213353
13.17578649520874,2.3780640814380742
13.178041219711304,2.367916985501884
13.180295705795288,2.3610320521631305
13.182548522949219,2.3523703041518096
13.184803247451782,2.3462304289615665
13.187055826187134,2.339569609113885
13.189308881759644,2.3346778553340264
13.19156265258789,2.331174293896472
13.193823099136353,2.327183166406532
13.196077823638916,2.308616317345657
13.198367357254028,2.3133227006581665
13.20062780380249,2.293224608090473
13.202909231185913,2.297268187674068
13.205189228057861,2.296431338361661
13.207444429397583,2.296642338829319
13.209700345993042,2.2861566884704456
13.211952924728394,2.2912505020201803
13.214208364486694,2.294768368574186
13.216462850570679,2.2971173879048097
13.218716144561768,2.300112521661821
13.220969915390015,2.3025151851791366
13.223244428634644,2.304058349616331
13.225503206253052,2.3111948145860213
13.227755308151245,2.316490091859113
13.230008602142334,2.3229887870536787
13.23226284980774,2.3266163261671453
13.23452353477478,2.333001176476619
13.236780405044556,2.3375424549034185
13.23903203010559,2.3442819528915826
13.241286039352417,2.3415913989056825
13.243588924407959,2.3317101397168805
13.245889902114868,2.3391356872481928
13.248178720474243,2.301150238651066
13.250519037246704,2.303610122634187
13.253141641616821,2.3046901589262676
13.255438804626465,2.3440131359116
13.257707118988037,2.36753372759029
13.259960889816284,2.390201972747084
13.262216091156006,2.411777068588384
13.264486074447632,2.4312594451021488
13.266751527786255,2.4586740086882126
13.269006490707397,2.46096580755303
13.271259307861328,2.482757864327176
13.273515939712524,2.495297490989863
13.275770664215088,2.5137683765612095
13.278024673461914,2.522726359692378
13.280285835266113,2.5363257570655056
13.282539129257202,2.5393518852414947
13.284803628921509,2.5587156484980165
13.287057638168335,2.5724247184306046
13.289313077926636,2.581367204352284
13.291570663452148,2.584882686720215
13.293851375579834,2.588225315597691
13.29611587524414,2.578295180594347
13.298374891281128,2.60192902111161
13.300628423690796,2.605474305805481
13.302881240844727,2.611751867741569
13.305155277252197,2.6151278752240987
13.307407855987549,2.615966512676062
13.309664011001587,2.619371130391494
13.311916828155518,2.6060095555793708
13.314181327819824,2.6123842730980247
13.3164381980896,2.6153704661572537
13.318691492080688,2.616693689429008
13.320945978164673,2.6149490612684563
13.323204755783081,2.6176455757195445
13.325464010238647,2.6171085378060983
13.32771897315979,2.6178839943270678
13.329972743988037,2.614984228013066
13.332232236862183,2.614214135910766
13.334486484527588,2.6110240949421044
13.336740255355835,2.609558416552355
13.33899211883545,2.605287743245094
13.341245412826538,2.603607488108574
13.343503713607788,2.5978687522254886
13.345758438110352,2.5964644666271766
13.348010540008545,2.5925687065802463
13.35026478767395,2.5871768697711075
13.352518796920776,2.5790110324634354
13.354866981506348,2.576226899174082
13.35713005065918,2.57201702261174
13.359381675720215,2.566681214175369
13.3616361618042,2.563794560884781
13.363891363143921,2.5391253875643476
13.366146564483643,2.5537726347175402
13.368401288986206,2.5479742941825743
13.370653629302979,2.539242212682034
13.372969388961792,2.5383946345322888
13.375223159790039,2.534274164947768
13.377479076385498,2.5367304726517763
13.379732131958008,2.536656562883444
13.381985902786255,2.5342127721563306
13.384259939193726,2.513794602608037
13.386513948440552,2.5100711000050424
13.388769149780273,2.503805458999331
13.391022443771362,2.501452863389595
13.393278121948242,2.496070563324757
13.39553165435791,2.4927976718899814
13.397785663604736,2.4882754669517837
13.40003776550293,2.4856165034313804
13.402291774749756,2.4812141038434627
13.404552221298218,2.4778529975239034
13.406806230545044,2.473146614211394
13.409061670303345,2.460987265227707
13.411314487457275,2.461199457788403
13.41364574432373,2.440757446379357
13.41590166091919,2.4398049640423016
13.418155908584595,2.4368414207507874
13.42041015625,2.4368193670295915
13.42266297340393,2.4350348037522798
13.424917459487915,2.439194612407042
13.42716932296753,2.434745125144139
13.429423332214355,2.4350604337525885
13.431675910949707,2.4342551749056787
13.433935642242432,2.435130171195289
13.436197996139526,2.4347093623530105
13.438452243804932,2.43557482189832
13.440706968307495,2.4359771532985155
13.44296407699585,2.4352189821265915
13.445222854614258,2.421889593826484
13.447476625442505,2.421945622199252
13.449731588363647,2.4394473361310167
13.451983213424683,2.4393984603164744
13.454240560531616,2.4425497582614133
13.456494569778442,2.44177132150785
13.458747386932373,2.4444469743307797
13.4610013961792,2.446033650163847
13.463261127471924,2.4479815301873122
13.465516567230225,2.4496462881143435
13.467769622802734,2.4586626838043553
13.47002363204956,2.453756624908045
13.472281217575073,2.4504533351008098
13.474541664123535,2.458737785665725
13.476797103881836,2.4529519621076536
13.47905445098877,2.4504253209144258
13.481310844421387,2.458635861711009
13.483567476272583,2.456588441918903
13.485821723937988,2.4584564517088476
13.488073348999023,2.461647088724028
13.490328311920166,2.464812691785418
13.492582082748413,2.468668516715588
13.494845151901245,2.4706312979020235
13.497101545333862,2.473460730726806
13.499368906021118,2.407374072953948
13.501786231994629,2.405277181300781
13.50410008430481,2.419483950076574
13.50636100769043,2.4244674950203295
13.508617639541626,2.4317172088285934
13.510871171951294,2.4363616033031468
13.513126850128174,2.444266372235581
13.515379190444946,2.44411676455936
13.517632961273193,2.4421104719770517
13.519885540008545,2.4511596502255975
13.522139072418213,2.4577107975138186
13.524402618408203,2.4642088966618654
13.526656866073608,2.471127208605672
13.528911352157593,2.4778094861280304
13.531163692474365,2.4824210980440493
13.533423900604248,2.488240300207174
13.535677433013916,2.4977472421821645
13.537931203842163,2.498338520328822
13.540182828903198,2.50235050944692
13.542443752288818,2.5075951227659132
13.54469919204712,2.5114253176957746
13.546951532363892,2.5167289396201302
13.54920506477356,2.5192853831392985
13.551457405090332,2.5002428889564143
13.553740739822388,2.5173619410231045
13.555996179580688,2.516064943798178
13.558250188827515,2.520597877573714
13.56050419807434,2.5225737717835632
13.56275725364685,2.525725665775021
13.565018892288208,2.52744645207482
13.56727385520935,2.5299713051284916
13.569528341293335,2.5310274995598196
13.571782350540161,2.531872097476971
13.574037551879883,2.532813254930169
13.576291799545288,2.535696331941644
13.57854437828064,2.5343146961110468
13.580797910690308,2.536787693117582
13.583059072494507,2.534264628203467
13.585314273834229,2.5366452379995867
13.58756685256958,2.5380387947605603
13.589820384979248,2.5370815440513543
13.59207272529602,2.537417714287962
13.59433102607727,2.535615865661605
13.596585750579834,2.5360062761314244
13.598838329315186,2.5335696379625365
13.60109257698059,2.533269826563576
13.603347778320312,2.534267012389542
13.605602025985718,2.529680434427313
13.607854843139648,2.528488341389697
13.610109090805054,2.5255593687962734
13.6123628616333,2.518596949410075
13.614962577819824,2.5202944898956408
13.617236614227295,2.5171348472994386
13.619489908218384,2.4975696203195596
13.621745586395264,2.4932608000350953
13.624024629592896,2.4951216572668145
13.626281023025513,2.4925044170027277
13.628535747528076,2.490524350467247
13.630788803100586,2.4913027872208104
13.633044242858887,2.4890431748680086
13.635298252105713,2.4870207890296925
13.637553691864014,2.480623421743324
13.639806985855103,2.4807235575584836
13.642061233520508,2.4851992708682147
13.644322633743286,2.4850377422616177
13.64657735824585,2.4843719583001085
13.648831605911255,2.483773527595225
13.651083946228027,2.4837133268968254
13.653339624404907,2.480728921977153
13.655599594116211,2.4822989085076936
13.65785527229309,2.4951937788955902
13.6601083278656,2.482452688509546
13.662362098693848,2.480968532677714
13.664618015289307,2.474076446780735
13.666879177093506,2.475343641679721
13.669135570526123,2.475660142381208
13.671388626098633,2.4725583162973304
13.673667907714844,2.464080150613803
13.675925254821777,2.4656745750516147
13.67817997932434,2.45873540147965
13.680445432662964,2.461223299649155
13.68270468711853,2.4607935501090945
13.68496823310852,2.462932761065097
13.687222480773926,2.4611666752298684
13.689478635787964,2.4630740240900546
13.691731929779053,2.4610987259267243
13.693986415863037,2.4647965985294102
13.696240901947021,2.4647799092268836
13.698493242263794,2.4681696257793457
13.70074725151062,2.467656429726652
13.70300817489624,2.469253834397058
13.705263376235962,2.4706688488327084
13.70751667022705,2.4720576372215315
13.709770679473877,2.4611607147646803
13.71202564239502,2.472973164674421
13.714284658432007,2.475403246331602
13.716540813446045,2.4760326714554632
13.718793630599976,2.4791857575399585
13.72104787826538,2.465170915743222
13.723302602767944,2.4700370395227718
13.725555896759033,2.4714180793068503
13.727807998657227,2.4698641860323174
13.73006272315979,2.472690042577987
13.732316970825195,2.4713250960499162
13.734584093093872,2.461049850112182
13.736841440200806,2.478174266597541
13.739094734191895,2.4721071090825926
13.741532564163208,2.4593493293940223
13.743848323822021,2.4646034794573164
13.746110677719116,2.46519177737138
13.748392581939697,2.4366202874923095
13.750707387924194,2.4368098302852905
13.753007411956787,2.4219974782463884
13.755309581756592,2.428881219492104
13.757591485977173,2.440873079404006
13.759845733642578,2.441500120341792
13.762105226516724,2.455295020973089
13.764374732971191,2.460462148244637
13.766628980636597,2.461223895695674
13.768883466720581,2.475735244242578
13.771135091781616,2.477522191705965
13.773395776748657,2.483012376190707
13.77565336227417,2.487358151359338
13.777908325195312,2.4940493695794785
13.780160903930664,2.4981692431174807
13.7824227809906,2.5038596992325424
13.784677505493164,2.5072112688078008
13.786930084228516,2.5125965491052327
13.78918981552124,2.516589464734729
13.791443109512329,2.514083685169659
13.793723821640015,2.5002172589561056
13.795981407165527,2.5147995370387477
13.798238754272461,2.5223425057342657
13.800494194030762,2.5262495906650533
13.802747011184692,2.5301417744328707
13.80506181716919,2.53672868451222
13.807316780090332,2.5343832414607097
13.809571266174316,2.540991013168217
13.811823606491089,2.5458505804360603
13.814079761505127,2.546444838815312
13.816334962844849,2.5513449372464345
13.8185875415802,2.5532534781996583
13.820841312408447,2.5564971633550124
13.823101282119751,2.5483623204663184
13.825359344482422,2.549237316755929
13.82761263847351,2.528230253247053
13.829884052276611,2.5163266082199347
13.832140684127808,2.495303451455051
13.834465503692627,2.48213559176154
13.836722135543823,2.461214358951373
13.838974952697754,2.454052860027893
13.841230154037476,2.4435934357158464
13.843487977981567,2.428878835306029
13.84574270248413,2.4221429135969776
13.847995281219482,2.411718656029541
13.850250720977783,2.4030312780179117
13.852505445480347,2.3900040853028397
13.854782342910767,2.378229782370303
13.857040405273438,2.3779204342270415
13.859293699264526,2.3709753001898886
13.861553192138672,2.3657920796623326
13.863837718963623,2.3597422074964296
13.866095542907715,2.356529516760053
13.868349552154541,2.35199002647281
13.870604038238525,2.349777501794994
13.87286114692688,2.347412389208363
13.875133037567139,2.3457148487227975
13.877388000488281,2.3415073563465305
13.879643201828003,2.336493413030316
13.881909370422363,2.341776173326513
13.884180545806885,2.3329743543832726
13.886470556259155,2.3389002488732635
13.888731956481934,2.337417285134469
13.890984773635864,2.341518681230388
13.893241882324219,2.3439284973059293
13.895509719848633,2.3655041891937483
13.897766351699829,2.379894540297334
13.90001893043518,2.4057009703756536
13.902273893356323,2.4258038313154975
13.904529333114624,2.4478599366974754
13.906784296035767,2.4667373259946497
13.909037590026855,2.497662007529975
13.911290645599365,2.4972537156645913
13.913569450378418,2.507934869281634
13.915825843811035,2.5198259973318575
13.91808032989502,2.5376495763837785
13.920334577560425,2.5524321260967406
13.922586441040039,2.5642302708900298
13.92484712600708,2.574158021707299
13.927101135253906,2.573526212397362
13.92935562133789,2.578247496872842
13.931607961654663,2.5976804015255452
13.933862447738647,2.6090148221272016
13.936115264892578,2.617299272692117
13.938368797302246,2.6258483679113827
13.940622568130493,2.631365374489471
13.942982912063599,2.6391413973738427
13.945237636566162,2.6440432839445216
13.947489976882935,2.6489690123759524
13.94974398612976,2.6525661531169598
13.951998233795166,2.654457408721138
13.954256772994995,2.6577648708540047
13.956512212753296,2.657623607829047
13.958765506744385,2.6596555304116642
13.961019515991211,2.659283001337409
13.963274955749512,2.660150845068794
13.96552848815918,2.658529002491117
13.967780590057373,2.658602912259449
13.97003436088562,2.656424362233205
13.972288131713867,2.6504329026261453
13.974550724029541,2.649929839364271
13.976807355880737,2.643480019984248
13.979060888290405,2.6424315741576643
13.981315612792969,2.638873772486898
13.983575582504272,2.635641412215401
13.985831260681152,2.63062568075963
13.988083839416504,2.627487495838105
13.990338325500488,2.621916249026805
13.992592096328735,2.617491795717692
13.99484658241272,2.6148978012678388
13.997100591659546,2.6110914481987297
13.999352216720581,2.573498198210978
14.001684665679932,2.5155577082106717
14.004026651382446,2.5305083430419377
14.006293296813965,2.5294813548900312
14.008548736572266,2.5299158728022424
14.010800838470459,2.528875771626922
14.013211011886597,2.5287899409282137
14.015467166900635,2.526508870900735
14.017722368240356,2.525327506700457
14.019975185394287,2.5343832414607097
14.022229433059692,2.5182595870804296
14.024484872817993,2.519383134768383
14.026737928390503,2.516758145899552
14.0289945602417,2.500073015698554
14.03124737739563,2.508095801841712
14.033509731292725,2.508412898589718
14.03576397895813,2.5105765474529917
14.038017511367798,2.510814966060515
14.040271997451782,2.5115659846742133
14.042523860931396,2.4989721177783153
14.044898986816406,2.5035265092285286
14.047155618667603,2.5052425271561773
14.049410343170166,2.5049874192461274
14.051662921905518,2.507394255089075
14.053918600082397,2.5078526148620384
14.056171655654907,2.50984221814182
14.058429479598999,2.5112274302515303
14.060683965682983,2.512045206075335
14.063010215759277,2.514313759125919
14.065265893936157,2.5170508047402866
14.06751823425293,2.5166162868280755
14.069776058197021,2.4992892145263212
14.072059869766235,2.500230968026038
14.07433819770813,2.5034335259715945
14.076595306396484,2.500243485002933
14.078847885131836,2.4990001319646993
14.081113815307617,2.504613102032316
14.083371639251709,2.504945099943292
14.08562707901001,2.5091579567382283
14.08788013458252,2.510239781169865
14.090133905410767,2.513132394925641
14.092387676239014,2.5160351414722375
14.094650030136108,2.518675031504039
14.09690523147583,2.5343337695996486
14.099157094955444,2.521986665962537
14.10141110420227,2.5220629599169446
14.10367465019226,2.5195315503515663
14.105929851531982,2.522242369919106
14.108182668685913,2.5232443241172224
14.110442638397217,2.5271531971875665
14.113020896911621,2.528811398602891
14.115288734436035,2.5310257114202632
14.117544412612915,2.5284579430172376
14.119797468185425,2.529907528150979
14.12205171585083,2.5304940379254863
14.12431263923645,2.533605400753665
14.12656569480896,2.533813420988729
14.128820180892944,2.5339618365719123
14.131072759628296,2.5193473719772546
14.133363485336304,2.522726359692378
14.135617017745972,2.5344559591360043
14.137871265411377,2.524081173429629
14.14012360572815,2.525464001353264
14.142377376556396,2.52469092901837
14.144632577896118,2.5267586143921155
14.14688491821289,2.52690643392878
14.149138450622559,2.52772659393866
14.151390314102173,2.526011768104049
14.153650999069214,2.5270345839303237
14.155904531478882,2.5255778462383565
14.158158302307129,2.5274643334703844
14.160412073135376,2.5276216897513497
14.162664413452148,2.500148117559924
14.164973258972168,2.500244081049452
14.167232036590576,2.5108191383861467
14.169487237930298,2.514649333316008
14.17173957824707,2.512368859335048
14.173994541168213,2.5152042526250185
14.176247835159302,2.515124978438017
14.178499460220337,2.5173094889294494
14.180753707885742,2.517975868937477
14.1830415725708,2.519398631977872
14.185297012329102,2.518037261728914
14.18755030632019,2.53429800680852
14.189804077148438,2.519572677561364
14.192055702209473,2.521437707118715
14.194316148757935,2.523435059003241
14.196571826934814,2.5239798455214317
14.198824167251587,2.5251773029777174
14.201078176498413,2.5242957501764
14.203332424163818,2.5255242020516637
14.205587148666382,2.5248470932062976
14.207839965820312,2.5271943243973642
14.210093975067139,2.528692785345648
14.212347507476807,2.5366649075347074
14.214606046676636,2.530756298393762
14.216861724853516,2.5313040651445466
14.219114542007446,2.5239428906372656
14.221380233764648,2.534326617041423
14.223644018173218,2.523227634814696
14.225904703140259,2.525564137168424
14.22815728187561,2.5290086900006163
14.230417251586914,2.5303652918774238
14.232672929763794,2.5343492668091376
14.234928131103516,2.5194498919784896
14.237182855606079,2.5197735452382024
14.239479780197144,2.5037047271376522
14.241784811019897,2.511663140256779
14.244069576263428,2.4824693778120728
14.246394157409668,2.4978193638109403
14.248696088790894,2.467690404378224
14.251002311706543,2.4804690456949525
14.253344774246216,2.489610611153914
14.255601167678833,2.496754824728349
14.257856369018555,2.5045838957528943
14.260138034820557,2.5115969790931914
14.262392044067383,2.518616022898677
14.264647722244263,2.5251463085587393
14.266900062561035,2.536688153348941
14.269153833389282,2.537384335682909
14.271405935287476,2.539273803147531
14.273669481277466,2.5476226267364774
14.275924444198608,2.539074723610249
14.27817964553833,2.5536069337853116
14.280443906784058,2.5591787766431304
14.282697439193726,2.5657132346288245
14.284960508346558,2.575981328008333
14.28722095489502,2.573268124254718
14.28948426246643,2.5814804531908577
14.29173731803894,2.58394987391828
14.293994426727295,2.5878909335006397
14.296250104904175,2.578387567804762
14.298503398895264,2.596283268485459
14.300757646560669,2.6014617206408643
14.30305814743042,2.5893089281688844
14.305324792861938,2.5984165189762733
14.307579040527344,2.600875210866357
14.309833526611328,2.604193997883081
14.312085151672363,2.606191945814126
14.3143470287323,2.608867002590537
14.316602945327759,2.611218406107236
14.31885838508606,2.611522985878347
14.321112155914307,2.6128730312434474
14.323369264602661,2.6112297309910932
14.325623989105225,2.6149365442915613
14.327876329421997,2.6127854124051826
14.330130338668823,2.6146528261486086
14.332383871078491,2.6136520640435297
14.334644079208374,2.6093730460850053
14.336900234222412,2.5993350266617568
14.339152812957764,2.602762294144904
14.34140658378601,2.6016816618063046
14.343664169311523,2.6000884294615303
14.345918416976929,2.5998136520163597
14.348172903060913,2.5988194464229877
14.350455045700073,2.5992825745681016
14.352708578109741,2.5954768175455114
14.354962587356567,2.5962194915079464
14.357217073440552,2.593852590781759
14.359469890594482,2.5930068007715703
14.361723899841309,2.5878861651284892
14.363986730575562,2.5868317588367176
14.366243124008179,2.584484527645651
14.368497610092163,2.583797882055984
14.370749711990356,2.578369686409198
14.373136758804321,2.5782874319896023
14.375396490097046,2.577888676868519
14.37765097618103,2.5758460254485636
14.37990403175354,2.573486873327121
14.382157802581787,2.570789166782995
14.384412050247192,2.5691244088559637
14.386664628982544,2.566697307431377
14.388918161392212,2.5652965981121776
14.391170501708984,2.575894901263106
14.393429517745972,2.5600639057235606
14.395682334899902,2.5575754115075364
14.39793586730957,2.5563201375389264
14.400222301483154,2.5537368719264117
14.402477025985718,2.5537809793688035
14.404737710952759,2.539118235006122
14.406991481781006,2.5472649988251925
14.409245729446411,2.545892303692377
14.411497831344604,2.542473976907012
14.413753271102905,2.5422671487649855
14.416005849838257,2.5388863729103055
14.418260097503662,2.538931672445735
14.42051362991333,2.535087768445941
14.422955989837646,2.5147417205264233
14.425227880477905,2.519830765704008
14.427482604980469,2.520088853846652
14.429737091064453,2.517667712887253
14.431989431381226,2.5165852924090975
14.43424940109253,2.5163176675221526
14.43650484085083,2.512906493295013
14.438756704330444,2.492065726764885
14.44101095199585,2.475722727265683
14.443265199661255,2.459444100790513
14.445519208908081,2.44424670270046
14.447771549224854,2.436183385394023
14.450026988983154,2.4443677001437782
14.452280759811401,2.441463165457626
14.454539060592651,2.45544462864931
14.456794023513794,2.462041671519479
14.459045886993408,2.467031772974941
14.461299419403076,2.4730554190940164
14.463557243347168,2.479043898468482
14.465811729431152,2.4846288543497153
14.468063354492188,2.4905779946539397
14.470317363739014,2.4954482907591213
14.472570657730103,2.5020977857229454
14.474824666976929,2.5070002683401427
14.477078676223755,2.5149276870402915
14.479334354400635,2.5109776867601497
14.481591939926147,2.5182345531266397
14.483860969543457,2.52151519316616
14.486117601394653,2.528839412789275
14.488372087478638,2.5344607275081548
14.490624904632568,2.539825742223947
14.492878437042236,2.544253771812173
14.495136499404907,2.5069543727581944
14.497477769851685,2.4739119379415437
14.499950408935547,2.500448525005403
14.50222134590149,2.50678151926774
14.50448489189148,2.5001993775605413
14.506738662719727,2.5342002551794356
14.508993148803711,2.531898919570317
14.511245489120483,2.542849486213861
14.51351261138916,2.550479477701125
14.515767097473145,2.558934397570419
14.518020391464233,2.566178150913495
14.520274639129639,2.5757840366106075
14.52252721786499,2.5818351008695486
14.52478837966919,2.5878909335006397
14.527042150497437,2.5972876068696507
14.529298305511475,2.597932529203001
14.531550407409668,2.611849023324135
14.533804893493652,2.61771292897617
14.536057949066162,2.626571968385216
14.538312673568726,2.6321759977550503
14.540566444396973,2.6239875106796635
14.543026447296143,2.622096255075485
14.545292854309082,2.638785557602114
14.547547578811646,2.6485833702782835
14.549801349639893,2.65629680827818
14.552054405212402,2.6712200249695806
14.554315567016602,2.6831850627881364
14.556571006774902,2.695414149214524
14.558824062347412,2.707571114012136
14.561077356338501,2.719555225319293
14.563332080841064,2.729645100789678
14.565585851669312,2.7416077544221586
14.5678391456604,2.7514484824476817
14.570094347000122,2.763460011894704
14.572347402572632,2.7723440852575405
14.574607849121094,2.7829894760834546
14.576862812042236,2.7914730061856514
14.57911491394043,2.8008798123454826
14.58136796951294,2.8088495503484667
14.583628416061401,2.8160724420633843
14.585883855819702,2.8236201791310522
14.58813738822937,2.8291324173369907
14.590391159057617,2.8364661737044066
14.592645406723022,2.8404811430550985
14.594900131225586,2.8467694338285248
14.597155094146729,2.8500274241003303
14.59940767288208,2.85561893649327
14.601661682128906,2.8542712753142445
14.603924989700317,2.858692152344245
14.606181383132935,2.8596237730531424
14.60843539237976,2.8634265498431386
14.611017942428589,2.8672919115176096
14.613292932510376,2.8688338838617664
14.615547180175781,2.869525297823584
14.617801904678345,2.869912728060809
14.620054483413696,2.869109257353456
14.622308254241943,2.866125448480302
14.624562740325928,2.8653040963773844
14.6268150806427,2.8604868484123767
14.629068851470947,2.859640462355669
14.631321668624878,2.855568272539171
14.633579969406128,2.851858479006109
14.635832786560059,2.846508365453287
14.638086795806885,2.8425601533127014
14.640340805053711,2.8365996881246196
14.642592668533325,2.81272385272072
14.644851922988892,2.79531452599937
14.647104740142822,2.794811462737496
14.649358987808228,2.7891949163907666
14.651613473892212,2.780887220011618
14.653867959976196,2.775879237160592
14.656121015548706,2.7664301116979257
14.658374547958374,2.7686438284687793
14.660627603530884,2.745692461215551
14.663088321685791,2.726877060756333
14.665355682373047,2.7212134267346175
14.667610883712769,2.7134457485015093
14.669865608215332,2.7046820765354727
14.672119140625,2.6970210906292307
14.6743803024292,2.685647330957333
14.6766357421875,2.690507494271695
14.678891658782959,2.665778120252862
14.681154489517212,2.6564571447917396
14.683410882949829,2.6502123654141863
14.685666799545288,2.6410380173966908
14.687918901443481,2.6348784726713266
14.690173149108887,2.6260045320993104
14.69242787361145,2.619760348768276
14.694690704345703,2.6122161879797208
14.69694709777832,2.607040716056909
14.699199676513672,2.5997743129461184
14.701453924179077,2.594713281954918
14.703713655471802,2.588318298854625
14.705969095230103,2.5822338559906313
14.708230257034302,2.5733915058841115
14.710483074188232,2.572392531918589
14.712737321853638,2.5687709532703105
14.71499252319336,2.5633242801814413
14.717246770858765,2.5732824293711696
14.719499588012695,2.5554773277613316
14.72175407409668,2.5497517049016603
14.724022388458252,2.5453612262441188
14.726279020309448,2.544453447395974
14.728533744812012,2.5395044731503096
14.7307870388031,2.5383517191829346
14.733187437057495,2.5342932384363697
14.735442876815796,2.5250872999533773
14.737748146057129,2.5072190174125453
14.740041971206665,2.5095179688355884
14.742308139801025,2.50609129739896
14.744672775268555,2.4645933466664967
14.746989727020264,2.4598637175397537
14.749282121658325,2.444297366654559
14.75158977508545,2.454757983059643
14.7538743019104,2.459291512881698
14.756129026412964,2.465225752022952
14.758387088775635,2.470058497197449
14.76064133644104,2.4759486288963113
14.762893676757812,2.4795767640562967
14.765155792236328,2.4853900057542333
14.76741075515747,2.4883189783476567
14.769665718078613,2.4935838572482893
14.771919012069702,2.4968269463571247
14.774174451828003,2.500943243616014
14.776428461074829,2.505722344603818
14.778681993484497,2.507614792301034
14.780936241149902,2.51189261816652
14.783196687698364,2.512145341890495
14.785456895828247,2.5165572782227135
14.787710189819336,2.517081203112746
14.789963722229004,2.519809308029331
14.792223691940308,2.507664860208614
14.794510126113892,2.5111487521110476
14.796769142150879,2.510824502804816
14.799022197723389,2.5126275435242107
14.801275491714478,2.5129827872494204
14.80353045463562,2.5126650944548956
14.805784702301025,2.513655127722636
14.808037042617798,2.5120010986329433
14.810291051864624,2.5136598960947865
14.812545776367188,2.5110188139699474
14.814804792404175,2.5101360690755925
14.817062139511108,2.508087457190449
14.819314956665039,2.5078955302113926
14.821571826934814,2.505321801343179
14.823831558227539,2.504364550633973
14.826086282730103,2.502042949443215
14.828340768814087,2.499215900804508
14.830593347549438,2.4975678321800032
14.832847356796265,2.4936112753881545
14.835102319717407,2.4918177714130607
14.83735704421997,2.4807170010467767
14.839609146118164,2.4875310048497923
14.84186315536499,2.480743823140123
14.844122409820557,2.4828425029328467
14.846379041671753,2.4610945536010926
14.848633050918579,2.4629381254837663
14.85088562965393,2.4651750880688534
14.853204011917114,2.4593797277664815
14.85545802116394,2.4593326400914957
14.857713222503662,2.4588015626432376
14.859966516494751,2.457886035190348
14.862220287322998,2.4563351221484093
14.864475965499878,2.456752950758094
14.866728067398071,2.4563524074974548
14.86898136138916,2.455272967251893
14.871232748031616,2.4525454583818265
14.873492240905762,2.452966863270624
14.87574553489685,2.45094328533927
14.878000020980835,2.4587699721777407
14.88026213645935,2.4427798322176733
14.882517576217651,2.443446212225701
14.884782791137695,2.441867284997378
14.887037754058838,2.4424150517481626
14.88929295539856,2.442069344767254
14.891546487808228,2.440343790095304
14.893802404403687,2.4407377768442364
14.896055221557617,2.4218943621986346
14.89831018447876,2.4389609621716692
14.900564432144165,2.436047486787735
14.903000354766846,2.4360302014386894
14.905255794525146,2.433225206521178
14.907508611679077,2.4320903339493674
14.909763097763062,2.4297746932237976
14.912014722824097,2.417227914002885
14.914300203323364,2.412598420691302
14.916557788848877,2.411560107655538
14.91880989074707,2.419660379846141
14.92106318473816,2.4025973561522194
14.923317670822144,2.3980387923763744
14.92565369606018,2.396698283755575
14.927908420562744,2.393463539298003
14.93016242980957,2.386352108282102
14.932416677474976,2.383654401737976
14.934676885604858,2.379174516102614
14.936932563781738,2.380426213792111
14.939185380935669,2.3710307325161377
14.941439151763916,2.3689213238860756
14.943697690963745,2.3566582628081156
14.94595742225647,2.355883402333665
14.94822096824646,2.3524144115942014
14.950473308563232,2.333653847414714
14.9527268409729,2.335770408603002
14.954983711242676,2.3331138292686737
14.957237958908081,2.332916537870948
14.959490776062012,2.3302873766764853
14.961745023727417,2.330571690865957
14.964004755020142,2.328240552930898
14.966259956359863,2.3281767759533856
14.96851372718811,2.341366093321573
14.970765590667725,2.3244181066057807
14.973214149475098,2.3171791216348554
14.975475072860718,2.318954744214385
14.977729558944702,2.3175021788480494
14.979981660842896,2.3047408228803663
14.9822359085083,2.304733074275622
14.984608173370361,2.3113491906343926
14.986863851547241,2.3130807057715304
14.9891197681427,2.312469758089752
14.991373300552368,2.3132702485645114
14.993633031845093,2.3110946787708615
14.995915412902832,2.2382482574282
14.99825382232666,2.2394022034886127
15.000534772872925,2.2492995559334226
15.002792596817017,2.2560026950839394
15.005060911178589,2.259915740479915
15.007315397262573,2.263337047497874
15.009568929672241,2.268142374532506
15.011821269989014,2.27191117667093
15.014077186584473,2.2764071555623
15.016331434249878,2.2810366488738834
15.018585205078125,2.2842392068194397
15.020838499069214,2.2896000492096005
15.023099660873413,2.29242590575527
15.025354623794556,2.302519953551287
15.027607202529907,2.3015674712142316
15.029860973358154,2.3074248203545595
15.03211236000061,2.3088761936278575
15.034371137619019,2.3149874585851977
15.036626100540161,2.3191740893333064
15.038878917694092,2.304966128464476
15.041132926940918,2.329082170615455
15.043387651443481,2.332069555767722
15.04564619064331,2.337047140246289
15.047900676727295,2.3414304663456043
15.050153732299805,2.3472156938571564
15.05240774154663,2.328529039446001
15.054681539535522,2.341555040068035
15.056938171386719,2.3439094238173275
15.059190034866333,2.3440310173071643
15.06144380569458,2.3559507555902903
15.063704252243042,2.3438694887005673
15.065971612930298,2.3606535626236873
15.068236827850342,2.366201563620754
15.070491313934326,2.3438158445138746
15.072782754898071,2.358108443988376
15.075045824050903,2.365256829888443
15.077309846878052,2.367099209678079
15.079570055007935,2.363538427774719
15.081830024719238,2.3752567023344877
15.08410096168518,2.3824569442816905
15.086357116699219,2.3861262066514737
15.088612079620361,2.3829659680087527
15.090863943099976,2.39531545583194
15.093198776245117,2.383095310103334
15.095452547073364,2.4041750912875046
15.097708225250244,2.4087527285519514
15.099960565567017,2.411270429047397
15.102214336395264,2.4147400158333796
15.104469776153564,2.4188390277432235
15.106722116470337,2.4214079882392867
15.109308004379272,2.4220153596419527
15.111596822738647,2.4221673515042488
15.113870620727539,2.431417397429633
15.116127252578735,2.4325933972112415
15.118382453918457,2.436056427485517
15.120636701583862,2.437243752150983
15.122888803482056,2.440415315677561
15.12515139579773,2.442330413142492
15.127405166625977,2.4452117020144106
15.129659414291382,2.447204881573305
15.131911516189575,2.4493917762508124
15.134167194366455,2.4505403578925558
15.13642144203186,2.4585500310123005
15.138673782348633,2.4558833188871527
15.140929222106934,2.4560728616801337
15.143187761306763,2.4586895058977016
15.145443439483643,2.459284956369991
15.147695541381836,2.4633386687444054
15.149948596954346,2.462923820367315
15.152207612991333,2.4651691276036654
15.154465913772583,2.45871036752586
15.156721115112305,2.455043489342152
15.158973217010498,2.449548536485259
15.161235570907593,2.454620892360317
15.163492202758789,2.4585506270588193
15.165746927261353,2.457927162400146
15.167999029159546,2.458756263107808
15.170259952545166,2.4592587303231634
15.17251467704773,2.4560454435402685
15.17478322982788,2.456227833775024
15.177040338516235,2.461369331046263
15.179292678833008,2.45859533054773
15.181546211242676,2.4620059087283503
15.18380618095398,2.4619558408207705
15.18606162071228,2.4634012536288803
15.188315391540527,2.4637016610743596
15.190567016601562,2.4648705082977425
15.19282078742981,2.465210254813463
15.19507622718811,2.460959251041323
15.197331190109253,2.467445429258994
15.199585437774658,2.4657490808664657
15.201839685440063,2.4612340284864938
15.204097509384155,2.4659267027290706
15.206352233886719,2.4667373259946497
15.208606004714966,2.461201841974478
15.21085786819458,2.4610641552286334
15.213183403015137,2.4647709685291015
15.215437412261963,2.4654200631880836
15.217692375183105,2.463203366184636
15.219945430755615,2.4611720396485377
15.2221999168396,2.4626949385040926
15.2244553565979,2.4587055991537095
15.226726770401001,2.4537780825827222
15.229002475738525,2.4587139438049728
15.231259107589722,2.4565032072667132
15.233519792556763,2.4464991624950363
15.235815525054932,2.430563262768181
15.23812460899353,2.422151258248241
15.24038553237915,2.4011805535770123
15.242696046829224,2.400951075667271
15.245028257369995,2.384794638728456
15.247334718704224,2.396722125616327
15.249608755111694,2.4021842959146853
15.251861572265625,2.406311322010913
15.254119634628296,2.4115887178884408
15.256378650665283,2.4089053164607663
15.258633613586426,2.404876638040142
15.260887622833252,2.417022277953896
15.263291835784912,2.4230685738406867
15.265550374984741,2.427998474597749
15.267802953720093,2.4318316497602046
15.270056962966919,2.4385741279809627
15.272311449050903,2.4424746564000435
15.274573564529419,2.449368530436579
15.276829242706299,2.4587896417128614
15.279081344604492,2.4522510114015352
15.281341075897217,2.4587544749682517
15.283610105514526,2.460999782204602
15.285866975784302,2.4705657327849546
15.288119792938232,2.4731048909550775
15.290376424789429,2.4795827245214848
15.292636156082153,2.483910618294551
15.294892072677612,2.4897673713883606
15.297147035598755,2.4931946388715076
15.299399852752686,2.4996951222056296
15.301653861999512,2.4996206163907786
15.303926944732666,2.5002899766314
15.306185007095337,2.5096210848833422
15.308440208435059,2.5149467605288933
15.310694217681885,2.5342968147154825
15.31294846534729,2.5249132543698853
15.315355777740479,2.5293788348887962
15.317611932754517,2.5343897979724166
15.319867134094238,2.5393870519861044
15.322121858596802,2.54224986341594
15.324376583099365,2.5393310236133364
15.326629400253296,2.549752300948179
15.328883647918701,2.5550338691513383
15.331135749816895,2.5392499612867785
15.333397150039673,2.5607875061973937
15.335651397705078,2.5626555159873385
15.337905406951904,2.56404013205053
15.340157508850098,2.5655236918358435
15.342416763305664,2.567979403493333
15.344675779342651,2.5689700328075924
15.34692931175232,2.573495217978384
15.349183797836304,2.5716856207472825
15.351436614990234,2.571270176323673
15.353691577911377,2.5759795398687766
15.355945110321045,2.5713971342321793
15.358199834823608,2.571404882836924
15.360453605651855,2.5392404245424776
15.362706184387207,2.5572356649918158
15.364970207214355,2.557355470342096
15.367224931716919,2.557647533136312
15.36948013305664,2.556931085220705
15.371732950210571,2.556143707769359
15.373993635177612,2.553872174486181
15.37624979019165,2.5553199714803663
15.378501892089844,2.555227584269951
15.38075566291809,2.5525471630748706
15.383009672164917,2.550472921189418
15.385263919830322,2.5482252297669925
15.387515783309937,2.5480446276717936
15.389770030975342,2.5450041943793527
15.392021656036377,2.545056050426489
15.394280910491943,2.542280857834918
15.396536350250244,2.5405791450237207
15.398789405822754,2.53804892755138
15.401044368743896,2.536034886364327
15.403303146362305,2.5322118439926915
15.405558824539185,2.5299397146629947
15.407811164855957,2.528292242085009
15.410068988800049,2.5246790080879937
15.412322998046875,2.5220349457305606
15.414578199386597,2.50019997360706
15.41683316230774,2.515871824726084
15.419085502624512,2.512545885151134
15.421339511871338,2.5057950622791125
15.423610925674438,2.498165070791849
15.425870180130005,2.4971535798494315
15.428123712539673,2.497789561485
15.430377721786499,2.4935373656198223
15.432631731033325,2.484692035280709
15.434895515441895,2.4841263871343595
15.437151908874512,2.4803850031358006
15.439412593841553,2.477000054955489
15.441670179367065,2.4778655145007984
15.44392466545105,2.475281056795246
15.44618010520935,2.475778755638451
15.448434114456177,2.4731823770025225
15.450686693191528,2.4756154388922975
15.452966213226318,2.461006934762828
15.455226182937622,2.4677416643788415
15.457483291625977,2.4677845797281956
15.459735870361328,2.467899020659807
15.461989641189575,2.456286246333867
15.4642493724823,2.456307704008544
15.466502666473389,2.4566492386638212
15.468759536743164,2.455597216558125
15.471012115478516,2.457607085419546
15.473266839981079,2.4574187347196026
15.47551941871643,2.456212336565535
15.477772951126099,2.4587681840381843
15.4800283908844,2.454716855849845
15.482284307479858,2.4304184234641104
15.48468828201294,2.3119023218038466
15.48719596862793,2.2845473628696635
15.489553928375244,2.226625946357959
15.491897344589233,2.168077488908468
15.494407176971436,2.107764733763305
15.496768712997437,2.1088078151712195
15.499099016189575,2.100450050884491
15.50144100189209,2.0942595117401495
15.503726720809937,2.143568056055076
15.50598692893982,2.1592083167086025
15.50824785232544,2.1851488572536537
15.510501861572266,2.2099253189474726
15.512763261795044,2.235812215305831
15.515027046203613,2.259959847922307
15.517284393310547,2.2830739358751697
15.519537448883057,2.304862416370203
15.5217924118042,2.326828518727841
15.524051427841187,2.3477127966538425
15.526307344436646,2.3689284764443013
15.528562068939209,2.389539765064688
15.530814409255981,2.4080410490084945
15.533069849014282,2.4264994176029466
15.535322904586792,2.4439415268828304
15.537576675415039,2.459971005913139
15.539829015731812,2.473037537698452
15.542087078094482,2.487711606944991
15.544346570968628,2.5000748038381104
15.546602010726929,2.5131228581813403
15.548856258392334,2.526032629732207
15.551108598709106,2.535780970547315
15.553367137908936,2.547132676498017
15.555620908737183,2.555873698696339
15.557875394821167,2.5652560669488986
15.56012773513794,2.5732043472772057
15.562381267547607,2.579714963402148
15.5646390914917,2.558840818266966
15.56689167022705,2.565074272760662
15.569145202636719,2.5757315845169524
15.571401357650757,2.578397700595582
15.573660135269165,2.5838527183357143
15.575913906097412,2.587669800242162
15.578167915344238,2.5932291261230858
15.58042287826538,2.5956657642919736
15.582674741744995,2.5983128068820007
15.584933996200562,2.600161147136825
15.587188482284546,2.602618646933871
15.589442491531372,2.612346126120821
15.591695308685303,2.6048973327752747
15.59395146369934,2.6125595107745543
15.596209287643433,2.6050475364980143
15.598462343215942,2.6063028104666244
15.600716352462769,2.603948426717332
15.602974891662598,2.6025459292585764
15.605230331420898,2.597609471989807
15.607816934585571,2.600403142023461
15.610087871551514,2.5977572915264715
15.612343311309814,2.597454499894917
15.614604473114014,2.594604801488495
15.616860628128052,2.5935784093831074
15.619113683700562,2.5910511721433607
15.621368169784546,2.592986535189931
15.623623371124268,2.5865081055770047
15.625877618789673,2.5844577055523046
15.628130912780762,2.582626650646526
15.630384683609009,2.578856656415064
15.632638931274414,2.5768157931346645
15.634897470474243,2.571773835632066
15.637152671813965,2.5704768384071395
15.639405488967896,2.5660154302138602
15.641659259796143,2.5625088885437117
15.643917798995972,2.5576689908109893
15.646173238754272,2.5559434361390396
15.648427248001099,2.539251749426335
15.650679588317871,2.5390812801219558
15.65295147895813,2.544129794136261
15.655205011367798,2.5414654661971885
15.657458782196045,2.5311085618863776
15.659719467163086,2.5296142732637255
15.661976337432861,2.5280764732452004
15.664241790771484,2.534345094483506
15.666496515274048,2.5106480730352487
15.668751239776611,2.506103814375855
15.671004056930542,2.5056460506494105
15.67326283454895,2.5024482610760046
15.675516128540039,2.502289116655483
15.677770376205444,2.4967959519381466
15.680025100708008,2.4977597591590595
15.682281494140625,2.490083276043329
15.684539556503296,2.4902328837195498
15.686792135238647,2.490648328143159
15.689046382904053,2.488861380679772
15.691299200057983,2.4953570956417437
15.693560600280762,2.487177549264139
15.695814371109009,2.488079367647096
15.69806981086731,2.4864956720466225
15.70032548904419,2.4954041833167295
15.70257830619812,2.4857005459905324
15.704837799072266,2.497755586833428
15.707092523574829,2.486257849485618
15.709346532821655,2.480498251974374
15.711599111557007,2.486650048094994
15.713854312896729,2.497696578228066
15.716108083724976,2.487230597404313
15.718365669250488,2.4869176729819387
15.720619678497314,2.4878510818303923
15.722922086715698,2.4864050729757636
15.725178003311157,2.4881836757878872
15.727432250976562,2.4864402397203733
15.729686260223389,2.486509381116555
15.73193883895874,2.4789097880017503
15.734259128570557,2.446801954126591
15.736584186553955,2.458746726363507
15.738848686218262,2.4442866378172203
15.741140604019165,2.4048319345512312
15.743464946746826,2.405386257813723
15.745787620544434,2.402029323819795
15.748049259185791,2.4082305918014755
15.750304222106934,2.4172207614446592
15.752565145492554,2.419840385894821
15.754834413528442,2.425513556660838
15.757091283798218,2.4295392548488683
15.75934362411499,2.4366542621438816
15.761596918106079,2.438538961236353
15.763855934143066,2.444698505961717
15.766111612319946,2.448693805777288
15.768366575241089,2.441507272900018
15.77061939239502,2.443237595944118
15.772873640060425,2.4415352870864018
15.77514386177063,2.4534097258340988
15.777397394180298,2.4560883588896227
15.77964997291565,2.4644920187582993
15.781944036483765,2.4699690902196276
15.784210681915283,2.4745121567859836
15.78646445274353,2.479119000329852
15.788719415664673,2.484884558306284
15.790971279144287,2.4875000104308143
15.793232917785645,2.493314444221788
15.79548716545105,2.4969139691488706
15.797741413116455,2.5027659538705294
15.79999327659607,2.506070435770802
15.802247047424316,2.5101766002388715
15.804502010345459,2.5147387402938293
15.806754350662231,2.5173923393955637
15.809008359909058,2.5197604322147886
15.811267375946045,2.524916830648998
15.813524961471558,2.5297322904744495
15.815778493881226,2.531895939337723
15.818034410476685,2.5376895115005387
15.820297479629517,2.5381472752269834
15.822552680969238,2.5407317329325356
15.824813604354858,2.541861241085677
15.827068328857422,2.545540040199761
15.829322814941406,2.5391259836108664
15.831575393676758,2.548055952555651
15.833830833435059,2.5490215479161202
15.83608341217041,2.5504866302593507
15.838337659835815,2.5392928766361327
15.840595960617065,2.551218575384447
15.842919826507568,2.5533923570385406
15.845174551010132,2.5506213367726014
15.847427368164062,2.5538596575092862
15.84968113899231,2.550750082820664
15.851933240890503,2.539220755007357
15.854191541671753,2.550230926302782
15.856446981430054,2.5502446353727146
15.858699321746826,2.539092605005813
15.860952615737915,2.5505867660745105
15.863207340240479,2.550174897930014
15.865461349487305,2.5494656025726323
15.867714166641235,2.549814885832654
15.869972229003906,2.5466582234690454
15.872233152389526,2.532325688877784
15.874491691589355,2.535348836821179
15.87674617767334,2.5370070382365033
15.87899899482727,2.5307050383931444
15.88125991821289,2.5314948000305653
15.883522033691406,2.536877696141922
15.885777950286865,2.5255057246095807
15.88803482055664,2.536706630791024
15.890291929244995,2.534372512623371
15.89254641532898,2.5197079801211335
15.89480209350586,2.524700465762671
15.897056818008423,2.5253203541422313
15.899322271347046,2.524078789243554
15.901576519012451,2.5262454183394216
15.90383768081665,2.525940242521792
15.90609359741211,2.5275233420757464
15.908347368240356,2.527223530676786
15.910599946975708,2.5292971765157195
15.912853956222534,2.519808711982812
15.915112733840942,2.529907528150979
15.917367696762085,2.5293532048884875
15.919620752334595,2.529633942798846
15.921874284744263,2.5290080939540975
15.924129486083984,2.5289920006980897
15.926383256912231,2.5344237726239887
15.928638696670532,2.528516355576081
15.930890798568726,2.530715767230483
15.933149099349976,2.528934780232284
15.935403108596802,2.525836530427519
15.937657594680786,2.5087758909196722
15.939910888671875,2.4984899161445995
15.94216537475586,2.487146554845161
15.94442367553711,2.477701601708126
15.946676969528198,2.466121013894202
15.948930740356445,2.457911069144138
15.951183080673218,2.4505290330086984
15.95344090461731,2.442693405472446
15.95569396018982,2.437134079591522
15.957948446273804,2.421995094060313
15.960208177566528,2.427196792029952
15.962460994720459,2.41953580612371
15.964718580245972,2.4185183547161047
15.96697211265564,2.4132522837224344
15.969225883483887,2.4115517630042747
15.97147822380066,2.4077609071446546
15.973736763000488,2.3944094651233514
15.975989818572998,2.3943653576809596
15.978244066238403,2.394165682097159
15.980497360229492,2.3958471293267167
15.982749700546265,2.3828384140537278
15.985004663467407,2.4001046896105636
15.987256526947021,2.398314165868064
15.98950982093811,2.4017336847464663
15.991761922836304,2.3623147442716057
15.994113445281982,2.3105111492289483
15.996449708938599,2.334047834163646
15.998716354370117,2.343749683350287
16.00097346305847,2.350651305991567
16.00327181816101,2.3621812298513927
16.005528450012207,2.370560451812798
16.007781505584717,2.379500553548402
16.01003623008728,2.3830821970799203
16.012290716171265,2.398300456798131
16.014545440673828,2.4196597837996223
16.016833066940308,2.400818157293577
16.019123315811157,2.4140170114060653
16.0213885307312,2.4374815747119873
16.023653268814087,2.46012061358936
16.025909185409546,2.4780085656653124
16.028161764144897,2.497792541717594
16.030423164367676,2.5127282753858893
16.03267788887024,2.5268462332303803
16.03493642807007,2.539825742223947
16.037190914154053,2.5526472988900304
16.03944444656372,2.5637462811167575
16.041698694229126,2.5760290117298377
16.04395341873169,2.5870677932581656
16.046213626861572,2.595878552899188
16.048467874526978,2.6047667985876557
16.050720691680908,2.6102498305141726
16.052980422973633,2.6198610806299545
16.055234909057617,2.62418420603087
16.057489156723022,2.631368950768584
16.059741735458374,2.6345870059236294
16.061997175216675,2.639622406914521
16.06425642967224,2.642665224393037
16.066510438919067,2.645725923267117
16.068764686584473,2.647171336075227
16.07101821899414,2.6172849675756655
16.073307514190674,2.6333406726528015
16.075570583343506,2.6279309544480984
16.07782554626465,2.6224097755443783
16.080082893371582,2.622211888100134
16.082338333129883,2.626406267452987
16.084604263305664,2.627134040252452
16.08685874938965,2.629705980981109
16.089113235473633,2.630890325413981
16.091365575790405,2.6172945043199665
16.09362506866455,2.634827212670709
16.095878839492798,2.6361116929187407
16.098132848739624,2.6377871796831105
16.10038733482361,2.6375845238667157
16.102638959884644,2.638540582482884
16.105262994766235,2.6404687929712285
16.107532739639282,2.642295079504857
16.109798431396484,2.642109112990989
16.112051963806152,2.6438906960357067
16.114312887191772,2.6429751685828173
16.11656951904297,2.64257879764781
16.11882209777832,2.6408711243714245
16.121076345443726,2.6421323588052226
16.123335361480713,2.639178352258009
16.12559151649475,2.6409056950695153
16.12784433364868,2.6398870515688717
16.130098342895508,2.6402822304108415
16.132352113723755,2.6389983462093287
16.134607315063477,2.637024240139036
16.136861085891724,2.6366588636230066
16.13911771774292,2.6335206787014815
16.14137101173401,2.6343348782461735
16.143629789352417,2.631841615657999
16.145885944366455,2.6319292344962637
16.148138523101807,2.6292231833008746
16.15039324760437,2.6260754616350486
16.152647495269775,2.6174315950192923
16.154905796051025,2.61505217731621
16.157171487808228,2.6145669954499002
16.159425020217896,2.614943696849787
16.161679983139038,2.6125964656587204
16.1639347076416,2.6101687681876147
16.166188955307007,2.6124307647264917
16.168445587158203,2.6037547115987194
16.170697927474976,2.6025298360025686
16.172970294952393,2.598877262935312
16.175223350524902,2.5993797301506674
16.17747735977173,2.592995475887713
16.179731130599976,2.5784364436193044
16.181984901428223,2.5794890617715196
16.18424344062805,2.5778123829141117
16.1864972114563,2.573383757279367
16.188751935958862,2.5757035703305684
16.191004276275635,2.575263687999688
16.193259239196777,2.5739607303095733
16.19551181793213,2.5738635747270076
16.19777226448059,2.5735065428622415
16.20002508163452,2.573054739600985
16.202279329299927,2.571659394700455
16.204536199569702,2.57278711471404
16.206789016723633,2.5757506580055542
16.209043741226196,2.575751254052073
16.21129584312439,2.5732484547195975
16.21355390548706,2.5743290870581967
16.21580743789673,2.574005433798484
16.218061923980713,2.573936888448821
16.220316886901855,2.5743106096161137
16.222569227218628,2.573976823565581
16.224825143814087,2.5756278724226798
16.227077960968018,2.575130173579475
16.229331731796265,2.5703433239869264
16.23162293434143,2.5535455409938743
16.23394203186035,2.5579610536052053
16.236221075057983,2.5390848564010686
16.238542556762695,2.5246420532038276
16.240858793258667,2.516518535198991
16.243332386016846,2.514680923781505
16.245595693588257,2.5187101982486486
16.24784755706787,2.524423304131425
16.250102043151855,2.526713314856686
16.252358436584473,2.528603378367827
16.254612922668457,2.5327113309754528
16.256866455078125,2.534379665181597
16.259118795394897,2.5383117840661744
16.26137399673462,2.539537851755363
16.263632774353027,2.543207114125146
16.265888214111328,2.5437399797129605
16.2681405544281,2.546812003470898
16.270393133163452,2.547002738356917
16.272647380828857,2.5472930130115765
16.27491068840027,2.548322981396077
16.277166843414307,2.551250761896463
16.279423713684082,2.5451567822881676
16.28168797492981,2.5321307816661336
16.283944129943848,2.5389292882596597
16.286198139190674,2.5410464454944663
16.28845453262329,2.5413319517769755
16.29071831703186,2.5442841701846324
16.29299521446228,2.549658721644726
16.295249223709106,2.5504306018865828
16.29750347137451,2.5549128717080203
16.299756288528442,2.5549003547311253
16.30201005935669,2.5581500003516675
16.304269313812256,2.5595453452521975
16.306522607803345,2.562561340637367
16.308777332305908,2.564132519260945
16.3110294342041,2.567249246507793
16.313284635543823,2.575878808007098
16.31553888320923,2.571102687251888
16.317793130874634,2.573464223559406
16.32004690170288,2.5729873863443595
16.322301387786865,2.5772097798835967
16.324559211730957,2.578766653390724
16.32681179046631,2.582421014597537
16.329065084457397,2.5836184720538227
16.33131766319275,2.5865617497636975
16.333574771881104,2.58830578187773
16.335828065872192,2.5902071702727283
16.338082313537598,2.5913134326116363
16.340336322784424,2.5939950458997543
16.342588424682617,2.593053888446556
16.3448429107666,2.5962528701129997
16.347095727920532,2.5992265461953337
16.3493492603302,2.5989821671226223
16.35160255432129,2.6147863405688216
16.35386061668396,2.6009675980767724
16.35611319541931,2.604638648586112
16.358367204666138,2.6061496265112907
16.360621452331543,2.612539245192915
16.362873077392578,2.609502388179587
16.365132808685303,2.6121333375136064
16.36738657951355,2.6130679384550977
16.369641065597534,2.614909126151696
16.371893405914307,2.616720511522354
16.37414860725403,2.6149788635943967
16.376402378082275,2.6192525171342513
16.37865447998047,2.6191744350402875
16.380908012390137,2.6174411317635933
16.383167028427124,2.6149079340586585
16.38542366027832,2.6105305684245312
16.38767647743225,2.6113990082024348
16.389930248260498,2.612340165655633
16.392182111740112,2.6132950321787636
16.394447803497314,2.615919425001076
16.396703958511353,2.6165393133806365
16.398956537246704,2.617299272692117
16.40121078491211,2.619796707605923
16.403465270996094,2.618961646433073
16.405719757080078,2.621155693668806
16.40797185897827,2.620714023198369
16.41022539138794,2.622991516946735
16.41247797012329,2.6231387404368807
16.414734840393066,2.625956252331287
16.41698932647705,2.6263430865219934
16.41924238204956,2.6282945428245714
16.421496391296387,2.6285204444551997
16.4237539768219,2.62979061958678
16.426007986068726,2.6303103721511807
16.428261280059814,2.630784825180152
16.430513381958008,2.6324418345024387
16.432772397994995,2.6315882958875054
16.4350266456604,2.633056954509849
16.437280416488647,2.6315310754217
16.439533472061157,2.6333621303274786
16.441787719726562,2.632394746827453
16.444044828414917,2.633205966139551
16.44629979133606,2.6314291514669836
16.44855546951294,2.6303103721511807
16.45080828666687,2.6174375554844804
16.453136920928955,2.6275804790950392
16.455389976501465,2.6236578969547626
16.457643747329712,2.6226046827560285
16.459895610809326,2.620863034828071
16.46215009689331,2.617985322235265
16.464405298233032,2.616283609424068
16.466657400131226,2.6119837298373856
16.468910694122314,2.6096311342276497
16.471162796020508,2.6052859551055376
16.47342038154602,2.6042947297447596
16.47567343711853,2.5996402024793865
16.477928161621094,2.59468228753594
16.480183362960815,2.5883087621103242
16.48244619369507,2.5867351993006706
16.48470902442932,2.5780281517539203
16.48696255683899,2.5551417535712426
16.489296436309814,2.4787631605581235
16.491625785827637,2.4910786737297386
16.493905067443848,2.4943545453971083
16.496161222457886,2.4978068468340453
16.498427629470825,2.496940195195698
16.500680923461914,2.4969485398469615
16.503026247024536,2.5011333824555138
16.505282878875732,2.5012710692013584
16.507535934448242,2.5044962769146295
16.50978970527649,2.5053313380874798
16.51204252243042,2.506790459965522
16.514302968978882,2.5085392604517054
16.51655864715576,2.510416806985951
16.51881194114685,2.5124630346850196
16.52106547355652,2.500013411046673
16.523320198059082,2.514967026110533
16.525574445724487,2.500163018722894
16.52782654762268,2.517599763584109
16.530080318450928,2.5002363324447074
16.532333850860596,2.520141901986826
16.534592866897583,2.5195315503515663
16.536848545074463,2.5344607275081548
16.539101600646973,2.52108007920743
16.541355848312378,2.52267033131961
16.543612718582153,2.522465887363659
16.545867681503296,2.522962990160345
16.548120260238647,2.5197771215173153
16.55037498474121,2.5221511748017282
16.55262804031372,2.5368884249792605
16.554882764816284,2.5207492733894914
16.55713677406311,2.521055641300159
16.55939030647278,2.5206658268768583
16.561644554138184,2.52151519316616
16.563902378082275,2.5202551508253994
16.56615686416626,2.5366553707904065
16.568410396575928,2.5197508954704877
16.57066321372986,2.519861164076467
16.572916984558105,2.5173655173022174
16.57517647743225,2.5163742919414394
16.57743191719055,2.5163170714756338
16.57968544960022,2.5154635328607
16.581939697265625,2.51564890332805
16.58420419692993,2.5126460209662937
16.58645796775818,2.500216066863068
16.588711261749268,2.4911412586142134
16.5909640789032,2.486267386229919
16.593223094940186,2.4892333137075084
16.595476865768433,2.4913391460584577
16.597731828689575,2.4917557825751047
16.599984645843506,2.4925675979337214
16.602237701416016,2.491987644670921
16.60482907295227,2.4951401347088975
16.607097148895264,2.495169340988319
16.609352111816406,2.4953445786648487
16.611604928970337,2.4960383768127414
16.61386513710022,2.4957588309954204
16.616117477416992,2.4969592686843
16.61837100982666,2.494964897032368
16.620625734329224,2.496347128909484
16.62295961380005,2.4960687751852006
16.625215530395508,2.4973967668291053
16.62746787071228,2.496688663564761
16.62972140312195,2.497692405902434
16.63197350502014,2.497127949849123
16.634231090545654,2.497543990319251
16.636486053466797,2.498015463115628
16.638738870620728,2.4941238753943296
16.64099383354187,2.4954977626201824
16.643246173858643,2.4941924207439925
16.645500898361206,2.495107948196882
16.64775323867798,2.493286430035404
16.650007486343384,2.4955752486676275
16.652262210845947,2.493096887242423
16.6545193195343,2.487783728573767
16.656784772872925,2.487995325087944
16.65903925895691,2.488389907883395
16.66129422187805,2.4879458532268828
16.663553476333618,2.489054499751866
16.66580891609192,2.4888631688193286
16.66806197166443,2.488930522075954
16.670315742492676,2.489914594878506
16.67257308959961,2.495151459592755
16.674827575683594,2.490309177673957
16.67708158493042,2.4879971132275003
16.679333925247192,2.497653066832193
16.681593656539917,2.4828019717695677
16.68385410308838,2.481797633385376
16.686110973358154,2.4822846033912422
16.68836522102356,2.483241854100448
16.690617561340332,2.4690958820695736
16.69287085533142,2.4709632958129997
16.695128440856934,2.4726733532754603
16.697385787963867,2.4731269446762734
16.699638843536377,2.4749544233029392
16.701892852783203,2.47471898492801
16.704147577285767,2.4767962070460565
16.706408977508545,2.4758151144760983
16.70866298675537,2.4783650014835596
16.710915327072144,2.4773159596104573
16.713173627853394,2.479429540566151
16.715426683425903,2.479532060567386
16.717679500579834,2.4812486745415536
16.71993136405945,2.480529246393352
16.722184658050537,2.480968532677714
16.724445819854736,2.4806800461626106
16.726699113845825,2.481212911750425
16.72895383834839,2.475135025398138
16.73135256767273,2.457511121930018
16.733662605285645,2.4601253819615105
16.73593783378601,2.4195501112401616
16.73826837539673,2.4129792944168202
16.7405846118927,2.4157133597985934
16.743046760559082,2.4236759452433523
16.745304107666016,2.4261805327153843
16.747556447982788,2.4311640776591394
16.749810695648193,2.4340560953683967
16.752066373825073,2.437877945646995
16.75432515144348,2.4407961894030796
16.756580352783203,2.4442061715371812
16.758833169937134,2.445723705974067
16.761086463928223,2.447880202279115
16.763341188430786,2.450834804872847
16.76559591293335,2.4520018639566734
16.767847299575806,2.45852022868636
16.77010154724121,2.455497676789484
16.772355556488037,2.4576863596065475
16.77461314201355,2.4578043768172715
16.776867628097534,2.4609455419713906
16.77912473678589,2.459204490089952
16.78137969970703,2.460241611032678
16.78363800048828,2.45998054265744
16.785892248153687,2.460959251041323
16.78814458847046,2.460934813134052
16.790398359298706,2.4610206438327604
16.79265284538269,2.4517652334887066
16.79491376876831,2.447733574835488
16.797167539596558,2.4496868192776224
16.799419164657593,2.458582813570835
16.801674127578735,2.4464955862159234
16.803932905197144,2.444610887123452
16.806187391281128,2.4461719329562106
16.808441638946533,2.445875697836363
16.810694217681885,2.4460479552802985
16.81294846534729,2.4446532064262874
16.815207958221436,2.444449358516855
16.81746506690979,2.4429687789641354
16.81971788406372,2.4416848947626226
16.821972131729126,2.4220648315030138
16.82423758506775,2.43939071171173
16.82648992538452,2.440471940096848
16.82874369621277,2.4380835816959836
16.830995321273804,2.421964695687854
16.833255529403687,2.4221739080159557
16.835509538650513,2.4365237279562626
16.837764024734497,2.4350550693339192
16.84001636505127,2.4345454495603382
16.842270374298096,2.4330446044259793
16.844529151916504,2.422082712898578
16.846782684326172,2.4325343886058794
16.84903621673584,2.431457928592912
16.85128927230835,2.431314281381879
16.853550910949707,2.4299803292727864
16.85580325126648,2.4221768882485497
16.858057260513306,2.4287953887933957
16.86031198501587,2.428878835306029
16.862564086914062,2.4274560722656338
16.864822149276733,2.429194739960997
16.867075204849243,2.428005627155975
16.869329929351807,2.422107150805849
16.871582746505737,2.422054698712194
16.87384033203125,2.4294111048473246
16.876093864440918,2.429642966943141
16.878346920013428,2.4289771829816322
16.880605697631836,2.4247911482800424
16.882863521575928,2.4233058003551724
16.8851215839386,2.422063639409976
16.88737463951111,2.4238589315246264
16.889628648757935,2.4221154954571125
16.891881465911865,2.42584257433922
16.894139766693115,2.4266514094652427
16.896396160125732,2.4112066520698847
16.898648500442505,2.4181112549437587
16.90090250968933,2.4174782535407844
16.903162240982056,2.4195447468214923
16.9054172039032,2.420959761257143
16.90766978263855,2.4223735835997564
16.909924268722534,2.422119667782744
16.912177562713623,2.4253097087514055
16.914458513259888,2.4303439176492594
16.916712999343872,2.4303248441606575
16.918964624404907,2.433166793962335
16.921218633651733,2.4349895042168503
16.923475742340088,2.4392083214769746
16.92573118209839,2.4400100040447716
16.92798376083374,2.4425980380294368
16.930238246917725,2.444324784794424
16.93249225616455,2.4460008676053127
16.934749364852905,2.449188524387899
16.937004327774048,2.4562343902867307
16.939257621765137,2.4561920709838954
16.94151282310486,2.453362638159113
16.943767547607422,2.4565032072667132
16.946022033691406,2.4568781205270436
16.948275566101074,2.4587240765957925
16.950527667999268,2.4594542335813325
16.952911853790283,2.462318237104206
16.95516872406006,2.462402279663358
16.9574236869812,2.464790638064222
16.959676265716553,2.465247805744148
16.96193027496338,2.4660292227303056
16.964197635650635,2.4611261440665895
16.966453313827515,2.468283470664438
16.9687077999115,2.4706938827864984
16.970967292785645,2.471615370704576
16.973222017288208,2.474174794456338
16.97547435760498,2.474305328643957
16.977728128433228,2.476303276575002
16.97998023033142,2.4770411821652867
16.982234001159668,2.479486164985438
16.984493732452393,2.47933000079751
16.986767053604126,2.4026337149898667
16.989099740982056,2.4079683313332
16.991376161575317,2.4198058151967303
16.993650436401367,2.426268151553649
16.99590754508972,2.4310204304481067
16.998162031173706,2.4214699770772428
17.000420093536377,2.4289724146094818
17.00267267227173,2.4220093991767646
17.004927158355713,2.4219670798739292
17.007179498672485,2.4467465218003417
17.00943350791931,2.4509170592924425
17.011685609817505,2.457588011930944
17.01394557952881,2.4618622615173176
17.016209602355957,2.467041309719242
17.018462419509888,2.4707642162757177
17.020716905593872,2.4764320226230647
17.022969007492065,2.478361425204447
17.02533268928528,2.495126425638965
17.027585744857788,2.4882820234634906
17.029839515686035,2.4861565215774206
17.032095193862915,2.4922564616509035
17.03435230255127,2.4976977703211034
17.036607027053833,2.499926388254927
17.038859128952026,2.5000587105821026
17.04111337661743,2.5068643697338544
17.04337191581726,2.5085452209168935
17.0456280708313,2.512080372819945
17.04788064956665,2.5139299051678066
17.05013394355774,2.5164458175236963
17.052388668060303,2.517789902423609
17.054646015167236,2.5192263745339365
17.056901216506958,2.5217440750293822
17.0591561794281,2.5344643037872676
17.06140971183777,2.5197771215173153
17.06366491317749,2.522962394113826
17.06591820716858,2.525458040888076
17.068169593811035,2.523590031098131
17.07042932510376,2.4986270068439254
17.072728157043457,2.4831697324716724
17.075221061706543,2.4664214213396813
17.077476263046265,2.4416699935996524
17.07973027229309,2.443075471291002
17.081993103027344,2.438946061008699
17.084258794784546,2.4587264607818677
17.08651304244995,2.448945933454744
17.0887668132782,2.4535909239758165
17.09101939201355,2.4590346168320916
17.093283891677856,2.4622908189643407
17.09553623199463,2.4585094998490216
17.09779191017151,2.46231108454598
17.100044012069702,2.4565765209885266
17.102298259735107,2.45866029961828
17.104886293411255,2.4673840364675566
17.107158422470093,2.4707338179032585
17.109414100646973,2.475250658422787
17.1116681098938,2.460999782204602
17.113930463790894,2.4831756929368605
17.1161847114563,2.486738859026296
17.118447303771973,2.4897268402250816
17.120701789855957,2.4928095928203575
17.122957229614258,2.494533359352751
17.125211000442505,2.497568428226522
17.1274631023407,2.4984744189351105
17.129716873168945,2.5016787650202232
17.131969213485718,2.501728832927803
17.134227514266968,2.505228222039726
17.13648223876953,2.5001892447697216
17.13873553276062,2.5002613663984974
17.140989065170288,2.5068202622914626
17.143247365951538,2.5082585225413467
17.14550232887268,2.508105338586013
17.14775514602661,2.509298623716667
17.15000820159912,2.5096133362785977
17.15226149559021,2.5086137662665564
17.154515981674194,2.503028214338805
17.15677833557129,2.5031480196890854
17.15903091430664,2.505169213434364
17.161285877227783,2.503969371792003
17.163545608520508,2.5048354273838314
17.16580057144165,2.5001743436067514
17.168052673339844,2.501772940370195
17.17030644416809,2.5004544854705912
17.172560691833496,2.499451935225956
17.174818992614746,2.497774064275511
17.177074432373047,2.498734295217311
17.179327487945557,2.4988970159169455
17.181581258773804,2.4962797756528587
17.18383526802063,2.4952736491291105
17.186089754104614,2.4929842344503683
17.1883442401886,2.4931797377085374
17.190596103668213,2.4905845511656466
17.192936420440674,2.490306793487882
17.1951904296875,2.4952331179658316
17.19744563102722,2.4976232645062524
17.199698209762573,2.486087380181239
17.201951503753662,2.461118395461845
17.204211235046387,2.4703666532476727
17.206465244293213,2.46626704529131
17.208718061447144,2.468442019038441
17.210970401763916,2.468262012989761
17.21322536468506,2.469864782078836
17.215476989746094,2.4691775404426504
17.21773076057434,2.4711599911642064
17.219982385635376,2.468168433686308
17.22223687171936,2.4611189915083638
17.224496603012085,2.4702832067350395
17.226749658584595,2.4725201693201266
17.22900390625,2.4573883363471434
17.231305837631226,2.4498674213728213
17.23360538482666,2.456491882382856
17.235861778259277,2.4187603496027408
17.23819136619568,2.359794063543566
17.240520000457764,2.3553851074439414
17.24283456802368,2.365029736164777
17.245132207870483,2.372764035792832
17.247385501861572,2.382766888471471
17.249643325805664,2.38845853667957
17.251898765563965,2.399444866114243
17.25416398048401,2.406333375732109
17.25641942024231,2.4156287211929226
17.258672952651978,2.4222144391792346
17.260926485061646,2.4308493650972087
17.263185501098633,2.438054971463081
17.265440225601196,2.4416139652268845
17.267693042755127,2.450794869756087
17.269946336746216,2.458181674263677
17.27220845222473,2.464691098295581
17.274466037750244,2.4609765363903686
17.27672028541565,2.4783900354373496
17.278977155685425,2.4831131080523856
17.28123950958252,2.483969030853394
17.283512592315674,2.4894717323150317
17.28577184677124,2.495107948196882
17.288024425506592,2.496400177049658
17.290281772613525,2.502838075499305
17.29253625869751,2.5060752041429524
17.294797897338867,2.51204282188926
17.297054052352905,2.500004470348891
17.299306631088257,2.5197914266337667
17.30156111717224,2.524329724827972
17.303819179534912,2.524634900645602
17.306073904037476,2.5002858043057685
17.308327436447144,2.521648707586373
17.31058096885681,2.5264081390390563
17.31293535232544,2.527630630449132
17.315190315246582,2.5319066681750617
17.317444324493408,2.533282343540471
17.31969666481018,2.537206713820304
17.321950674057007,2.5379851505738675
17.324209928512573,2.5398621010615945
17.3264639377594,2.541485135732309
17.328717708587646,2.543754284829412
17.33097004890442,2.544823592284154
17.333223819732666,2.5443372183248063
17.33547878265381,2.5466635878877146
17.337732791900635,2.5449362450762085
17.339985132217407,2.546215360905571
17.342238426208496,2.5447347813528514
17.34450125694275,2.5438264064581877
17.346754550933838,2.5437364034338477
17.349008798599243,2.539096181284926
17.35126304626465,2.5427952459806495
17.353522062301636,2.5419649531799497
17.35577630996704,2.5408539224688913
17.358031511306763,2.5400391268776805
17.360285758972168,2.5399109768761368
17.36254072189331,2.5369283600960206
17.364794731140137,2.5374189063809998
17.36704683303833,2.5368657752115458
17.369300365447998,2.536759678931198
17.37155294418335,2.531738583056758
17.373810529708862,2.5320532956186885
17.376063108444214,2.52957195396089
17.37831735610962,2.519786658261616
17.380571126937866,2.527129355326814
17.382822275161743,2.5245091348301334
17.385082006454468,2.523269954117531
17.387335538864136,2.5210449124628203
17.38958978652954,2.5204947615259603
17.391847133636475,2.5186046980148196
17.394103050231934,2.5147447007590173
17.396358251571655,2.5153586286733898
17.398611068725586,2.515707315886893
17.40086531639099,2.5131228581813403
17.403123378753662,2.5125500574767656
17.405378818511963,2.5148275512251317
17.407631874084473,2.497627436831884
17.40988564491272,2.4966105814707973
17.412137746810913,2.497820555903978
17.414395809173584,2.4956843251805694
17.41665029525757,2.497828900555241
17.418902158737183,2.4954172963401433
17.421162128448486,2.497791945671075
17.42341685295105,2.49504893959152
17.425670862197876,2.4932292095695985
17.427923679351807,2.4951055640108066
17.430177927017212,2.4936112753881545
17.43243098258972,2.494222223069933
17.43468928337097,2.493845521670046
17.436943769454956,2.494414746095508
17.439196586608887,2.494417726328102
17.44145178794861,2.494660317261257
17.443710327148438,2.495007812381722
17.445966243743896,2.4948391312168994
17.448228359222412,2.4961623544886535
17.45048451423645,2.494656740982144
17.452738285064697,2.4962922926297537
17.454992532730103,2.4956181640169817
17.457247734069824,2.49784439776473
17.459500312805176,2.497643530087892
17.46175456047058,2.4998888373242423
17.464011430740356,2.498504221261051
17.466266632080078,2.500000894069778
17.468521118164062,2.49999493360459
17.470773458480835,2.4995455145294088
17.47313165664673,2.50030010942222
17.475384950637817,2.5011101366412802
17.47764015197754,2.503432333878557
17.47990083694458,2.501626312926568
17.48215913772583,2.500294148957032
17.484415292739868,2.4977627393916535
17.48666787147522,2.4978283045087224
17.488998651504517,2.414425303271449
17.49132251739502,2.431342891614782
17.493611574172974,2.437591843317967
17.495869636535645,2.4441584878156766
17.498125791549683,2.449595028113726
17.500380516052246,2.458744342177432
17.50263285636902,2.455923254003913
17.504903078079224,2.461945111983432
17.507158756256104,2.4676516613545014
17.509413242340088,2.4637231187490367
17.51166605949402,2.4650576669046482
17.5139217376709,2.4780741307823813
17.516173839569092,2.4611386610434844
17.51842975616455,2.4817869045480374
17.520684242248535,2.4978557226485876
17.522943019866943,2.490461765582772
17.525197982788086,2.495719491925179
17.527450561523438,2.5000527501169145
17.52970552444458,2.5043913727273193
17.531957387924194,2.508195341610353
17.534215211868286,2.5121966018911124
17.53646945953369,2.5178560635871965
17.538721799850464,2.5202944898956408
17.54097557067871,2.5249525934401267
17.543233394622803,2.5275471839364987
17.545488357543945,2.5367602749777167
17.5477397441864,2.534241978435752
17.54999279975891,2.538216416623165
17.552245616912842,2.5398066687353453
17.554500102996826,2.5426617315604365
17.556754112243652,2.5443175487896856
17.559007167816162,2.5476595816206435
17.561261415481567,2.550840085845004
17.56351923942566,2.5531283084307086
17.565773487091064,2.555280036363606
17.56802797317505,2.554683393798279
17.57028102874756,2.5581815908171643
17.572535037994385,2.5572207638288456
17.574793100357056,2.5603839827041606
17.5770480632782,2.5602510643304663
17.57930064201355,2.5634673313459553
17.581554174423218,2.57332713286008
17.58380889892578,2.566578098127615
17.58606219291687,2.5681284151230352
17.588315963745117,2.5698855602604818
17.59056806564331,2.5734350172799845
17.5929217338562,2.572458097035658
17.59517502784729,2.5745198219442154
17.597429752349854,2.5747177093884597
17.599682569503784,2.5732508389056727
17.60193634033203,2.575820395448255
17.604543209075928,2.578164050360209
17.60681438446045,2.5784173701307025
17.609069108963013,2.582128355756802
17.61132287979126,2.5772097798835967
17.61357855796814,2.555762237997322
17.61583113670349,2.5594154071110973
17.618084192276,2.5629779771540138
17.620338916778564,2.563903041351204
17.62259078025818,2.5665590246390133
17.624850273132324,2.5683108053577905
17.62710452079773,2.5690475188550375
17.629358530044556,2.571394750046104
17.631611108779907,2.570801087713371
17.633869171142578,2.575711318935313
17.636122226715088,2.575848409634639
17.638376235961914,2.5759890766130775
17.64063024520874,2.575664827306846
17.642882108688354,2.577693769656869
17.645153045654297,2.577438661746819
17.64740490913391,2.5798747038691885
17.64965844154358,2.5789854024631267
17.651910305023193,2.5782469008263234
17.654168367385864,2.5736811844922522
17.656434535980225,2.575136730091182
17.65868902206421,2.5759151668447453
17.66095733642578,2.5758811921931732
17.663222312927246,2.5798276161942026
17.665477991104126,2.578195044779187
17.6677303314209,2.578661749203414
17.669983386993408,2.5776043626790477
17.672237157821655,2.5780055019862056
17.674492120742798,2.576589891504036
17.676745414733887,2.578403065014251
17.678998708724976,2.5763812752224533
17.681251764297485,2.5706389630602553
17.683520793914795,2.56679565510698
17.685778856277466,2.565386005089999
17.688031911849976,2.5757411212612533
17.69028902053833,2.562551803893066
17.692543268203735,2.561208911086191
17.694803714752197,2.5578120419755033
17.69706106185913,2.55727858034117
17.69931387901306,2.5392440008215904
17.701567888259888,2.550706571424791
17.70382308959961,2.539105718029227
17.706077575683594,2.53917426337889
17.708332538604736,2.5440886669264633
17.710585117340088,2.5391343282621297
17.71292471885681,2.5386717961635346
17.7151780128479,2.513664664466937
17.71745276451111,2.507673800906396
17.719712734222412,2.5043013697029792
17.721968173980713,2.5055208808804608
17.724243640899658,2.503829300860083
17.726496934890747,2.5053980952975863
17.72875189781189,2.49433368376895
17.73104500770569,2.479656634289817
17.733355045318604,2.480014262201102
17.735613584518433,2.476493415414502
17.73792266845703,2.447510057390935
17.7402606010437,2.444834404568005
17.74256134033203,2.439210109616531
17.744872570037842,2.4473527011099696
17.747131824493408,2.453006202340865
17.749386310577393,2.4575099298369802
17.751641511917114,2.4609401775527213
17.753947019577026,2.460994417785933
17.756210565567017,2.472826537230794
17.758463859558105,2.4778738591520617
17.76071834564209,2.484373746439665
17.762972593307495,2.4885466681178414
17.76522731781006,2.494417726328102
17.767478942871094,2.4979707596267176
17.76973271369934,2.502627671078166
17.771984100341797,2.5062713034476403
17.774242401123047,2.5106111181510826
17.77649736404419,2.515214385415838
17.778753757476807,2.5195118808164456
17.781007528305054,2.5246647029715423
17.783259630203247,2.5366279526505413
17.785518884658813,2.5306358969969627
17.787773609161377,2.5366434498600303
17.790030479431152,2.535696331941644
17.792284965515137,2.5382903263914973
17.79453992843628,2.543123071565994
17.796794891357422,2.5454178506634055
17.799047231674194,2.548904722798434
17.801300764083862,2.549920386066483
17.803560495376587,2.552804059124477
17.805814743041992,2.5391683029137018
17.808067321777344,2.553733295647299
17.81032133102417,2.560177750608653
17.81258249282837,2.560873336896102
17.814841270446777,2.5645259099633586
17.817096710205078,2.551029032591466
17.819348335266113,2.554484910307516
17.82160210609436,2.5562140412585785
17.823855876922607,2.5547698205435063
17.826110124588013,2.5588455866391167
17.82836365699768,2.562486834822516
17.830615043640137,2.5756934375397487
17.832926511764526,2.568840690713011
17.835179805755615,2.5706109488738713
17.8374342918396,2.5717970814462996
17.83968734741211,2.5734558789081428
17.841964960098267,2.574996063112743
17.844231843948364,2.5797847008448485
17.84648561477661,2.580404589224409
17.84873938560486,2.584083388338493
17.850992679595947,2.5846317511357966
17.853248834609985,2.5873223051216967
17.855501413345337,2.5782302115237967
17.85775589942932,2.5924906244862824
17.860008001327515,2.5938537828747967
17.862261295318604,2.596158098716509
17.864519357681274,2.6123729482141673
17.86677312850952,2.5996366262002737
17.869027376174927,2.6018563034363154
17.87128257751465,2.6013991357563895
17.873541116714478,2.604411554862446
17.875794649124146,2.6035305981076475
17.878048419952393,2.6056841141801015
17.88030171394348,2.602997136473314
17.88255739212036,2.601306748545974
17.88481616973877,2.6003179073712714
17.887070178985596,2.598600697350585
17.889331579208374,2.5966355319780745
17.891584873199463,2.5977942464106376
17.893847227096558,2.601089787613128
17.89610242843628,2.602221083905826
17.898356914520264,2.605344367664381
17.900610208511353,2.612340165655633
17.902862071990967,2.6069983967540735
17.905120611190796,2.6059261090667376
17.907374143600464,2.6096418630649882
17.90962839126587,2.610587788890337
17.911880493164062,2.612600637984352
17.914135932922363,2.6130554214782027
17.916390419006348,2.615449740344255
17.918643474578857,2.6116916670431696
17.920897245407104,2.603952002996445
17.923155307769775,2.6126077905425777
17.92541003227234,2.610813690520965
17.92766237258911,2.613427950552458
17.92991614341736,2.6148393887089956
17.932168006896973,2.6172450324589054
17.934433698654175,2.6183471224721817
17.936688899993896,2.6172635099009884
17.938941478729248,2.6174274226936607
17.941195249557495,2.622375800892806
17.943451166152954,2.623410537649457
17.945704460144043,2.625496104418767
17.94795560836792,2.6263335497776925
17.95020842552185,2.628131226078418
17.95246124267578,2.6297429358652753
17.954718351364136,2.6174101373446153
17.95697331428528,2.63235123543158
17.959224700927734,2.632210568453141
17.961477756500244,2.6345363419695307
17.963735580444336,2.634277657780368
17.96599054336548,2.6374206110740435
17.968244552612305,2.637294845258575
17.970497131347656,2.6405903864610654
17.972750186920166,2.6369753643244938
17.97500491142273,2.643638568358251
17.977259397506714,2.644160109062208
17.979512691497803,2.6454201514029685
17.98176646232605,2.6483157453913386
17.9840247631073,2.649547773545715
17.98628044128418,2.653597313594498
17.988540410995483,2.5959590191792272
17.990856647491455,2.581172297140634
17.993306636810303,2.5986209629322246
17.99556803703308,2.6125058665878615
17.99782371520996,2.611236883549319
18.000075817108154,2.6172474166449806
18.00233030319214,2.6261100323331394
18.00458526611328,2.6345995229005243
18.006836652755737,2.654090840112071
18.009089708328247,2.649467307265676
18.011341333389282,2.655489761291714
18.013599395751953,2.6617112948550337
18.0158531665802,2.669412811924554
18.01810908317566,2.674153765935155
18.020362377166748,2.6803884125218884
18.02261471748352,2.671119889154421
18.02487325668335,2.679258904368747
18.027125597000122,2.68372329279462
18.029380321502686,2.6892069207676554
18.031632661819458,2.692737900345075
18.03388738632202,2.6971516248168497
18.036139726638794,2.699755156011004
18.0383939743042,2.703966224666384
18.040647745132446,2.706710422838977
18.042918920516968,2.708282793555593
18.04517364501953,2.707694495641529
18.04745650291443,2.709525550547308
18.049710273742676,2.711414421965411
18.051961660385132,2.6955577964255566
18.0542209148407,2.7112397803354003
18.05647611618042,2.7102849138122695
18.05872869491577,2.71101983916996
18.06098175048828,2.705271566542574
18.063235998153687,2.708468760069461
18.065489768981934,2.706451738649814
18.067742109298706,2.7052566653796037
18.069997549057007,2.6846507411778857
18.07228446006775,2.6801052904254545
18.074554920196533,2.6798853492600143
18.076817512512207,2.676775774571392
18.07907009124756,2.673734149185914
18.08132529258728,2.6641139583723494
18.083595275878906,2.662962992544531
18.08585238456726,2.6564076729306785
18.08810520172119,2.6565006561876126
18.090359210968018,2.6535710875476703
18.092612743377686,2.6515105547321505
18.094866275787354,2.6540306394136715
18.097121000289917,2.644719796743369
18.09937286376953,2.641216831352333
18.101626873016357,2.638164477129516
18.10388684272766,2.6358756584972927
18.10661268234253,2.617401196646833
18.10888147354126,2.6344755452246122
18.11114239692688,2.6263740809409715
18.113405466079712,2.624081686029635
18.11565899848938,2.618380501077235
18.117912769317627,2.616261555702872
18.120164394378662,2.6110205186629916
18.12242579460144,2.607494307457722
18.124680042266846,2.5782653782684064
18.126932621002197,2.5783124659433923
18.129186630249023,2.5859186155699034
18.131438493728638,2.5832644204216506
18.133697032928467,2.581206271792206
18.13594889640808,2.5788018201353338
18.138202905654907,2.5778845045428875
18.14045763015747,2.5744852512461245
18.142709970474243,2.5730273214611197
18.14496874809265,2.575981924054852
18.147221088409424,2.5734761444897822
18.149475812911987,2.56822616675212
18.151728630065918,2.568078943261974
18.15398359298706,2.56486029206041
18.156238794326782,2.5525602760982844
18.158502101898193,2.555237121014252
18.16075897216797,2.556457824284771
18.163021564483643,2.5578233668593606
18.16527795791626,2.5585970352407736
18.167530298233032,2.5604251099139583
18.169792413711548,2.5597283315334716
18.17204451560974,2.5610926820150235
18.17430329322815,2.5609740687577807
18.17655897140503,2.5628665164549966
18.17881202697754,2.5732794491385755
18.18106746673584,2.5639018492581664
18.183322429656982,2.564121194377088
18.185577154159546,2.565724559512682
18.18782925605774,2.5662139137046234
18.190083503723145,2.5671425541809265
18.192337036132812,2.568579622337773
18.1945960521698,2.5694051467663224
18.19685196876526,2.554585046122676
18.199300050735474,2.5641158299584186
18.20156455039978,2.5517401160884043
18.2038676738739,2.539272611054493
18.206127405166626,2.5575444170885584
18.20838189125061,2.5569722124305025
18.210634231567383,2.560118742003291
18.212888717651367,2.5758239717273677
18.215161323547363,2.5630745366900607
18.21741485595703,2.562474317845621
18.219667673110962,2.561373419925382
18.221922397613525,2.562741346686047
18.224181413650513,2.5643643813567616
18.226455688476562,2.5544646447258765
18.228710412979126,2.5520500602781846
18.23096203804016,2.5393429445437126
18.233285665512085,2.5333932081929693
18.23557686805725,2.538213436390571
18.23787260055542,2.5071415313651
18.240203380584717,2.5048068171509286
18.242501735687256,2.4955198163413783
18.244819164276123,2.503347695272886
18.24707841873169,2.500191032909278
18.249332427978516,2.5124111786378833
18.25158429145813,2.513611020280244
18.253894567489624,2.510671914896001
18.256155967712402,2.5164797921752684
18.258431673049927,2.5203391933845514
18.26068687438965,2.5197389745401115
18.262938737869263,2.528270784410332
18.265199899673462,2.5337252061039455
18.267454624176025,2.53473312076725
18.269708395004272,2.5393810915209163
18.271960735321045,2.5403192687415204
18.274215698242188,2.5448152476328905
18.276469945907593,2.545140092985641
18.278722286224365,2.5393524812880135
18.28098201751709,2.539301221287396
18.28325080871582,2.5391450570994683
18.28550958633423,2.539161746401995
18.287763595581055,2.5445541792576525
18.29001784324646,2.5456568653174476
18.292278289794922,2.544766967864867
18.294536352157593,2.5390914129127755
18.29679226875305,2.5418540885274514
18.299044847488403,2.5417420317819155
18.30129885673523,2.539098565471001
18.303553342819214,2.539068167098542
18.30580759048462,2.5369885607944203
18.30806016921997,2.536744181721709
18.31031322479248,2.534637753324241
18.31256628036499,2.531759444684916
18.314828157424927,2.5276759299845613
18.317086935043335,2.5253203541422313
18.319339513778687,2.523184123418823
18.3215970993042,2.5002416968633767
18.323856115341187,2.5171664377649354
18.326111555099487,2.500165998955488
18.328365325927734,2.5038966541167085
18.330617904663086,2.4953821295955336
18.332871675491333,2.4913641800122477
18.335142135620117,2.4877950534576243
18.33739686012268,2.4865147455352243
18.339648962020874,2.482366261764319
18.341902256011963,2.480884490118562
18.34416174888611,2.4775573584505746
18.34642505645752,2.474063333757321
18.348679304122925,2.472018894197809
18.350937843322754,2.4677410683323227
18.3531973361969,2.465275819930532
18.355451107025146,2.4616333796540952
18.357705116271973,2.4599137854473336
18.359957218170166,2.4561485595880224
18.362211227416992,2.4543645923572295
18.364465475082397,2.4509110988272544
18.36671781539917,2.447386079715023
18.36897087097168,2.456121737494676
18.371222972869873,2.441028051498896
18.373480796813965,2.4380496070444115
18.375733852386475,2.434677175840995
18.377988576889038,2.4325308123267666
18.38024616241455,2.428210071111926
18.382498025894165,2.4246123343244
18.384757041931152,2.418213178898475
18.387011289596558,2.4163785477135833
18.389265060424805,2.410908032763962
18.391517877578735,2.408194232963828
18.3937726020813,2.404595900129783
18.396024465560913,2.4021997931241743
18.398279428482056,2.3830726603356194
18.40053391456604,2.3960867400272776
18.402910947799683,2.3928740492909015
18.405167818069458,2.383058951265687
18.407421112060547,2.390269922050228
18.409680366516113,2.3876026138785615
18.411933422088623,2.3863908513058245
18.414191722869873,2.384854243380337
18.416447639465332,2.383089945684665
18.418699741363525,2.3840144138353363
18.42095375061035,2.3847851019841553
18.423208951950073,2.3831716040577415
18.42546248435974,2.384621785238002
18.427714586257935,2.384932325474301
18.42996835708618,2.385201738500802
18.432257652282715,2.3634704784715748
18.43451690673828,2.3768457623536303
18.43677282333374,2.3794463133151904
18.4390287399292,2.3805340982120153
18.441283226013184,2.3811963058944112
18.44354510307312,2.3828950384730145
18.445801496505737,2.387256906897653
18.448054790496826,2.3882141576068587
18.450308561325073,2.3927780858013734
18.452561855316162,2.3829999426603248
18.454817295074463,2.397558974928734
18.457071781158447,2.4002078056583174
18.4593243598938,2.4029043201094056
18.461578607559204,2.405578780839298
18.463836431503296,2.408549476689038
18.4660906791687,2.4118599190544985
18.468361854553223,2.413477589306544
18.470623254776,2.417554547495192
18.472877740859985,2.417172481676636
18.47513723373413,2.42214172150394
18.477392435073853,2.4241134433881575
18.479644536972046,2.4269881757483693
18.481898307800293,2.421992113827719
18.484156370162964,2.4269106897009243
18.486419200897217,2.4256363422437124
18.48868227005005,2.3584678600392173
18.491003274917603,2.3440453224236157
18.4933180809021,2.3727682081184636
18.495574951171875,2.3780390474842843
18.497835159301758,2.384239123372927
18.500088930130005,2.3914876450881537
18.50234317779541,2.3952486986218333
18.504602670669556,2.4024352314991035
18.506856441497803,2.4067637213186885
18.50911021232605,2.4140170114060653
18.51136302947998,2.4176362058682686
18.513618230819702,2.4237599878025042
18.515870571136475,2.4271407636571842
18.5181245803833,2.431936553947515
18.52037811279297,2.4359121842279654
18.522630214691162,2.438594989609121
18.524888515472412,2.442693405472446
18.52714514732361,2.444613867356046
18.529399156570435,2.4483808813549137
18.53165102005005,2.4416473438319377
18.53390884399414,2.439915232648281
18.536162853240967,2.458588774036023
18.538424491882324,2.446484857378585
18.540677547454834,2.4487975178715606
18.542942762374878,2.451893979536769
18.545196771621704,2.4532797876929986
18.547448873519897,2.4563506193578983
18.549702405929565,2.458781893108117
18.55195379257202,2.458119685425721
18.554211378097534,2.460727388945507
18.556469678878784,2.4598148417252115
18.558722257614136,2.4640628652647574
18.560977458953857,2.4611392570900033
18.563235998153687,2.4663582404086877
18.565491676330566,2.465402777839038
18.567744493484497,2.466578181574128
18.569998264312744,2.4661257822663525
18.572253227233887,2.4668124278560195
18.57450771331787,2.467118199720168
18.576762437820435,2.4612107826722602
18.579014778137207,2.4693915211429025
18.58126926422119,2.470757063717492
18.583527326583862,2.471453842097979
18.585785150527954,2.470878657207329
18.588038206100464,2.4709424341848414
18.59029221534729,2.4703982437131695
18.592546224594116,2.471761402101684
18.59480381011963,2.4726018276932034
18.59705924987793,2.4745598405074882
18.599311590194702,2.4748232930688014
18.60156536102295,2.474837598185253
18.603819370269775,2.4745771258565337
18.606407403945923,2.477406558681316
18.608675003051758,2.4781545970624204
18.610928297042847,2.4793156956810587
18.613190174102783,2.48024016383173
18.61544394493103,2.479494509636701
18.617698192596436,2.4786427591613243
18.61995005607605,2.4763396354126495
18.622204542160034,2.4761870475038346
18.624462366104126,2.474845942836516
18.626715660095215,2.4609419656922777
18.62896990776062,2.4741736023633005
18.63122272491455,2.4753102630746677
18.633477687835693,2.4717619981482026
18.635730504989624,2.4633189992092848
18.637983798980713,2.441040568475791
18.64023756980896,2.446491413890292
18.642489194869995,2.456196839356046
18.644747018814087,2.4471297797119353
18.647000074386597,2.4480274257692605
18.649254083633423,2.4453547531789246
18.651506423950195,2.4453547531789246
18.653764247894287,2.45621472075161
18.656017541885376,2.4368068500526965
18.658283948898315,2.4389168547292774
18.660539865493774,2.439642243342667
18.662792444229126,2.438317827977875
18.665048360824585,2.439468793805694
18.667301416397095,2.4379870221599367
18.669554948806763,2.4377855584365795
18.671806812286377,2.4381920621624067
18.674068212509155,2.436705522144499
18.67632269859314,2.4391433524064245
18.678575038909912,2.4371203705215896
18.680829286575317,2.4341627876952634
18.683189153671265,2.430382660672982
18.685445308685303,2.430824331143419
18.687697887420654,2.428546241348534
18.6899516582489,2.4284168992539525
18.692210912704468,2.4284294162308475
18.69446563720703,2.429926089039575
18.696719646453857,2.429922512760462
18.698973894119263,2.43024855020625
18.70122790336609,2.4306103504431666
18.70348572731018,2.4220630433634573
18.705739974975586,2.411307979978082
18.70799231529236,2.399714875187263
18.71024489402771,2.3912140597360207
18.712498426437378,2.3797663902957904
18.714755296707153,2.373093649517733
18.717009782791138,2.343879621491387
18.71926188468933,2.3554900116312516
18.721516847610474,2.3469671424588134
18.723771333694458,2.3413899351823253
18.72602653503418,2.3414543082063566
18.728280305862427,2.339118997945666
18.73053240776062,2.319626488641082
18.73305916786194,2.300018942358368
18.73535466194153,2.2938844315867937
18.737622499465942,2.2658016998531463
18.7399160861969,2.232433823637226
18.74224352836609,2.2357603592586948
18.74457883834839,2.216937806241251
18.746873140335083,2.2283985887048945
18.74914026260376,2.2345050852900847
18.75139355659485,2.237732677189431
18.753654956817627,2.244625359132929
18.755908012390137,2.249204784536932
18.75816249847412,2.2573855230075743
18.760416507720947,2.2635474519190133
18.762668132781982,2.272566827841619
18.764929056167603,2.280211124445334
18.767182111740112,2.285751972884175
18.76943612098694,2.2935053460008317
18.771690368652344,2.2993364690943325
18.77394962310791,2.3078623184993647
18.776209592819214,2.3158123869672282
18.778462409973145,2.3252984673140604
18.780720233917236,2.3332169453164275
18.782976388931274,2.340614478661356
18.7852303981781,2.3471626457169825
18.787482500076294,2.3579326102653275
18.789738655090332,2.3793151830810526
18.7919921875,2.3830315331258216
18.794251680374146,2.419536998216748
18.796507835388184,2.4363711400474477
18.798760652542114,2.4545291011964205
18.801018476486206,2.468012865544899
18.80327558517456,2.483835516433181
18.805530309677124,2.4976608154369373
18.807782888412476,2.512449325615087
18.81003761291504,2.5233939317934433
18.812291860580444,2.5364193363689584
18.81454610824585,2.5469324048676976
18.81680154800415,2.553866810067512
18.819053411483765,2.5659176785847757
18.821306228637695,2.57568270870241
18.82356357574463,2.5781837198953297
18.825818300247192,2.5902786958549853
18.828070163726807,2.597721528735343
18.830323457717896,2.602112007392884
18.832576513290405,2.6074990758298724
18.83483338356018,2.6096716653909287
18.83708882331848,2.614474608239485
18.839340448379517,2.615969492908656
18.8415949344635,2.6148453491741837
18.843849182128906,2.608948064917095
18.846104383468628,2.6109776033136374
18.848358869552612,2.6040902857888084
18.850610971450806,2.59767801733947
18.852928400039673,2.607655836064319
18.855181217193604,2.6123783126328366
18.857434511184692,2.608348442119174
18.859686851501465,2.6065036781434627
18.861940383911133,2.6124057307727018
18.864205598831177,2.6035902027595283
18.866459131240845,2.612414671470484
18.86871337890625,2.599141311543144
18.870965480804443,2.5985923526993218
18.873221158981323,2.5948986524222675
18.87547254562378,2.594200681948743
18.87772536277771,2.590655397254872
18.879976749420166,2.5886592374633834
18.88223361968994,2.5797405934024566
18.88450026512146,2.578919837346058
18.886754751205444,2.574770161482115
18.889009475708008,2.573526212397362
18.89126181602478,2.5680348358195824
18.89352035522461,2.5630322173872253
18.895773887634277,2.5735148875135048
18.89802885055542,2.557033009175421
18.90028214454651,2.5544276898417104
18.902533769607544,2.556221789863323
18.904788970947266,2.548120921626201
18.907041549682617,2.5448611432148387
18.909295082092285,2.5392660545427863
18.91154718399048,2.538757626862243
18.91380476951599,2.536656562883444
18.916057586669922,2.533095780980084
18.918312311172485,2.5280764732452004
18.92056655883789,2.526977363464518
18.922817945480347,2.5217089082847726
18.92507529258728,2.5208303357160493
18.92732810974121,2.5170633217171816
18.929582357406616,2.514807285643492
18.93183422088623,2.510972918387999
18.934088706970215,2.5078216204430603
18.93634271621704,2.504693568312355
18.938593864440918,2.501356303853548
18.940847158432007,2.498911321033397
18.943224668502808,2.4843105655086712
18.94548273086548,2.481175956866259
18.94773530960083,2.4773594710063302
18.949988842010498,2.476797399139094
18.952242374420166,2.478149232643751
18.954500913619995,2.4732783404920506
18.956756114959717,2.4700805509186448
18.959009170532227,2.4692329727688995
18.961262702941895,2.4670544227426556
18.963517427444458,2.461148793834304
18.965771198272705,2.4642142610805347
18.968023777008057,2.4610391212748435
18.970279216766357,2.461512382210777
18.9725341796875,2.4587932179919743
18.97479271888733,2.460676724991408
18.97704792022705,2.4583694289171016
18.979300022125244,2.4587109635723787
18.98155426979065,2.4587205003166797
18.98381209373474,2.45513945283168
18.98606777191162,2.4528315607108544
18.988322257995605,2.454552347010654
18.990574598312378,2.398565697499001
18.992905378341675,2.372671052535898
18.995249271392822,2.386765764566155
18.997518062591553,2.3921850195151593
18.99977135658264,2.397421288182889
19.00202512741089,2.403605866862043
19.00429129600525,2.4080851564508863
19.006552934646606,2.417053868419393
19.00880718231201,2.417463352377814
19.011059761047363,2.4207749868363124
19.013319492340088,2.4257472068962107
19.015573501586914,2.4289426122835414
19.0178279876709,2.4340727846709234
19.02008032798767,2.4379071519264164
19.02233338356018,2.441879801974273
19.024588346481323,2.4455937678329667
19.026840686798096,2.4587556670612893
19.029093980789185,2.4539855067712675
19.031346559524536,2.456910903085578
19.033604383468628,2.4612227036026364
19.035858631134033,2.4640122013106587
19.038113117218018,2.468565996714353
19.040367126464844,2.4703976476666507
19.042620182037354,2.4611601187181615
19.044879913330078,2.470580633947925
19.047132968902588,2.463865573867032
19.049386978149414,2.4701657855708343
19.051639795303345,2.474771437021665
19.053894519805908,2.477311191238307
19.05614733695984,2.480666337092678
19.058408498764038,2.4842074494609174
19.060662984848022,2.486794887399064
19.062923192977905,2.49068289884125
19.06517720222473,2.492199241185098
19.067429304122925,2.496533691469871
19.069682598114014,2.4882510290445126
19.07196593284607,2.4789336298625027
19.074242115020752,2.497659027297381
19.07649874687195,2.489493189989709
19.0787513256073,2.497828900555241
19.081006050109863,2.4904051411634853
19.08326745033264,2.4919888367639587
19.085522651672363,2.494812309123553
19.08777618408203,2.4975207445050174
19.090030193328857,2.5001618266298564
19.09228539466858,2.505035699014151
19.094544887542725,2.504622042730098
19.096800327301025,2.509040535574023
19.09905242919922,2.510038317446508
19.101307153701782,2.5129202023649455
19.10356569290161,2.5130608693433842
19.10615110397339,2.5185391328977507
19.108421087265015,2.5182917735924453
19.110674381256104,2.5210902119982497
19.112942695617676,2.520675959667678
19.115195751190186,2.523184123418823
19.11744976043701,2.5240799813365915
19.119701862335205,2.525405588794421
19.121955633163452,2.5265410574127505
19.124227046966553,2.5269350441616827
19.126481771469116,2.5287279520902577
19.12873673439026,2.528372112318529
19.130988836288452,2.5299873983844994
19.13324785232544,2.5290396844195944
19.135501861572266,2.5303629076913485
19.13775658607483,2.5299552118724837
19.1400089263916,2.5310900844442945
19.14226245880127,2.529742423265269
19.144517421722412,2.5314405597973537
19.146769523620605,2.5308129228130487
19.14902424812317,2.5151237863449794
19.15127658843994,2.520293297802603
19.153534412384033,2.519539298956311
19.15578818321228,2.500140965001698
19.15805673599243,2.5150367635532334
19.16031289100647,2.5164118428721243
19.16256618499756,2.515206040764575
19.164828538894653,2.5171473642763336
19.167083024978638,2.515869440540009
19.1693377494812,2.51628905728925
19.171589851379395,2.5144425051739816
19.173844575881958,2.5151762384386345
19.17609739303589,2.5147995370387477
19.178351402282715,2.5143340247075585
19.18060564994812,2.5137218849327425
19.182982444763184,2.512518467011269
19.185243606567383,2.512666882594452
19.187496423721313,2.5103911769856424
19.18975043296814,2.500240504770339
19.19200325012207,2.5073513397397207
19.194260835647583,2.5079742083518752
19.196516752243042,2.5041481857476455
19.198769569396973,2.5045934324971952
19.201023817062378,2.502269447120362
19.203277587890625,2.501865923627129
19.20553231239319,2.499610483599959
19.207784414291382,2.4976226684597336
19.210038661956787,2.4980273840460043
19.21229314804077,2.496195733093707
19.214550733566284,2.4963548775142286
19.216806650161743,2.493133842126589
19.219059467315674,2.4920985093234194
19.221314191818237,2.480672297557866
19.223572731018066,2.4907651532608455
19.22582983970642,2.489477096733701
19.228082418441772,2.4893197404527356
19.230336904525757,2.48413115550651
19.232638359069824,2.4660322029628996
19.234939575195312,2.467041309719242
19.237202405929565,2.4667420943668
19.239492416381836,2.436466507490457
19.241822242736816,2.435894302832401
19.244113206863403,2.4194762014718294
19.24654722213745,2.4332675258240135
19.248811960220337,2.4380460307652987
19.251065015792847,2.42202668452581
19.253334760665894,2.42195158266444
19.25558853149414,2.4416705896461712
19.257842540740967,2.447681122741833
19.260096311569214,2.451530391160296
19.26235008239746,2.457756693095767
19.264605045318604,2.4600353789371705
19.266858100891113,2.4659737904040564
19.26911234855652,2.47072308906592
19.271364450454712,2.4758359761042565
19.2736234664917,2.4813207961703294
19.27587652206421,2.48443633132414
19.278131246566772,2.4909976114031807
19.280390977859497,2.4922850718838063
19.282647609710693,2.494060694463336
19.284910917282104,2.4963191147231
19.28716492652893,2.495204507732929
19.289421796798706,2.502264082701693
19.291674613952637,2.5066956885690317
19.293930768966675,2.5102922332635202
19.296183347702026,2.5148966926213134
19.298444271087646,2.515429558209128
19.30069851875305,2.519305648720938
19.302961349487305,2.523031535510008
19.305216789245605,2.5255039364700242
19.307469129562378,2.529723945823186
19.309722423553467,2.5310209430481128
19.311975240707397,2.533931438199453
19.314233541488647,2.5353696984493372
19.316489458084106,2.5390818761684746
19.318742513656616,2.5408813406087565
19.320996046066284,2.5426957062120086
19.323251008987427,2.5439116411103773
19.325504541397095,2.539155189890288
19.32775640487671,2.5488284288440264
19.330010890960693,2.5537958805317738
19.33226442337036,2.5518611135317224
19.334527015686035,2.5519082012067082
19.336785554885864,2.5544270937951916
19.339037895202637,2.5392285036121014
19.34129238128662,2.5567665763815137
19.343549966812134,2.553991383789943
19.34580421447754,2.5577578017422917
19.348056316375732,2.5575402447629267
19.35030961036682,2.5578633019761208
19.352563619613647,2.5482186732552856
19.354817628860474,2.5391760515184463
19.357072830200195,2.54773647162157
19.35932493209839,2.5483706651175817
19.361578464508057,2.550165361185713
19.363839149475098,2.5503161609549716
19.366095542907715,2.5517585935304874
19.36835026741028,2.5514480532941883
19.370602130889893,2.5534269277366315
19.372856378555298,2.539115254773528
19.37511420249939,2.5526812735416025
19.377368688583374,2.5522586765597675
19.379621267318726,2.5530818168022416
19.381874799728394,2.5392553257054478
19.384129762649536,2.550964659567435
19.386383295059204,2.5392308877981766
19.388638019561768,2.551629847482425
19.390889883041382,2.550792998170018
19.393160820007324,2.549043601637316
19.395415782928467,2.550510472120103
19.397669792175293,2.54850656372387
19.399922132492065,2.5481376109287277
19.402175664901733,2.5392308877981766
19.404434204101562,2.5471285041723855
19.40668749809265,2.546062772996756
19.40894055366516,2.539251749426335
19.411192178726196,2.545811241365819
19.41344690322876,2.546469872769102
19.415698528289795,2.5460550243920115
19.417952060699463,2.545114462985332
19.420206785202026,2.545500105083001
19.422460556030273,2.539257113845004
19.424717664718628,2.5447121315851366
19.4269700050354,2.5431934050552134
19.429223775863647,2.5390860484941062
19.431476593017578,2.541809385038541
19.43373465538025,2.5413325478234943
19.4359872341156,2.54077464828189
19.43824028968811,2.5405791450237207
19.4404935836792,2.5390705512846172
19.44274592399597,2.538347546857303
19.445000648498535,2.5374254628927067
19.447253227233887,2.5362226410177517
19.449506521224976,2.535786334965984
19.45175814628601,2.5325498023688557
19.454015254974365,2.532067004688621
19.456271409988403,2.514860333783666
19.458523511886597,2.5206556940860385
19.460777759552002,2.5366827889302717
19.46314525604248,2.500016987325786
19.465400457382202,2.517304720557299
19.467652320861816,2.517540754978747
19.469905853271484,2.516755165666958
19.472158193588257,2.5167813917137853
19.47442054748535,2.5160607714725463
19.476674795150757,2.5157120842590435
19.47892665863037,2.5164702554309675
19.481183528900146,2.5100341451208763
19.483449697494507,2.5094965111609113
19.485705614089966,2.500033080581794
19.487958908081055,2.5068911918272008
19.490253925323486,2.4366322084226857
19.492583990097046,2.4340483467636522
19.49488377571106,2.442484789190863
19.4971444606781,2.448038750653118
19.49939799308777,2.450571352311534
19.501651763916016,2.4533107821119766
19.50390625,2.4564936705224123
19.506160497665405,2.4605944705718126
19.508415460586548,2.4666693766915055
19.510671615600586,2.4702545965021367
19.512937545776367,2.475872334941904
19.515191078186035,2.479187545679515
19.51744508743286,2.484862504585088
19.519697666168213,2.4871358260078225
19.521953344345093,2.4920198311829367
19.524221897125244,2.495293318664231
19.526474475860596,2.501790821765759
19.528728008270264,2.505278289947306
19.530980587005615,2.510373891636597
19.533236026763916,2.5001707673276385
19.53548812866211,2.5001713633741574
19.537742853164673,2.521667781074975
19.540000200271606,2.5246420532038276
19.54225444793701,2.529979053733236
19.54451274871826,2.5339987914560784
19.54676580429077,2.539752428502134
19.54901933670044,2.5423446348124306
19.551271677017212,2.545624082758913
19.553529024124146,2.539257113845004
19.555782556533813,2.551886743532031
19.55803680419922,2.5383892701136195
19.56029200553894,2.526759806485153
19.562544345855713,2.5366118593945335
19.564798593521118,2.541196053170687
19.56705141067505,2.5453743392675325
19.569311380386353,2.5453302318251407
19.571563482284546,2.5392159866352064
19.573822259902954,2.552455371910974
19.576075077056885,2.5583764980288146
19.57832932472229,2.5585845182638787
19.5805823802948,2.562942810409404
19.58283519744873,2.5628474429663948
19.585093021392822,2.565307922996035
19.58734679222107,2.5665327985921857
19.589601516723633,2.5681647739606825
19.591854333877563,2.5758621187045714
19.594109058380127,2.570048877006635
19.59636354446411,2.5718316521443905
19.598616361618042,2.570373126312867
19.600870370864868,2.5700381481692967
19.603127479553223,2.5664857109172
19.605712175369263,2.5688895665275533
19.60797953605652,2.5673756083697805
19.61023497581482,2.558695978962896
19.612489938735962,2.566071458586628
19.614750862121582,2.5661298711454714
19.617006063461304,2.562881417617967
19.619258642196655,2.5601551008409382
19.62151312828064,2.5590327452460224
19.623771905899048,2.557421631505684
19.626028537750244,2.5572928854576213
19.62828302383423,2.554964131708638
19.630535125732422,2.555516070785054
19.63278889656067,2.5520727100458993
19.635043382644653,2.5503543079321753
19.63729763031006,2.5469550546354123
19.639549732208252,2.5392845319848694
19.6418035030365,2.543412750174135
19.644066095352173,2.539093201052332
19.646323442459106,2.539366190357946
19.64857792854309,2.5424620559766358
19.650830030441284,2.5404360938592068
19.65308427810669,2.5390020059349543
19.65533709526062,2.5306245721131053
19.657602310180664,2.531529370728656
19.65985631942749,2.523619237377553
19.662111520767212,2.518348994058251
19.66437315940857,2.5212952520007197
19.666626453399658,2.5200316333808463
19.668880224227905,2.5207886124597327
19.671132802963257,2.5197944068663607
19.673391580581665,2.5197073840746147
19.675645351409912,2.520771923157206
19.67789912223816,2.5217303659594497
19.68015217781067,2.5208762312979975
19.682416677474976,2.5147280114564907
19.6846764087677,2.5158855337960166
19.68692922592163,2.500247657328565
19.689183473587036,2.513935269586476
19.69143581390381,2.5141289847050885
19.693697452545166,2.5171855112535373
19.69595217704773,2.500033080581794
19.698208570480347,2.518420519640508
19.700462579727173,2.518360914988627
19.702714920043945,2.5000211596514177
19.704973697662354,2.5149402040171864
19.70722770690918,2.5160732884494412
19.709481716156006,2.5176885745154114
19.711734533309937,2.518683972201821
19.713990211486816,2.5196269177945756
19.716248750686646,2.5342509191335343
19.718501329421997,2.522497477829156
19.720754384994507,2.521005573392579
19.723013877868652,2.5233969120260373
19.725270986557007,2.5238928227296857
19.72752332687378,2.5343218486692725
19.729777336120605,2.5205591345499916
19.7320716381073,2.5000932812801935
19.73438811302185,2.508133948818916
19.736651182174683,2.506943047874337
19.738945960998535,2.478531894508826
19.74127507209778,2.4783995721816505
19.74355959892273,2.4609515024365787
19.745872259140015,2.474584874461278
19.748133182525635,2.4801203584814497
19.75039505958557,2.4837973694559774
19.752654314041138,2.4901130783692693
19.75491237640381,2.4928191295646585
19.757167100906372,2.4977913496245563
19.759419918060303,2.5024858120066895
19.761674165725708,2.506246865540369
19.763935089111328,2.497580945203417
19.766190767288208,2.5051918632020787
19.76844573020935,2.50994235395698
19.770697593688965,2.515507044256573
19.772950887680054,2.5200006389618683
19.775209665298462,2.5249037176255844
19.777465343475342,2.530221048619872
19.779763221740723,2.535681430778674
19.782017707824707,2.5410768438669256
19.784274101257324,2.5391688989602206
19.786527633666992,2.5479891953455445
19.788782119750977,2.5508484304962673
19.79103422164917,2.5569966503377737
19.793292999267578,2.560571737357585
19.795547246932983,2.5587931345454615
19.797801733016968,2.5587901543128675
19.80005407333374,2.5758525819602704
19.802307605743408,2.5755634993986485
19.8045654296875,2.5781253073364865
19.806819438934326,2.5816115834249955
19.80907917022705,2.5831905106533184
19.811331748962402,2.587738345591825
19.813586950302124,2.5889852749091715
19.815840244293213,2.5940254442722135
19.81809401512146,2.5961908812750436
19.820347785949707,2.6003047943478577
19.8225998878479,2.601869416459729
19.824856996536255,2.606036973719236
19.827110052108765,2.6092854272467405
19.82936453819275,2.6129344240348846
19.83161687850952,2.61669249733597
19.833874225616455,2.6184258006126644
19.836127281188965,2.6229861525280658
19.838383197784424,2.6240596323084393
19.840637922286987,2.6173195382737564
19.842907667160034,2.6292327200451755
19.845163106918335,2.632515744270771
19.84741520881653,2.6350310605801415
19.849669218063354,2.637014703394735
19.851922750473022,2.6373705431664636
19.854180335998535,2.638420181086085
19.8564350605011,2.6384547517841757
19.85868811607361,2.636890129672304
19.860941410064697,2.640066461571033
19.86319351196289,2.637241201071882
19.86545157432556,2.622833564619251
19.86770486831665,2.6171943685048067
19.86995816230774,2.62405426788977
19.872219800949097,2.6138946549766846
19.874474048614502,2.6124754682154023
19.876728057861328,2.613234235433845
19.8789803981781,2.6114156975049614
19.881234407424927,2.603152704614723
19.883500337600708,2.5977137801305985
19.885762453079224,2.5783422682693327
19.88801670074463,2.5904616821362594
19.890271186828613,2.578130075708637
19.89252996444702,2.5791934226981907
19.894791841506958,2.576549956387276
19.89704990386963,2.5757220477726515
19.89930295944214,2.5705549205011033
19.901557207107544,2.5587746571033785
19.903812646865845,2.5624850466829594
19.90606665611267,2.5393185066364414
19.908320903778076,2.5557455486947953
19.910573720932007,2.552490538655584
19.912931442260742,2.539294664775689
19.91518545150757,2.5468882974253058
19.91744041442871,2.5445362978620882
19.919692993164062,2.539121215238716
19.921947240829468,2.539363806171871
19.924211502075195,2.5382366822048046
19.926465272903442,2.5360593242715983
19.92871928215027,2.5343379419252803
19.930971145629883,2.5322064795740222
19.933226108551025,2.5316688456140573
19.935478448867798,2.5293740665166458
19.937732934951782,2.530386749552101
19.93998432159424,2.527461949284309
19.942238330841064,2.5277534160320063
19.944497108459473,2.5261458785707807
19.94675064086914,2.5263980062482365
19.94900417327881,2.525940242521792
19.95125651359558,2.524239721803632
19.953513383865356,2.5251856476289807
19.955766916275024,2.5231793550466723
19.958021640777588,2.5250932604185654
19.96027636528015,2.5234988359807535
19.962528944015503,2.5197234773306225
19.964783668518066,2.5236514238895684
19.96703553199768,2.5135168449302725
19.969290494918823,2.508468926962486
19.971543073654175,2.509146035807852
19.973809719085693,2.5090828548768584
19.97606372833252,2.510690392338084
19.978317737579346,2.512207330728451
19.980573415756226,2.5119659318883336
19.98282480239868,2.512884439573817
19.985084056854248,2.5129768267842323
19.987337827682495,2.5146392005251883
19.989592790603638,2.485322652497608
19.991918325424194,2.430270007880927
19.99426245689392,2.450849706035817
19.99652934074402,2.4556794709777203
19.99878215789795,2.45868533357207
20.001036167144775,2.4609485222039846
20.0033016204834,2.4611076666245064
20.005557537078857,2.4747493833004692
20.007811069488525,2.46110587848495
20.010064840316772,2.481760082454691
20.0123188495636,2.4977198240422993
20.01459288597107,2.4908706534946745
20.016850471496582,2.4952676886639225
20.01910376548767,2.495334445874029
20.021357774734497,2.5002673268636855
20.023613452911377,2.504572570869037
20.02586817741394,2.5093773018571497
20.028120517730713,2.511501611650182
20.03037452697754,2.5158730168191217
20.032631397247314,2.5171235224155812
20.034891843795776,2.5209888840900523
20.03714680671692,2.525387111352338
20.03939914703369,2.5277617606832696
20.04165244102478,2.5326868930681816
20.04391360282898,2.535453741008489
20.04617142677307,2.5402197289728794
20.04842519760132,2.5439265422733475
20.050676345825195,2.5500187337420863
20.052942276000977,2.5530192319177667
20.05519461631775,2.5591406296659267
20.057447910308838,2.562523193660163
20.059701204299927,2.569430776766631
20.061954975128174,2.573852845889669
20.064221620559692,2.579938480846701
20.06647539138794,2.5849303704417195
20.068729877471924,2.578310677803836
20.070993900299072,2.5494435488514364
20.07327437400818,2.571590849350792
20.075579166412354,2.577994773148867
20.077834844589233,2.5830498436748797
20.080087661743164,2.591271113308801
20.082348346710205,2.590080212364222
20.084609031677246,2.5983545301383173
20.086862087249756,2.6024124148383634
20.08911681175232,2.6149335640589673
20.091369152069092,2.6160892982589363
20.093629837036133,2.6220896985637783
20.095884084701538,2.617293312226929
20.09813904762268,2.6319888391481445
20.100393772125244,2.6372119947924606
20.10264754295349,2.65408130336777
20.105234146118164,2.647552805847264
20.107502698898315,2.6497361242456585
20.109758138656616,2.6526561561413
20.112011909484863,2.653463203127766
20.114267826080322,2.656548339909117
20.116522312164307,2.656278330836097
20.118774890899658,2.6616153313655055
20.121029138565063,2.660833318332829
20.123289346694946,2.6621839597444485
20.125544548034668,2.662287671838721
20.12779664993286,2.6607325864711506
20.130051136016846,2.6613173081061015
20.132304906845093,2.659582216689851
20.134562969207764,2.6589241813330866
20.136818885803223,2.6538965289469396
20.139071702957153,2.655806261993201
20.1413254737854,2.651825267294081
20.143580436706543,2.650462108905567
20.14583396911621,2.6472476300296344
20.14808678627014,2.645791488384186
20.15034031867981,2.6416543294971384
20.15259337425232,2.6388552950448148
20.154850959777832,2.6273426565340348
20.157118558883667,2.6266595872234806
20.159371614456177,2.622680976710436
20.161627054214478,2.6172450324589054
20.16388964653015,2.615400864529713
20.16614603996277,2.609754515857043
20.168399572372437,2.6068344839614013
20.170652151107788,2.6005408287693057
20.172917127609253,2.58109421504667
20.175170183181763,2.580556581086705
20.17742371559143,2.5775513145388738
20.17967677116394,2.571910926331392
20.181931018829346,2.5679043016319634
20.184200763702393,2.5634196476244506
20.186455726623535,2.5592187117598906
20.188710927963257,2.5547793572878073
20.19096279144287,2.5497415721108405
20.1932213306427,2.5392875122174634
20.195475339889526,2.539993827342251
20.197731256484985,2.5366589470695193
20.199983596801758,2.5307974256035597
20.202237844467163,2.5273093613754942
20.204493045806885,2.5221255448014195
20.206745862960815,2.518453898245561
20.209000825881958,2.5173309466041265
20.21125364303589,2.5081655392844127
20.213512659072876,2.5001922250023156
20.215766668319702,2.500222623374775
20.21802067756653,2.496636211471106
20.220274448394775,2.4892023192885304
20.222527742385864,2.4868717773999904
20.2247896194458,2.481384573147842
20.227043867111206,2.479917106618536
20.22929859161377,2.469436820678332
20.23159170150757,2.45003312230505
20.23389768600464,2.4416324426689675
20.23615550994873,2.4271127494708002
20.2384991645813,2.4062135703818286
20.240795373916626,2.391558574623892
20.24311399459839,2.3990085600624753
20.245378255844116,2.4016901733505933
20.247631788253784,2.40371732756106
20.24988627433777,2.4048468357142014
20.25214171409607,2.4083587418030192
20.25444269180298,2.410441328339735
20.256702423095703,2.41232423929265
20.258954763412476,2.4195912384499594
20.2612087726593,2.4153128165379543
20.263463973999023,2.416622330739776
20.265718698501587,2.4183919928541173
20.26797127723694,2.4180123112216365
20.27022409439087,2.4194845461230927
20.272478103637695,2.4195387863563043
20.274736404418945,2.4060496575891563
20.27699089050293,2.407069493182837
20.279247760772705,2.4172231456307345
20.28150200843811,2.4195977949616663
20.283864498138428,2.402172374984309
20.28612518310547,2.402400064754494
20.28838539123535,2.3986723898258675
20.290639638900757,2.4001571417042187
20.292914390563965,2.4000552177495025
20.295169830322266,2.400436091475021
20.29742431640625,2.3988345144789833
20.29967737197876,2.3993614196016098
20.301932096481323,2.399298238670616
20.304202795028687,2.398499536335413
20.306458234786987,2.3970970388766575
20.30871319770813,2.3971560474820195
20.310965538024902,2.383039281730566
20.313223123550415,2.3932060472018777
20.31548261642456,2.393245982318638
20.317737579345703,2.3898556697196565
20.319989919662476,2.390230582979987
20.32224416732788,2.38753347248238
20.324499130249023,2.3830124596372197
20.326751470565796,2.385845468741115
20.329005002975464,2.3853620750143616
20.331257343292236,2.3843487959323877
20.333515644073486,2.383546517318072
20.335768461227417,2.38302736080019
20.338022708892822,2.3825558880038127
20.34027671813965,2.38147704380477
20.34253215789795,2.380385682628832
20.344791173934937,2.382362768931719
20.347044706344604,2.3812982298491274
20.34929871559143,2.3830136517302574
20.35155177116394,2.3808196044945245
20.353806495666504,2.3829975584742495
20.356058597564697,2.382017657997329
20.358312606811523,2.3841622333720007
20.36056613922119,2.3861089213024282
20.362935066223145,2.3884662852843146
20.365190267562866,2.3904213178660054
20.367443084716797,2.3908820618250446
20.369698524475098,2.3829629877761587
20.371955156326294,2.3974767205091383
20.374212980270386,2.397425460508521
20.376468658447266,2.3929276934775943
20.37872052192688,2.390117930187932
20.380975246429443,2.3922559490508974
20.38323140144348,2.395553874439463
20.385486602783203,2.398219990518092
20.387738466262817,2.402368474288997
20.389992475509644,2.404938030831579
20.39224648475647,2.409832168797513
20.39450454711914,2.414126683965526
20.396759748458862,2.41947083705316
20.399012088775635,2.421877076849589
20.401275634765625,2.4247226029303794
20.403533220291138,2.429962447877222
20.40578842163086,2.4321958341831964
20.40804123878479,2.42198674940905
20.410295248031616,2.421971252199561
20.41254949569702,2.444744401543665
20.414804697036743,2.4455264145763413
20.417060375213623,2.450399690914117
20.419312953948975,2.4531176630398823
20.42156744003296,2.458038623099163
20.42382526397705,2.4610480619726256
20.42608070373535,2.4610862089498293
20.428334951400757,2.4701926076641807
20.43059253692627,2.478233871249422
20.432846307754517,2.477429208449031
20.43510413169861,2.479206619168117
20.43735909461975,2.480510768951269
20.439611673355103,2.495321928897134
20.441866636276245,2.4894997465014157
20.444122076034546,2.495248019128802
20.446376085281372,2.4929365507288637
20.448631286621094,2.4953261012227657
20.450883388519287,2.4983260033519272
20.453140258789062,2.5000092387210415
20.45539355278015,2.5027433041028146
20.457648515701294,2.505259812505223
20.459903240203857,2.500225603607369
20.462156534194946,2.500271499189317
20.46441388130188,2.5099590432595065
20.466667413711548,2.512713970269438
20.46892237663269,2.5129887477146085
20.471174955368042,2.515772284957443
20.473429918289185,2.515772881003962
20.475682258605957,2.517916264285596
20.477936029434204,2.500002086162816
20.480196475982666,2.502956688756548
20.482453107833862,2.5032666329463282
20.484718084335327,2.5054934627405956
20.48697257041931,2.487793265318068
20.489763736724854,2.3574444481664236
20.492129802703857,2.2906186927102437
20.4945011138916,2.2785129879132495
20.49683117866516,2.2656866628750163
20.49916934967041,2.2524186673663458
20.501474142074585,2.283054862386568
20.503731727600098,2.295837676028928
20.50598907470703,2.314902819979527
20.508245706558228,2.341341059367783
20.510498523712158,2.3493626534179035
20.51275396347046,2.365502401054192
20.515005111694336,2.3825529077712186
20.517258405685425,2.3969480272469554
20.519510507583618,2.4114897741663186
20.521764755249023,2.422175696155512
20.524016857147217,2.441298656618435
20.526271104812622,2.456081206331397
20.52852463722229,2.4699285590563487
20.53077721595764,2.4824771264168173
20.53303074836731,2.493439017944219
20.535282850265503,2.5054839259962947
20.537537097930908,2.514944376342818
20.5397891998291,2.5253203541422313
20.54204273223877,2.5336572568008013
20.544300317764282,2.54303008830906
20.546553134918213,2.549817866065248
20.54880690574646,2.558760351986927
20.551058530807495,2.5646975713607754
20.553312301635742,2.571211167718311
20.555564165115356,2.5757786721919382
20.557817459106445,2.580671022018316
20.560072422027588,2.5857451660329303
20.562331914901733,2.589123557701535
20.5645854473114,2.592920970072862
20.5668363571167,2.5950875991687297
20.569089651107788,2.593029450539285
20.57134175300598,2.598669838746767
20.57359504699707,2.600017499925792
20.575847148895264,2.600949716681208
20.57810091972351,2.600309562720008
20.580355882644653,2.5994941710822785
20.582607984542847,2.5765636654572086
20.584861040115356,2.573921391239332
20.58711314201355,2.57635802940822
20.58936595916748,2.5756034345154086
20.591617584228516,2.5749209612513733
20.59387183189392,2.5732764689059815
20.596123933792114,2.5727662530858817
20.598377466201782,2.5705394232916143
20.60063099861145,2.5641569571682163
20.602883100509644,2.5635418371608063
20.605472564697266,2.573371240302472
20.607743978500366,2.5609585715482917
20.60999894142151,2.5580260226757554
20.61225438117981,2.555895752417535
20.61450743675232,2.552652067262181
20.616761207580566,2.5495150744336934
20.61901307106018,2.5451353246134905
20.62126636505127,2.5417694499217807
20.623518466949463,2.538452451044613
20.62577223777771,2.5349155110020054
20.628024101257324,2.5307300723469344
20.630277633666992,2.5271907481182514
20.63253092765808,2.5233128694668854
20.634782314300537,2.5200840854745015
20.637036323547363,2.5156405586767865
20.63928723335266,2.5108811272241027
20.641541004180908,2.506800592756342
20.6437931060791,2.503428757599444
20.64604640007019,2.4987670777758453
20.64829969406128,2.4951961630816655
20.650551557540894,2.4908682693085993
20.65280508995056,2.487348018568518
20.65505623817444,2.476615008904339
20.657320737838745,2.475281056795246
20.659574031829834,2.4722292986189482
20.66182851791382,2.4688723646250206
20.66408109664917,2.4655726510968985
20.666334629058838,2.4636748389810132
20.668588638305664,2.4609401775527213
20.670841217041016,2.459033424739054
20.673094511032104,2.4570396491336406
20.675347089767456,2.4543765132876056
20.677600860595703,2.453003222108271
20.67985439300537,2.451916033257965
20.682108879089355,2.4460658366758627
20.684367418289185,2.4312016285898244
20.686620473861694,2.432495645582157
20.6888747215271,2.4220374133631486
20.69112777709961,2.4327859202368165
20.693382024765015,2.4220308568514417
20.695634365081787,2.422070791968202
20.697889804840088,2.4221250322014134
20.70014262199402,2.422082116852059
20.702396154403687,2.4362280888829337
20.704649925231934,2.4374160095949184
20.706902503967285,2.4392703103149307
20.70916175842285,2.4410918284764085
20.711413621902466,2.4429896405922937
20.71366810798645,2.4444201522374334
20.715920448303223,2.4464759166808028
20.71817421913147,2.4475452241355447
20.720427989959717,2.458642418222716
20.72268009185791,2.451552444881492
20.724934101104736,2.4561670370301054
20.727186918258667,2.456647450524265
20.729440212249756,2.4542501514256183
20.731731176376343,2.4380305335558097
20.734030961990356,2.4418845703464234
20.736292839050293,2.442948513382496
20.738579750061035,2.419716408218909
20.740907430648804,2.415008832813362
20.74320411682129,2.405033994321107
20.745498180389404,2.4182805321551
20.74775528907776,2.424916914095511
20.750009775161743,2.4219849612694935
20.752267360687256,2.438131861464007
20.754520177841187,2.4454083973656173
20.756774425506592,2.4513205827856757
20.759026288986206,2.458567316361346
20.76128053665161,2.463147933858387
20.763532638549805,2.4685624204352403
20.765787363052368,2.4749258130700365
20.7680401802063,2.480113801969743
20.770293474197388,2.4953052395946074
20.772547721862793,2.4976161119480267
20.774800062179565,2.4953487509904804
20.777053356170654,2.5000497698843205
20.779310941696167,2.5055280334386865
20.781566381454468,2.5001421570947358
20.78381872177124,2.5107458246643333
20.786075353622437,2.5082305083549628
20.78832983970642,2.504982650873977
20.790584564208984,2.500303089654814
20.79283857345581,2.5162580628702718
20.795090436935425,2.5202086591969324
20.797344207763672,2.5237289099370135
20.799597024917603,2.526980343697112
20.801851272583008,2.5343433063439496
20.8041033744812,2.5320991912006368
20.80635643005371,2.534462515647711
20.80860996246338,2.536542121951833
20.81086254119873,2.5391963171000858
20.813116788864136,2.54114956154222
20.815369367599487,2.5391885684953412
20.81762433052063,2.543617790176605
20.819876194000244,2.5443467550691072
20.82213044166565,2.5444886141405836
20.824384212493896,2.546168273230585
20.826636791229248,2.5469949897521724
20.828892469406128,2.547689383946584
20.83114457130432,2.5391319440760545
20.833399057388306,2.5481346306961337
20.835651636123657,2.5390824722149934
20.837905645370483,2.5485727248874577
20.840158224105835,2.5392559217519666
20.842417001724243,2.5484451709324327
20.844672203063965,2.545050089961301
20.846925020217896,2.5453832799653147
20.849178552627563,2.544708555306024
20.851430654525757,2.5390765117498053
20.853684902191162,2.5429043224935914
20.85594344139099,2.542256419927647
20.85819697380066,2.541445796662068
20.860450744628906,2.539071147331136
20.86270308494568,2.5370088263760597
20.864956617355347,2.5351759833307246
20.867209672927856,2.533301417029073
20.869463205337524,2.531844083290587
20.871716260910034,2.5310710109556926
20.87397074699402,2.5297847425681046
20.876232624053955,2.5289371644183594
20.878484964370728,2.5344762247176438
20.880738258361816,2.527147832768897
20.88299059867859,2.5000801682567797
20.88525414466858,2.5194880389556933
20.887535095214844,2.5183436296395816
20.889789581298828,2.4999597668599804
20.892042636871338,2.5057151920455922
20.8942973613739,2.5055584318111457
20.896552801132202,2.5007984043119436
20.898805379867554,2.503193319224515
20.90105962753296,2.504197061562188
20.903311491012573,2.5046953564519114
20.90556573867798,2.5054934627405956
20.907817363739014,2.505653203207636
20.91007161140442,2.5070193418287445
20.912325143814087,2.5083866725428905
20.9145770072937,2.510094345819276
20.916831493377686,2.5122079267749697
20.919084072113037,2.5129702702725254
20.921338319778442,2.5142064707525336
20.923590421676636,2.514832319597282
20.925844430923462,2.5170478245076926
20.928096771240234,2.5188377522036736
20.930350303649902,2.5206401968765495
20.93260407447815,2.523031535510008
20.934856176376343,2.523487511096896
20.93710970878601,2.5256857306582607
20.939361810684204,2.5266841085772644
20.94161629676819,2.5283625755742283
20.94386911392212,2.5288531218592074
20.946123361587524,2.5307056344396632
20.94837737083435,2.5310215390946316
20.950629472732544,2.5326630512074293
20.952884197235107,2.5331381002829194
20.955137014389038,2.533897463547881
20.957390785217285,2.5366517945112936
20.959644079208374,2.536849681955538
20.9618980884552,2.534680668673595
20.964150428771973,2.5342962186689637
20.966410160064697,2.533225719121184
20.96866464614868,2.533670369824215
20.970916509628296,2.5345239084391484
20.97317099571228,2.5338062684305034
20.975423097610474,2.5340178649446803
20.977676391601562,2.5334075133094207
20.979929447174072,2.5327435174874684
20.982183694839478,2.5322517791094517
20.984437227249146,2.5315251984030245
20.986690044403076,2.530629340485256
20.988944053649902,2.5129947081797965
20.99127960205078,2.374807879305825
20.993661403656006,2.351088208089853
20.995992422103882,2.3743876665100654
20.99826717376709,2.3839893798815464
21.00052237510681,2.3941108458174285
21.002777099609375,2.4031224731352894
21.00503182411194,2.4122050299888884
21.00728440284729,2.420698096835386
21.009537935256958,2.4299272811326125
21.01179027557373,2.4379935786716436
21.014044284820557,2.4465116794719313
21.016298294067383,2.451005274177226
21.018572092056274,2.4439838461856658
21.02084231376648,2.4569186516903225
21.023096561431885,2.463653381306336
21.02535057067871,2.4716326560536213
21.027602672576904,2.4787905786979887
21.029855966567993,2.4864771946045394
21.032121658325195,2.4941828839996916
21.0343759059906,2.500933110825194
21.03662943840027,2.507092655550558
21.038881063461304,2.5146970170375127
21.041134357452393,2.518196406149436
21.04338574409485,2.522888484345494
21.045639276504517,2.52460092599403
21.047893285751343,2.536774580094168
21.050146341323853,2.5345733803002095
21.052401304244995,2.5380936310402906
21.054653644561768,2.5427767685385665
21.056907653808594,2.5456455404335903
21.059162378311157,2.5393185066364414
21.06141710281372,2.5392803596592377
21.063671588897705,2.5555053419477156
21.06592559814453,2.557629055694229
21.068177938461304,2.5593647431569986
21.070441484451294,2.536682192883753
21.072730541229248,2.544732993213295
21.074989795684814,2.539208238030462
21.07724666595459,2.5494030176881575
21.0794997215271,2.551088041196828
21.081753492355347,2.5547698205435063
21.0840060710907,2.5493189751290055
21.086263418197632,2.553863829834918
21.088518142700195,2.554245299606955
21.090771436691284,2.5565090842853886
21.09302520751953,2.5537249509960356
21.095277547836304,2.544640009956361
21.097532033920288,2.5500395953702446
21.09978437423706,2.5512698353850647
21.102357864379883,2.55510301054752
21.104630947113037,2.556305236375956
21.10688543319702,2.5575402447629267
21.109140157699585,2.558757371754333
21.111392974853516,2.5600573492118537
21.113646268844604,2.5605014038683658
21.115898609161377,2.573489257513196
21.118151426315308,2.562303252494723
21.120405435562134,2.562408752728552
21.122658014297485,2.5757309884704336
21.124911546707153,2.5588557194299364
21.127163887023926,2.5622144415634205
21.129417657852173,2.562129206911231
21.131669759750366,2.5626054480797587
21.133923292160034,2.561873502954662
21.13617515563965,2.561452098065865
21.138428926467896,2.5588145922201386
21.140682697296143,2.5609371138736146
21.142934322357178,2.5605264378221557
21.14518713951111,2.5603529882851825
21.147438526153564,2.559021420362165
21.149691581726074,2.5574818322040835
21.151943683624268,2.548590010236503
21.15420913696289,2.549438780479286
21.15646481513977,2.5482502637207824
21.158717393875122,2.5393036054734712
21.160971641540527,2.547505801618791
21.16322350502014,2.5463810618377996
21.16547703742981,2.545453017408015
21.167728900909424,2.544788425539544
21.16998267173767,2.5434729508725344
21.172236680984497,2.541895215737249
21.17448878288269,2.540463511999072
21.176742792129517,2.5391730712858522
21.178995847702026,2.53757387847589
21.18125009536743,2.53663868148788
21.18350100517273,2.5344088714610185
21.18575429916382,2.5331190267943176
21.18800640106201,2.5367394133495584
21.1902596950531,2.5296798383807944
21.192513465881348,2.5282773409220387
21.1947660446167,2.5265154274124417
21.197019815444946,2.504426539471929
21.19927215576172,2.5049403315711416
21.201526165008545,2.504914105524314
21.20377802848816,2.504019439699583
21.206031560897827,2.503267228992847
21.20829486846924,2.5003013015152575
21.210546731948853,2.5033810738779394
21.2128005027771,2.5018337371151134
21.215052604675293,2.501206696177327
21.21730613708496,2.499946057790048
21.219558715820312,2.498932182661555
21.22181463241577,2.4953052395946074
21.224066495895386,2.496042549138373
21.226320028305054,2.492245732813565
21.228622436523438,2.473933395616221
21.23091411590576,2.4743601649236875
21.23318099975586,2.475831207732106
21.235435247421265,2.421943238013177
21.23775625228882,2.43420451095158
21.240050315856934,2.4219998624324637
21.2423677444458,2.4299517190398836
21.244631052017212,2.4339756290883576
21.24688410758972,2.4381080196032547
21.249141931533813,2.4409988452194744
21.251396417617798,2.456345850985748
21.253650426864624,2.450415784170125
21.255903005599976,2.45397418188741
21.258156538009644,2.4590197156691214
21.26041054725647,2.4640664415438702
21.262662887573242,2.4688354097408545
21.26491665840149,2.4717220630314425
21.26716923713684,2.475508746565431
21.269423007965088,2.48024016383173
21.27167534828186,2.4842724185314675
21.27392864227295,2.4978342649739105
21.276194095611572,2.4918177714130607
21.27845048904419,2.4962905044901973
21.280704736709595,2.4998566508122266
21.28295660018921,2.4957796926235787
21.28522515296936,2.500788271521124
21.2874813079834,2.5039747362106723
21.28973650932312,2.5059345371645136
21.291988611221313,2.510283888612257
21.294241905212402,2.5136777774903507
21.296496629714966,2.516826095202696
21.298749208450317,2.5061276562366075
21.3010036945343,2.510914505829156
21.303256034851074,2.514910401691246
21.3055100440979,2.5177815577723455
21.30776309967041,2.5213584329317134
21.310017347335815,2.5343254249483853
21.31227159500122,2.527384463236864
21.314523935317993,2.53045708304132
21.316776752471924,2.5330659786541436
21.319028854370117,2.5355020207765127
21.321282625198364,2.5383761570902057
21.3235342502594,2.5401940989725706
21.325788736343384,2.5417980601546835
21.328041791915894,2.539232675937733
21.33029580116272,2.5390860484941062
21.332550525665283,2.546516960444088
21.334802389144897,2.548950618380382
21.337056636810303,2.5391969131466046
21.339308738708496,2.5508937300316967
21.341562747955322,2.55266756447167
21.343815803527832,2.5549802249646456
21.346070528030396,2.556364244981318
21.348325490951538,2.5583806703544463
21.35057830810547,2.5393059896595465
21.352832317352295,2.575959274287137
21.35509419441223,2.560826845267635
21.3573477268219,2.5612875892266738
21.359599828720093,2.5623914673795065
21.36185359954834,2.563486404834557
21.364105224609375,2.564387627170995
21.3663592338562,2.564866848572117
21.36861300468445,2.5646409469414886
21.37086534500122,2.5648501592695903
21.37311887741089,2.563695617162659
21.375370979309082,2.5645068364747567
21.377624988555908,2.5648740011303426
21.3798770904541,2.5651779848549348
21.38213086128235,2.5660613257958085
21.384385585784912,2.5634452776247594
21.386636972427368,2.5631871894821154
21.388890504837036,2.562144108074201
21.39114260673523,2.5618204548144883
21.393396377563477,2.5619414522578063
21.395648956298828,2.5757965535875025
21.397902965545654,2.559662170369884
21.400155782699585,2.5537630979732393
21.402416944503784,2.541270558985538
21.40467119216919,2.544829552749342
21.40692400932312,2.5443652325111903
21.40917730331421,2.5445112639082983
21.411429166793823,2.544440930419079
21.41368269920349,2.53908426035455
21.415935039520264,2.543421094825398
21.418188333511353,2.5421050241118697
21.420442581176758,2.541675870618328
21.42269468307495,2.540383045719033
21.4249484539032,2.5408747840970496
21.427200317382812,2.539297645008283
21.42945408821106,2.537386719868984
21.431706428527832,2.537352745217412
21.433960437774658,2.5364407940436355
21.43622136116028,2.535775010082127
21.43847346305847,2.5342068116911425
21.440728425979614,2.5324818530657116
21.442980527877808,2.5367835207919502
21.445235013961792,2.536631528929654
21.447487354278564,2.5366893454419785
21.44974160194397,2.5366303368366165
21.451993465423584,2.52834171394607
21.45424723625183,2.5279828939417475
21.456501007080078,2.527760568590232
21.458752393722534,2.5281700525486532
21.461005687713623,2.5283160839457612
21.463257789611816,2.5274232062605866
21.465511322021484,2.527941170685431
21.467763900756836,2.5277647409158637
21.470017433166504,2.5280234251050264
21.472270965576172,2.520748081296454
21.474522829055786,2.507534326020995
21.47677731513977,2.4964228268173727
21.4790301322937,2.4862089736710757
21.481284379959106,2.4763616891338454
21.483536958694458,2.460602219176557
21.48579716682434,2.4402782249782353
21.488123416900635,2.354736608831478
21.490464210510254,2.3680886468993005
21.492736101150513,2.367145105260027
21.49499011039734,2.365908904780019
21.497244596481323,2.366462631995992
21.499496936798096,2.3673954447979266
21.501750946044922,2.367860957129116
21.504003286361694,2.3545732920853246
21.50625967979431,2.343892734514801
21.508514881134033,2.363761945219272
21.510767221450806,2.367086692701184
21.513021230697632,2.363584919403186
21.51527500152588,2.3737910239447384
21.517529487609863,2.3776247951537126
21.519781351089478,2.3818543412511755
21.522035360336304,2.386057065255292
21.524288654327393,2.3911550511306587
21.526541233062744,2.396601724219528
21.52879500389099,2.4017789842818957
21.531047582626343,2.4059489257274778
21.53330111503601,2.4114993109106195
21.53555393218994,2.417473485168634
21.537806749343872,2.42445736222951
21.540059089660645,2.4221584108064667
21.54231286048889,2.435760788412188
21.54456639289856,2.4561831302861132
21.546818256378174,2.4587610314799586
21.54907202720642,2.453766161652346
21.551323890686035,2.4560680933079833
21.553577661514282,2.465350325745383
21.555829763412476,2.4751284688864312
21.558083534240723,2.4972376224085835
21.56033754348755,2.514363827033499
21.562589168548584,2.5305709279264126
21.564842700958252,2.5463095362555426
21.567094326019287,2.560823865035041
21.56934928894043,2.5757649631220056
21.57160234451294,2.5892552839821916
21.573856830596924,2.5976923224559214
21.576109409332275,2.6135257021815423
21.578363180160522,2.6245120316162147
21.58061671257019,2.6330366889282093
21.582869052886963,2.6434096864950285
21.58512258529663,2.651537376825497
21.587375164031982,2.6595297645961957
21.58962893486023,2.6672497591077993
21.591881275177002,2.6563182659528572
21.59413456916809,2.6796356057686337
21.5963876247406,2.6855376583978723
21.598639726638794,2.690000854730708
21.6012282371521,2.696380340621512
21.603495836257935,2.6994475960072988
21.60575222969055,2.6905063021786573
21.6080060005188,2.6734736768571947
21.610260248184204,2.6606050325161257
21.612513780593872,2.6473006781698083
21.614766120910645,2.635088281045947
21.61702013015747,2.6291546379512116
21.6192729473114,2.653839308481134
21.62152647972107,2.644334750692219
21.623778343200684,2.648694234930782
21.62603187561035,2.6529649082380424
21.62828516960144,2.651527840081196
21.630537271499634,2.659218032266859
21.632790565490723,2.65646191316389
21.635042667388916,2.6622584655592996
21.637296199798584,2.6634732083646306
21.6395480632782,2.6637384490655003
21.641801118850708,2.6648029881480917
21.64405345916748,2.665253003269792
21.64630651473999,2.6655808288551364
21.6485595703125,2.6641753511637867
21.65081238746643,2.6571121999159097
21.65307641029358,2.6573237964300866
21.655329942703247,2.6562801189756535
21.65758490562439,2.6539614980174897
21.65983819961548,2.652969676610193
21.662091493606567,2.6503482640204745
21.664344787597656,2.6476100263130697
21.666595935821533,2.644324617901399
21.66884994506836,2.6418408920575254
21.671101331710815,2.63897271620902
21.6733558177948,2.634594158481855
21.675607681274414,2.6316836633305147
21.677860736846924,2.6292327200451755
21.680113077163696,2.6255318672098955
21.682366847991943,2.6208302522695366
21.68462562561035,2.6115951075071226
21.686878442764282,2.6085457335168996
21.68913245201111,2.6021579029748323
21.69138503074646,2.5986459968860145
21.693641185760498,2.5951138252155572
21.69589328765869,2.5781777594301416
21.698148727416992,2.586719106044663
21.700403451919556,2.58291454111511
21.702655792236328,2.5782254431516463
21.704910039901733,2.5750282496247587
21.707162141799927,2.565774031373743
21.709415912628174,2.549159234661965
21.711668491363525,2.55081207165862
21.713922023773193,2.549047773962948
21.716174125671387,2.5460705216015005
21.718429565429688,2.5391569780298444
21.72068476676941,2.541295592939328
21.722936868667603,2.5393673824509837
21.72519063949585,2.53398806261874
21.72748351097107,2.5146392005251883
21.72978377342224,2.5143340247075585
21.732041835784912,2.5147721188988825
21.734299182891846,2.479100522887769
21.73661708831787,2.4766477914628733
21.738913536071777,2.460500295221841
21.741227626800537,2.4726131525770607
21.743487119674683,2.47757464379962
21.745741367340088,2.4825099089753517
21.74799680709839,2.4873223885682094
21.750251531600952,2.4918147911804667
21.75250506401062,2.497711479391036
21.754757165908813,2.503851950627798
21.75701093673706,2.5093248497634946
21.759263277053833,2.5158616919352643
21.76151752471924,2.5220361378235983
21.76377010345459,2.529727522102299
21.76602339744568,2.5357726258960516
21.768277883529663,2.5413540054981714
21.770531177520752,2.5475296434795434
21.772785663604736,2.553810781694744
21.775042295455933,2.575810858703954
21.777296781539917,2.566621609523488
21.77954912185669,2.5756940335862675
21.781804084777832,2.5759449691706857
21.784056901931763,2.581681916914215
21.786312341690063,2.5868937476746736
21.78856611251831,2.591705631221012
21.790817737579346,2.597410392452525
21.793071269989014,2.597902130830542
21.79532289505005,2.606024456742341
21.797576904296875,2.610897733080117
21.79982852935791,2.61501224219945
21.802085161209106,2.6185432217768696
21.804339170455933,2.6208558822698453
21.806592226028442,2.6239589004467607
21.80884623527527,2.627124503508151
21.81109881401062,2.6150044935947054
21.813352584838867,2.617470338043015
21.81560516357422,2.6174244424610666
21.817858934402466,2.6261630804733134
21.82011127471924,2.6280120167746563
21.822365760803223,2.630005196333551
21.824620485305786,2.631077484020887
21.826873064041138,2.633000926137081
21.829126834869385,2.6337441961460346
21.831379175186157,2.617405368972465
21.833633184432983,2.63418169429084
21.835885524749756,2.617243244319349
21.838139295578003,2.6332631866053564
21.840393543243408,2.6319894351946633
21.842644929885864,2.6324883261309058
21.844898223876953,2.6318434037975553
21.847150087356567,2.6308986700652444
21.849404096603394,2.6287511144579785
21.85165572166443,2.6173123857155307
21.85390853881836,2.624386265800746
21.856159687042236,2.621460273439917
21.858421564102173,2.6191619180633925
21.86067509651184,2.6166233559397885
21.862926959991455,2.6127693191491748
21.865180730819702,2.6102879774913763
21.867432832717896,2.615006281734262
21.869686126708984,2.6015672208746934
21.871938228607178,2.598224591997217
21.874191761016846,2.593396019148352
21.876445531845093,2.5889971958395477
21.878697633743286,2.5850167971869467
21.880951404571533,2.580547640388923
21.883203983306885,2.5757077426562
21.88546323776245,2.5672790488337336
21.887717247009277,2.560935325734058
21.889973640441895,2.5547108119381443
21.892236948013306,2.5411787678216418
21.89449453353882,2.5403502631604984
21.896751165390015,2.535705868685945
21.89900302886963,2.531738583056758
21.901256322860718,2.526912990440487
21.90350866317749,2.5224307206190493
21.905762195587158,2.5180026910308233
21.908023357391357,2.514851989132403
21.910276651382446,2.5001576543042248
21.912530183792114,2.495965659137447
21.914781093597412,2.470937665812691
21.9170343875885,2.4506381095216403
21.919286251068115,2.4274507078469645
21.921539783477783,2.4098059427506855
21.923791885375977,2.4028453115040436
21.926045656204224,2.4087652455288464
21.928300857543945,2.408978034136061
21.93055272102356,2.410621930434934
21.932806253433228,2.4172827502826153
21.935058116912842,2.4103250992685674
21.937312841415405,2.410490800200796
21.9395649433136,2.411662031610254
21.941818475723267,2.4119618430092147
21.94407057762146,2.4130073086032042
21.946325063705444,2.4142458932692876
21.94857931137085,2.4154665965398068
21.950831413269043,2.4154707688654384
21.95308542251587,2.41619019701364
21.955336809158325,2.41725533214275
21.957589864730835,2.4171450635367706
21.95984196662903,2.4169924756279557
21.962095737457275,2.4172487756310432
21.9643497467041,2.417007376790926
21.966601848602295,2.419281294260179
21.968854904174805,2.4202152991551515
21.971107006072998,2.4206408763695806
21.97335982322693,2.419434478215513
21.975611925125122,2.4226990249990257
21.97786569595337,2.4224939849965557
21.980117321014404,2.4222710635985214
21.98237133026123,2.422781279418621
21.984625101089478,2.417112280978236
21.986939907073975,2.3403170514484706
21.98927879333496,2.3548683351121347
21.9915452003479,2.3604789209936765
21.99380087852478,2.3658665854771836
21.99605917930603,2.369923874130711
21.998319387435913,2.3805585361192865
22.00057291984558,2.378490850745541
22.002825021743774,2.3779359314365305
22.005078554153442,2.3831119994058607
22.007330656051636,2.39040403251696
22.009584665298462,2.3951789611791328
22.01183772087097,2.399409699369633
22.01409077644348,2.3997601747226924
22.01634383201599,2.387306378758714
22.018595218658447,2.395367907925595
22.020849466323853,2.398435163311382
22.023101091384888,2.401607322884479
22.025355100631714,2.417130758420319
22.027606964111328,2.4085810671545347
22.029860973358154,2.411150027650598
22.032113313674927,2.4194887184487244
22.03436803817749,2.41547494119107
22.03662133216858,2.416563322134414
22.03887367248535,2.4161580105016243
22.04112696647644,2.419337918679466
22.043378591537476,2.421245863586171
22.045632123947144,2.419719984498022
22.047885179519653,2.42195158266444
22.050140142440796,2.4220034387115765
22.052393913269043,2.4236526994291188
22.054646253585815,2.4220105912698022
22.05690026283264,2.4237808494306625
22.059152126312256,2.4221250322014134
22.061406135559082,2.4242845087390554
22.063658237457275,2.4244031219962983
22.065911769866943,2.4251046687489355
22.068163633346558,2.4222120549931594
22.070433378219604,2.3976901051628716
22.0727219581604,2.4024698021971944
22.074978590011597,2.4033930782548283
22.077232599258423,2.404758024782899
22.079485416412354,2.4043521171035906
22.081738471984863,2.4061396606134964
22.083990335464478,2.401852894050228
22.08625102043152,2.4018099787008738
22.08850622177124,2.4020066740520805
22.090758323669434,2.403682756862969
22.09301209449768,2.4172475835380056
22.095264434814453,2.4061587341020982
22.097519159317017,2.4081435690097295
22.100083351135254,2.4171134730712738
22.102354526519775,2.419632365659757
22.104613065719604,2.4060556180543444
22.10686707496643,2.4081149587768267
22.109121799468994,2.4105891478763994
22.111374378204346,2.412827898601043
22.113628149032593,2.414627363041325
22.115880250930786,2.4171855947000496
22.118134260177612,2.4044802671051344
22.12038779258728,2.4094143401878285
22.122640132904053,2.411124397650289
22.12489342689514,2.414046217685487
22.127144813537598,2.416143705385173
22.129398584365845,2.4192497037946823
22.131650924682617,2.421239307074464
22.133904457092285,2.4220248963862536
22.13615655899048,2.4219623115017788
22.138423919677734,2.422004630804614
22.14067769050598,2.4307063139326948
22.142930030822754,2.4328610220981863
22.145183086395264,2.435894302832401
22.147435665130615,2.4378970191355966
22.149689435958862,2.433608464432772
22.15195083618164,2.4378946349495214
22.15420699119568,2.4411764670820792
22.156461715698242,2.4437913231600907
22.158713579177856,2.447232895759689
22.160966873168945,2.4415954877848014
22.163219213485718,2.4530544821088887
22.165472507476807,2.4561539240066916
22.16772484779358,2.458237702636445
22.169978380203247,2.460928256622345
22.172232151031494,2.4630644873457537
22.174485445022583,2.465456422025731
22.17673897743225,2.467913921822777
22.178990602493286,2.475604710054959
22.181244134902954,2.4735251037508372
22.183496236801147,2.475586232612876
22.185750007629395,2.4783381793902133
22.188002824783325,2.480349836391191
22.190256118774414,2.497752010554315
22.192511558532715,2.48586684296928
22.19476342201233,2.488318382301138
22.197016954421997,2.4885436878852474
22.19926953315735,2.4977293607866002
22.201523780822754,2.4931135765449497
22.203775644302368,2.494275271210107
22.20603036880493,2.4961569900699843
22.208284378051758,2.4980208275342974
22.210536003112793,2.499771416160037
22.212789058685303,2.501910031069521
22.215041399002075,2.5000932812801935
22.21729564666748,2.500098049652344
22.21954846382141,2.5002172589561056
22.221802949905396,2.4902901041853553
22.22405481338501,2.4914976944324607
22.226354360580444,2.47616439773612
22.228649854660034,2.4756094784271094
22.230907678604126,2.4603179049870856
22.233235597610474,2.447476082739363
22.23552918434143,2.4527046028023483
22.237797021865845,2.433890394436168
22.240092515945435,2.4415829708079064
22.24236512184143,2.452600294661557
22.244619369506836,2.457513506116093
22.246875047683716,2.463837559680648
22.249130487442017,2.469617422773531
22.251383066177368,2.475763258428962
22.253637313842773,2.4792662238199976
22.255889654159546,2.484377322718778
22.258143186569214,2.49513894261586
22.26039695739746,2.4940058581836055
22.262649059295654,2.499302923596254
22.2649028301239,2.503136694805228
22.267154932022095,2.507782281372819
22.269408464431763,2.510311306752122
22.271660566329956,2.5136229412106204
22.273919582366943,2.5170943161361596
22.276172637939453,2.520502510130705
22.278429985046387,2.5224646952706213
22.280685424804688,2.5246211915756693
22.282939434051514,2.5278267297538197
22.285194635391235,2.534307543552821
22.28745150566101,2.5272712143982905
22.28973150253296,2.5272461804445006
22.291984796524048,2.534295622622445
22.29423952102661,2.532334629575566
22.29649329185486,2.534027401688981
22.29874539375305,2.534494106113208
22.300999402999878,2.5360873384579823
22.30325222015381,2.536247078925023
22.305506467819214,2.5375440761499495
22.307759284973145,2.5370600863766772
22.310014247894287,2.5381186649940806
22.31226897239685,2.5378087208043003
22.314521074295044,2.539053265935572
22.316775798797607,2.538611595465135
22.319029808044434,2.537927930108062
22.321287393569946,2.5359156770605655
22.323538780212402,2.5342384021566393
22.32579255104065,2.5251582294891155
22.328045129776,2.525053921348324
22.33029818534851,2.5198295736109704
22.33255171775818,2.5367513342799346
22.334803819656372,2.5239375262185963
22.3370578289032,2.5368484898625003
22.339309692382812,2.5239399104046716
22.3415629863739,2.5210186864159927
22.343815326690674,2.5201252126842992
22.346070051193237,2.5195124768629644
22.348324060440063,2.5187948368543194
22.350576162338257,2.518804969645139
22.352830171585083,2.5175645968394993
22.355082750320435,2.516937555901713
22.35733699798584,2.5161555428690368
22.359589099884033,2.5000777840707045
22.361843585968018,2.514791788434003
22.36409568786621,2.5139215605165433
22.3663489818573,2.5125125065460807
22.368602752685547,2.500159442443781
22.37085461616516,2.510529459778006
22.37310814857483,2.508907617200329
22.375360250473022,2.5086882720814074
22.377614498138428,2.507763207884217
22.379867553710938,2.5071033843878965
22.382121324539185,2.5057205564642615
22.384374380111694,2.5031134489909945
22.386626720428467,2.503292858993156
22.388880491256714,2.5023964050288683
22.391132593154907,2.500203549886173
22.393385887145996,2.5008603931498996
22.39563798904419,2.5000938773267123
22.397891759872437,2.4990001319646993
22.40014410018921,2.4981579182336233
22.402397632598877,2.496909796823239
22.404651403427124,2.4967434998444915
22.406904220581055,2.4957147235530286
22.40915846824646,2.4952492112218394
22.411410331726074,2.494943439357691
22.41366410255432,2.493979632136778
22.415916681289673,2.492531835142593
22.41816997528076,2.492155133742706
22.420423984527588,2.4976035949711317
22.422675609588623,2.491720615830495
22.424928903579712,2.46123581662605
22.427180767059326,2.478535470787939
22.429434537887573,2.4611452175551913
22.431686878204346,2.4799129342929045
22.433943033218384,2.4951592081974994
22.436203718185425,2.4612376047656066
22.438457012176514,2.480936942212217
22.44071078300476,2.4807706452334695
22.44296360015869,2.4803724861589056
22.44521713256836,2.4818828680375655
22.44746971130371,2.4807652808148
22.449723720550537,2.497766911717285
22.451975345611572,2.482101617109968
22.4542293548584,2.4825796464180523
22.456483125686646,2.4833688120089543
22.45873522758484,2.495397030758504
22.460991144180298,2.4855878931984776
22.463242769241333,2.48448639923172
22.465496063232422,2.485060988075851
22.467748641967773,2.4858096225034743
22.470003128051758,2.486599384140895
22.472256660461426,2.487332521359029
22.4745090007782,2.4884524927678697
22.476762294769287,2.4893984185932183
22.47901463508606,2.4976256486923276
22.48126769065857,2.49111801279998
22.483545780181885,2.4186709426249196
22.48587918281555,2.4111941350929897
22.488168478012085,2.421105792654251
22.49045491218567,2.427368453427369
22.492711067199707,2.4339637081579815
22.49496340751648,2.4399581479976353
22.497216939926147,2.4463054473764236
22.49946904182434,2.45158343930047
22.50172233581543,2.4581059763557884
22.503974676132202,2.463684375725314
22.506228923797607,2.4611696554624625
22.508482217788696,2.4756285519157113
22.51073431968689,2.4817183591983745
22.512987852096558,2.4873289450799163
22.515239477157593,2.4934807412005355
22.517493724822998,2.499358951969022
22.51974582672119,2.504332960168476
22.52199912071228,2.51055747396439
22.52425217628479,2.5159457344944163
22.526504039764404,2.515986861704214
22.52876567840576,2.4972537156645913
22.53101921081543,2.497684061251171
22.53327465057373,2.484872041329389
22.535526275634766,2.483282385263727
22.537779092788696,2.491148411172439
22.54003143310547,2.4977162477631865
22.542285442352295,2.5060942776315542
22.544538736343384,2.511831225375083
22.546790838241577,2.518420519640508
22.549044609069824,2.5240328936616057
22.55129647254944,2.52978712675418
22.553550958633423,2.534621064021714
22.555802822113037,2.5394430803588723
22.558056831359863,2.544922536006276
22.560310125350952,2.5481483397660663
22.562561988830566,2.5522616567923615
22.564817428588867,2.555774754974217
22.56707000732422,2.5580409238387256
22.569324731826782,2.5609591675948105
22.571577310562134,2.563772507163585
22.57383108139038,2.56467015322091
22.576083183288574,2.5665274341735165
22.578336715698242,2.5672450741821615
22.58059000968933,2.568079539308493
22.582841634750366,2.5689604960632915
22.585095643997192,2.5685665093143593
22.587348222732544,2.567650385814951
22.58960199356079,2.5757214517261326
22.591854095458984,2.5662234504489243
22.594110250473022,2.5586494873344288
22.59636378288269,2.5758394689368567
22.598939657211304,2.564341135542528
22.601210355758667,2.561196394109296
22.603463649749756,2.558870024546388
22.605718851089478,2.556881017313125
22.607970714569092,2.55411774565193
22.61022400856018,2.5512358607334926
22.61247754096985,2.547975486275612
22.61472988128662,2.5456145460146122
22.616983652114868,2.542427485278545
22.619235038757324,2.5395980524537625
22.621488571166992,2.5379535601083707
22.623740673065186,2.5333794991230367
22.625994205474854,2.530078593501877
22.628248691558838,2.5276044044023043
22.63050127029419,2.503929436675243
22.63275456428528,2.4958708877409563
22.635006427764893,2.4972066279896055
22.63726043701172,2.4960169191380643
22.63951277732849,2.494564353771729
22.64176630973816,2.4929305902636756
22.64401865005493,2.490666805585242
22.646273136138916,2.4953696126186387
22.6485276222229,2.478687462650235
22.650790452957153,2.479146418469717
22.65304708480835,2.4779990289210114
22.65530014038086,2.477571067520507
22.657554864883423,2.476741370766326
22.659807443618774,2.4721750583857367
22.662060737609863,2.4694189392827677
22.66431474685669,2.4611875368580267
22.666566848754883,2.471480664191325
22.66882038116455,2.4612256838352304
22.671072959899902,2.4721345272224577
22.67332673072815,2.472873028859261
22.675578594207764,2.473920282592807
22.67783236503601,2.474131879106984
22.680084705352783,2.4747696488821087
22.682337999343872,2.4758240551738804
22.684591054916382,2.4612167431374483
22.686847925186157,2.4706038797621583
22.689106225967407,2.478248772412392
22.69136142730713,2.4722906914103855
22.693615674972534,2.4740025370124026
22.69586992263794,2.474550899809706
22.698124170303345,2.4763491721569504
22.700378894805908,2.4757340521495403
22.702630758285522,2.477260527284208
22.704883813858032,2.479062375910565
22.707135677337646,2.4609675956925865
22.709389209747314,2.4804690456949525
22.71164107322693,2.481518087568055
22.713894605636597,2.4828341582815834
22.716147422790527,2.48070031174425
22.718411445617676,2.482204733157722
22.720690965652466,2.4693110548628634
22.722946882247925,2.4676540455405767
22.725295543670654,2.4563088961015818
22.727585077285767,2.456053192145013
22.72985315322876,2.4239727764097188
22.732162475585938,2.4104764950843447
22.734508514404297,2.4026492121993557
22.736781358718872,2.4134066597708057
22.73903489112854,2.420440604739261
22.741288423538208,2.427576473662433
22.7435405254364,2.4349042695646608
22.745797872543335,2.441503100574386
22.748051166534424,2.446755462498124
22.75030541419983,2.4535319153704545
22.752558946609497,2.459564502187312
22.75481128692627,2.464946206205631
22.75706458091736,2.4704256618530347
22.75931668281555,2.4755820602872443
22.7615704536438,2.4813023187282464
22.76382279396057,2.4858424050620087
22.76607608795166,2.490508853257758
22.76832938194275,2.4975737926451913
22.7705819606781,2.4985173342844647
22.772839546203613,2.5025019052626973
22.77509331703186,2.504868209942366
22.77734875679016,2.50895708906139
22.779601335525513,2.5125691309653675
22.78185486793518,2.515346111696495
22.78410768508911,2.517201604509545
22.7863609790802,2.519923748960942
22.78861427307129,2.5217470552619763
22.790866136550903,2.5240990548251934
22.79312014579773,2.5246432452968652
22.795372009277344,2.5268802078819523
22.797624826431274,2.527145448582822
22.79987597465515,2.5292357837242823
22.802130222320557,2.530081573734471
22.804383993148804,2.5301024353626294
22.806636810302734,2.5306764281602416
22.80889105796814,2.530948821419337
22.81114387512207,2.531370822354653
22.813398838043213,2.534459535415117
22.815650939941406,2.5312045253759057
22.81790542602539,2.5305178797862387
22.82015824317932,2.530771795603251
22.82241678237915,2.534198467039879
22.82467007637024,2.5296416914035906
22.82692289352417,2.5297096407067348
22.829176425933838,2.528819743254154
22.83142876625061,2.5278392467307147
22.8336820602417,2.5344702642524557
22.835934162139893,2.5106015814067817
22.83818793296814,2.5140288488899287
22.84044122695923,2.514003814936139
22.842692375183105,2.5148960965747946
22.84494638442993,2.514761390061544
22.847198963165283,2.509970368143364
22.84945297241211,2.5125756874770744
22.85170578956604,2.5122872009619712
22.853959321975708,2.512480916080584
22.85621976852417,2.50030010942222
22.858471870422363,2.5116392983960267
22.860724925994873,2.5114253176957746
22.862977027893066,2.511498631417588
22.865230321884155,2.5112149132746353
22.86748242378235,2.5101426255872994
22.869735956192017,2.5106170786162707
22.871994972229004,2.510376275822672
22.874249696731567,2.5107941044323567
22.876503944396973,2.5102236879138573
22.878756761550903,2.5085881362662477
22.881011724472046,2.5000968575593063
22.883265018463135,2.500240504770339
22.885518789291382,2.500299513375701
22.88777446746826,2.5002333522121134
22.890031576156616,2.5027468803819275
22.8922860622406,2.5038036708597744
22.894538640975952,2.5042018299343383
22.896791696548462,2.5044521694722377
22.899044036865234,2.504883111105336
22.901297569274902,2.5002959370965883
22.903550386428833,2.504873574361035
22.90580415725708,2.505737841813307
22.908055782318115,2.5072053083426127
22.910308837890625,2.5089678178987285
22.91256308555603,2.510072888144599
22.914814710617065,2.510834039549117
22.917068481445312,2.512300313985385
22.919321060180664,2.512726487246333
22.92157506942749,2.500104606164051
22.923826932907104,2.515498103558791
22.92608070373535,2.5160220284488237
22.92833399772644,2.5174495598613693
22.930585622787476,2.5003007054687387
22.93283987045288,2.520523967805382
22.935092210769653,2.5193443917446605
22.937346935272217,2.500179111978902
22.93959903717041,2.5089278827819683
22.941852569580078,2.500042617326095
22.94410467147827,2.5068667539199296
22.946358680725098,2.510834039549117
22.948612451553345,2.5119510307253634
22.950865030288696,2.5126555577105947
22.953119039535522,2.5186142347591205
22.955370903015137,2.5166097303163686
22.957624435424805,2.5188621901109447
22.959876537322998,2.5196579122135536
22.962130069732666,2.519778313610353
22.964383363723755,2.5244811206437494
22.96663546562195,2.5342783372733995
22.968889236450195,2.5287631188348674
22.971142053604126,2.5342127721563306
22.97339653968811,2.531420890262233
22.975648164749146,2.53277272376689
22.977901697158813,2.5337186495922386
22.98015332221985,2.5071999439239434
22.982492446899414,2.4586674521765057
22.98482918739319,2.478028235200433
22.987091064453125,2.479138073818454
22.98934769630432,2.4837788920138943
22.991602182388306,2.4890038357977673
22.99385690689087,2.4977663156707663
22.99610948562622,2.4976167079945455
22.998363971710205,2.5001981854675037
23.000617265701294,2.507620156719703
23.002869129180908,2.5117948665374357
23.005122661590576,2.516017856123192
23.00737452507019,2.519430222443369
23.00962781906128,2.5342658202965045
23.011879444122314,2.5273272427710585
23.014132738113403,2.5343874137863414
23.01638627052307,2.5350955170506855
23.018638372421265,2.5373014852167945
23.02089238166809,2.539261286170636
23.023144483566284,2.5437739543645326
23.025398015975952,2.545929258576543
23.027650117874146,2.5490054546601124
23.029903173446655,2.5393626140788332
23.03215527534485,2.539205257797868
23.034421920776367,2.552219337489526
23.036675691604614,2.5532439414553574
23.03892731666565,2.5472238716153948
23.04118037223816,2.5416210343385974
23.043432474136353,2.5451567822881676
23.045686721801758,2.546062176950237
23.047938585281372,2.5460770781132074
23.05019211769104,2.5466391499804435
23.052446842193604,2.5450417453100376
23.054699182510376,2.5462821181156774
23.056952714920044,2.545376127407089
23.059205532073975,2.5450351887983307
23.061460256576538,2.5449237280993136
23.06371235847473,2.543325727382389
23.06596541404724,2.5393405603576373
23.06822681427002,2.539102737796633
23.070483684539795,2.5148555654115157
23.072768926620483,2.5196900987255693
23.07502508163452,2.520302834546904
23.07727885246277,2.52005487919508
23.079530715942383,2.519817652680594
23.081784963607788,2.519566717096176
23.084036827087402,2.5154116768135637
23.086298942565918,2.5123956814283943
23.088556051254272,2.5121191158436673
23.090808629989624,2.5118663921196926
23.093062162399292,2.512856425387433
23.095314741134644,2.5137463228400136
23.09787654876709,2.515762748213142
23.1001455783844,2.5148686784349294
23.10240125656128,2.514811457969124
23.10465693473816,2.51520842495065
23.10690999031067,2.515255512625636
23.109164237976074,2.500069439419441
23.111417531967163,2.5157740730969995
23.11367177963257,2.5001344084899912
23.1159245967865,2.517705263817938
23.118178367614746,2.5147476809916114
23.120432138442993,2.5178346059125194
23.12268352508545,2.5185266159208557
23.124937057495117,2.520041766171666
23.12718915939331,2.521294059907682
23.12944197654724,2.53437310866989
23.131693840026855,2.534339134018318
23.133947610855103,2.5238040117983833
23.136207818984985,2.5242158799428798
23.138460874557495,2.5255396992611527
23.140713930130005,2.5241670041283375
23.1429660320282,2.5116333379308386
23.145219326019287,2.500191032909278
23.147470951080322,2.5118669881662115
23.149735927581787,2.5146600621533466
23.151989221572876,2.515367569371172
23.154244661331177,2.516711058224566
23.156498432159424,2.517325582185457
23.15874981880188,2.5202611112905875
23.16100311279297,2.518768610807492
23.16325545310974,2.519566717096176
23.165509700775146,2.52203017735841
23.16776132583618,2.5242635636643844
23.17001438140869,2.534320656576235
23.17226791381836,2.5344458263451846
23.174520254135132,2.5314131416574885
23.176774978637695,2.534221116807594
23.17902708053589,2.5364688082300195
23.181280374526978,2.5400820422270347
23.183532238006592,2.542140786902998
23.185786485671997,2.5434878520355046
23.188039302825928,2.5390860484941062
23.19029402732849,2.548566168375751
23.192548036575317,2.551983303068078
23.19480013847351,2.5493153988498927
23.197085857391357,2.543598120641484
23.199342489242554,2.5466826613763165
23.20161747932434,2.535503808916069
23.20387887954712,2.539145653145987
23.206135511398315,2.544589346002262
23.20838952064514,2.5480547604626134
23.210641622543335,2.5391975091931234
23.21289587020874,2.555342621248081
23.215147972106934,2.5585845182638787
23.217403650283813,2.558813400127101
23.219655752182007,2.562228150633353
23.221909284591675,2.5440409832049586
23.22423791885376,2.5393369840785245
23.226531982421875,2.522869410856892
23.228854179382324,2.514810861922605
23.231159687042236,2.507009209037925
23.233441829681396,2.5177630803302624
23.2356960773468,2.5231936601631237
23.237950325012207,2.5293120776786897
23.24021005630493,2.53635853962404
23.242461919784546,2.542383377836153
23.24471879005432,2.5338640849428278
23.246971607208252,2.540417020370605
23.249226570129395,2.5492754637331325
23.25147843360901,2.5529328051725395
23.25374174118042,2.5439706497157393
23.256012201309204,2.5539854233247548
23.25827169418335,2.57347733658282
23.260525703430176,2.5718692030750754
23.262778520584106,2.578862616880252
23.265031814575195,2.578220674779496
23.26728391647339,2.5909403074908623
23.2695369720459,2.5974741694300376
23.271794319152832,2.6032951597327183
23.274048566818237,2.6086047421222616
23.276302099227905,2.6123759284467614
23.27855396270752,2.6207313085474144
23.280808448791504,2.6258424074461946
23.28306746482849,2.6172039052491076
23.285321712493896,2.630005196333551
23.287577390670776,2.617426230600623
23.289833545684814,2.6352539819781757
23.292085647583008,2.653969246622234
23.294339656829834,2.6425078681120717
23.29659390449524,2.6446220451142843
23.298845767974854,2.6467225130465644
23.30109977722168,2.6515636028723244
23.30335235595703,2.651580292174851
23.30560541152954,2.6486024437668854
23.30785822868347,2.6490149079579006
23.310112714767456,2.650322037973647
23.312366724014282,2.6540431563905664
23.314619064331055,2.651089745889872
23.316872358322144,2.6496342002909423
23.31912398338318,2.651378232404975
23.32137703895569,2.643013315560021
23.3236300945282,2.642397599506092
23.325883865356445,2.6412967015858535
23.32813596725464,2.640747742742031
23.330389261245728,2.638387994574069
23.332642555236816,2.637458758051247
23.33489465713501,2.634420708944882
23.337148189544678,2.6318267144950287
23.339400053024292,2.6297572409817267
23.341654300689697,2.6273676904878247
23.34390687942505,2.6267191918753614
23.346160411834717,2.617342188041471
23.348414421081543,2.6101252567917417
23.350666522979736,2.609747959345336
23.352919816970825,2.6079753169984
23.355172872543335,2.6074829825738646
23.357425928115845,2.612345530074302
23.35967779159546,2.607403708386863
23.36193084716797,2.606203866744502
23.364182472229004,2.606048894649612
23.366442441940308,2.6062587030242326
23.368695497512817,2.60615499092996
23.370948314666748,2.606655670005759
23.373201847076416,2.607437683038435
23.37545371055603,2.607906771648737
23.37770676612854,2.6083281765375346
23.379959106445312,2.6149299877798544
23.38221263885498,2.609863592369985
23.38446617126465,2.608945084684501
23.386717319488525,2.6106360686583603
23.38897180557251,2.611370397969532
23.39122462272644,2.6147464054520615
23.393478393554688,2.612594677519164
23.39573097229004,2.6129791275237952
23.397984981536865,2.6147464054520615
23.400238752365112,2.6147303121960537
23.402491092681885,2.6124438777499055
23.404744863510132,2.6158967752333613
23.406997203826904,2.6169118424548916
23.409250497817993,2.61788280223403
23.411502599716187,2.6194408678341947
23.413755893707275,2.620138838307719
23.416007041931152,2.621409609485818
23.41826033592224,2.6172229787377095
23.420514583587646,2.6245346813839294
23.42276620864868,2.6252272874387845
23.425018787384033,2.6284185205004835
23.42726993560791,2.6295378958628053
23.429523706436157,2.6318362512393296
23.43177580833435,2.6174613973452328
23.434029817581177,2.6368245645552353
23.436283826828003,2.638823704579318
23.43853521347046,2.641061859257443
23.440788507461548,2.6425549557870576
23.443040370941162,2.6453212076808463
23.44529366493225,2.647913413991143
23.447545528411865,2.649377304241336
23.449799060821533,2.6357242626815154
23.452051401138306,2.6431146434682184
23.45431160926819,2.6540085856924756
23.45656704902649,2.648192959808464
23.45881938934326,2.651496249615699
23.46107292175293,2.6546713894213902
23.463325023651123,2.6576468536432807
23.465578079223633,2.661080081591616
23.467830657958984,2.6633361176653048
23.470083713531494,2.667029817942359
23.4723379611969,2.669195254945189
23.474589347839355,2.670938691012703
23.476842880249023,2.6538536135975854
23.479161739349365,2.584371874853596
23.481502056121826,2.60760040373807
23.483766555786133,2.6104524863305674
23.486028909683228,2.6103302967942117
23.488293409347534,2.611217810060717
23.49054789543152,2.614126517072501
23.49280309677124,2.6172229787377095
23.49505591392517,2.6212933804146505
23.497310400009155,2.6238605527711574
23.499562740325928,2.6247981339452426
23.501816272735596,2.6268056186205886
23.504069328308105,2.6242014913799157
23.50632381439209,2.6265409739662378
23.508577346801758,2.627531007233978
23.51082944869995,2.61735768525096
23.513082265853882,2.627917245378166
23.515334129333496,2.6290366207404876
23.5175883769989,2.617233111528529
23.519839763641357,2.6319584407756853
23.522093772888184,2.6273241790919517
23.524346828460693,2.6174679538569396
23.526599407196045,2.617364241762667
23.528853178024292,2.624483421383312
23.531105279922485,2.6235428599766326
23.533357858657837,2.617301656878192
23.53560972213745,2.621248080879221
23.5378634929657,2.6203730845896107
23.540115356445312,2.6191863559706636
23.542376041412354,2.6190033696893895
23.54462957382202,2.6172569533892815
23.546881198883057,2.616189434074096
23.549134016036987,2.6155951756948443
23.551387310028076,2.6014712573851653
23.553641080856323,2.5851443511419716
23.555893659591675,2.5897190081738244
23.55814790725708,2.589024017932894
23.560401678085327,2.5893738972394345
23.562654733657837,2.5929013005377413
23.564908027648926,2.58984119771018
23.567161083221436,2.5895354258460315
23.569414854049683,2.5864902241814405
23.571667909622192,2.586212466503676
23.573922157287598,2.5782892201291587
23.57617425918579,2.5781712029184347
23.578428983688354,2.585833380917714
23.580682516098022,2.584999511837901
23.582935094833374,2.5819495418011598
23.585188388824463,2.5808718896951546
23.587440490722656,2.5794795250272187
23.58969473838806,2.5758609266115338
23.591946601867676,2.575844833355526
23.594199657440186,2.57504255474121
23.596776008605957,2.5749209612513733
23.599045276641846,2.57271201285267
23.60130000114441,2.570267626079038
23.60355305671692,2.568188019774916
23.605806589126587,2.566165037890081
23.608058214187622,2.5587287615214303
23.610312700271606,2.5624659731943575
23.612566232681274,2.561034865502699
23.61481809616089,2.5734880654201584
23.61707305908203,2.5559809870697245
23.619325399398804,2.55347759169073
23.62157964706421,2.5511518181743407
23.623831748962402,2.5481608567429612
23.626086473464966,2.545137112753047
23.62834072113037,2.5423482110915434
23.630592584609985,2.5367298766052575
23.632846355438232,2.5356516284527335
23.635098218917847,2.5320252814323045
23.637351989746094,2.5282403860378726
23.639604091644287,2.524261775524828
23.641857385635376,2.5342556875056848
23.64410924911499,2.516869606598569
23.64636254310608,2.5065615781023
23.648627996444702,2.504721582498739
23.65088200569153,2.5001600384903
23.653135776519775,2.4937519423665933
23.655388355255127,2.4723085728059497
23.657642364501953,2.4757793516849698
23.659894943237305,2.471089657674987
23.66214871406555,2.4692639671878776
23.66440224647522,2.4674895367013856
23.666654586791992,2.4611142231362133
23.66890859603882,2.4619778945419664
23.671162128448486,2.4601653170782707
23.673415899276733,2.4575617858841166
23.675668001174927,2.4558934516779725
23.677921533584595,2.454537445847684
23.680173873901367,2.451782518837752
23.682438373565674,2.4491122304334914
23.684691905975342,2.444483929214946
23.686946868896484,2.436611942841046
23.68923282623291,2.437286667500337
23.69148564338684,2.435571245619207
23.693740129470825,2.4344584267685923
23.695992946624756,2.433598927688471
23.698248386383057,2.433300308382548
23.700502634048462,2.431830457667167
23.702754735946655,2.4220541026656752
23.705008268356323,2.4315312423147253
23.707260608673096,2.4310305632389264
23.709514141082764,2.4221148994105937
23.711766242980957,2.421949198478365
23.714020013809204,2.436528496328413
23.716274976730347,2.433113149775642
23.71852707862854,2.4221685435972864
23.720781087875366,2.4310305632389264
23.723074674606323,2.4133226172116538
23.725374698638916,2.4164584179471036
23.727633714675903,2.415221025374058
23.729942321777344,2.389636920647254
23.73229146003723,2.386103556883759
23.73459815979004,2.37971155401606
23.736873865127563,2.389895008789898
23.73912811279297,2.396374034449343
23.741381406784058,2.4170866509779274
23.74363660812378,2.4171957274908693
23.745891094207764,2.416494180738232
23.748143196105957,2.423248579889367
23.750396490097046,2.42982356903834
23.752650499343872,2.4358960909719576
23.754902839660645,2.441639595227193
23.757156133651733,2.421892574059078
23.759408235549927,2.4450591141055957
23.761662006378174,2.4497178136966005
23.763913869857788,2.4571230956462737
23.766167402267456,2.462911899436939
23.768421411514282,2.468314465083416
23.77067756652832,2.473429140261309
23.77293109893799,2.4610426975539563
23.77518320083618,2.481592593382906
23.77743911743164,2.4953117961063143
23.779690980911255,2.4909117807044723
23.781944751739502,2.4954131240145117
23.784204721450806,2.499475777086708
23.786457061767578,2.5002834201196933
23.788710355758667,2.505799234604744
23.79096269607544,2.5001582503507436
23.79321599006653,2.514941992156743
23.795467376708984,2.51342803399897
23.79772114753723,2.500269115003242
23.799973487854004,2.5179901740539283
23.802228927612305,2.518476548013276
23.80448317527771,2.51922458639438
23.80673623085022,2.5367954417223264
23.808990478515625,2.521086039672618
23.811242818832397,2.519703211748983
23.813496828079224,2.534481589136313
23.815749168395996,2.5206831122259037
23.818002700805664,2.536784116838469
23.820255994796753,2.5191679619750933
23.822508335113525,2.500063478954253
23.824761867523193,2.5164088626395302
23.82701349258423,2.5149020570399827
23.829266786575317,2.5129702702725254
23.831519842147827,2.510764898152935
23.833773374557495,2.5090041767363758
23.83602499961853,2.5069513925256004
23.83827781677246,2.5048103934300414
23.84053134918213,2.50019997360706
23.84278392791748,2.500647604542685
23.84503746032715,2.4984744189351105
23.847289562225342,2.4939623467877325
23.849544048309326,2.4976822731116144
23.85179591178894,2.489368020220759
23.85404920578003,2.4865087850700363
23.856302976608276,2.48413115550651
23.858555555343628,2.461127336159627
23.860808849334717,2.4665453990155934
23.86306142807007,2.4636080817709067
23.865314722061157,2.462911899436939
23.867566108703613,2.4616911961664196
23.86982011795044,2.460105116379871
23.87207269668579,2.458082134495036
23.8743257522583,2.4555978126046436
23.876579999923706,2.4542471711930243
23.87883234024048,2.4529436174563903
23.88108539581299,2.4516567530222835
23.88333773612976,2.448908382524059
23.885592699050903,2.4419405987191913
23.887847661972046,2.4220278766188477
23.890103101730347,2.4371579214522745
23.89235758781433,2.4356731695739233
23.894611835479736,2.425970128294245
23.89686870574951,2.4265518696966017
23.899120569229126,2.425833037594919
23.901374101638794,2.421920588245462
23.903626918792725,2.4224105384839225
23.90588068962097,2.421453287774716
23.908132314682007,2.419729521242323
23.910385847091675,2.4185928605309557
23.912641048431396,2.416286160503168
23.91489315032959,2.4196711086834797
23.91714596748352,2.4133303658163983
23.91939878463745,2.4119397892880188
23.92165207862854,2.411224533465449
23.923904180526733,2.409272481116352
23.926157474517822,2.408523846688729
23.928411960601807,2.4171677133044853
23.930664777755737,2.4064585455010588
23.93291974067688,2.41717546190923
23.93517303466797,2.4170496960937613
23.937426805496216,2.40371732756106
23.93967890739441,2.4029973033663397
23.941932201385498,2.4037030224446085
23.94418430328369,2.4040225033786897
23.946446657180786,2.404176879427061
23.948700189590454,2.404814649202186
23.95095181465149,2.4039819722154108
23.95320463180542,2.417268445166164
23.955456256866455,2.4061587341020982
23.957709550857544,2.4023947003358246
23.95996069908142,2.4072673806270815
23.96221399307251,2.395489501415432
23.964468002319336,2.4016275884661185
23.966720581054688,2.40261702568734
23.968974351882935,2.403598714303817
23.971227407455444,2.406299401080537
23.97348117828369,2.4025341752212257
23.975733280181885,2.414825250485569
23.977986574172974,2.4191960596079896
23.9802405834198,2.399978923795095
23.982561588287354,2.345418017556431
23.98489785194397,2.368611975742814
23.987162351608276,2.377872154459018
23.989417791366577,2.386927293172752
23.99166989326477,2.3950335258285436
23.993927717208862,2.4028238538293665
23.996180534362793,2.412383843944531
23.99844241142273,2.4219217803385
24.000696420669556,2.430882147655743
24.002948760986328,2.439511709155048
24.005202293395996,2.4482634601907085
24.00745415687561,2.4587824891546357
24.009708166122437,2.4663779099438083
24.01196002960205,2.4753048986559985
24.01421308517456,2.4807652808148
24.016467094421387,2.491388617919519
24.01871919631958,2.498845755916328
24.02097225189209,2.505321801343179
24.023224115371704,2.512234748868316
24.025477647781372,2.51868456824834
24.027729034423828,2.526125612989141
24.029983043670654,2.53214747096866
24.0322368144989,2.5379946873181685
24.034488439559937,2.5391408847738366
24.036742210388184,2.544710939492099
24.038994550704956,2.54866153581876
24.041248559951782,2.5512602986407638
24.043501615524292,2.5554493135749476
24.04575514793396,2.5570127435937815
24.048008918762207,2.5582113931431048
24.050264358520508,2.5593033503655613
24.05251979827881,2.5597533654872615
24.05477261543274,2.5604859066588768
24.057027101516724,2.5612548066681393
24.05927872657776,2.558621473148045
24.06153154373169,2.562182255051405
24.063783884048462,2.5327554384178446
24.066047430038452,2.5173124691620434
24.068309545516968,2.494659721214738
24.070573806762695,2.4485644636827066
24.072866201400757,2.4517616572095937
24.07512331008911,2.4465450580769845
24.077377796173096,2.4542811458445963
24.07962989807129,2.457836563329287
24.081884384155273,2.4616417243053585
24.084136962890625,2.461469466861423
24.086400508880615,2.4577853033286696
24.088658571243286,2.4609574629017668
24.090911626815796,2.4632266119988695
24.0931658744812,2.4654331762114974
24.095418691635132,2.467444833212475
24.097980260849,2.4724391069935687
24.100284099578857,2.473669347008389
24.10253882408142,2.4610516382517384
24.10479497909546,2.475170192142748
24.107047080993652,2.4761965842481355
24.10930061340332,2.476098236572532
24.111552476882935,2.4772033068184025
24.113806009292603,2.4764922233214643
24.116058111190796,2.4766442151837604
24.118311882019043,2.475738820521691
24.12056589126587,2.475691136800186
24.122817993164062,2.474996146559256
24.12507176399231,2.4735894767748685
24.127322673797607,2.472425993970155
24.129584789276123,2.4719145860570175
24.131836414337158,2.4708864058120734
24.134089708328247,2.4610230280188357
24.136343479156494,2.4697175585886906
24.13859510421753,2.4609550787156915
24.140848636627197,2.4674990734456865
24.14310097694397,2.4665954669231733
24.145354509353638,2.465375359699173
24.147605657577515,2.4571230956462737
24.149871349334717,2.458181674263677
24.152124643325806,2.457320983090518
24.154380083084106,2.4562659807522276
24.156633853912354,2.4560359067959676
24.158885955810547,2.4549105709684578
24.161139965057373,2.45468943770998
24.163392305374146,2.4586215565945575
24.165646076202393,2.4437948994392036
24.167898178100586,2.4367257877261386
24.170151472091675,2.441643767552825
24.172405242919922,2.4413457442934208
24.174657583236694,2.4423220684912286
24.176912546157837,2.4428197673344334
24.17916440963745,2.4437323145547287
24.18141770362854,2.44501202643061
24.183669567108154,2.4452617699219905
24.185922861099243,2.4456694657408553
24.18817448616028,2.4464991624950363
24.19042944908142,2.4469235476164277
24.19268298149109,2.4587896417128614
24.194935083389282,2.4494627057865506
24.19718909263611,2.4503305495179353
24.19944143295288,2.4459239776043864
24.20169472694397,2.448290282284055
24.203947067260742,2.4496152936953655
24.20620059967041,2.450409227658418
24.208454370498657,2.456220681216798
24.21070647239685,2.4545291011964205
24.212960481643677,2.456218297030723
24.21521306037903,2.457811529375497
24.21746802330017,2.4562498874962198
24.219720602035522,2.461266811045028
24.221974849700928,2.458510691942059
24.224289178848267,2.4391564654298383
24.226580142974854,2.4415478040632967
24.228846311569214,2.4317917146434445
24.231162786483765,2.406000781774614
24.23348069190979,2.3974010226012497
24.235785722732544,2.4171331426063944
24.238056182861328,2.414151121872797
24.24031090736389,2.413616468145426
24.242562770843506,2.4039366726799813
24.24482011795044,2.398720073547372
24.24707317352295,2.393099354875011
24.24932599067688,2.3890688883148297
24.251577854156494,2.384749339193027
24.25383162498474,2.381134317056455
24.256083011627197,2.3786720488872586
24.258336544036865,2.3756959886188493
24.26059079170227,2.3737624137118356
24.262842655181885,2.3718264546187466
24.265095710754395,2.380575821468332
24.26734733581543,2.364349647086817
24.269601345062256,2.3522808971739884
24.271857261657715,2.3556551165169615
24.274112224578857,2.3571273514184177
24.27639865875244,2.356716675366959
24.278650999069214,2.35977200982237
24.280904293060303,2.361474914726605
24.28315806388855,2.3645737605778887
24.285411596298218,2.3612925244918497
24.287667989730835,2.3629489377676176
24.28992509841919,2.3660692412935784
24.29217767715454,2.3700496399461795
24.294442892074585,2.3744591920923224
24.29669690132141,2.379015967728611
24.29894995689392,2.3822149493950544
24.301204681396484,2.3862567408390927
24.303457021713257,2.3905089367042702
24.305710792541504,2.3949089521061127
24.30796504020691,2.3998102426302723
24.310219049453735,2.4043580775687787
24.31247329711914,2.4086877594814013
24.314725875854492,2.417072345861476
24.31697964668274,2.418458750064224
24.31923198699951,2.423086455236251
24.321486473083496,2.427483490405499
24.323739290237427,2.4339446346693796
24.325993061065674,2.453695232116608
24.3282470703125,2.4693301283514653
24.33049988746643,2.484152613181187
24.332754135131836,2.4985155461449082
24.335006713867188,2.510631979779241
24.337260484695435,2.5225225117829457
24.33951234817505,2.5339147488969265
24.341765880584717,2.539269630821899
24.344018697738647,2.554798430776409
24.346271753311157,2.5638553576296994
24.348525047302246,2.5720217909838903
24.350777626037598,2.5790634845570906
24.353031158447266,2.5781586859415397
24.35528326034546,2.5914004554033823
24.357537031173706,2.578416178037665
24.359788417816162,2.600779247376829
24.362040996551514,2.6042893653260903
24.364294290542603,2.6077535876934035
24.366546869277954,2.6106163991232396
24.3688006401062,2.610724283543144
24.371052265167236,2.5978043792014573
24.373305559158325,2.6030299190318487
24.375557899475098,2.6045039420728613
24.377812147140503,2.6057610041810277
24.380064964294434,2.6068118341936866
24.382318258285522,2.607326818385937
24.384572744369507,2.612377120539799
24.38682460784912,2.605865908368338
24.389079332351685,2.612535072867283
24.39133095741272,2.60414452602202
24.39358401298523,2.6147964733596414
24.395836353302002,2.6148054140574235
24.398090362548828,2.5998112678302845
24.40034317970276,2.5976243731527773
24.40259552001953,2.594747852653009
24.40484857559204,2.592513870300516
24.407100439071655,2.5894448267751726
24.409353494644165,2.587501715123858
24.41160535812378,2.5783464405949643
24.413859605789185,2.5809648729520887
24.41611123085022,2.577845165472646
24.418365240097046,2.573834368447586
24.420618534088135,2.5708147967833037
24.42287015914917,2.5672289809261537
24.425123691558838,2.564030595306229
24.42737579345703,2.5601914596785855
24.42962956428528,2.5567266412647536
24.431881427764893,2.55348772448155
24.43413472175598,2.5538364116950527
24.43638801574707,2.539071743377655
24.438639879226685,2.542858426911643
24.440893411636353,2.5398162054796463
24.443145751953125,2.536840741257756
24.445399045944214,2.5339308421529343
24.447662353515625,2.536918227305201
24.44991970062256,2.525940242521792
24.45217204093933,2.521667781074975
24.454429864883423,2.518606486154376
24.456684350967407,2.5156041998391387
24.45893621444702,2.5128176823637105
24.46118998527527,2.510293425356558
24.463442087173462,2.508090437423043
24.46569514274597,2.505218089248906
24.467947244644165,2.5023528936329953
24.470200538635254,2.499025761965008
24.47245454788208,2.489973603483868
24.474706888198853,2.4665173848292095
24.476959943771362,2.464437182478569
24.479212045669556,2.463970478054342
24.481509923934937,2.389477776226732
24.483834505081177,2.3961683984003543
24.486114978790283,2.395367907925595
24.48837924003601,2.400684642873364
24.490634441375732,2.41723029818896
24.492889404296875,2.409515668096026
24.495142459869385,2.414049197918081
24.497396230697632,2.4177458784277293
24.499648094177246,2.4219259526641315
24.50190234184265,2.4275973352905913
24.504154682159424,2.431621841385584
24.506419897079468,2.436758570284673
24.508673429489136,2.4405476380047366
24.510925769805908,2.4430844119887842
24.513180255889893,2.4475368794842813
24.515433073043823,2.4523833337287106
24.517687559127808,2.4567195721530406
24.51994037628174,2.4607321573176573
24.522193431854248,2.4651154834169726
24.524446964263916,2.46948271626028
24.526699781417847,2.4757268995913146
24.528954029083252,2.4783065889247164
24.531205654144287,2.482443747811764
24.533459186553955,2.485127149239439
24.53571653366089,2.489462195570731
24.537970066070557,2.4977251884609686
24.540231466293335,2.4975022670629343
24.54248285293579,2.499656975228426
24.544736623764038,2.503114641084032
24.546988487243652,2.5056311494864403
24.549243450164795,2.508736551849431
24.551496982574463,2.500228583839963
24.55375075340271,2.5141909735430445
24.556003093719482,2.50004500151217
24.55825710296631,2.5197181129119532
24.560510873794556,2.522012295962846
24.562763214111328,2.5237110285414492
24.565017223358154,2.5250247150689025
24.567270517349243,2.527008357883496
24.56952476501465,2.527878585800956
24.571776390075684,2.529059950001234
24.57402992248535,2.5367233200935506
24.57628583908081,2.510506810010291
24.578538179397583,2.508760989756702
24.58079218864441,2.514990867971285
24.58304452896118,2.516052426821283
24.58529806137085,2.5181767366143153
24.587550163269043,2.5202801847791894
24.589803218841553,2.5222590592216325
24.592055797576904,2.5242224364545867
24.594309091567993,2.5257858664734205
24.596882104873657,2.52969712372984
24.599149227142334,2.530896369325682
24.601404428482056,2.531738583056758
24.603656768798828,2.533102337491791
24.605910778045654,2.5344088714610185
24.608163595199585,2.5356581849644404
24.610424518585205,2.5341948907607663
24.612677812576294,2.5375279828939417
24.614930152893066,2.5381472752269834
24.617183685302734,2.538791005467296
24.619436025619507,2.539053265935572
24.621689319610596,2.5404861617667867
24.623942136764526,2.5401410508323967
24.626196146011353,2.541712825502494
24.62845015525818,2.541653220850613
24.630702257156372,2.5422480752763836
24.63295602798462,2.541504209220911
24.63520836830139,2.5419619729473557
24.63746213912964,2.5410553861922485
24.639714002609253,2.541230623868778
24.641969203948975,2.5398615050150757
24.64423131942749,2.539978330132762
24.646483182907104,2.5320568718978014
24.64874768257141,2.5338032881979093
24.651001453399658,2.5335285107527388
24.653257131576538,2.5324413219024327
24.655508518218994,2.5366297407900977
24.657761573791504,2.5310125983968494
24.660013675689697,2.536805574513146
24.662267208099365,2.5310722030487303
24.664520502090454,2.530156079549322
24.666772603988647,2.5294306909359325
24.669026613235474,2.528279129061595
24.671279430389404,2.527382079050789
24.67353367805481,2.524557414598157
24.675785779953003,2.523997130870477
24.67803955078125,2.507925332537333
24.680293321609497,2.5052693492495237
24.682556867599487,2.5062558062381513
24.684810876846313,2.5038567189999483
24.68706512451172,2.5011768938513868
24.689322233200073,2.5008168817540266
24.69157648086548,2.4978587028811816
24.693831205368042,2.5001987815140225
24.696083068847656,2.500601112914218
24.69833755493164,2.5002488494216024
24.70059061050415,2.500392496632635
24.702842950820923,2.500013411046673
24.70509672164917,2.5002762675614676
24.707348585128784,2.501077354082746
24.70960259437561,2.500144541280811
24.711853981018066,2.5002148747700303
24.714107751846313,2.5028899315464415
24.716362476348877,2.50379592225503
24.71861505508423,2.504572570869037
24.720868349075317,2.4813166238446978
24.72317624092102,2.470599111390008
24.725483179092407,2.476275858435137
24.727741718292236,2.4789217089321265
24.729997634887695,2.4744293063198692
24.732306718826294,2.4416860868556602
24.73462176322937,2.450940901153195
24.73689866065979,2.435596875619516
24.739197254180908,2.4489411650825934
24.741468906402588,2.4543765132876056
24.743725538253784,2.460869844063502
24.745980739593506,2.465668018539908
24.74823498725891,2.472286519084754
24.750487089157104,2.460953290576135
24.75274133682251,2.4848207813287715
24.754993677139282,2.490667401631761
24.75724697113037,2.495197355174703
24.759499073028564,2.5022056701428497
24.761752605438232,2.5079026827696183
24.764005422592163,2.513008417249729
24.766258478164673,2.5001934170953533
24.76851224899292,2.5341847579699466
24.770768404006958,2.5289586220930365
24.7730233669281,2.5338533561054892
24.775275707244873,2.53683358869953
24.77752947807312,2.5423541715567315
24.779781341552734,2.5368472977694627
24.782036542892456,2.5363847656708676
24.784290552139282,2.543570702501619
24.786542892456055,2.5476840195279147
24.78879690170288,2.552624053075797
24.791049003601074,2.5562045045142776
24.793302297592163,2.560487694798433
24.7955539226532,2.5642398076343307
24.797808408737183,2.5685063086159596
24.800060510635376,2.5704988921283354
24.80231499671936,2.5757595987033364
24.804568767547607,2.5751587838123777
24.806822061538696,2.577992388962792
24.809075832366943,2.5801661706168857
24.811328411102295,2.5826284387860823
24.8135826587677,2.5842121343865556
24.815834999084473,2.5857660276610885
24.818088054656982,2.5864771111580267
24.82034206390381,2.5869843467455325
24.822593688964844,2.5873360141916293
24.82484722137451,2.587054084188233
24.827098846435547,2.587253163725515
24.82936191558838,2.5869593127917425
24.831613540649414,2.58635551766819
24.833866357803345,2.5849917632331567
24.836118459701538,2.5846907597411586
24.838371753692627,2.583189318560281
24.840625762939453,2.5784054492003263
24.842877864837646,2.5816729762164328
24.845131397247314,2.580035040382748
24.84738326072693,2.578452536875312
24.849636793136597,2.576637575225541
24.85188937187195,2.5750234812526083
24.854142665863037,2.5728508916915525
24.856396198272705,2.571587273071679
24.858648538589478,2.5687614165260095
24.860902070999146,2.5759574861475807
24.86315417289734,2.5648686367116733
24.865407943725586,2.5628951266878994
24.86766004562378,2.5601223182824038
24.86991310119629,2.5573858687145554
24.872164964675903,2.5547936624042586
24.874425411224365,2.552296823536971
24.876678943634033,2.5476470646437486
24.87893033027649,2.5457248146205917
24.881184101104736,2.5424727848139743
24.88343620300293,2.5234988359807535
24.885689735412598,2.500232160119076
24.887948751449585,2.516520919385066
24.890204906463623,2.5134387628363086
24.892459630966187,2.500272095235836
24.894712209701538,2.507909239281325
24.896965742111206,2.5003007054687387
24.89921808242798,2.5016787650202232
24.901471853256226,2.499380409643699
24.90372371673584,2.4963024254205735
24.905977249145508,2.4942019574882934
24.90823268890381,2.4910971511718216
24.91048502922058,2.4897769081326615
24.912739515304565,2.4952927226177124
24.91499137878418,2.4856474978503584
24.917245388031006,2.483192978285906
24.919497966766357,2.481915054549581
24.92175269126892,2.47574418494036
24.924004316329956,2.4611416412760785
24.926258087158203,2.476809916115989
24.92851185798645,2.461033756856174
24.930764198303223,2.461108858717544
24.933018684387207,2.4741610853864056
24.93527102470398,2.472854551417178
24.937524795532227,2.4781039331083217
24.939775943756104,2.4610170675536476
24.942028999328613,2.4705406988311647
24.944283485412598,2.46972292300736
24.946535110473633,2.4696424567273207
24.9487886428833,2.4700012767316433
24.951040983200073,2.4691644274192366
24.953294038772583,2.470005449057275
24.955546140670776,2.470402416038801
24.957799434661865,2.4707034195307993
24.960051774978638,2.4696990811466075
24.962305784225464,2.4712374772116514
24.96455955505371,2.472381886527763
24.96681261062622,2.473196086072455
24.96906614303589,2.4746707051599866
24.97131848335266,2.4611476017412666
24.973575592041016,2.4733850328189173
24.97582769393921,2.475872334941904
24.978081464767456,2.476055321223178
24.980334758758545,2.47811466194566
24.98258638381958,2.451812917210211
24.98492431640625,2.35262004764319
24.98726725578308,2.306824005463601
24.98961639404297,2.2664442380004215
24.991934776306152,2.2283604417276908
24.994295358657837,2.1949007743478743
24.996601819992065,2.226162222166326
24.99886131286621,2.249195247792631
25.00111746788025,2.270317348279637
25.0033700466156,2.2910442699246727
25.005624055862427,2.310869969233271
25.007876873016357,2.3243900924193968
25.010130405426025,2.344007771492931
25.01238465309143,2.371039077167401
25.01463747024536,2.388934181801579
25.01689100265503,2.4077454099351656
25.0191433429718,2.4221023824336987
25.021397829055786,2.4418589403461146
25.0236496925354,2.4583694289171016
25.02590298652649,2.475660142381208
25.028155088424683,2.4899730074373494
25.030418157577515,2.500075995931148
25.032673120498657,2.5198105001223685
25.034926891326904,2.5324639716701474
25.03718066215515,2.5452998334526815
25.039433240890503,2.5573864647610742
25.04168677330017,2.5692090474616345
25.043939352035522,2.5812444187694097
25.046194314956665,2.591286014471771
25.04844903945923,2.599020314099826
25.05070447921753,2.6149860161526224
25.052959203720093,2.6165583868692384
25.055211305618286,2.624843433480672
25.057464838027954,2.6318517484488186
25.059717178344727,2.6403442192487976
25.061970949172974,2.636810259438784
25.06423807144165,2.6521077933439963
25.066492080688477,2.6573589631746963
25.068745851516724,2.6617434813670493
25.07100796699524,2.6369384094403276
25.073291540145874,2.6501462042505985
25.07554817199707,2.655253130823747
25.077801942825317,2.660665829261044
25.08005428314209,2.6610842539172475
25.082308053970337,2.66642423467925
25.084562301635742,2.666092236768274
25.086817979812622,2.6576814243413716
25.08908200263977,2.650604564023562
25.091336250305176,2.654112893833267
25.093607902526855,2.6617917611350728
25.096179008483887,2.66874464377697
25.09848952293396,2.6727846470814525
25.10074496269226,2.6754042715316144
25.10299849510193,2.676947435968809
25.105252027511597,2.6795962666983923
25.10750412940979,2.6817581274221096
25.109757661819458,2.685113273276481
25.11201024055481,2.6876834258655817
25.11426329612732,2.6897070037969355
25.116516590118408,2.6910242666035016
25.1187686920166,2.6913079847464543
25.12102174758911,2.691084467301901
25.123273611068726,2.690986119626298
25.125526666641235,2.691470705446089
25.127779006958008,2.6904830563644238
25.130032062530518,2.6930508247674494
25.132285356521606,2.693014465929802
25.1345374584198,2.688431464246686
25.136790990829468,2.692942940347545
25.139042854309082,2.6760474057254084
25.14129614830017,2.6819423057964213
25.143548488616943,2.6810816146232623
25.14580225944519,2.6721099224221616
25.14806365966797,2.671103795898413
25.15031933784485,2.670479735193221
25.152575254440308,2.6676693758570402
25.15482807159424,2.6652875739678827
25.157081842422485,2.662586887191163
25.159334421157837,2.661449034386758
25.161587715148926,2.6595547985499857
25.1638400554657,2.656378466651257
25.166093826293945,2.657033521775427
25.16834783554077,2.656240779905412
25.170600175857544,2.6560977287408982
25.17285418510437,2.6567182131669775
25.175106287002563,2.6576140710847462
25.177359104156494,2.6586327145853894
25.179611444473267,2.65843244295507
25.181864976882935,2.657503206432248
25.18411660194397,2.657729704109395
25.186370849609375,2.6570788213108565
25.18862533569336,2.655601221990731
25.190876960754395,2.6339247982412335
25.193129777908325,2.6191023134115117
25.195382833480835,2.617470338043015
25.19763684272766,2.617411329437653
25.199889183044434,2.6273188146732824
25.20214343070984,2.628317192592286
25.204397439956665,2.6298973119136466
25.206649780273438,2.617233707575048
25.208903074264526,2.633050397998142
25.21115493774414,2.634333686153136
25.21340823173523,2.636162952919358
25.21566081047058,2.637341336887042
25.21791362762451,2.653880435690932
25.220166206359863,2.633672074517259
25.222471237182617,2.616836740593522
25.224770069122314,2.61834295014655
25.2270290851593,2.6152804631329136
25.229339122772217,2.5893017756106587
25.231656074523926,2.5904312837638
25.233943939208984,2.572690555177993
25.236260414123535,2.584829638580041
25.238517999649048,2.590627979115007
25.24077296257019,2.596130680576644
25.24302864074707,2.614887668477019
25.2453031539917,2.6123950019353632
25.24755597114563,2.6115360989017606
25.249810934066772,2.6174006006003143
25.252063512802124,2.6222345378678487
25.25431752204895,2.6278314146794575
25.256572008132935,2.633740023820403
25.258824110031128,2.639084772954556
25.261078596115112,2.643830495337307
25.263330698013306,2.6474049863105997
25.265584707260132,2.6504108489049494
25.267836332321167,2.654774505469144
25.270094871520996,2.6562616415335705
25.27234935760498,2.6617703034603957
25.274601697921753,2.6646235781459304
25.276857137680054,2.6673552593416283
25.279109477996826,2.6564350910705437
25.28136444091797,2.6564940996759057
25.283616542816162,2.675865015490653
25.28587031364441,2.6565316506065906
25.288126945495605,2.6736584512780253
25.290382385253906,2.6749095529210036
25.292638778686523,2.66305835998754
25.294890880584717,2.669058760292382
25.297145128250122,2.671516260089428
25.299396991729736,2.673078498015225
25.301651000976562,2.675081810364939
25.303903102874756,2.676409802008844
25.306158781051636,2.6783779476139484
25.30841374397278,2.679528913441767
25.310665607452393,2.6809963799710728
25.312919855117798,2.6813826181152605
25.31517195701599,2.6819196560287066
25.317425966262817,2.6826289513860884
25.31967830657959,2.6826533892933595
25.321931838989258,2.681843958120818
25.32418394088745,2.6806453085714947
25.326444149017334,2.676048597818446
25.32869791984558,2.6801434374026583
25.330950021743774,2.6791385029719477
25.3332040309906,2.6906612742735474
25.335456132888794,2.6759848208409336
25.33771014213562,2.673759183139704
25.339962482452393,2.6716706361377995
25.342216730117798,2.669658979136822
25.344470739364624,2.6679566702791058
25.346722841262817,2.6651731330362716
25.348976612091064,2.6624980762598605
25.351228952407837,2.659429032734517
25.353482246398926,2.6562550850218636
25.35573410987854,2.6539614980174897
25.357987642288208,2.649669963082071
25.360241174697876,2.6541117017402294
25.36249327659607,2.641705589497756
25.364746809005737,2.637766914101471
25.366998434066772,2.617410733391134
25.36925172805786,2.629182056091077
25.371503829956055,2.624044731145469
25.373757362365723,2.619561865277513
25.376010179519653,2.615676834067921
25.378263473510742,2.610888792382335
25.38051724433899,2.6054015881301864
25.38276958465576,2.6124122872844087
25.385024309158325,2.5930336228649167
25.387277126312256,2.587681721172538
25.389530658721924,2.578151533383314
25.391783237457275,2.5775483343062797
25.394037008285522,2.5677612504674494
25.39629054069519,2.553922242393761
25.398541927337646,2.554016417743733
25.400795459747314,2.5503447711878744
25.403048038482666,2.546768492075025
25.405301570892334,2.5439944915764916
25.40755343437195,2.54069954642052
25.409806966781616,2.5379946873181685
25.412059783935547,2.535942499153912
25.414313077926636,2.534462515647711
25.416572332382202,2.533245388656305
25.418824434280396,2.5312772430512003
25.421077013015747,2.5292971765157195
25.42332935333252,2.52868682488046
25.425583362579346,2.527576986262439
25.42783498764038,2.5271686943970555
25.430088996887207,2.5344398658799965
25.432343244552612,2.527191940211289
25.4345965385437,2.5267300041592127
25.43685007095337,2.526184621594503
25.439101934432983,2.5269863041623
25.4413583278656,2.519803347564143
25.44361138343811,2.526964846487623
25.445865154266357,2.527408901144135
25.44811749458313,2.5287440453462655
25.450371026992798,2.5343301933205358
25.452625036239624,2.5308135188595675
25.454877376556396,2.5320473351535004
25.457130432128906,2.5336727540102904
25.45938205718994,2.5353774470540817
25.46163558959961,2.5374761268468053
25.463887453079224,2.5396171259423643
25.46614146232605,2.5421181371352835
25.468394994735718,2.5442495994865415
25.47064781188965,2.5458529646221355
25.472901582717896,2.5480976758119676
25.475154161453247,2.5539174740216106
25.4774067401886,2.5529483023820285
25.47965931892395,2.500256598026347
25.481996297836304,2.472534474436578
25.484323501586914,2.4926945558422275
25.48658800125122,2.4910983432648592
25.488853454589844,2.4980106947434777
25.491108655929565,2.5001093745362013
25.493363618850708,2.511297167694231
25.49561619758606,2.5166323800840833
25.497869968414307,2.5075820097424995
25.50012230873108,2.500151097792518
25.502376317977905,2.524242702036226
25.50464177131653,2.531265918167343
25.5068941116333,2.5368049784666273
25.50914716720581,2.539310758031697
25.511399269104004,2.548963135357277
25.51365303993225,2.5536230270413194
25.515905141830444,2.5589671801289535
25.51815938949585,2.563952513212265
25.52041268348694,2.5680342397730636
25.522664546966553,2.5722298112189543
25.524919033050537,2.576643535690729
25.52717113494873,2.5782343838494284
25.529423475265503,2.5831064680941664
25.531675577163696,2.585201571607777
25.533928632736206,2.586945007675291
25.5361807346344,2.5851348143976707
25.53844165802002,2.587970207687641
25.540695428848267,2.5885012851358993
25.542948246002197,2.5893238293318546
25.545202016830444,2.5901606786442612
25.547454357147217,2.57813365198775
25.549708604812622,2.5897553670114717
25.551960706710815,2.588486383972929
25.554213762283325,2.5877913937319987
25.556467056274414,2.5781902764070366
25.558719158172607,2.585771392079758
25.560972690582275,2.584975669977149
25.563225030899048,2.583599398565221
25.565479516983032,2.5818166234274655
25.567732095718384,2.580127427593163
25.569986820220947,2.5780454371029657
25.572240591049194,2.5758519859137516
25.57449221611023,2.5733330933252683
25.57674551010132,2.570447036081199
25.578996896743774,2.5681307993091105
25.581250429153442,2.5655916411389876
25.583502054214478,2.5733223644879297
25.585756063461304,2.5587400864052876
25.588008642196655,2.555494613110377
25.590261697769165,2.5531759921522132
25.592514991760254,2.5500300586259437
25.5950825214386,2.548938697450006
25.597352027893066,2.5454273874077065
25.59960627555847,2.5267115267171296
25.60186195373535,2.5101205718661035
25.604114532470703,2.512139381425307
25.606369256973267,2.5106623781517
25.608623504638672,2.5091537844125966
25.610875606536865,2.500302493608295
25.61312961578369,2.5055709487880407
25.615381956100464,2.503497898995626
25.617635011672974,2.501387298272526
25.619886875152588,2.4984183905623425
25.62214183807373,2.4967864151938457
25.624396085739136,2.4952885502920807
25.626647233963013,2.4934962384100245
25.62890076637268,2.491441070013174
25.631152153015137,2.497683465204652
25.633405923843384,2.489203511381568
25.635658025741577,2.4881860599739625
25.637912273406982,2.480519709649051
25.640163898468018,2.484377322718778
25.6424241065979,2.483823595502805
25.64467716217041,2.4747487872539504
25.64693856239319,2.476748523324552
25.64919376373291,2.4731704560721464
25.65145206451416,2.472792562579222
25.653706312179565,2.472487386761592
25.6559579372406,2.4726352062982566
25.65821099281311,2.4781504247367887
25.660464763641357,2.4718371000095725
25.66271686553955,2.4717715348925036
25.66497302055359,2.4707314337171833
25.667225122451782,2.4706563318558135
25.669479846954346,2.461174423834613
25.671732187271118,2.4690058790452336
25.673985958099365,2.461133296624815
25.676239490509033,2.4665793736671655
25.678491353988647,2.4658110697044218
25.680744886398315,2.463989551542944
25.682997226715088,2.462277109894408
25.685250759124756,2.4562630005196335
25.687505960464478,2.456251675635776
25.689762115478516,2.448840433220915
25.69201374053955,2.4475374755308
25.69426727294922,2.4447056585199425
25.696520566940308,2.4424245884924636
25.69877290725708,2.4397095965992923
25.701026439666748,2.421996286153351
25.703278303146362,2.417072345861476
25.70553207397461,2.421472957309837
25.707784414291382,2.419439842634182
25.71003770828247,2.4183657668072898
25.712291479110718,2.4156191844486217
25.714545011520386,2.412886311159886
25.71679925918579,2.4112853302103674
25.719051361083984,2.4039801840758543
25.721353769302368,2.3832401494074045
25.723645210266113,2.378217265393408
25.725913524627686,2.3651888805852987
25.728262901306152,2.341605704022134
25.730572938919067,2.326781431052855
25.732890367507935,2.3347672623118476
25.735151529312134,2.338989059804566
25.737406253814697,2.340769450756246
25.73965835571289,2.342987339852731
25.741916179656982,2.3467829640845017
25.744168758392334,2.35034970645305
25.74643087387085,2.3550203269744308
25.748684644699097,2.358533425156286
25.750936269760132,2.344004195213818
25.75318932533264,2.365013642908769
25.755440950393677,2.3685988627194003
25.757694721221924,2.3715379681036435
25.7599458694458,2.3762479276952657
25.76219892501831,2.380845234494833
25.7644522190094,2.3859032852534394
25.76670479774475,2.3898860680921157
25.768962860107422,2.382816360332532
25.77121591567993,2.3954757923454992
25.773472547531128,2.3991003512263718
25.77572512626648,2.4043610578013728
25.777979612350464,2.409857202751303
25.780234336853027,2.414322187223695
25.782485961914062,2.4202504658997612
25.784740209579468,2.423248579889367
25.78699254989624,2.4262079508552494
25.789247274398804,2.428381732509343
25.791499376296997,2.4319693365060493
25.79375386238098,2.436895660983999
25.796005249023438,2.4419960310454405
25.798261642456055,2.446279817376115
25.800515174865723,2.449875169977566
25.802766799926758,2.4516496004640578
25.805021047592163,2.439144544499462
25.807273387908936,2.4470075901755797
25.809526681900024,2.451916033257965
25.811778783798218,2.4559423274925147
25.814032316207886,2.459916169633409
25.816285848617554,2.4635317878164993
25.818537712097168,2.4610355449957306
25.820791006088257,2.466736133901612
25.823042631149292,2.46867268904122
25.825295209884644,2.4707034195307993
25.82754683494568,2.47288852606875
25.829800128936768,2.4744871228321936
25.83205246925354,2.4610552145308513
25.834306478500366,2.4781641338067213
25.836560249328613,2.4751284688864312
25.838813304901123,2.475691732846705
25.84106707572937,2.4753084749351113
25.84331965446472,2.476363477273402
25.84557271003723,2.4752107233060268
25.847824811935425,2.474426326087275
25.850078582763672,2.4612316443004185
25.85233235359192,2.4719420041968827
25.85458493232727,2.4690028988126396
25.856838941574097,2.465801532960121
25.85909152030945,2.4609824968555567
25.861345291137695,2.4616911961664196
25.86359667778015,2.4563476391253043
25.86584997177124,2.4568012305261173
25.868101596832275,2.453502113044514
25.8703556060791,2.4487641392665074
25.87260866165161,2.4586829493859947
25.874861478805542,2.4421450426751425
25.87711501121521,2.4398711252058893
25.879366636276245,2.4367842002849818
25.881620168685913,2.4335262100131763
25.883872509002686,2.4221655633646924
25.886126279830933,2.4238493947803255
25.888386726379395,2.4183627865746957
25.890639305114746,2.402620601966453
25.89289355278015,2.402510929406992
25.895146131515503,2.4017241480021654
25.89740777015686,2.3997685193739557
25.89966106414795,2.3969843860846027
25.901915311813354,2.394264625819281
25.904167413711548,2.391900109279169
25.90643072128296,2.380498335420887
25.908685207366943,2.3759791107152832
25.910938262939453,2.376216337229769
25.91319251060486,2.375793740247934
25.915445566177368,2.3746141641872125
25.917699813842773,2.3740663974364278
25.919951915740967,2.3724272695097053
25.922205686569214,2.37233488229929
25.92445945739746,2.372200771832558
25.926711559295654,2.3779675219020273
25.9289653301239,2.3730382171914837
25.93121862411499,2.380612180305979
25.93347191810608,2.3738834111551537
25.935723543167114,2.3741099088323008
25.937976837158203,2.3752477616367056
25.940231323242188,2.37502543628519
25.94248366355896,2.376368329092065
25.94473671913147,2.3772522660794575
25.94698929786682,2.3789056991226314
25.94924235343933,2.3803195214652444
25.951493740081787,2.3814347245019345
25.953747749328613,2.3804738975136157
25.95599937438965,2.383334324757376
25.95825219154358,2.384705231750635
25.960505485534668,2.386752651542741
25.96275758743286,2.3886224494722423
25.96501111984253,2.3907360304279366
25.9672634601593,2.392400192308449
25.96953773498535,2.382893846379977
25.97179388999939,2.3974659916717997
25.97404932975769,2.396620201661611
25.976303577423096,2.382846758704991
25.978595495224,2.325762191505693
25.98093056678772,2.3338672320684473
25.983196258544922,2.343774717304077
25.985455751419067,2.3440518789353226
25.987709999084473,2.358027381661818
25.9899640083313,2.3648074108132615
25.992226362228394,2.3702516997160554
25.994478940963745,2.3781815026022795
25.99676203727722,2.3771783563111253
25.999018669128418,2.3846539717500175
26.001272201538086,2.391098426711372
26.00352430343628,2.398366617961719
26.005777835845947,2.4054488426981977
26.00802993774414,2.407704282725368
26.010283708572388,2.4015495063721546
26.012537479400635,2.4130990997671007
26.014789819717407,2.4162104625952794
26.01704716682434,2.407430697373235
26.019330501556396,2.416938831441263
26.021596908569336,2.4250826150277396
26.02384924888611,2.4327090302358902
26.026103734970093,2.4400237131147042
26.02835774421692,2.446329289237176
26.03061056137085,2.4530741516440093
26.03286361694336,2.4590590547393627
26.035115003585815,2.462454135710494
26.037373304367065,2.4684742055504567
26.039626121520996,2.4742051928287974
26.0418803691864,2.479283509169043
26.044132232666016,2.4844267945798393
26.04638648033142,2.488808332539598
26.04864192008972,2.493351995152473
26.050894260406494,2.496701776588175
26.0531485080719,2.501179278037462
26.055400609970093,2.5001958012814285
26.057655096054077,2.507425249508053
26.05990719795227,2.508993447899037
26.062161445617676,2.5125905886400446
26.06441593170166,2.515697779142592
26.066668272018433,2.5168058296210565
26.068921327590942,2.5183197877788293
26.071187734603882,2.4942103021395567
26.073465585708618,2.503841817836978
26.07572031021118,2.5055435306481755
26.077975034713745,2.507999838352184
26.080236196517944,2.507915795793032
26.082488298416138,2.509755195350074
26.084742307662964,2.5112137211815977
26.086995124816895,2.505417168786188
26.08925437927246,2.500204145932692
26.091508150100708,2.507629693464004
26.093762397766113,2.5080350050967937
26.096336603164673,2.5116214170004625
26.098605632781982,2.5119593753766267
26.10086154937744,2.511920632352904
26.10311508178711,2.512793840502958
26.105369329452515,2.5124451532894554
26.107621431350708,2.513742746560901
26.109874963760376,2.512996496319353
26.112127542495728,2.4976262447388464
26.114381313323975,2.501663863857253
26.116634845733643,2.5001266598852467
26.118887424468994,2.5038376455113465
26.12114143371582,2.503726780858848
26.123393774032593,2.5000587105821026
26.12564706802368,2.504031360629959
26.127899646759033,2.505004108548654
26.1301531791687,2.5052329904118764
26.13240694999695,2.505417168786188
26.134658813476562,2.5058254606515717
26.13691282272339,2.5047597294759427
26.13916540145874,2.5053820020415785
26.141419172286987,2.5052109366906805
26.1436710357666,2.505073249944836
26.14592456817627,2.4974867698534453
26.14819598197937,2.5002959370965883
26.150453805923462,2.5000223517444553
26.152709007263184,2.500632107333196
26.154962062835693,2.5002333522121134
26.15721607208252,2.5001928210488344
26.159468412399292,2.5016722085085163
26.161723136901855,2.500219643142181
26.163975477218628,2.501744926183811
26.166228532791138,2.5024119022383573
26.168482542037964,2.5028404596853804
26.170735836029053,2.5034621362044973
26.17298984527588,2.503226697829568
26.175241470336914,2.5038740043489938
26.17749571800232,2.504590452264601
26.17974829673767,2.5053408748317807
26.18200182914734,2.506113351120156
26.184255838394165,2.5065615781023
26.186508417129517,2.5074848541599337
26.18876314163208,2.5075313457884008
26.191014528274536,2.508304418123295
26.19326877593994,2.5084558139390722
26.19552183151245,2.5000306963957186
26.197775840759277,2.5095054518586934
26.20002770423889,2.509929240933566
26.20228147506714,2.5001206994200587
26.204535961151123,2.509501279533062
26.206788539886475,2.509811223722842
26.209041595458984,2.5094547879045948
26.211293935775757,2.5103846204739355
26.213547706604004,2.5017401578116605
26.215800762176514,2.4984744189351105
26.21805453300476,2.5008824468710955
26.22030806541443,2.497881948695415
26.222599983215332,2.4812528468671853
26.224900722503662,2.480750975698349
26.227159023284912,2.4731257525832357
26.229487419128418,2.4545291011964205
26.231796979904175,2.458638841943603
26.234118461608887,2.4482729969350094
26.236381769180298,2.456267172845265
26.23864984512329,2.4630740240900546
26.240904331207275,2.4609771324368874
26.243160247802734,2.4749907821405865
26.245415449142456,2.4814656354744
26.24766731262207,2.4868968113537804
26.249921321868896,2.480682430348686
26.25217366218567,2.4958804244852573
26.254432201385498,2.5011935831539134
26.256686210632324,2.5058296329772034
26.25893759727478,2.5096800934887042
26.26119112968445,2.5138095037710073
26.263442993164062,2.5176814219571857
26.26569652557373,2.5215914871205674
26.26794981956482,2.524737420646837
26.270207405090332,2.534392182158492
26.27246117591858,2.5286313925542108
26.274713277816772,2.5366213961388344
26.27696681022644,2.5366422577669927
26.279218673706055,2.533245388656305
26.281474828720093,2.5348463696058237
26.283727407455444,2.5368920012583733
26.285982131958008,2.5364688082300195
26.28824257850647,2.5321772732946006
26.290497064590454,2.533831898430812
26.292750597000122,2.534331981460092
26.295002222061157,2.534637753324241
26.29725670814514,2.534230057505376
26.299508810043335,2.5367912693966947
26.30176305770874,2.5336167256375224
26.304014444351196,2.5333091656338174
26.30626916885376,2.5333586374948784
26.308523178100586,2.5325015226008323
26.31077551841736,2.5316587128232375
26.313029289245605,2.5307706035102133
26.315281629562378,2.527847591381978
26.317535400390625,2.5136998312115466
26.319787740707397,2.5180330894032825
26.322041749954224,2.517273130091802
26.324294567108154,2.5171235224155812
26.326547384262085,2.517090143810528
26.328800916671753,2.5162467379864144
26.331053018569946,2.514736356107754
26.333306074142456,2.515877785191272
26.33555769920349,2.5153258461148553
26.337810754776,2.500016987325786
26.340062618255615,2.5143179314515507
26.342315912246704,2.5140425579598613
26.34457039833069,2.5122645511942565
26.346822023391724,2.510855497223794
26.349074602127075,2.500184476397571
26.351326942443848,2.5001218915130963
26.353580236434937,2.5000473856982453
26.35583209991455,2.5066402562427825
26.358086109161377,2.5056704885566816
26.360339164733887,2.5047114497079193
26.36259174346924,2.503662407834817
26.364845037460327,2.5001433491877734
26.36709713935852,2.5022128227010754
26.36935019493103,2.501049339896362
26.371602296829224,2.4993136524335924
26.37385630607605,2.4987593291711008
26.376108646392822,2.498295008932949
26.37836241722107,2.496974765893789
26.380616903305054,2.4933752409667065
26.38290047645569,2.4977257845074874
26.3851637840271,2.4574008533240383
26.387434720993042,2.430746249049455
26.38969373703003,2.417211820746877
26.3919460773468,2.4036261324436823
26.394200563430786,2.3908600081038487
26.396454572677612,2.3790922616830184
26.398707389831543,2.368000432014517
26.40096092224121,2.35906152237195
26.403213024139404,2.350492161571045
26.405466556549072,2.327866235717086
26.407719373703003,2.2908022750380366
26.409974813461304,2.293659722049203
26.412232875823975,2.291012083412657
26.414485454559326,2.2896799194431208
26.416739463806152,2.289265667112549
26.418991565704346,2.3023286226187496
26.421245336532593,2.2811892367826982
26.423498392105103,2.28456405217219
26.42575168609619,2.2830304244792967
26.428003787994385,2.2682526431384855
26.430257558822632,2.2761389346288365
26.43251347541809,2.2817483284173403
26.434766054153442,2.286205564284988
26.43702006340027,2.299962317939081
26.43927836418152,2.2978976127979296
26.441531896591187,2.304500020086768
26.44378352165222,2.311146534817998
26.446036338806152,2.319458403522778
26.448289394378662,2.3085179696700537
26.450541019439697,2.318548240488558
26.452794313430786,2.3261931331387915
26.45504593849182,2.3343208234692603
26.45729970932007,2.342177312633671
26.459551095962524,2.3503878534302536
26.461804389953613,2.3592284153972165
26.464056253433228,2.3673155745644063
26.466309785842896,2.375517174663207
26.468562841415405,2.3791506742418616
26.470816373825073,2.3700365269227657
26.47307062149048,2.353005689740859
26.475322246551514,2.3704436266951117
26.477576732635498,2.3809841133337155
26.47982883453369,2.357206625605419
26.482163667678833,2.313653506476105
26.484489679336548,2.344451826149443
26.486753702163696,2.353802007889987
26.489019632339478,2.364542170112392
26.491276502609253,2.352639717178311
26.493532180786133,2.3481669841011743
26.495784997940063,2.362360043807035
26.498039960861206,2.380662844260078
26.50029444694519,2.39129452601606
26.502546072006226,2.4171259900481687
26.504802465438843,2.417393018888595
26.507054567337036,2.430267623694852
26.509308099746704,2.443242960362787
26.511560440063477,2.4505725444045714
26.51381492614746,2.463970478054342
26.516066789627075,2.460978920576444
26.518320083618164,2.486855088097464
26.520573616027832,2.4971011277557764
26.522825002670288,2.497832476834354
26.525078773498535,2.508941591851901
26.527331590652466,2.519227566626974
26.529584884643555,2.5282713804568506
26.53183650970459,2.5378570005723238
26.534091234207153,2.5451883727536644
26.53634476661682,2.5391468452390247
26.538597345352173,2.558574385473059
26.540851354599,2.5644794183348916
26.54310369491577,2.5700453007275224
26.545357942581177,2.575176665207942
26.547610998153687,2.5798001980543375
26.54986596107483,2.584102461827095
26.552118062973022,2.5856980783579444
26.55437183380127,2.589073489793955
26.556625604629517,2.591102432143978
26.55887746810913,2.587862323267737
26.56113028526306,2.571258851439816
26.563381671905518,2.5795009827018958
26.565636157989502,2.5810340143482704
26.567888259887695,2.583372304841555
26.570141315460205,2.578189084313999
26.572394847869873,2.5844386320637027
26.574646711349487,2.585267732771365
26.576900243759155,2.5854495269596014
26.57915186882019,2.577509591282557
26.581430196762085,2.4611201836014014
26.583772659301758,2.3710408653069575
26.58616614341736,2.3338100116026417
26.588499069213867,2.2940990083335646
26.590826988220215,2.2079953203195717
26.59317183494568,2.187630198911452
26.595962285995483,2.155409712244238
26.598321676254272,2.1308859742743937
26.6006498336792,2.107094181429646
26.603015422821045,2.0666595776867362
26.605324268341064,2.045159583706806
26.60783576965332,2.0031889680849275
26.610209465026855,1.9921984663246235
26.612576961517334,1.970400449085289
26.61496114730835,1.9226779845569115
26.6173312664032,1.9359978361127181
26.61965322494507,1.9467928346148533
26.621986150741577,1.946588390658902
26.6243577003479,1.9483956037039285
26.62666082382202,1.9539954607481314
26.628989219665527,1.9729443756275624
26.632030725479126,1.9869902118432774
26.634376764297485,1.9973536726657954
26.6366970539093,2.0112612260891467
26.638994455337524,2.0288356576962063
26.641319036483765,2.0347788375352427
26.643645763397217,2.0428421548416797
26.64597225189209,2.0509269298227943
26.648325443267822,2.0575823852518065
26.650663375854492,2.0314606465650376
26.653005123138428,2.0157727021900063
26.65534543991089,2.0122751012176394
26.65813684463501,2.048834210495259
26.660955667495728,2.0616056992537617
26.66331934928894,2.0889988051651485
26.665836334228516,2.1045752888411626
26.668286561965942,2.1461298639929134
26.670599222183228,2.238282232079772
26.672889471054077,2.3100474250373155
26.675171375274658,2.377754137248294
26.677430391311646,2.4172696372592015
26.679739713668823,2.4506130755678504
26.682040214538574,2.5197610282613074
26.684390783309937,2.5924256554157323
26.686646699905396,2.6538196389460134
26.68891191482544,2.6944324605980468
26.691172122955322,2.730278698239171
26.693442821502686,2.7732757059664377
26.69571089744568,2.815893628107742
26.697969675064087,2.857031566742845
26.70023536682129,2.8963974590775323
26.70248818397522,2.929582945058697
26.7047438621521,2.961887474285063
26.70699691772461,2.989430187872671
26.709251165390015,3.015416027953151
26.711504220962524,3.0265549452966387
26.71376895904541,3.0442056708581053
26.716023683547974,3.0625919178237817
26.718279361724854,3.075409302164233
26.72053599357605,3.075930246821671
26.72283124923706,3.0727092114340318
26.72515892982483,3.0837825636604506
26.727421283721924,3.0684284053359514
26.729748249053955,3.049702411854555
26.73205876350403,3.047405844617587
26.734373569488525,3.000226974514362
26.736692905426025,2.9821685531340303
26.73895502090454,2.990423201373005
26.741209983825684,2.9899535167161844
26.743472814559937,2.9872909769166682
26.74573016166687,2.975973841664057
26.74798822402954,2.9714510406793404
26.750243186950684,2.9665169675966463
26.752497673034668,2.949506992042898
26.754758596420288,2.925407043147927
26.757015228271484,2.896066057213075
26.759267568588257,2.894512759985061
26.761521577835083,2.8843233447460346
26.763777256011963,2.8750536292855298
26.766032695770264,2.864075048455602
26.768287420272827,2.853247267394932
26.770540237426758,2.8407577086398255
26.772957801818848,2.826023438694887
26.77522301673889,2.8100678694329106
26.77747869491577,2.795348500650942
26.77973175048828,2.7796092962752934
26.781989574432373,2.7645221667912203
26.78425693511963,2.7440378360793396
26.786514043807983,2.732137767331334
26.788774251937866,2.7130130187288546
26.791027069091797,2.6979473469194586
26.793282747268677,2.68500360071702
26.795536279678345,2.6699272000702856
26.797789812088013,2.6573184320114174
26.800042629241943,2.651534396592903
26.802297592163086,2.616218044306999
26.80458354949951,2.612334205190445
26.80684232711792,2.5922456493670523
26.809096336364746,2.57841856222374
26.81135106086731,2.569104739320843
26.813612699508667,2.5601908636320667
26.815866470336914,2.5391599582624385
26.818129777908325,2.5367739840476493
26.820385217666626,2.5236609606338694
26.822638034820557,2.497695386135028
26.8248929977417,2.492432295373952
26.82714557647705,2.487621603920651
26.82939863204956,2.4820843317609227
26.831650495529175,2.47779458496506
26.833910942077637,2.473755177707097
26.836164712905884,2.4698910081256638
26.838428258895874,2.467966969962951
26.84068250656128,2.461109454764063
26.84293532371521,2.447613173438689
26.84519672393799,2.4455168778320404
26.84745216369629,2.4461844499331056
26.849706888198853,2.4452564055033212
26.851959466934204,2.4315336265008005
26.8542160987854,2.434720687236868
26.856471061706543,2.4377480075058946
26.858722925186157,2.4402621317222275
26.860976934432983,2.4430343440812043
26.86324167251587,2.4401000070691117
26.865498304367065,2.4267116101636423
26.867752075195312,2.4353799146866697
26.870006561279297,2.439117722406116
26.87226128578186,2.4462911422599722
26.874520540237427,2.4511721672024924
26.87677526473999,2.4560961074943672
26.8790283203125,2.4650385934160464
26.8812837600708,2.4728968707200134
26.883538961410522,2.4768832298378025
26.88579225540161,2.4681946597331357
26.888044834136963,2.474622425391963
26.890302896499634,2.4792626475408848
26.892561674118042,2.4882295713698355
26.89482545852661,2.483702598059487
26.897082328796387,2.4969580765912625
26.899335384368896,2.505188286922966
26.901589393615723,2.51363307400144
26.903853178024292,2.500101625931457
26.906110525131226,2.5229391482995926
26.90836453437805,2.5309219993259906
26.910616874694824,2.5407317329325356
26.912870407104492,2.5392225431469133
26.915125608444214,2.5556728310195007
26.917378425598145,2.558856911522974
26.919630527496338,2.5696191274665745
26.921884059906006,2.567901917445888
26.924181699752808,2.57587284754191
26.926450729370117,2.581333825747231
26.92870545387268,2.5783112738503546
26.930957555770874,2.5931182614705874
26.933231115341187,2.5899359691066706
26.935485124588013,2.6149323719659296
26.937740325927734,2.6027843478660997
26.939993143081665,2.60879547700828
26.94224786758423,2.614927603593779
26.94450306892395,2.619476630625323
26.94675588607788,2.6233568934627645
26.949009895324707,2.628022745611995
26.9512619972229,2.6296958481902895
26.953524112701416,2.613157345432919
26.955777645111084,2.5901535260860356
26.958032369613647,2.5999763727159944
26.960286378860474,2.607326818385937
26.962539434432983,2.611575437972002
26.964799404144287,2.617078139433639
26.967053174972534,2.621239736227958
26.96930694580078,2.6253399402308393
26.971558570861816,2.6279994997977614
26.973814010620117,2.6125463977511405
26.976066827774048,2.5782367680355036
26.97833752632141,2.5784209464098153
26.98062801361084,2.521017494322955
26.98295569419861,2.534388605879379
26.985574960708618,2.542617028071526
26.987830638885498,2.5508633316592375
26.990086317062378,2.5616362764401766
26.992343187332153,2.5716731037703875
26.994606494903564,2.581541845982295
26.996863842010498,2.5918308009899618
26.999117374420166,2.5299581921050778
27.00137209892273,2.523553076213965
27.00362730026245,2.548235958604331
27.00588083267212,2.562200732493488
27.00813317298889,2.5758174152156608
27.01038694381714,2.575490781723354
27.012640953063965,2.5784179661772213
27.0149028301239,2.583210776234958
27.01715922355652,2.5862851841789705
27.019410610198975,2.589618276312146
27.02166438102722,2.519861760122986
27.02392315864563,2.453468734439461
27.026178121566772,2.4825480559525555
27.028433322906494,2.496185600302887
27.030686378479004,2.5065848239165334
27.03295660018921,2.518382372663304
27.035210371017456,2.5269892843948942
27.037464380264282,2.536665503581226
27.039716720581055,2.529836002568722
27.0419704914093,2.524563375063345
27.044267177581787,2.532300058877475
27.046522855758667,2.5379756138295666
27.04877758026123,2.541681235036997
27.05103063583374,2.5473800358033225
27.053294897079468,2.553313678898058
27.055552005767822,2.5583460996563554
27.057806968688965,2.5639918522825065
27.060059785842896,2.5691226207164073
27.06231427192688,2.57597775172922
27.064568996429443,2.5782874319896023
27.06682252883911,2.58483500299871
27.06909465789795,2.5853934985868334
27.071367025375366,2.560904927361599
27.073672771453857,2.575073549160188
27.07593035697937,2.577292034303192
27.078185319900513,2.582508633435802
27.080440044403076,2.578403065014251
27.082692861557007,2.5877365574522684
27.084956407546997,2.5873544916337123
27.087210416793823,2.588188360713525
27.089464902877808,2.581634829239229
27.091723680496216,2.4881646022992854
27.093981742858887,2.519796195005917
27.096281051635742,2.5476625618532376
27.09853506088257,2.569138713972415
27.101102352142334,2.5927850714665737
27.10339045524597,2.597740006177426
27.105648517608643,2.6225796488022386
27.10790252685547,2.637120203628564
27.110158443450928,2.634663299878037
27.112415075302124,2.5481995997666838
27.114678382873535,2.585391114400758
27.116934537887573,2.6056841141801015
27.119187355041504,2.6172873517617408
27.121442794799805,2.6348844331365147
27.123698711395264,2.6466748293250597
27.12595272064209,2.6604369473978218
27.1282160282135,2.671809514976682
27.130468368530273,2.6832536081377993
27.1327223777771,2.6519081177601955
27.134981870651245,2.5883486972270844
27.137237787246704,2.6173791429256372
27.139491319656372,2.6318267144950287
27.14174485206604,2.643436508588375
27.144004344940186,2.6531753126591817
27.146260023117065,2.662353833002309
27.14851403236389,2.6690569721528257
27.150766372680664,2.656414825488904
27.153034448623657,2.6396182345888892
27.1552894115448,2.5714024986508486
27.157544374465942,2.599850010854007
27.159796953201294,2.6100734007446054
27.16205072402954,2.607773853275043
27.164335012435913,2.615061118013992
27.166592836380005,2.6232454327637473
27.168847799301147,2.6173666259487423
27.171101093292236,2.634448127084747
27.17336416244507,2.6174345752518864
27.17561984062195,2.6311496056496626
27.17787456512451,2.632463292177116
27.180126428604126,2.633908108938707
27.18238067626953,2.617239668040236
27.18463659286499,2.6321944751971333
27.186889171600342,2.63030560377903
27.189143180847168,2.6294961726064887
27.19139575958252,2.6271507295549785
27.193659782409668,2.617454244787007
27.195914268493652,2.6232424525311533
27.198172569274902,2.6187327645698506
27.200427770614624,2.6161232729105084
27.202680587768555,2.612430168679973
27.204941034317017,2.6086238156108634
27.207195281982422,2.603230786708687
27.209449529647827,2.6124069228657394
27.2117018699646,2.594365786834453
27.213956356048584,2.5917264928491703
27.21621823310852,2.5868478520927254
27.218470811843872,2.5826338032047516
27.220726251602173,2.5733038870458467
27.22303795814514,2.5650039392714428
27.225295305252075,2.5556388563679286
27.227593183517456,2.4351313632883267
27.229896068572998,2.4585285733376234
27.2321560382843,2.4452212387587116
27.234532356262207,2.4343112032784466
27.23683476448059,2.4341097395550895
27.239142656326294,2.430718234863071
27.241419076919556,2.4587795089220417
27.243678331375122,2.4537435118846314
27.24593424797058,2.4415025045278673
27.248196840286255,2.3582461307342206
27.250452280044556,2.3941668741901965
27.252705812454224,2.4118807806826568
27.254972457885742,2.4257132322446386
27.257228136062622,2.4397459554369396
27.25948166847229,2.452935272805127
27.261738300323486,2.4659088213335063
27.263996839523315,2.4789217089321265
27.266252279281616,2.487923203459168
27.2685067653656,2.448196702980602
27.270758867263794,2.405125189438485
27.273118257522583,2.4407336045186048
27.275376796722412,2.4547722881760943
27.277631521224976,2.4717310037292246
27.27988338470459,2.486205397391963
27.282147645950317,2.5010880829200843
27.28440523147583,2.513888777958009
27.286658763885498,2.5260129601970864
27.288913249969482,2.475449737960069
27.29117178916931,2.435133747474402
27.29346489906311,2.4560454435402685
27.295721769332886,2.4672326406517793
27.297983407974243,2.4816277601275156
27.30024027824402,2.495277821454742
27.30249309539795,2.509441674881181
27.304755687713623,2.5225386050389536
27.307010889053345,2.5362977428791216
27.309266090393066,2.539286320124426
27.311520099639893,2.544623916700353
27.313775539398193,2.551479643759685
27.316028833389282,2.5732448784404847
27.318283557891846,2.5642815308906473
27.320537090301514,2.5689515553655093
27.32296657562256,2.576077291497861
27.325247764587402,2.5781509373367952
27.32750105857849,2.578170010825397
27.32975482940674,2.5883546576922725
27.33200716972351,2.5932702533328835
27.33426570892334,2.5959017987134216
27.3365216255188,2.600459170396229
27.33877396583557,2.6025393727468695
27.34102773666382,2.600024056437499
27.343283653259277,2.578416178037665
27.345537662506104,2.5978312012948037
27.34779191017151,2.6051929718486035
27.350046157836914,2.607279730710951
27.35230016708374,2.606316519536557
27.354588985443115,2.6104232800511458
27.356867790222168,2.609624577715943
27.3591206073761,2.6121524110022083
27.36137366294861,2.559337921063652
27.36363387107849,2.521362605257345
27.36588978767395,2.5475981888292063
27.3681423664093,2.5568488308011093
27.370396614074707,2.5671389779018137
27.372650623321533,2.5749227493909297
27.374905586242676,2.578172991057991
27.377159357070923,2.578307101524723
27.379411935806274,2.597618412687589
27.38166618347168,2.5716915812124705
27.38393759727478,2.498550712889518
27.386195182800293,2.5309565700240815
27.3884494304657,2.5392630743101923
27.39070153236389,2.5392004894257174
27.392956018447876,2.5584289501224697
27.395214796066284,2.569555350489062
27.397470235824585,2.5758996696352563
27.399722814559937,2.583806822753766
27.40197730064392,2.587697814428546
27.4042329788208,2.5112703456008845
27.406485319137573,2.5001963973279473
27.40873908996582,2.518012823821643
27.410990238189697,2.527101937186949
27.413260459899902,2.5231936601631237
27.415521144866943,2.536697094046723
27.417775869369507,2.5390937970988507
27.420028924942017,2.5393191026829602
27.422282695770264,2.5523516598167015
27.424543142318726,2.475967702384913
27.42679715156555,2.4665644725041953
27.429051637649536,2.482524214091803
27.43130397796631,2.4907681334934395
27.43355941772461,2.499846518021407
27.435811519622803,2.507493794857716
27.43806552886963,2.5110706700170837
27.44032049179077,2.512126864448412
27.442572832107544,2.518031301263726
27.444833755493164,2.519218029882673
27.44708800315857,2.517301740324705
27.449342489242554,2.5198319577970456
27.451595067977905,2.5002291798864817
27.453856706619263,2.519650163608809
27.45611047744751,2.5367417975356337
27.45836639404297,2.522825899461019
27.46062135696411,2.5240930943600053
27.462873220443726,2.524488869248494
27.465128183364868,2.5258240134506242
27.4673810005188,2.519728245702773
27.469634771347046,2.5280192527793948
27.471887350082397,2.5206503296673692
27.47415256500244,2.5367304726517763
27.47640872001648,2.5196543359344408
27.47866201400757,2.5214567806073167
27.480916023254395,2.520154418963721
27.483192682266235,2.512523831429938
27.485527515411377,2.4314132251040013
27.487855672836304,2.4421974947687977
27.490136861801147,2.4220338370840357
27.492403507232666,2.4416604568553515
27.49466371536255,2.448264652283746
27.49691867828369,2.3740300385987805
27.499171495437622,2.366695686184846
27.50143837928772,2.3852190238498476
27.503703594207764,2.396501588404368
27.505959272384644,2.4061205871248945
27.508224725723267,2.419521501007259
27.510477781295776,2.427032283190761
27.512731552124023,2.4358799977159498
27.514991521835327,2.4414113094104897
27.517246961593628,2.3680385789917207
27.51949954032898,2.363485379634545
27.521753072738647,2.3829761007995724
27.52400851249695,2.395687984906195
27.526262760162354,2.4081471452888423
27.52851676940918,2.421773364755316
27.530775547027588,2.4314120330109636
27.533035039901733,2.458548838919263
27.535288333892822,2.4525263848932246
27.53754186630249,2.4531558100170865
27.53979468345642,2.3558047241931823
27.542048454284668,2.380624697282874
27.544339179992676,2.3806795335626045
27.546597957611084,2.3744872062787064
27.548852920532227,2.383030341032784
27.551105499267578,2.405541229908613
27.5533607006073,2.418206622386768
27.555615425109863,2.422119667782744
27.55786943435669,2.4342158358354373
27.56012725830078,2.341369669600686
27.56238055229187,2.3823550203269743
27.564643383026123,2.3976316926040284
27.566898107528687,2.4148926037421945
27.569151878356934,2.4220123794093587
27.571406364440918,2.440745525448981
27.5736665725708,2.453034216527249
27.575920820236206,2.4651524383011387
27.578174829483032,2.4772617193772457
27.580429077148438,2.4764826865771634
27.582681894302368,2.4840614180638094
27.584938049316406,2.4880889043913967
27.587192058563232,2.4923709025825147
27.58944797515869,2.496437727980343
27.591700077056885,2.5009140373365923
27.593959093093872,2.50425607016755
27.59622287750244,2.5095853220922137
27.598475694656372,2.510376871869191
27.60112762451172,2.5031855706197703
27.603435516357422,2.4720266428025535
27.60569477081299,2.4518647732573475
27.60794973373413,2.431364349289459
27.61020541191101,2.421102812421657
27.612459659576416,2.4170586367915434
27.61471462249756,2.4133208290720973
27.616969108581543,2.4202152991551515
27.619221687316895,2.421773364755316
27.6214759349823,2.424211195017242
27.62378978729248,2.4258312494553627
27.6260507106781,2.4245509415329627
27.628305435180664,2.4221518542947598
27.6305570602417,2.407837201099062
27.632811307907104,2.3176482102451574
27.63507103919983,2.343827169397732
27.63732647895813,2.354257983476875
27.63957977294922,2.362090630780534
27.641834497451782,2.367077155956883
27.644088983535767,2.3744121044173365
27.646342515945435,2.3682871303900637
27.648597478866577,2.377778575155565
27.650850296020508,2.339010517479243
27.653246641159058,2.2658410389233876
27.655739068984985,2.302781617973044
27.658010721206665,2.3119029178503654
27.660266876220703,2.32246307402409
27.662520170211792,2.3205962563271827
27.66479754447937,2.3295500671327196
27.667054891586304,2.3369732304779567
27.669309616088867,2.3471072133907334
27.671562910079956,2.3516902150738495
27.673818588256836,2.2583797286009464
27.676072597503662,2.278176221630123
27.678327560424805,2.2938540332143345
27.68058156967163,2.307510651053268
27.68303608894348,2.3229679254255204
27.685291528701782,2.335745374649212
27.687543153762817,2.347484510837139
27.6897976398468,2.3532661620695783
27.692056894302368,2.3633959726567237
27.694326400756836,2.2214850451332384
27.696582794189453,2.2566917248596816
27.698834896087646,2.283007178665063
27.701088905334473,2.296142851846558
27.703343629837036,2.315853514177026
27.70559859275818,2.333268801363564
27.70785093307495,2.350737136690275
27.710104942321777,2.3671200713062373
27.712360858917236,2.3836538056914574
27.714622259140015,2.391107367409154
27.716877698898315,2.400883126364127
27.719130516052246,2.4145904081571588
27.72138547897339,2.421955754990072
27.723660230636597,2.4080714473809537
27.72593879699707,2.411110092533838
27.728268146514893,2.407430697373235
27.7305645942688,2.4232932833782774
27.732834815979004,2.4221059587128115
27.735158681869507,2.3828741768448563
27.737516403198242,2.3945620530321663
27.739814043045044,2.4017336847464663
27.742141485214233,2.4058005101442945
27.744445323944092,2.4244019299032606
27.746703624725342,2.4400284814868547
27.74896216392517,2.4562975712177244
27.751214504241943,2.461199457788403
27.753483772277832,2.4778410765935273
27.75573754310608,2.4903401720929352
27.757991790771484,2.506005466700252
27.76024627685547,2.5134912149299637
27.762499570846558,2.528270188363813
27.764755249023438,2.540273969206091
27.767008304595947,2.552141851442081
27.769262075424194,2.5626376345917743
27.771515130996704,2.5758978814957
27.773775815963745,2.582890103207839
27.77603507041931,2.5924745312302746
27.778289318084717,2.6024213555361455
27.780543327331543,2.6103410256315502
27.782796382904053,2.618103339445989
27.7850558757782,2.6239779739353626
27.78731083869934,2.6345363419695307
27.789567947387695,2.6319477119383468
27.791821479797363,2.637999372243806
27.794077157974243,2.6538911645282703
27.796331644058228,2.6468238409547618
27.79858422279358,2.6539126222029474
27.800837755203247,2.6528987470744547
27.80311346054077,2.6390138434188177
27.805378437042236,2.6515284361277147
27.807631731033325,2.6452860409362366
27.80988645553589,2.636893705951417
27.812140941619873,2.644713240231662
27.814481735229492,2.6070699223363305
27.81678581237793,2.6170864840849024
27.819044828414917,2.6153615254594715
27.821299076080322,2.6149913805712917
27.82355570793152,2.614906741965621
27.825810194015503,2.6155051726705043
27.828063488006592,2.615015222432044
27.830317497253418,2.6120665803035
27.832573175430298,2.6123723521676485
27.834841012954712,2.608976079103479
27.837098598480225,2.6067432888440236
27.839352130889893,2.603562784619663
27.841606616973877,2.600869250401169
27.843865871429443,2.595956038946633
27.84612226486206,2.5781473610576824
27.848379373550415,2.58926601281953
27.850633144378662,2.5782021973374127
27.852887392044067,2.5812611080719363
27.85515856742859,2.577982256171972
27.857412338256836,2.57263214261915
27.859663486480713,2.5692686521135153
27.861916542053223,2.5587436626844005
27.86418342590332,2.5552889770613882
27.86644983291626,2.5509569109626904
27.868704795837402,2.5447693520509422
27.870957612991333,2.5392440008215904
27.873212099075317,2.533777062151082
27.875470638275146,2.530690137230174
27.877726793289185,2.5342163484354434
27.879979133605957,2.5214633371190236
27.8822340965271,2.5120660677034934
27.88448977470398,2.5000867247684866
27.88674306869507,2.4998626112774147
27.888996839523315,2.4976196882271395
27.891253232955933,2.48113542570298
27.893524885177612,2.477413711239542
27.895780086517334,2.47337370793506
27.898038387298584,2.4587514947356577
27.90029740333557,2.4586096356641813
27.90255069732666,2.4508264602215837
27.904813051223755,2.448283725772348
27.907066345214844,2.4432322315254487
27.90931987762451,2.4410822917321076
27.911572217941284,2.436596445631557
27.913826942443848,2.4338856260640176
27.91607928276062,2.4296477353152914
27.918333768844604,2.4269881757483693
27.92058801651001,2.4223950412744335
27.923043489456177,2.406463909919728
27.925309419631958,2.408409405757118
27.927563428878784,2.4063315875925526
27.929818153381348,2.4003842354278846
27.93207550048828,2.3999217033292894
27.934336185455322,2.4016645433502846
27.936593294143677,2.3970970388766575
27.93885350227356,2.39574043699985
27.94110894203186,2.3952486986218333
27.943363904953003,2.3977252719074813
27.94561791419983,2.3989334582011055
27.947870016098022,2.4001982689140164
27.950123071670532,2.4011525393906283
27.9523766040802,2.403844881516085
27.95463466644287,2.4053957945580238
27.95689058303833,2.406750012248756
27.95914363861084,2.4102744353144687
27.961400985717773,2.4116328253308326
27.963659524917603,2.414937903277624
27.965914487838745,2.4162962932939878
27.968167543411255,2.420021584036539
27.97043251991272,2.421881249175221
27.972686290740967,2.4255856782896137
27.974940538406372,2.428033641342359
27.977195262908936,2.431380442545467
27.979448080062866,2.4340668242057353
27.981701612472534,2.435183815381982
27.983964681625366,2.437324218431022
27.986221075057983,2.4009695531093542
27.988549947738647,2.3440459184701345
27.990955591201782,2.378453895861375
27.99336338043213,2.3831102112663043
27.99562430381775,2.3830976942894093
27.99787974357605,2.404732990829109
28.0001323223114,2.4117907776583167
28.002386331558228,2.420219471480783
28.00464153289795,2.426193645738798
28.0068941116333,2.4347785037491922
28.009148597717285,2.4365577026078347
28.011401653289795,2.45628982261298
28.01366138458252,2.4543484991012217
28.015914916992188,2.461431915930738
28.018168926239014,2.461177404067207
28.020424127578735,2.4732878772363516
28.022676706314087,2.4782380435750535
28.02493715286255,2.495235502151907
28.027193546295166,2.4901065218575624
28.02944850921631,2.49758452148253
28.031700372695923,2.4996456503445685
28.033955812454224,2.503204644108372
28.03621816635132,2.508534492079555
28.038471460342407,2.5115880383954092
28.040725469589233,2.5163278003129723
28.043044090270996,2.5035575036475066
28.045310258865356,2.5127485409675288
28.04756450653076,2.5147375482007917
28.04981827735901,2.5344553630894855
28.05207109451294,2.516965570088097
28.054394721984863,2.522800865507229
28.05666732788086,2.5265851648551423
28.05892038345337,2.5160887856589302
28.06117534637451,2.522537412945916
28.063430786132812,2.520132365242525
28.065686464309692,2.5234064487703383
28.067939043045044,2.5250610739065498
28.07019305229187,2.5099089753519266
28.07248568534851,2.5085631023124577
28.074761629104614,2.5120440139822975
28.07701849937439,2.5153818744876233
28.07927131652832,2.518062295682704
28.081525802612305,2.520984115717902
28.08381199836731,2.5216999675869904
28.086073637008667,2.5249663025100593
28.088329076766968,2.524112763895126
28.09058690071106,2.5211396838593108
28.09284520149231,2.521608176423094
28.09510111808777,2.5256732136813658
28.09735608100891,2.5197020196559454
28.099608182907104,2.5245049625045017
28.102178812026978,2.525209489489733
28.10447120666504,2.53446311169423
28.106727838516235,2.529867593034219
28.108983755111694,2.5368574305602825
28.11123752593994,2.5342997949480766
28.113646030426025,2.5342622440173916
28.115901231765747,2.5366833849767905
28.11815571784973,2.536752526372972
28.120409965515137,2.5377342149894493
28.12266230583191,2.535047833329181
28.12491774559021,2.538024489644109
28.12717032432556,2.5343862216933037
28.12942385673523,2.537989918946018
28.131676197052002,2.5375786468480404
28.133936405181885,2.5384911940683357
28.136199951171875,2.53811389662193
28.138453722000122,2.5392219471003945
28.140708208084106,2.539208238030462
28.1429603099823,2.5377467319663443
28.145219564437866,2.5395086454759412
28.14747667312622,2.538399402904439
28.149730443954468,2.5382617161585945
28.151982307434082,2.5280067358025
28.15424919128418,2.531974021431687
28.156503438949585,2.5295183097741973
28.158756971359253,2.5305685437403374
28.1610107421875,2.5280913744081706
28.163355827331543,2.515679897747028
28.16561532020569,2.5164797921752684
28.167869091033936,2.5148400682020267
28.170125007629395,2.5070759662480313
28.172379970550537,2.5069424518278183
28.174642086029053,2.5079914937009207
28.176900148391724,2.5068542369430347
28.179152965545654,2.507145703690732
28.1814067363739,2.505522669020017
28.183660745620728,2.5069198020601036
28.18591570854187,2.5044092541228835
28.188168048858643,2.505010665060361
28.190430164337158,2.5030055645710902
28.192683696746826,2.503214776899192
28.194942951202393,2.495278417501261
28.1972336769104,2.495163380523131
28.199491500854492,2.497817575671384
28.20177936553955,2.4765017600657653
28.204055070877075,2.4799123382463857
28.206310749053955,2.4609950138324517
28.20856523513794,2.4816802122211707
28.21081852912903,2.4813398696589313
28.213074207305908,2.4806842184882423
28.2153263092041,2.481996712922658
28.217580318450928,2.4807301140701905
28.219833374023438,2.4611291242991835
28.22208881378174,2.475052174932024
28.224366188049316,2.4611708475555
28.226622819900513,2.460944349878353
28.22892737388611,2.450285249982506
28.231218576431274,2.453756624908045
28.23350238800049,2.422449281507645
28.235817193984985,2.4121984734771815
28.238144159317017,2.4061396606134964
28.24045443534851,2.4164178867838246
28.242708444595337,2.422284772668454
28.244967699050903,2.4221721198763992
28.24722170829773,2.4340197365307494
28.249479293823242,2.4379476830896953
28.251733779907227,2.4413743545263236
28.254010438919067,2.4295142208950784
28.256298780441284,2.4407961894030796
28.258557558059692,2.4563339300553717
28.260812759399414,2.4526980462906414
28.263290405273438,2.4483415422846724
28.265549421310425,2.4523833337287106
28.267803192138672,2.456122333541195
28.270057916641235,2.461426551512069
28.27231192588806,2.461090381275461
28.274574995040894,2.4720725383845017
28.27683711051941,2.4787780617210937
28.279090404510498,2.4815812684990486
28.281344175338745,2.487923203459168
28.283607006072998,2.4951747054069884
28.285863399505615,2.4977663156707663
28.288116216659546,2.495166956802244
28.290375471115112,2.4982109663737972
28.292636156082153,2.4976035949711317
28.294917345046997,2.49438375167653
28.297176122665405,2.4991580842921834
28.299429178237915,2.50063508756579
28.301684379577637,2.505408228088406
28.303943395614624,2.507875860676272
28.30620241165161,2.512765826316574
28.30845618247986,2.5146952288979563
28.310707807540894,2.5199064636118966
28.313037157058716,2.5224325087586057
28.31529188156128,2.5265136392728853
28.317545413970947,2.5274631413773467
28.319797039031982,2.5291267072113404
28.322050094604492,2.5306704676950535
28.32430911064148,2.5343748968094464
28.326563119888306,2.534019057037718
28.328818798065186,2.532614175392887
28.331071138381958,2.5357791824077585
28.333332061767578,2.5360456152016657
28.33558464050293,2.5384971545335238
28.337838888168335,2.5344058912284244
28.34009099006653,2.540907566655584
28.342344760894775,2.5403180766484827
28.34460425376892,2.5432243994741914
28.346858263015747,2.5391510175646563
28.349114418029785,2.5449392253088026
28.351367950439453,2.543520634594039
28.35363268852234,2.5394025491955934
28.355887413024902,2.5407317329325356
28.358141899108887,2.539182608030153
28.360396146774292,2.5391939329140105
28.362648487091064,2.540426557114906
28.364903450012207,2.541041081075797
28.367155075073242,2.540088002692223
28.36940836906433,2.541647260385425
28.371660232543945,2.5392255233795074
28.37391972541809,2.539288704310501
28.376173496246338,2.5393590377997204
28.378438472747803,2.539665405710388
28.38069248199463,2.5391003536105576
28.38294529914856,2.537231747774094
28.38520646095276,2.534208599830699
28.387459993362427,2.533708516801419
28.38971447944641,2.5311765111895217
28.391965627670288,2.529844943266504
28.394222736358643,2.5304994023441556
28.39647674560547,2.5282475385960983
28.398728132247925,2.52873689278804
28.400981664657593,2.519831361750527
28.403241395950317,2.527194920443883
28.405497074127197,2.5250926643720466
28.40774965286255,2.5245925813427665
28.410003185272217,2.523575129935161
28.4122576713562,2.5126096621286464
28.414525508880615,2.512741984455822
28.41678237915039,2.5111529244366793
28.419034242630005,2.5119003667712647
28.421287775039673,2.5112822665312606
28.423542499542236,2.5117775811883902
28.425795793533325,2.510047854190809
28.428048133850098,2.508915961851592
28.430301666259766,2.5088676820835687
28.432555437088013,2.508888543711727
28.434813737869263,2.502289116655483
28.437068700790405,2.504380047843462
28.43932294845581,2.5044813757516593
28.441576719284058,2.500091493140637
28.44383406639099,2.505246699481809
28.446089506149292,2.500122487559615
28.448344707489014,2.507763207884217
28.450597286224365,2.506611049963361
28.452850103378296,2.5078490385829255
28.455103635787964,2.505718768324705
28.45735740661621,2.5080689797483657
28.459609508514404,2.5071719297375594
28.461862802505493,2.5090572248765497
28.464122772216797,2.5084242234735754
28.466378211975098,2.5096395623254253
28.468632459640503,2.5097659241874126
28.470885038375854,2.5114938630454375
28.473222255706787,2.5071844467144544
28.47547721862793,2.509460748369783
28.477731704711914,2.5171068331130546
28.479984045028687,2.512027324679771
28.482237815856934,2.514767946573251
28.484492301940918,2.4676576218196895
28.486819744110107,2.429806879735813
28.489142656326294,2.441370182200692
28.491409301757812,2.447280579481194
28.49369168281555,2.453446680718265
28.495946884155273,2.459778482887564
28.498201608657837,2.461074288019453
28.50045680999756,2.4722620811774827
28.50270986557007,2.4777129265919835
28.50497317314148,2.4840059857375603
28.507226943969727,2.490912376750991
28.509488105773926,2.495861947043174
28.51174020767212,2.5029274824771264
28.51399540901184,2.5001731515137138
28.51625084877014,2.514254154474038
28.518503427505493,2.5179240128903406
28.52075695991516,2.5244215159918686
28.52301836013794,2.528263631852106
28.52527403831482,2.5338026921513905
28.52752685546875,2.5379386589454005
28.529780864715576,2.5411543299143706
28.53203320503235,2.545388048337465
28.534291982650757,2.5498965442057306
28.5365469455719,2.554689950309986
28.538803100585938,2.539173667332371
28.541056632995605,2.5613418294598853
28.543311595916748,2.5734946219318653
28.545565366744995,2.566709824408272
28.54781746864319,2.5688943348997038
28.550071239471436,2.573361703558171
28.552324533462524,2.558322257795603
28.554605722427368,2.562688894592392
28.556865692138672,2.5608661843378764
28.55911898612976,2.5646880346164744
28.56137228012085,2.5666144569652625
28.563701629638672,2.569300838625531
28.565957069396973,2.5717070784219596
28.56822967529297,2.5726077047118787
28.57048201560974,2.5655850846272807
28.572737216949463,2.564993210434104
28.574992656707764,2.5734075991401193
28.57724690437317,2.5732633558825677
28.579499006271362,2.5725826707580888
28.58175277709961,2.573231169370552
28.58401370048523,2.5750693768345565
28.586269855499268,2.574390479849634
28.58852458000183,2.5751695126497163
28.590778589248657,2.5759080142865196
28.59317135810852,2.575834700564706
28.59542989730835,2.578180143616217
28.597684621810913,2.578341672222814
28.599937200546265,2.579795429682187
28.602697610855103,2.578735658971746
28.60496735572815,2.5781867001279237
28.607221126556396,2.574728438225798
28.609477996826172,2.5734379975125785
28.611730337142944,2.572099873077854
28.613999366760254,2.5726804223871733
28.616256713867188,2.5723770347091
28.618509531021118,2.5726077047118787
28.620763778686523,2.57031650189358
28.623162269592285,2.575695821725824
28.625421047210693,2.568263121636286
28.627673625946045,2.568968244668036
28.62992763519287,2.5667604883623705
28.632180213928223,2.564667769034835
28.634443044662476,2.565307922996035
28.636698007583618,2.5614783241126924
28.63895058631897,2.5605586243341714
28.64120578765869,2.557893104302061
28.64346694946289,2.557844228487519
28.645722150802612,2.5553134149686594
28.647974252700806,2.556172318002262
28.650228261947632,2.5532439414553574
28.65248203277588,2.5403055596715878
28.65477180480957,2.542697494351565
28.65703058242798,2.5421145608561706
28.659284114837646,2.5408372331663647
28.66153836250305,2.5390890287267003
28.663793325424194,2.5386372254654437
28.66605544090271,2.536648218232181
28.668308973312378,2.5360521717133726
28.670560836791992,2.5327649751621455
28.673022747039795,2.517606320095816
28.675293922424316,2.519280614767148
28.67755103111267,2.520107927335254
28.6798038482666,2.5148215907599436
28.682058334350586,2.5176045319562594
28.684319257736206,2.5171110054386863
28.686572790145874,2.5157931465856014
28.68882727622986,2.511069477924046
28.69108557701111,2.5068816550829
28.69334626197815,2.5075128683463177
28.695600748062134,2.5002834201196933
28.697856903076172,2.50738173811218
28.70010995864868,2.505805791116451
28.702364921569824,2.5002422929098955
28.704628229141235,2.506175936004631
28.706881046295166,2.5001642108159317
28.70913529396057,2.5000318884887562
28.711388111114502,2.5068172820588686
28.71364736557007,2.5067868836864093
28.715900897979736,2.5078955302113926
28.718154668807983,2.5070384153173464
28.720407962799072,2.5068643697338544
28.722660779953003,2.5000372529074255
28.724915981292725,2.5000563263960274
28.727168560028076,2.495169340988319
28.729471921920776,2.4755880207524323
28.731765508651733,2.477379140541451
28.73405694961548,2.458638245897084
28.736387491226196,2.43995576381156
28.738690853118896,2.442922883382187
28.7409610748291,2.4235537557069966
28.743395566940308,2.4219140317337553
28.74565839767456,2.4436983399031567
28.747910976409912,2.450011664630373
28.750168561935425,2.45630472377595
28.75242328643799,2.461078460345085
28.75467824935913,2.4661067087777506
28.756932973861694,2.4729558793253754
28.759185314178467,2.475993332385222
28.76143980026245,2.4836978296873364
28.763701677322388,2.487889824854115
28.765958070755005,2.4954226607588126
28.768221139907837,2.49949485057531
28.770474433898926,2.4894222604539706
28.77272868156433,2.490679322562137
28.774988651275635,2.4986079333553235
28.7772479057312,2.504352033657078
28.77950096130371,2.5103375327989497
28.78175449371338,2.5148811954118244
28.784008741378784,2.514870466574486
28.78626322746277,2.523823085286985
28.78851842880249,2.527599039983635
28.790770053863525,2.53301769888612
28.79305076599121,2.4853339773814653
28.79532480239868,2.479566631265477
28.7975811958313,2.483024297121083
28.799833297729492,2.4943283193502808
28.80208730697632,2.5003287196551227
28.804348945617676,2.5086513171972413
28.806602001190186,2.514673771223279
28.808855533599854,2.513202132368342
28.811108112335205,2.5229433206252243
28.81336522102356,2.536648218232181
28.81561803817749,2.5378397152232783
28.81787133216858,2.5436225585487553
28.82012367248535,2.5500437676958763
28.8223774433136,2.557409114528789
28.824636697769165,2.5604251099139583
28.826889991760254,2.573330709139193
28.8291437625885,2.5714454140002028
28.831395626068115,2.575856754285902
28.833654165267944,2.5753185242794183
28.835907697677612,2.577920267334016
28.838161945343018,2.581845829706887
28.840415477752686,2.5851318341650766
28.84266757965088,2.58635551766819
28.844922065734863,2.5912407149363417
28.84717607498169,2.5944075100907695
28.849430322647095,2.597634505943597
28.851682424545288,2.59475738939731
28.8539457321167,2.596521687092982
28.856210231781006,2.5965663905818928
28.858463287353516,2.6148089903365364
28.860716819763184,2.5998273610862923
28.862969160079956,2.6012352229637172
28.865227937698364,2.597696494781553
28.86748218536377,2.603640866713627
28.869735956192017,2.6027533534471217
28.87198781967163,2.6011660815675355
28.874242544174194,2.601167273660573
28.876497507095337,2.599377345964592
28.87874984741211,2.5898155677098713
28.881004095077515,2.585674832543711
28.883265495300293,2.589440058403022
28.885520935058594,2.5877300009405615
28.887773752212524,2.5873598560523816
28.89002776145935,2.578434059433229
28.89228844642639,2.5779679510555207
28.894557237625122,2.5787559245533855
28.89681315422058,2.5782922003617528
28.899065256118774,2.580115506662787
28.90131902694702,2.5782188866399394
28.903574466705322,2.578216502453864
28.905830144882202,2.576751420110633
28.908082723617554,2.5769516917409527
28.91033625602722,2.575882384286211
28.912590265274048,2.563672967394944
28.91486668586731,2.565289445553952
28.917123317718506,2.5676092586051533
28.919376134872437,2.5664714058007485
28.921630382537842,2.56696075999269
28.923889875411987,2.5678113183750293
28.92614507675171,2.567899533259813
28.928399324417114,2.5670859297616397
28.930652379989624,2.5687983714101756
28.93290615081787,2.5703242504983246
28.93517827987671,2.5687363825722196
28.937431812286377,2.5710108960879916
28.939685583114624,2.569427796534037
28.94193983078003,2.5714370693489395
28.944207906723022,2.5718775477263387
28.94646191596985,2.5751724928823103
28.948715448379517,2.575136730091182
28.95096731185913,2.5774094554673974
28.9532253742218,2.576705524528685
28.95547842979431,2.577861854775173
28.957732915878296,2.5780579540798607
28.95998525619507,2.579540321772137
28.962239503860474,2.581044743185609
28.964497089385986,2.580097029220704
28.96674942970276,2.5820866325004856
28.969002723693848,2.579934904567588
28.971254587173462,2.5790730213013915
28.973517179489136,2.5756844968419665
28.97577142715454,2.5734093872796757
28.978025197982788,2.5778594705890976
28.980279684066772,2.5781253073364865
28.982532262802124,2.5769439431362082
28.98479151725769,2.546867435797147
28.987117767333984,2.482148704784954
28.98945665359497,2.503357232017187
28.9917209148407,2.5078716883506402
28.994020700454712,2.5117233409551787
28.996275901794434,2.5173565766044352
28.998529195785522,2.5181582591722322
29.000786542892456,2.5189492129026907
29.00313448905945,2.5179961345191164
29.005390405654907,2.5234022764447066
29.00764274597168,2.525441947632068
29.009896516799927,2.534369532390777
29.01214838027954,2.530063692338907
29.014424085617065,2.5335541407530475
29.016680002212524,2.5355181140325205
29.018932580947876,2.5368067666061838
29.02118730545044,2.5398096489679394
29.023451566696167,2.5409588266562015
29.02570629119873,2.542849486213861
29.027958393096924,2.5432398966836804
29.03021240234375,2.545126979962227
29.032466173171997,2.5451663190324685
29.034725666046143,2.546513384164975
29.036980628967285,2.541809385038541
29.039236545562744,2.543912833203415
29.04149079322815,2.5414404322433986
29.043773651123047,2.5316020884039507
29.04603147506714,2.5368073626527026
29.048285722732544,2.526875439509802
29.050537824630737,2.528133693711006
29.05279231071472,2.5284245644121843
29.055047273635864,2.530212703968609
29.05730366706848,2.536911074746975
29.05955672264099,2.534367148204702
29.061810731887817,2.532713119115009
29.06407070159912,2.5346609991384743
29.066326379776,2.534900609839035
29.068581104278564,2.5343284051809793
29.070833921432495,2.5260624320581475
29.073349952697754,2.51748413055946
29.075608491897583,2.500181496164977
29.077863693237305,2.5215598966550705
29.080116748809814,2.5241103797090507
29.08237075805664,2.5253298908865323
29.08462619781494,2.528534236971645
29.086883068084717,2.526327672759017
29.089137315750122,2.5233247903972615
29.091394424438477,2.525081935534708
29.093662977218628,2.5285413895298707
29.095916986465454,2.531241480260072
29.098172187805176,2.5359103126418963
29.10042667388916,2.5393214868690355
29.10267949104309,2.5373819514968337
29.105273723602295,2.5450041943793527
29.107544898986816,2.5492045341973943
29.10980224609375,2.5392153905886876
29.112057209014893,2.557775683137856
29.11431312561035,2.563095398318219
29.11656880378723,2.5669863899929988
29.118821620941162,2.5715544905131447
29.121078968048096,2.5748494356691163
29.12334179878235,2.579869339450519
29.125597715377808,2.5825312832035165
29.12785005569458,2.588299821412542
29.130103826522827,2.5910613049341804
29.132357358932495,2.594915937771313
29.134617567062378,2.5963595624398663
29.136873722076416,2.599965643878656
29.139126777648926,2.6123908296097316
29.141380786895752,2.6031854871732576
29.143635988235474,2.6050749546378795
29.1458899974823,2.6064601667475897
29.148142337799072,2.6084622870042664
29.1503963470459,2.609072042593007
29.152649879455566,2.6103213560964296
29.15490984916687,2.602627587631653
29.157175540924072,2.6065203674459894
29.159430265426636,2.6148089903365364
29.161685705184937,2.600680303654707
29.16396427154541,2.59544761126609
29.16622233390808,2.596777391049551
29.168477058410645,2.59617776825163
29.170729398727417,2.594943951957697
29.172985553741455,2.5911668051680095
29.175238370895386,2.578406045246845
29.177491903305054,2.5926020851852996
29.17974591255188,2.5923064461119707
29.182000160217285,2.5940820686915003
29.18427014350891,2.5862726672020755
29.186524391174316,2.5781753752440664
29.188779830932617,2.5783404801297762
29.19103217124939,2.5838396053123005
29.19329261779785,2.5831660727460473
29.19554615020752,2.5851443511419716
29.19780135154724,2.585211108352078
29.200053930282593,2.585739205567742
29.20230746269226,2.585981796500897
29.20456290245056,2.5851419669558964
29.206815481185913,2.5866678460440453
29.20906925201416,2.5859615309192576
29.211321592330933,2.5877544388478326
29.21358013153076,2.585354159516592
29.215834140777588,2.5865647299962915
29.218088388442993,2.5706997598051737
29.220354795455933,2.5759026498678503
29.22260880470276,2.564114637865381
29.224879264831543,2.573455282861624
29.22713613510132,2.5678005895376907
29.229390621185303,2.562746711104716
29.231685400009155,2.541647260385425
29.233994722366333,2.543107574356505
29.236257314682007,2.527352872771367
29.23872447013855,2.507030070666083
29.24104332923889,2.4889627085879695
29.243364334106445,2.4954703444803172
29.245659112930298,2.500247657328565
29.247912645339966,2.5030425194552564
29.250166416168213,2.508534492079555
29.252424001693726,2.509525717440333
29.25469207763672,2.51350313586034
29.256948232650757,2.5163176675221526
29.259201288223267,2.5211909438599283
29.261455297470093,2.5367990180014393
29.263710737228394,2.5260660083372604
29.265966176986694,2.5196954631442385
29.26822829246521,2.5310924686303697
29.27048087120056,2.5367674275359424
29.27273440361023,2.534500662624915
29.274994134902954,2.5374296352183383
29.277250051498413,2.537517850103122
29.279508113861084,2.5391599582624385
29.281763792037964,2.5382277415070225
29.28402328491211,2.5395986485002813
29.286278009414673,2.5383177445313625
29.288533687591553,2.533618513777079
29.290791273117065,2.5283804569697925
29.293051719665527,2.5273337992827654
29.295305967330933,2.528239789991354
29.29755997657776,2.5266024502041877
29.29981231689453,2.5269046457892235
29.30206608772278,2.5139489786564084
29.304352283477783,2.513115109576596
29.30660891532898,2.510578931639067
29.308863162994385,2.511070073970565
29.311115741729736,2.509460748369783
29.31337881088257,2.5090947758072346
29.315635681152344,2.500125467792209
29.317891597747803,2.507844866257294
29.320144176483154,2.5061586506555855
29.322397470474243,2.5054189569257446
29.324652671813965,2.5045827036598567
29.326905012130737,2.503468692716204
29.329158782958984,2.503121793642258
29.331410884857178,2.5013545157139916
29.33367156982422,2.501896918046107
29.335925340652466,2.4976047870641693
29.33817982673645,2.5008919836153964
29.340434074401855,2.4962767954202647
29.342686414718628,2.49335855166418
29.344946146011353,2.493933140508311
29.34719967842102,2.4943009012104156
29.349453926086426,2.497690021716359
29.351706743240356,2.4955448502951683
29.353962659835815,2.4968156214732673
29.356223583221436,2.496719657983739
29.358476638793945,2.497858106834663
29.360730409622192,2.497558891482221
29.36302876472473,2.4952527875009523
29.365285873413086,2.495917975415942
29.367538452148438,2.4992379545257037
29.369792222976685,2.495215832616786
29.372044324874878,2.5005778670999845
29.374303340911865,2.5005659461696084
29.376559495925903,2.5030133131758348
29.378811597824097,2.5036844615560128
29.381065130233765,2.504973114129676
29.383320331573486,2.506305874145731
29.385575532913208,2.505722344603818
29.3878276348114,2.500297129189626
29.39008140563965,2.5030425194552564
29.392335891723633,2.5041201715612615
29.394595623016357,2.5050863629682496
29.396852254867554,2.5073859104378116
29.3991060256958,2.506542504613698
29.40135955810547,2.507027686480008
29.40361785888672,2.506194413446714
29.40587329864502,2.5070908674110015
29.40812635421753,2.506392896937477
29.410379886627197,2.5062355406565118
29.412633657455444,2.506987155316729
29.414888620376587,2.5045886641250448
29.417142391204834,2.467031772974941
29.41939616203308,2.43949561589904
29.421650648117065,2.4586626838043553
29.423922538757324,2.4407616187049888
29.426179885864258,2.4442729287472877
29.428434133529663,2.445161038060312
29.430685997009277,2.4490985213635588
29.432940006256104,2.450256639749603
29.435199975967407,2.452404195356869
29.437455654144287,2.453309590018939
29.43970823287964,2.4561598844718797
29.441965103149414,2.455101901900995
29.444233655929565,2.45544462864931
29.446485996246338,2.4576559612340882
29.448740005493164,2.458614404036332
29.450992345809937,2.4475368794842813
29.453253984451294,2.4490085183392187
29.455508947372437,2.450486117659344
29.45776391029358,2.4452742868988855
29.46001625061035,2.447204881573305
29.462270259857178,2.44643240528493
29.464529275894165,2.4467804964519138
29.46678328514099,2.4475434359959882
29.469037294387817,2.447125011339785
29.47128939628601,2.4465754564494437
29.47354793548584,2.444237762002678
29.475800275802612,2.444499426424435
29.4780535697937,2.442463927562705
29.48030734062195,2.441503696620905
29.482559204101562,2.4340912621130064
29.484822988510132,2.4368128105178846
29.487078428268433,2.422035625223592
29.489341020584106,2.361133380071328
29.491666078567505,2.3328318992652775
29.494000911712646,2.3415377547189897
29.496264219284058,2.345287483368812
29.498517751693726,2.348804753876299
29.50077176094055,2.344022076609382
29.503024101257324,2.3491051613217784
29.505439519882202,2.350311559475846
29.50770354270935,2.3543312971986885
29.50995922088623,2.3588177393457577
29.512221097946167,2.3610505296052136
29.514477014541626,2.3677012166620752
29.51673126220703,2.3709872211202647
29.518983840942383,2.3752829283813153
29.52123761177063,2.377978250739366
29.52349877357483,2.3811247803121542
29.525754690170288,2.383045838242273
29.52800726890564,2.385699437344007
29.530261039733887,2.3828640440540365
29.53251552581787,2.3924490681229913
29.53477430343628,2.3967990156172534
29.53703236579895,2.397766399117279
29.539285898208618,2.4018701793992734
29.541539907455444,2.4194797777509423
29.543794870376587,2.4056056029326442
29.546048402786255,2.4026462319667616
29.54830265045166,2.410898496019661
29.550554513931274,2.4124935165039916
29.55301523208618,2.3828759649844127
29.555287837982178,2.405115652694184
29.557544708251953,2.408793855761749
29.559800624847412,2.417056252605468
29.562054872512817,2.414707233274845
29.564316272735596,2.41705029214028
29.566570281982422,2.419698526823345
29.568824529647827,2.4232658652384123
29.57107663154602,2.424469283159886
29.57333207130432,2.4277308497108043
29.57558560371399,2.4285778318140308
29.577839612960815,2.4325802841878277
29.58009123802185,2.4220690038286454
29.582345724105835,2.435913376321003
29.5846049785614,2.4219509866179214
29.586859464645386,2.42188661359389
29.58911442756653,2.440895133125202
29.5913667678833,2.4424615433766297
29.593626260757446,2.444169216653015
29.595886707305908,2.4452212387587116
29.59814143180847,2.447527938786499
29.60039496421814,2.4471792515729964
29.602647066116333,2.449678474626359
29.6052303314209,2.450542742078631
29.607497215270996,2.4527004304767166
29.60975193977356,2.4563100881946194
29.612005472183228,2.4503108799828146
29.614272356033325,2.4502584278891595
29.616528511047363,2.4523737969844097
29.618781566619873,2.452404195356869
29.62103581428528,2.4530681911788212
29.623295545578003,2.452947193735503
29.62555193901062,2.458709771479341
29.627804040908813,2.449852520209851
29.630059003829956,2.4510040820841885
29.632319927215576,2.4492672025283815
29.63457489013672,2.449563437648229
29.636828899383545,2.451076799759483
29.63908100128174,2.451356941623323
29.641334295272827,2.4523618760540336
29.643592834472656,2.4526736083833702
29.645848035812378,2.452078157911081
29.64810013771057,2.452757650942522
29.65035367012024,2.454055840260487
29.65260624885559,2.4539908711899368
29.654863357543945,2.445741587369631
29.657129287719727,2.449222499039471
29.65938711166382,2.4484255848438243
29.661641359329224,2.4563035316829125
29.663897275924683,2.4415889312730945
29.666152000427246,2.458648378687904
29.668405294418335,2.458712751711935
29.670657634735107,2.4549707716668574
29.67308235168457,2.43541984980343
29.67534875869751,2.4424746564000435
29.677604913711548,2.4562635965661523
29.679859399795532,2.444048815256216
29.68211579322815,2.446233325747648
29.68437695503235,2.4484065113552225
29.686630964279175,2.451008850456339
29.688885927200317,2.458529765430661
29.691138982772827,2.4471536215726877
29.693399667739868,2.4563464470322667
29.695653915405273,2.4562844581943106
29.697912216186523,2.4127390876697405
29.700164794921875,2.4050119405999113
29.702431440353394,2.4118044867282493
29.704711437225342,2.4160459537560883
29.706966400146484,2.4203982854364257
29.709221124649048,2.4256178648016293
29.71147394180298,2.4309405602145864
29.71373438835144,2.435620717480268
29.71598720550537,2.44104116452231
29.718241930007935,2.4437639050202256
29.720495462417603,2.448873811825968
29.722747802734375,2.4516478123245014
29.725004196166992,2.457065875180468
29.727256536483765,2.4560794181918406
29.72951316833496,2.452232533959452
29.73180389404297,2.428188613437249
29.7341411113739,2.4367687030754928
29.736407995224,2.431839994411468
29.73870873451233,2.3997756719321814
29.741039037704468,2.400321054496891
29.743422985076904,2.3829290131245866
29.74570608139038,2.4038645510512056
29.747963190078735,2.4112817539312545
29.75021767616272,2.4198916458954387
29.75248408317566,2.426550677603564
29.754740238189697,2.4221160915036313
29.75699543952942,2.440033249859005
29.75924801826477,2.446710759009213
29.761504650115967,2.4532738272278105
29.763771057128906,2.4560770340057654
29.766027450561523,2.4611917091836584
29.768282175064087,2.475703653777081
29.77053427696228,2.475872334941904
29.77278780937195,2.4805000401139305
29.775047302246094,2.4857148511069838
29.777303218841553,2.4801018810393667
29.779560565948486,2.4708983267424496
29.78182053565979,2.4623385026858453
29.78407573699951,2.4482634601907085
29.78633165359497,2.4402597475361523
29.788585901260376,2.4221780803415873
29.790838718414307,2.4305733955590005
29.79311227798462,2.4195197128677024
29.79537868499756,2.4110492957889194
29.797634840011597,2.408281851802093
29.799887657165527,2.404254365474506
29.802141666412354,2.3975887772546742
29.804404258728027,2.3999026298406876
29.806658267974854,2.3975202319050113
29.80891227722168,2.383057759172649
29.81117582321167,2.38310246266156
29.81343102455139,2.395628976300833
29.81568479537964,2.3933991662739715
29.81793975830078,2.394454168612262
29.820199966430664,2.4001785993788958
29.822453022003174,2.3828205326581635
29.824711561203003,2.3830047110324752
29.826964378356934,2.3828986147521274
29.82921814918518,2.38297729289261
29.831470012664795,2.396486687241398
29.833728551864624,2.397691893302428
29.835981607437134,2.398373174473426
29.83823561668396,2.400668549617356
29.840494394302368,2.4010184289238965
29.84274649620056,2.404114890589105
29.845001459121704,2.419588854263884
29.847253799438477,2.4171700974905606
29.849507331848145,2.4070742615549876
29.851760387420654,2.4073699006283165
29.854023933410645,2.4052157885093437
29.856281042099,2.4090763818116643
29.85853385925293,2.410892535554473
29.860787630081177,2.3942473404702356
29.863216638565063,2.413567592330884
29.865478038787842,2.4302378213689115
29.86773133277893,2.4451526934090486
29.869985580444336,2.4583318779864167
29.872239112854004,2.4610570026704077
29.874495029449463,2.497615515901508
29.876750230789185,2.497740089623939
29.879003286361694,2.508544028823856
29.88125777244568,2.520265879662738
29.88351607322693,2.529180351398033
29.885772228240967,2.539297645008283
29.888025283813477,2.5477257427842313
29.890279531478882,2.5526216688897216
29.89254093170166,2.5536760751814933
29.894807815551758,2.5522735777227377
29.89706802368164,2.559702701533163
29.899321794509888,2.5532552663392147
29.90158247947693,2.559490508972467
29.90383791923523,2.5648096281063113
29.906092166900635,2.571410247255593
29.90834665298462,2.574250408917714
29.910598516464233,2.579099247348219
29.91310214996338,2.565535016719701
29.915371417999268,2.5750842779975267
29.9176287651062,2.576895067321666
29.91988229751587,2.5782284233842403
29.922137022018433,2.579898545729941
29.924403190612793,2.580948779696081
29.92665934562683,2.5812456108624473
29.928913593292236,2.5783547852462276
29.931166410446167,2.584227035549526
29.933422327041626,2.5842526655498346
29.935680150985718,2.5863650544124908
29.937933921813965,2.585068057187564
29.94019317626953,2.578145572918126
29.94244909286499,2.5834104518187586
29.944716930389404,2.581007192254924
29.946971893310547,2.5776580068657404
29.94922637939453,2.5739106624019934
29.951478719711304,2.5735864130957617
29.95374035835266,2.574054905659545
29.955994844436646,2.574433395198988
29.95824933052063,2.5734511105359923
29.960504055023193,2.5747683733425584
29.962758541107178,2.572513529361907
29.96501398086548,2.5734880654201584
29.96726703643799,2.5757864207966827
29.969523191452026,2.5705608809662914
29.97177481651306,2.5653532225314644
29.974042177200317,2.573312827743629
29.9763023853302,2.5605681610784723
29.978556632995605,2.5758001298666153
29.980812072753906,2.560686774335715
29.983235836029053,2.559938139908092
29.98550033569336,2.5521096649300654
29.987754106521606,2.54735619394257
29.99008345603943,2.4667289813433864
29.99242091178894,2.479755578011939
29.99469017982483,2.48551159924407
29.996947526931763,2.487441597871971
29.999204397201538,2.4922373881623017
30.001458168029785,2.495436369828745
30.003725290298462,2.4992820619680955
30.005982875823975,2.5010028482678948
30.00823712348938,2.503817379929707
30.010489225387573,2.5042417650510984
30.01274347305298,2.500140965001698
30.01500368118286,2.5080695757948845
30.017260551452637,2.5105890644298867
30.019513368606567,2.5126650944548956
30.021767377853394,2.5124076023587705
30.024022817611694,2.5148126500621615
30.026277780532837,2.5139918940057626
30.02853226661682,2.5168612619473056
30.030784606933594,2.5166103263628874
30.033045291900635,2.517177166602274
30.03529977798462,2.5176885745154114
30.037554025650024,2.519075574764678
30.039806127548218,2.517923416843822
30.042059898376465,2.513374985858796
30.044332027435303,2.5126412525941433
30.04658842086792,2.5147977488991913
30.048843145370483,2.500182092211496
30.051098585128784,2.5104525697770796
30.053354740142822,2.5093528639498786
30.055607080459595,2.507788837884526
30.057860851287842,2.50000506639541
30.06011414527893,2.506965697642052
30.062368154525757,2.500097453605825
30.06463050842285,2.5004199147725004
30.06690001487732,2.5019612910701383
30.069157361984253,2.4979153273004684
30.0714111328125,2.4495407878805144
30.078309297561646,2.4134638802366113
30.08063840866089,2.3922279348645135
30.08292508125305,2.3438343219559576
30.08531641960144,2.3736473767337056
30.087576627731323,2.3809817291476403
30.08983325958252,2.389245318084397
30.09208655357361,2.382871196612262
30.094380140304565,2.400202441239648
30.096641063690186,2.410192776941392
30.098893880844116,2.417153408188034
30.1011483669281,2.4269714864458427
30.10342001914978,2.428894332515518
30.10567808151245,2.439614229156283
30.10797429084778,2.443825297811663
30.110546350479126,2.45421438863449
30.11281728744507,2.458479697523081
30.115074157714844,2.466437514595689
30.11733055114746,2.461239392905163
30.11958384513855,2.480697927558175
30.121837854385376,2.4886551485842645
30.124101400375366,2.4941489093481195
30.126357793807983,2.501381337807338
30.128612995147705,2.506498993217825
30.130866289138794,2.5129702702725254
30.13319730758667,2.516424955895538
30.135451555252075,2.536774580094168
30.13770627975464,2.5260743529885237
30.13995909690857,2.530864182813666
30.142213344573975,2.5335601012182356
30.144469499588013,2.5366088791619394
30.1467227935791,2.5405052352553885
30.148977041244507,2.5425723245826153
30.151229858398438,2.546332782069776
30.15348982810974,2.545062010891677
30.15574312210083,2.5484243093042744
30.157996892929077,2.548544114654555
30.160250425338745,2.542594378303811
30.162513732910156,2.5391939329140105
30.16479182243347,2.5450453215891504
30.167048454284668,2.545332616011216
30.16930341720581,2.5472834762672756
30.171555280685425,2.5471499618470625
30.173810958862305,2.5484672246536286
30.176063299179077,2.5492593704771247
30.178316831588745,2.5495049416428737
30.18057131767273,2.5515654744583935
30.18282413482666,2.550569480725465
30.18508553504944,2.552029794696545
30.187339305877686,2.5472435411505154
30.18959403038025,2.5470063146360298
30.19184637069702,2.545910185087941
30.194108486175537,2.539136712448205
30.196364164352417,2.544708555306024
30.198616981506348,2.5456145460146122
30.200871229171753,2.539120619192197
30.20312762260437,2.5453189069412834
30.205381870269775,2.5391009496570764
30.207634210586548,2.5441631727413143
30.209887742996216,2.544393842744093
30.21213984489441,2.5391140626804902
30.214398622512817,2.5436249427348305
30.21665382385254,2.541628186896823
30.21890640258789,2.5391510175646563
30.221160173416138,2.539273207101012
30.22343373298645,2.5332531372610494
30.22569251060486,2.5253298908865323
30.227956771850586,2.5285425816229083
30.230215072631836,2.519719305004991
30.23246932029724,2.5197544717496005
30.234724044799805,2.5185391328977507
30.23702573776245,2.500305473840889
30.23931574821472,2.50034004453898
30.2415828704834,2.4995097517382803
30.243902444839478,2.463684375725314
30.24623966217041,2.460157568473526
30.24855089187622,2.4451866680606207
30.250833988189697,2.456258828194002
30.25333523750305,2.4635651664215525
30.255590200424194,2.465686495981991
30.257847547531128,2.4710944260471375
30.2600998878479,2.46113091243874
30.26235342025757,2.4802175140640155
30.264607906341553,2.4838843922477234
30.266860961914062,2.4881055936939234
30.26911473274231,2.4926862111909642
30.271366834640503,2.4964728947249526
30.273627281188965,2.5012210012937786
30.27588152885437,2.503304183877013
30.278136253356934,2.5002554059333093
30.28039002418518,2.500081956396336
30.28264307975769,2.5155547279780777
30.284908056259155,2.5001582503507436
30.28716278076172,2.5198230170992635
30.289419412612915,2.5219026234033852
30.291672229766846,2.5200679922184936
30.29393458366394,2.5205913210620072
30.296199560165405,2.5241521029653673
30.298455476760864,2.5282135639445262
30.300709009170532,2.5301608479214726
30.30309247970581,2.5195679091892136
30.305359840393066,2.5297603046608335
30.30761432647705,2.53228754190058
30.309868574142456,2.533229891446816
30.312121152877808,2.5367704077685365
30.31438112258911,2.5368347807925677
30.316636085510254,2.539825742223947
30.318889141082764,2.5408431936315528
30.321145057678223,2.5425502708614194
30.323399782180786,2.543182676217875
30.32565402984619,2.5391659187276265
30.327906847000122,2.544598882746563
30.33016085624695,2.544534509722532
30.332414865493774,2.5391873764023036
30.334694385528564,2.5391158508200466
30.336950063705444,2.5458219702031575
30.33920192718506,2.543840711574639
30.341455936431885,2.5443765573950476
30.343713998794556,2.5392803596592377
30.3459689617157,2.5426647117930306
30.348231554031372,2.539578382918642
30.350483894348145,2.539027635935263
30.352737188339233,2.5367799445128374
30.354991912841797,2.535960976595995
30.357246160507202,2.533499900519836
30.359498739242554,2.5324198642277556
30.3617525100708,2.528388205574537
30.36410927772522,2.5273028048637873
30.366374969482422,2.5257417590310287
30.368629693984985,2.5224307206190493
30.370882511138916,2.5224307206190493
30.373209476470947,2.518616022898677
30.37546467781067,2.5179889819608907
30.377719402313232,2.516210975195286
30.379971742630005,2.5154021400692628
30.382225513458252,2.5132402793455455
30.38448166847229,2.510177792331909
30.3867347240448,2.5097659241874126
30.388988256454468,2.508665026267174
30.3912410736084,2.5078335413734365
30.39350962638855,2.500292956863994
30.395763397216797,2.5056174404165077
30.398017406463623,2.5034949187630318
30.40027141571045,2.5048199301743423
30.402525424957275,2.502434552006072
30.404785871505737,2.502219975259301
30.407039403915405,2.499870955928678
30.40929388999939,2.500396668958267
30.411545753479004,2.498687803588844
30.413800954818726,2.4978241321830907
30.416054248809814,2.497055232173828
30.418307781219482,2.496328651467401
30.42056131362915,2.4967369433327846
30.422812700271606,2.4823394396709726
30.425084590911865,2.4868777378651785
30.427340269088745,2.485620675757012
30.42959499359131,2.487204967404004
30.43184781074524,2.4836114029421092
30.434115648269653,2.4823674538573566
30.43637251853943,2.482378182694695
30.438624143600464,2.4838164429445793
30.440878868103027,2.484389839695673
30.44313383102417,2.485418615987136
30.445387840270996,2.497698366367622
30.447641611099243,2.486124931111924
30.449896097183228,2.4976357814831474
30.45215153694153,2.4839952569002217
30.45442819595337,2.482928929678074
30.45668601989746,2.4816802122211707
30.45893907546997,2.4832060913093197
30.461192846298218,2.4839809517837703
30.4634530544281,2.497640549855298
30.465708255767822,2.4882391081141364
30.467960357666016,2.488336263696702
30.47021460533142,2.4904391158150574
30.47246813774109,2.492096721183863
30.47472310066223,2.4936106793416357
30.476977109909058,2.495082914243092
30.479228973388672,2.4981418249776155
30.481486320495605,2.4921664586265635
30.483778953552246,2.4266496213256863
30.486150979995728,2.373866721852627
30.488518714904785,2.315502442777448
30.490855932235718,2.260885508166016
30.49317955970764,2.1930428973487492
30.49549651145935,2.164253254443795
30.497832775115967,2.1571108290089165
30.50031352043152,2.140832798580265
30.502649307250977,2.1380486652909116
30.504971027374268,2.17642869668349
30.507231950759888,2.2027811053730373
30.50949215888977,2.2293463026697995
30.51174521446228,2.2493770419808676
30.514002799987793,2.276936444871002
30.51625895500183,2.294352924150577
30.51851224899292,2.32175795099234
30.520766496658325,2.3446366005702735
30.523019075393677,2.3635867075427424
30.525274991989136,2.3876920208563828
30.527527809143066,2.4113467230018046
30.529781818389893,2.4313619651033838
30.53203511238098,2.451126867667063
30.53428888320923,2.469878491148769
30.536543369293213,2.4882879839286787
30.538796186447144,2.504585087845932
30.541050672531128,2.5202944898956408
30.543303728103638,2.531729046312457
30.545560359954834,2.546855514866771
30.547813415527344,2.5600990724681703
30.550074815750122,2.5724247184306046
30.552329540252686,2.5799468254979643
30.554581880569458,2.589664767940613
30.556836366653442,2.60069878109679
30.559118032455444,2.607516361178918
30.561378717422485,2.615555240578084
30.56363344192505,2.621792867397412
30.565890550613403,2.6281228814271547
30.568143606185913,2.6173511287392532
30.570396900177002,2.637620286657844
30.572651386260986,2.634268121036067
30.574904203414917,2.6394561099357734
30.5771586894989,2.6428416541626043
30.57941436767578,2.6443675332507532
30.581669330596924,2.6440027527812426
30.583921909332275,2.642653303462661
30.58617615699768,2.6441523604574635
30.588430881500244,2.6413777639124114
30.590683937072754,2.6421508362473056
30.592937707901,2.639075236210255
30.595189809799194,2.6388064192302725
30.597443342208862,2.636930660835583
30.599695205688477,2.634858207089687
30.601949453353882,2.6277622732832757
30.604289531707764,2.624197319054284
30.606547117233276,2.617454840833526
30.608807802200317,2.6173403999019147
30.611207723617554,2.6068022974493856
30.613473892211914,2.6148048180109047
30.615728616714478,2.5994876145705716
30.61798334121704,2.5954446310334958
30.620238304138184,2.5911072005161286
30.622490882873535,2.585988949059123
30.624744415283203,2.5841906767118785
30.626996755599976,2.5805363155050656
30.629250526428223,2.579006860137804
30.631503343582153,2.5725463119204415
30.633757829666138,2.5695446216517235
30.63600993156433,2.568753071874746
30.63826298713684,2.5654080588111947
30.64051604270935,2.5651857334596793
30.642768144607544,2.557387060807593
30.64502191543579,2.5590941380374597
30.647274017333984,2.5576689908109893
30.649527549743652,2.5594589185069703
30.651779651641846,2.557791180347345
30.654032707214355,2.5586280296597517
30.656286239624023,2.5539991323946873
30.658538341522217,2.5540044968133566
30.660792350769043,2.5515064658530315
30.663057327270508,2.5488463102395906
30.66531491279602,2.552185362837954
30.66756844520569,2.5540825789073205
30.669823169708252,2.5582125852361424
30.672075986862183,2.5548031991485596
30.67432999610901,2.559891052233106
30.676584482192993,2.5614228917864432
30.678837060928345,2.573371836348991
30.68109154701233,2.5678357562823004
30.6833438873291,2.571249314695515
30.685597896575928,2.5733944861167055
30.68785071372986,2.576120802893734
30.690104722976685,2.5785413478066146
30.69235897064209,2.571239777951214
30.69461941719055,2.573812910772909
30.696900606155396,2.573457667047699
30.699153661727905,2.5809028841141326
30.70140838623047,2.5805214143420954
30.70366334915161,2.5813695885383594
30.705918073654175,2.5832870701893653
30.708170413970947,2.5870087846528036
30.710430145263672,2.589245151191372
30.71268367767334,2.5783953164095066
30.714935541152954,2.5939944498532355
30.7171893119812,2.5782218668725334
30.719442129135132,2.5985720871176823
30.72169518470764,2.5962129349962395
30.723946809768677,2.598581623861983
30.72620677947998,2.599585366199656
30.728460550308228,2.603522849502903
30.730713605880737,2.604241085558067
30.732966899871826,2.601996970414754
30.73521900177002,2.6149639624314265
30.737518787384033,2.5798627829388123
30.73981785774231,2.578310081757317
30.742087364196777,2.582097361337824
30.74434232711792,2.5478711781348204
30.746653079986572,2.539155785936807
30.748958110809326,2.5262358815951207
30.751262664794922,2.534130517736735
30.753535270690918,2.536709611023618
30.755788326263428,2.538425032904748
30.75804615020752,2.543262546451395
30.76030135154724,2.5455233508972346
30.762555837631226,2.544671004375339
30.76481008529663,2.539180223844078
30.767062187194824,2.5532993737816065
30.76931619644165,2.5546267693789924
30.771568059921265,2.5562086768399093
30.773822784423828,2.5572207638288456
30.77607536315918,2.5595548819964984
30.778329133987427,2.5612017585279654
30.780583143234253,2.5639107899559486
30.782835245132446,2.559677667579373
30.785095691680908,2.558828301290071
30.78734803199768,2.563691444837027
30.78960132598877,2.5733640877442463
30.791853427886963,2.5584074924477926
30.794111490249634,2.5583300064003476
30.796367645263672,2.562101192724847
30.798620223999023,2.5631716922726264
30.80087399482727,2.565109439505272
30.803125858306885,2.5586852501255573
30.805379629135132,2.567358323020735
30.807631492614746,2.5681302032625917
30.809885501861572,2.56874115094437
30.812137365341187,2.5662997444033318
30.814390897750854,2.575875827774504
30.8166446685791,2.5707247937589637
30.818897247314453,2.567424484184323
30.82115340232849,2.5694361411853004
30.823408126831055,2.564347096007716
30.8256618976593,2.567663498838365
30.827914237976074,2.5757595987033364
30.830167770385742,2.5718072142371193
30.83242154121399,2.572032519821229
30.83467388153076,2.574757048458701
30.83692765235901,2.574158021707299
30.839179754257202,2.5751260012538433
30.84143352508545,2.573828407982398
30.843696117401123,2.5723311391271517
30.84595036506653,2.575844237309007
30.848208904266357,2.5759050340539256
30.85046076774597,2.5775149557012265
30.852715015411377,2.5715449537688437
30.854967832565308,2.5728157249469428
30.857222318649292,2.5721398081946143
30.859473943710327,2.5759211273099334
30.861727714538574,2.5732424942544094
30.863979816436768,2.5737169472833807
30.866233110427856,2.5745597570609755
30.868486166000366,2.5758645028906466
30.87073826789856,2.5763121338262716
30.872994661331177,2.569918938865535
30.87524652481079,2.5736239640264467
30.877500295639038,2.5727424112251294
30.87975239753723,2.5753870696290813
30.8820059299469,2.5721147742408244
30.884259462356567,2.5753519028844716
30.88651132583618,2.5757935733549084
30.888765811920166,2.578044245009928
30.891018629074097,2.578884670601448
30.893271923065186,2.5732740847199063
30.895527839660645,2.5764420719673717
30.89778423309326,2.579814503170789
30.900037050247192,2.582153985757111
30.902304887771606,2.5784197543167777
30.90455985069275,2.583378265306743
30.906811237335205,2.5848797064876208
30.909064769744873,2.5883391604827835
30.911316633224487,2.5875505909384002
30.91357183456421,2.588743876069054
30.915823936462402,2.5909933556310363
30.918078660964966,2.593743514268817
30.92033338546753,2.5951001161456246
30.922585010528564,2.5950637573079773
30.924838304519653,2.597081970820662
30.927091121673584,2.5979849812966562
30.929344415664673,2.599706959689493
30.931597471237183,2.595860671503624
30.933851718902588,2.5967380519793095
30.93610382080078,2.5952747577756354
30.93835687637329,2.59653778034899
30.94061017036438,2.5952771419617107
30.942861795425415,2.587917755593986
30.945116996765137,2.5882050500160516
30.947370052337646,2.595365952893013
30.949623584747314,2.5882080302486457
30.95187544822693,2.5871577962825056
30.954129695892334,2.586281011853339
30.956382989883423,2.5843677025279645
30.958634853363037,2.58366973205444
30.960889101028442,2.5802853799206473
30.963141441345215,2.57797331547419
30.965394496917725,2.5747653931099643
30.96764636039734,2.5750109642757133
30.969899892807007,2.5729695049487953
30.972152709960938,2.5675967416282583
30.974413871765137,2.566904731619922
30.976668119430542,2.567060299761331
30.978919982910156,2.5667634685949645
30.981173753738403,2.566711612547828
30.983426094055176,2.5658878762588353
30.985679864883423,2.5650242048530822
30.987932205200195,2.5660929162613053
30.990185976028442,2.5732955423945834
30.99243927001953,2.559549517577829
30.994690656661987,2.5309911407221724
30.997010707855225,2.4840548615521025
30.999339818954468,2.4952962988968252
31.001627683639526,2.490307389534401
31.003884077072144,2.4933001391053367
31.00613808631897,2.4996581673214635
31.008392333984375,2.5042727594700764
31.010644912719727,2.5001773238393454
31.012898445129395,2.5167754312485973
31.01515030860901,2.521086635719137
31.017406702041626,2.512688936315648
31.01986026763916,2.5258639485673844
31.022125720977783,2.526732388345288
31.024380445480347,2.5337597768020363
31.02663254737854,2.542038266901763
31.028886079788208,2.539140288727318
31.031137943267822,2.5562259621889547
31.033392667770386,2.5589802931523673
31.03564476966858,2.5734844891410456
31.037898540496826,2.5761577577779002
31.0401508808136,2.584533999506712
31.042421102523804,2.5913909186590813
31.04467535018921,2.599029850844127
31.046926975250244,2.607193303965724
31.04918384552002,2.6148978012678388
31.051435470581055,2.6179996273517165
31.0536892414093,2.617361857576592
31.055941581726074,2.6264956744308083
31.05819606781006,2.630582169363757
31.060450315475464,2.635946588033031
31.062702894210815,2.6341322224297787
31.064958095550537,2.641117887630211
31.06721019744873,2.643280344400447
31.06946349143982,2.6515236677555643
31.071726322174072,2.6171669503649415
31.074013710021973,2.630567864247306
31.0762722492218,2.6348170798798893
31.07853078842163,2.6377090975891466
31.080791234970093,2.6539340798776245
31.08304476737976,2.637409286190186
31.085299015045166,2.6431045106773987
31.08755111694336,2.6439973883625734
31.089805364608765,2.6472714718903867
31.092058420181274,2.653988320110836
31.09432339668274,2.639801816916682
31.096579790115356,2.654047328716198
31.098830461502075,2.639770822497704
31.101085662841797,2.640075998315334
31.10333776473999,2.6373359724683727
31.105591297149658,2.637487964330669
31.107848644256592,2.6332476893958674
31.110246181488037,2.6268431695512735
31.112513303756714,2.6176294824635367
31.1147677898407,2.6190403245735556
31.117023706436157,2.6150420445253904
31.11927580833435,2.6129284635696965
31.121529579162598,2.6061561830229976
31.123780965805054,2.601381850407344
31.126034021377563,2.595978092667829
31.12828779220581,2.592268895181286
31.130539655685425,2.5866493686019623
31.132792711257935,2.58049399620223
31.135044813156128,2.575726220098283
31.137309789657593,2.575788208936239
31.139562845230103,2.5660112578882286
31.141817808151245,2.555097050082332
31.14406967163086,2.5518611135317224
31.146323442459106,2.545288508568824
31.148576974868774,2.5425723245826153
31.150829553604126,2.5368574305602825
31.15308380126953,2.5282290611540152
31.155335903167725,2.5247600704145516
31.15758967399597,2.5212797547912307
31.159841775894165,2.5105085981498476
31.16210627555847,2.5074073681124887
31.16436266899109,2.5053825980880973
31.16662859916687,2.5010654331523696
31.16888189315796,2.499035298709309
31.171133995056152,2.4922224869993315
31.17338752746582,2.4891617881252515
31.17564034461975,2.495386897967684
31.17789340019226,2.4860385043666966
31.180145025253296,2.484084067831524
31.182398080825806,2.479174432656101
31.184653282165527,2.478733954278702
31.186904668807983,2.4783930156699436
31.189157485961914,2.478637990789174
31.19140934944153,2.477245626121238
31.193662405014038,2.4785521600904654
31.19591522216797,2.4775698754274695
31.198168754577637,2.4797323321977056
31.200422048568726,2.4788477991637943
31.202674388885498,2.4743351309698975
31.204928874969482,2.475766238661556
31.207180738449097,2.4781385038064125
31.209434270858765,2.4789431666068036
31.211686372756958,2.477792796825504
31.213940382003784,2.4775603386831686
31.21620011329651,2.4796304082429894
31.21845245361328,2.4819704868758303
31.220705270767212,2.4952390784310197
31.222957611083984,2.4822905638564303
31.225218534469604,2.4978032705549325
31.22747278213501,2.485869227155355
31.229727029800415,2.4851182085416568
31.23197889328003,2.4840429406217264
31.23423981666565,2.4805089808117127
31.236541509628296,2.4601748538225716
31.238837718963623,2.460937793366646
31.24110770225525,2.459649140792983
31.243409395217896,2.4111792339300195
31.245739698410034,2.406038928751818
31.248047590255737,2.4134638802366113
31.250320196151733,2.419312884725676
31.252575159072876,2.422969034072046
31.254827737808228,2.428334048787838
31.257086515426636,2.434315971650597
31.25934076309204,2.4376800582027505
31.261595964431763,2.4403950500959217
31.26385807991028,2.4436280064139373
31.26611828804016,2.449324422994187
31.268374919891357,2.451400453019196
31.27062678337097,2.4555197305106797
31.27288556098938,2.4563100881946194
31.275139331817627,2.459869678004942
31.27739381790161,2.4609985901115645
31.27964687347412,2.461149985927342
31.281901121139526,2.4611356808108904
31.284157037734985,2.4756523937764636
31.28641676902771,2.4805960036034587
31.28867220878601,2.49762445659929
31.290924787521362,2.480473814067103
31.293179273605347,2.479849157315392
31.2954363822937,2.495281993780374
31.297693252563477,2.480663356860084
31.29994511604309,2.494700848424536
31.30219864845276,2.4977502224147585
31.3044536113739,2.4983218310262956
31.306705713272095,2.500123083606134
31.308959245681763,2.5077220806744194
31.311211585998535,2.5109687460623675
31.31346583366394,2.500088512908043
31.315718173980713,2.5203290605937316
31.31797218322754,2.5344768207641626
31.32023334503174,2.5342372100636017
31.32248592376709,2.5276878509149374
31.3247389793396,2.5329169670244416
31.326990842819214,2.536821667769154
31.32924461364746,2.5411990334032812
31.331496238708496,2.5392994331478396
31.333749771118164,2.539077107796324
31.33600163459778,2.5490716158237
31.338254690170288,2.5531783763382885
31.340508937835693,2.55798370337292
31.342767000198364,2.558639950590128
31.345020294189453,2.564059205539132
31.34727168083191,2.566177554866976
31.34952449798584,2.5710138763205856
31.351775407791138,2.5757226438191703
31.354029178619385,2.5724628654078083
31.356282234191895,2.5759580821940995
31.358534574508667,2.5792685245595606
31.360787868499756,2.5781437847785695
31.36303949356079,2.579857418520143
31.365293502807617,2.5840887527571623
31.367546319961548,2.5863883002267243
31.369799852371216,2.5897500025928024
31.372056007385254,2.588424991181492
31.374309539794922,2.5930246821671346
31.376563549041748,2.594126772180411
31.378815174102783,2.5981047866469367
31.38106918334961,2.59813816525199
31.383320569992065,2.597697090828072
31.38557457923889,2.6001224041131024
31.387826204299927,2.6036617283417853
31.390079498291016,2.6064631469801838
31.392333030700684,2.6034554962462777
31.394585609436035,2.6085487137494936
31.396838426589966,2.6107862723811
31.399090051651,2.615434243134766
31.40134334564209,2.6159671087225806
31.403595209121704,2.619638755278439
31.405848026275635,2.6202687764488193
31.40809988975525,2.624193742775171
31.41035270690918,2.625027015808465
31.412606477737427,2.6221332099596513
31.41485905647278,2.626536801640606
31.417112827301025,2.629718497958004
31.419363975524902,2.6306155479688105
31.42161798477173,2.631934002868414
31.423869371414185,2.6308730400649356
31.426122665405273,2.632005528450671
31.428375720977783,2.635345773142072
31.430627822875977,2.6365474029239895
31.432881116867065,2.637798504566968
31.435133695602417,2.6382258699209533
31.437386512756348,2.6396182345888892
31.4396390914917,2.6367369457169705
31.441892385482788,2.6368525787416193
31.444144248962402,2.6371899410712647
31.446397304534912,2.638154940385215
31.448650598526,2.6385507152737038
31.450902462005615,2.638202028060201
31.453155755996704,2.6343575280138882
31.455408096313477,2.6324495831071832
31.457661628723145,2.6329204598570417
31.459913730621338,2.6287844930630317
31.462170600891113,2.6286676679453453
31.46442437171936,2.6266226323393145
31.466676473617554,2.625300601160598
31.468929529190063,2.617280795250034
31.471182107925415,2.6193240427165083
31.47343611717224,2.613821341254871
31.475688457489014,2.6147779959175583
31.477940797805786,2.6116612686707104
31.48020029067993,2.610891772614929
31.48245334625244,2.612582756588788
31.48471164703369,2.6048347478908
31.486964225769043,2.615036680106721
31.48921775817871,2.6019618036701444
31.491469860076904,2.6024714234437254
31.49373745918274,2.5558409161378046
31.496052742004395,2.514089645634847
31.498390674591064,2.523041072254309
31.50066041946411,2.528820339300673
31.502915382385254,2.525482478795347
31.50516986846924,2.5367739840476493
31.507422924041748,2.533764545174187
31.509676694869995,2.538185422204187
31.51192855834961,2.5374671861490232
31.514182090759277,2.539053265935572
31.516436100006104,2.5440749578565307
31.518688678741455,2.5440129690185747
31.52094268798828,2.548407023955229
31.523194074630737,2.548633521632376
31.525447607040405,2.5515750112026945
31.527699947357178,2.551930254927904
31.529953002929688,2.555037445430451
31.532209634780884,2.5492009579182815
31.534461736679077,2.552405900049913
31.53671622276306,2.554121321931043
31.538968563079834,2.554690546356505
31.541221857070923,2.5564011998654843
31.54348111152649,2.550278013977768
31.545734643936157,2.5533363286657726
31.547987461090088,2.5392314838446954
31.550240993499756,2.5536158744830937
31.552494764328003,2.5492009579182815
31.554746627807617,2.5391069101222645
31.557000875473022,2.5493601023388033
31.559253454208374,2.5496694504820647
31.561506986618042,2.54789144371646
31.563759565353394,2.5467595513772427
31.56601357460022,2.545198505544484
31.568267107009888,2.54060954339618
31.57051920890808,2.5405886817680217
31.5727801322937,2.531271282586012
31.575032711029053,2.531423870494827
31.577286958694458,2.5259974629875974
31.57953906059265,2.5243726401773263
31.58179211616516,2.534385625646785
31.584044218063354,2.517670693119847
31.586297512054443,2.5128081456194096
31.588551998138428,2.50014513732733
31.59080410003662,2.5032034520153346
31.59305763244629,2.494504153073329
31.595309019088745,2.491376100942624
31.597562074661255,2.4807146168607015
31.599813222885132,2.4839344601553033
31.60206961631775,2.4741175739905326
31.604323863983154,2.461208994532704
31.606575965881348,2.4644103603852225
31.608970403671265,2.454994017481091
31.61123299598694,2.451005274177226
31.613487482070923,2.447279387388156
31.61574125289917,2.4424782326791563
31.617994785308838,2.4389752672881206
31.620248317718506,2.436538629119233
31.62249994277954,2.4238374738499493
31.624754428863525,2.4211040045146945
31.627007007598877,2.419644882636652
31.629260540008545,2.4145510690869174
31.631516218185425,2.407253671557149
31.633768796920776,2.4038341526787463
31.63602066040039,2.3987474916872373
31.638273239135742,2.396536159102459
31.64052700996399,2.3911502827585083
31.642778158187866,2.386246012001754
31.645030975341797,2.383608506156028
31.647282361984253,2.38150207775856
31.64953589439392,2.378093287717496
31.651787757873535,2.3716738667099317
31.654041051864624,2.369559689707719
31.656294345855713,2.366332097808373
31.658546447753906,2.3572841116528642
31.660897254943848,2.357601804447389
31.663151502609253,2.3515322627463653
31.665406703948975,2.3502328813353635
31.667659282684326,2.350393217848923
31.669913053512573,2.3479428706101024
31.672165632247925,2.347717565025993
31.674426317214966,2.3463043387298987
31.676679849624634,2.345215361740036
31.678931951522827,2.342801969385382
31.681185483932495,2.3408606458736236
31.68343949317932,2.3389068053849704
31.68569302558899,2.339681665859421
31.687944650650024,2.3415663649518925
31.69020175933838,2.3407360721511927
31.692455530166626,2.3339846532326525
31.69471549987793,2.3303487694679226
31.696974754333496,2.3310449518018905
31.699227571487427,2.331199327850262
31.701483011245728,2.330969253894002
31.7037353515625,2.3298457062060485
31.705989599227905,2.3320773043724663
31.708243370056152,2.3321911492575587
31.710494995117188,2.3338791529988234
31.712748765945435,2.3390778707358684
31.71500039100647,2.3374363586230706
31.717253923416138,2.340104858887775
31.719509601593018,2.340965550060934
31.721763134002686,2.3406895805227257
31.7240149974823,2.3412272144826907
31.72626781463623,2.345424574068138
31.728522539138794,2.3474272903713334
31.73077416419983,2.3509761513443173
31.733027696609497,2.3440405540514653
31.735325813293457,2.328337112466945
31.73763155937195,2.3298546469038306
31.739891052246094,2.3356440467410144
31.742146253585815,2.3009654642302353
31.744467973709106,2.2966602202248834
31.746760606765747,2.2817817070223936
31.749077558517456,2.297023212554838
31.75133752822876,2.301752245635062
31.753594398498535,2.304959571952769
31.755849599838257,2.3164179702303374
31.758103847503662,2.304981625673965
31.76035761833191,2.3312285341296834
31.76260995864868,2.3324587741445035
31.76486825942993,2.342359702868426
31.767120838165283,2.349538487140952
31.76937460899353,2.3572298714196527
31.771626710891724,2.3640528159204504
31.77388048171997,2.371241732983796
31.776132345199585,2.3775598260831625
31.778385877609253,2.381153986591576
31.78063941001892,2.3893210159922855
31.782895803451538,2.3887988792418096
31.78515124320984,2.3973086353908344
31.78740382194519,2.3994001626253323
31.789659023284912,2.419449975425002
31.791910886764526,2.4073544034188274
31.79416561126709,2.4119660153348463
31.796419382095337,2.416677763066025
31.798671007156372,2.4208411479999
31.800925731658936,2.424782803628779
31.80317783355713,2.4276396545934267
31.805431842803955,2.421937277547989
31.80768918991089,2.422017743828028
31.809942722320557,2.4360147042292004
31.81220245361328,2.4317052878982173
31.81445574760437,2.4364933295838034
31.81670880317688,2.4370267912181367
31.81896162033081,2.4395754861325605
31.821215391159058,2.437439255409152
31.82346773147583,2.436352066558846
31.82572102546692,2.4375805184341095
31.827972888946533,2.4395230340389054
31.83022689819336,2.440682940564506
31.83247995376587,2.4402525949779266
31.83473229408264,2.4429753354758423
31.836989164352417,2.4414518405737686
31.83924126625061,2.4563065119155065
31.8414945602417,2.4367234035400633
31.843745946884155,2.438955597753
31.845999002456665,2.4393603133392707
31.84825325012207,2.4404147196310424
31.850505590438843,2.4402275610241366
31.85275959968567,2.4348649304944194
31.855013370513916,2.4345669072350153
31.857267379760742,2.4351313632883267
31.859519481658936,2.434692673050484
31.861773252487183,2.4220815208055404
31.864025592803955,2.4356785339925926
31.866281747817993,2.4343863051398165
31.86853528022766,2.4360307974852082
31.870787382125854,2.4330308953560467
31.873040914535522,2.428592136930482
31.875292539596558,2.428272655996401
31.877545595169067,2.4290451322847764
31.87979817390442,2.427592566918441
31.88205099105835,2.4241545705979552
31.884304523468018,2.423213413144757
31.886555910110474,2.4237838296632566
31.88880944252014,2.422881415233781
31.89106059074402,2.4227860477907717
31.893314361572266,2.4180838368038935
31.895570755004883,2.4197205805445408
31.89783501625061,2.4197032951954953
31.900089502334595,2.409120489254056
31.90234923362732,2.4035474543031996
31.904605388641357,2.4171987077234633
31.90685749053955,2.4172636767940134
31.909111499786377,2.4045863633854823
31.91136407852173,2.4025729182449482
31.913618326187134,2.417122413769056
31.915870666503906,2.4067476280626807
31.918124198913574,2.4096569311209834
31.92037796974182,2.4194547437971523
31.922630548477173,2.4112978471872624
31.92488384246826,2.4120840325455704
31.927135944366455,2.4146106737387982
31.929389476776123,2.416382720039215
31.931641578674316,2.4166241188793323
31.933895111083984,2.416637231902746
31.936147212982178,2.4208590293954644
31.93840789794922,2.421565344520252
31.94066071510315,2.4245735913006774
31.942912817001343,2.419860055429942
31.945167064666748,2.4249270468863307
31.9474196434021,2.429241827635983
31.949673414230347,2.4305459774191354
31.95192551612854,2.4342396776961897
31.954179048538208,2.4355485958514924
31.956432819366455,2.439206533337418
31.95868468284607,2.4410757352204007
31.960937976837158,2.4433842233877447
31.963189601898193,2.443004541755264
31.96544313430786,2.448128753677458
31.967694759368896,2.4500438511423885
31.969948768615723,2.4586465905483474
31.97220730781555,2.458651358920498
31.974459648132324,2.4537000004887584
31.976713180541992,2.456960970993158
31.97896957397461,2.4595197986984014
31.98122215270996,2.4617007329107206
31.983474731445312,2.462492282687698
31.98572826385498,2.467152770418259
31.987979888916016,2.466487582503269
31.990233659744263,2.470091875802502
31.992486715316772,2.4608704401100208
31.99478816986084,2.4196126961246365
31.99712824821472,2.3927500716149894
31.999431371688843,2.4107995522975387
32.00170159339905,2.415543486540733
32.003955602645874,2.4196717047299985
32.00621008872986,2.422822406628419
32.00846314430237,2.428483656464059
32.01071548461914,2.422004630804614
32.012970209121704,2.422039201502705
32.0152223110199,2.4470332201758884
32.017475605010986,2.451291972552773
32.01972794532776,2.458029086354862
32.02198052406311,2.4571230956462737
32.024235248565674,2.463107402695108
32.02648735046387,2.466807659483869
32.028741121292114,2.4611315084852587
32.030993700027466,2.477093038212423
32.03324890136719,2.4784174535772148
32.03550124168396,2.4845352750462624
32.03775477409363,2.4852564913340203
32.040008544921875,2.488861380679772
32.042264223098755,2.489945589297484
32.04451775550842,2.494974433776669
32.04676914215088,2.499828040579324
32.04902148246765,2.502646148520249
32.051273584365845,2.500141561048217
32.053526878356934,2.50320583620141
32.055779218673706,2.505109608782483
32.058032274246216,2.508037389282869
32.060285329818726,2.5001218915130963
32.062538623809814,2.5079104313743628
32.06479263305664,2.5112918032755616
32.06704759597778,2.517195047997838
32.06930160522461,2.5135472433027317
32.071555614471436,2.4875560388035822
32.07384204864502,2.496956884498225
32.076098680496216,2.49703437054567
32.07835388183594,2.5012210012937786
32.08060836791992,2.5017252566486903
32.08286118507385,2.4980702993953585
32.085116147994995,2.501297295248186
32.08736824989319,2.5033870343431275
32.0896213054657,2.504908145059126
32.091872692108154,2.5020763280482683
32.09412622451782,2.499336302201307
32.0964093208313,2.497633993343591
32.098663568496704,2.502077520141306
32.10091757774353,2.5021848085146914
32.103169441223145,2.5043323641219573
32.10542273521423,2.504883111105336
32.10782194137573,2.50007003546596
32.11008954048157,2.5001183152339834
32.11234474182129,2.498398124980703
32.11459827423096,2.500146925466886
32.11685276031494,2.49598413657953
32.11911702156067,2.5017490985094426
32.12137269973755,2.5224760201544787
32.12362599372864,2.5369158431191257
32.125879764556885,2.554037279371891
32.128133058547974,2.570426174453041
32.1303870677948,2.583092759024234
32.13263988494873,2.5967410322119036
32.134891748428345,2.6124748721688835
32.13714551925659,2.6207462097103846
32.139397859573364,2.628749326318422
32.14165115356445,2.6319572486826477
32.143903732299805,2.6433107427729063
32.14615869522095,2.650909739841192
32.14841294288635,2.6570788213108565
32.150665283203125,2.6563391275810155
32.15291929244995,2.6559940166466256
32.155171394348145,2.6581695864402755
32.15742611885071,2.6578268596919608
32.15968656539917,2.661589105318678
32.16194534301758,2.6562735624639466
32.16420936584473,2.666224559095449
32.1664617061615,2.670711597289037
32.16871476173401,2.671401819157817
32.170965909957886,2.6721546259110722
32.17322039604187,2.6683643660979706
32.17547249794006,2.6706144417064714
32.17772555351257,2.656495887815462
32.179978132247925,2.6563272066506394
32.18223261833191,2.666508277238402
32.18448734283447,2.6563897915351142
32.186739683151245,2.6565066166528006
32.18899345397949,2.6601270032080415
32.191245555877686,2.6594427418044497
32.19349932670593,2.6548472231444387
32.195751428604126,2.654009777785513
32.198004484176636,2.650415021230581
32.20025897026062,2.6490184842370135
32.202510833740234,2.640330510178865
32.2047643661499,2.6539901082503925
32.207016706466675,2.6338687698684655
32.20927023887634,2.629877046332007
32.211522340774536,2.6248422413876344
32.21377754211426,2.6183596394490767
32.216028928756714,2.61628241733103
32.218281507492065,2.6102474463280974
32.220534801483154,2.6072505244315294
32.22278618812561,2.599225354102296
32.225040912628174,2.596205782438014
32.22729420661926,2.5912478674945674
32.22954797744751,2.5881591544341034
32.23179888725281,2.576742479412851
32.234105348587036,2.5537404482055246
32.23640489578247,2.5392720150079744
32.238662242889404,2.5451913529862584
32.2409393787384,2.508521379056141
32.24327993392944,2.4917939295523084
32.245582580566406,2.479992208479906
32.24788689613342,2.484478054580457
32.2502543926239,2.4841013531805696
32.25250792503357,2.4977102872979984
32.25476384162903,2.479245958238358
32.257017612457275,2.4663338025014165
32.259270668029785,2.470325526037875
32.26152420043945,2.466590698551023
32.26377630233765,2.4672785362337275
32.26603031158447,2.46123581662605
32.26828384399414,2.4693170153280515
32.27053642272949,2.47091322790542
32.27278971672058,2.461233432439975
32.275041341781616,2.469638284401689
32.27730202674866,2.469116147651213
32.27955365180969,2.447839671115836
32.28188371658325,2.40013151170391
32.28435254096985,2.361738963334437
32.286699056625366,2.3192170046826606
32.28906321525574,2.279441032343034
32.29136514663696,2.2377314850963934
32.29366707801819,2.194833421091249
32.29595685005188,2.1603890848623615
32.29826283454895,2.1317538180057785
32.300549030303955,2.1075346598070452
32.30281949043274,2.075627693608724
32.305113792419434,2.057546026414159
32.3073844909668,2.0394709157313007
32.309656381607056,2.02225232389597
32.31192231178284,2.0097579967687125
32.314241886138916,1.9905891407238412
32.31669569015503,1.9397940563910074
32.31900119781494,1.9761660070617206
32.321269512176514,2.001829385975526
32.323524713516235,2.028311732806174
32.32577967643738,2.056353337330024
32.32803177833557,2.0889016495825827
32.330286264419556,2.119269623669341
32.3325400352478,2.110271705421413
32.33483171463013,2.142334239761143
32.33710312843323,2.1753581971357105
32.33935570716858,2.2054698712193814
32.34160900115967,2.2357603592586948
32.34386134147644,2.264210255647928
32.34611511230469,2.2932919613470983
32.348368644714355,2.322872557982511
32.35061955451965,2.3478033957247013
32.35287427902222,2.3682942829482894
32.35512852668762,2.3944130414024642
32.35738253593445,2.419703891242014
32.35963416099548,2.4116423620751335
32.36194443702698,2.3828574875423296
32.364224910736084,2.4327763834925156
32.366477966308594,2.4561628647044738
32.36873126029968,2.478978929397932
32.37098264694214,2.499237358479185
32.373236417770386,2.5001487136064426
32.375489473342896,2.535438839845519
32.3777437210083,2.5539240305333175
32.379995346069336,2.569344350021404
32.38224911689758,2.57827849129182
32.38450217247009,2.5826838711123314
32.386757373809814,2.596969914075126
32.3890118598938,2.5715294565593547
32.39128279685974,2.567252226740387
32.39357948303223,2.494303285396491
32.39584541320801,2.454925472131428
32.39814591407776,2.433790854667527
32.40046215057373,2.449275547179645
32.402724742889404,2.47259348304194
32.4049813747406,2.4921104302537955
32.40723443031311,2.509590090464364
32.40949821472168,2.5367358370704456
32.41175556182861,2.5372681066117413
32.414010763168335,2.5391563819833256
32.4162654876709,2.566503592312764
32.41851830482483,2.577972719427671
32.420772075653076,2.5917694081985245
32.42302489280701,2.565136261598618
32.42530655860901,2.585671256264598
32.42756366729736,2.5958523268523606
32.42981815338135,2.6066592462848717
32.43207025527954,2.6146659391720224
32.43432426452637,2.622951581829975
32.436577796936035,2.6307919777383777
32.43883728981018,2.636337594549369
32.4410924911499,2.636731581298301
32.443344831466675,2.642475681600056
32.445600271224976,2.648590522836509
32.447853565216064,2.6503011763454887
32.45011043548584,2.6544311826743106
32.452364444732666,2.651611882640348
32.45461678504944,2.654537875001177
32.45686984062195,2.654003817320325
32.459120988845825,2.6562950201386237
32.46137523651123,2.6556113547815507
32.46362662315369,2.655017692448818
32.46587944030762,2.655650693851792
32.46813416481018,2.6536199633622126
32.4703893661499,2.65283616218998
32.47264266014099,2.653898317086496
32.474895000457764,2.645095902096737
32.47714853286743,2.641089873443827
32.47940111160278,2.6514104189169907
32.48165416717529,2.6327619114830387
32.483906984329224,2.628479317245402
32.48616027832031,2.624734953014249
32.48841404914856,2.6201281094703806
32.490665435791016,2.6149335640589673
32.492974042892456,2.5529423419168404
32.49529790878296,2.519836726169196
32.497724533081055,2.5321373381778405
32.49998760223389,2.5322982707379187
32.50224280357361,2.522583308527864
32.504507064819336,2.524162831802706
32.506760358810425,2.523438039235835
32.50901508331299,2.524938884370194
32.51126670837402,2.522884908066381
32.51352000236511,2.5217440750293822
32.515772342681885,2.520576419899037
32.51802659034729,2.5342062156446237
32.520280599594116,2.52106994641661
32.52253198623657,2.534407679367981
32.52478528022766,2.521567049213296
32.527037382125854,2.536853258234651
32.52929139137268,2.5222280648026545
32.53154373168945,2.517077626833633
32.53379821777344,2.5181362054510363
32.536049604415894,2.5147029775027008
32.53830289840698,2.5000211596514177
32.54055738449097,2.517963351960582
32.54280948638916,2.500138580815623
32.54506278038025,2.508600057196624
32.547314405441284,2.494793235634951
32.549567461013794,2.483777103874338
32.551819801330566,2.4725791779254886
32.554073095321655,2.460991437553339
32.55632948875427,2.4536374156042835
32.558581829071045,2.456348235171823
32.560834884643555,2.4363687558613725
32.563087463378906,2.42614775015685
32.56534147262573,2.4176028272632153
32.56759333610535,2.4135813014008165
32.569847106933594,2.4081334362189097
32.57209825515747,2.4000707149589915
32.57435202598572,2.396374034449343
32.576605796813965,2.393621491625487
32.57885956764221,2.3830661038239125
32.58111310005188,2.382943318241038
32.583364486694336,2.387924478998718
32.58562231063843,2.3858061296708737
32.587873458862305,2.3873045906191575
32.590126752853394,2.3829385498688875
32.5923810005188,2.380255744487732
32.59463310241699,2.3813077665934284
32.5968861579895,2.3844149570959754
32.599138498306274,2.3830512026609423
32.6013925075531,2.3856928808323
32.60364484786987,2.3830476263818294
32.60589861869812,2.3879632220224405
32.60815072059631,2.3829951742881743
32.61041259765625,2.393313335575263
32.6126663684845,2.3829570273109706
32.61524748802185,2.3844495277940663
32.61753034591675,2.377962157483358
32.61978507041931,2.3520722808924055
32.62204170227051,2.343245427995375
32.62429714202881,2.345209997321367
32.62654948234558,2.356029433730773
32.62880229949951,2.3670390089796793
32.63105368614197,2.391815470673498
32.63330793380737,2.406775046202546
32.635560512542725,2.427619985058306
32.63781380653381,2.4459955031866434
32.64006519317627,2.462777192923688
32.64231872558594,2.461102898252356
32.644572019577026,2.4940398328351776
32.6468243598938,2.458454663569291
32.64914512634277,2.411966611381365
32.65154409408569,2.3997124910011878
32.65386605262756,2.420677235207228
32.656123876571655,2.443023615243866
32.65837860107422,2.4614623143031973
32.660632610321045,2.4798515415014672
32.6628851890564,2.489847241621881
32.66514205932617,2.502148449677044
32.66740417480469,2.5182387254522713
32.66966271400452,2.53666371544167
32.671916007995605,2.540028994086861
32.6741726398468,2.553065127499715
32.67642784118652,2.5759044380074068
32.6786847114563,2.5793829654911717
32.68094253540039,2.5912162770290705
32.68319511413574,2.595825504759014
32.68544816970825,2.614828063825138
32.68769931793213,2.6139351861399636
32.689953565597534,2.623750284165178
32.692208766937256,2.625436499766886
32.69446134567261,2.6284501109659804
32.69672107696533,2.6306030309919155
32.69897437095642,2.636968807812787
32.70122766494751,2.6411220599558427
32.703479528427124,2.6400062608726333
32.705734729766846,2.6442548804586985
32.708006620407104,2.6456687028013115
32.71026015281677,2.6487609921408883
32.71251344680786,2.6424005797386863
32.714765548706055,2.6455226714042035
32.71701979637146,2.642000632524566
32.71927189826965,2.6438978485939324
32.7215256690979,2.6384672687610706
32.723777770996094,2.6173946401351262
32.7260320186615,2.6324710407818603
32.728325843811035,2.630358651919204
32.73058319091797,2.6285496507346213
32.73283791542053,2.6250091344129007
32.73509740829468,2.623262122066274
32.73735594749451,2.619129135504858
32.7396080493927,2.607860876066789
32.741913080215454,2.5733450142556444
32.744237184524536,2.5753048152094857
32.746503829956055,2.5393459247763066
32.748825550079346,2.5132098809730863
32.75113773345947,2.497406303573406
32.753458976745605,2.502328455725724
32.75572061538696,2.503109276665363
32.75797700881958,2.5057986385582254
32.76023721694946,2.500187456630165
32.76249361038208,2.5078204283500227
32.76474905014038,2.510240377216384
32.767001152038574,2.5001206994200587
32.76925587654114,2.512160839099984
32.77150797843933,2.509146035807852
32.773762464523315,2.510681451640302
32.77601504325867,2.5105556858248335
32.77827000617981,2.517130078927288
32.780524015426636,2.51305788911079
32.78277659416199,2.5088527809205985
32.785029888153076,2.5097134720937575
32.78728103637695,2.5117394342111865
32.78953814506531,2.511194051646477
32.79179072380066,2.500147521513405
32.79404807090759,2.5086978088257084
32.79630208015442,2.5092932592979977
32.79855465888977,2.510994972109195
32.80080819129944,2.509689630233005
32.80306124687195,2.506285012517573
32.80531406402588,2.5062641508894146
32.807565212249756,2.5076410183478615
32.809818506240845,2.5074675688108883
32.812071561813354,2.505016625525549
32.81432485580444,2.5042632227257755
32.81657814979553,2.5055345899503934
32.81883001327515,2.5066027053120976
32.821083307266235,2.5065496571719237
32.82333517074585,2.5000432133726136
32.825589418411255,2.500157058257706
32.827841997146606,2.508188785098646
32.83009576797485,2.500286996398806
32.83234930038452,2.501790821765759
32.834601163864136,2.502345145028251
32.83685493469238,2.5038149957436318
32.839106798172,2.5038900976050016
32.84135985374451,2.5028803948021405
32.843611001968384,2.5003793836092214
32.84586524963379,2.502500117123141
32.848116397857666,2.500091493140637
32.850369930267334,2.504050434118561
32.852622985839844,2.504692972265836
32.85487747192383,2.504730523196521
32.857131004333496,2.5068423160126585
32.85938215255737,2.503687441788607
32.861637353897095,2.50352591318201
32.86388969421387,2.5031951073640712
32.866142988204956,2.5001111626757577
32.8683967590332,2.507248223691967
32.87064838409424,2.508068383701847
32.87290167808533,2.503357232017187
32.875152826309204,2.5073149809020734
32.87740612030029,2.509146035807852
32.879658222198486,2.511157096762311
32.88191103935242,2.5123664751489727
32.88416385650635,2.5131228581813403
32.886425733566284,2.50019997360706
32.888678789138794,2.517090143810528
32.890931606292725,2.5178226849821432
32.89318513870239,2.515087427507332
32.895437479019165,2.5080296406781244
32.89769959449768,2.512138189332269
32.89995241165161,2.514944376342818
32.90220785140991,2.5094655167419333
32.904465198516846,2.5107738388507173
32.906718730926514,2.5001928210488344
32.90897297859192,2.517226638463335
32.91122531890869,2.5155547279780777
32.913482666015625,2.5179961345191164
32.915735721588135,2.5212207461858687
32.9179904460907,2.521583142469304
32.92024278640747,2.536924187770389
32.922494888305664,2.520039381985591
32.92474865913391,2.5245341687839233
32.927000522613525,2.525433602980805
32.929253816604614,2.5196805619812683
32.93150615692139,2.5368145152109283
32.9337592124939,2.5284424458077486
32.93601059913635,2.5327315965570922
32.93826460838318,2.533785406802345
32.94051790237427,2.5363919182290933
32.94276976585388,2.5354805631018356
32.94502282142639,2.538761203141356
32.947274923324585,2.5405576873490436
32.949527978897095,2.5445106678617795
32.951780796051025,2.5421145608561706
32.95403575897217,2.544012372972056
32.95628881454468,2.5392320798912142
32.95854067802429,2.5459143574135727
32.9607949256897,2.5390860484941062
32.96304798126221,2.54430026344064
32.96530079841614,2.553997344255131
32.967552185058594,2.550911015380742
32.96980547904968,2.5547877019390706
32.9720573425293,2.5532278481993496
32.97431015968323,2.5572016903402437
32.976563453674316,2.5583174894234526
32.97881507873535,2.5621578171441337
32.98106861114502,2.562909431804351
32.983319997787476,2.563782043907886
32.985573291778564,2.5671365937157384
32.98782467842102,2.5759825201013706
32.99007868766785,2.571183749578446
32.992331743240356,2.5694611751390903
32.99458360671997,2.5732395140218154
32.99683737754822,2.5741472928699602
32.99910855293274,2.5368347807925677
33.00143527984619,2.5002136826769927
33.003753900527954,2.5182917735924453
33.00602984428406,2.5225666192253375
33.00828576087952,2.5368353768390866
33.01053738594055,2.5345107954157347
33.01279044151306,2.5368258400947856
33.01504349708557,2.5390782998893617
33.01729869842529,2.5518801870203243
33.01955056190491,2.558944530361239
33.02180457115173,2.56003410339762
33.024057149887085,2.565152950901145
33.02631163597107,2.5704524004998683
33.02856516838074,2.577056595928263
33.03081679344177,2.5783279631528813
33.0330708026886,2.588536451880509
33.03532290458679,2.5927737465827163
33.0375771522522,2.5978562352485937
33.03982901573181,2.6012006522656264
33.04208254814148,2.600921702494824
33.04433608055115,2.605343175571343
33.04658794403076,2.6108554137772817
33.04884123802185,2.6123997703075137
33.051093101501465,2.614051415211131
33.05335092544556,2.6140013473035513
33.05560374259949,2.6172879478082596
33.057857513427734,2.6173123857155307
33.06010985374451,2.622131421820095
33.062363624572754,2.625427559069104
33.06461763381958,2.62665481885133
33.06686973571777,2.6292362963242883
33.06912398338318,2.6297584330747643
33.07138538360596,2.597976636645393
33.07367563247681,2.6068177946588746
33.075932264328,2.6148644226627855
33.078187465667725,2.609965516324701
33.08044242858887,2.611581994483709
33.0826940536499,2.607906771648737
33.0849494934082,2.609844518881383
33.08720254898071,2.6125159993786813
33.08945560455322,2.611749483555494
33.091707706451416,2.6147720354523702
33.093961238861084,2.6149013775469516
33.09622859954834,2.605327678361854
33.098482608795166,2.6061067111619365
33.10073661804199,2.606776667449077
33.102988958358765,2.6124027505401077
33.10524344444275,2.614921643128591
33.10749530792236,2.602835607866717
33.10974931716919,2.5976988789676283
33.11200165748596,2.598917794098591
33.11425495147705,2.5978198764109464
33.11650896072388,2.5978192803644276
33.11876153945923,2.596569370814487
33.12115216255188,2.5917998065709837
33.12341642379761,2.591705631221012
33.12567210197449,2.593069385656045
33.127925395965576,2.592165779133532
33.13017988204956,2.592867921932688
33.13243317604065,2.587035010699631
33.134684562683105,2.590204786086653
33.13693904876709,2.5781849119883673
33.139190912246704,2.5906166542311495
33.141443967819214,2.5887867914184084
33.143696308135986,2.585956762547107
33.145949840545654,2.5869897111642017
33.14821648597717,2.5858989460347828
33.150468826293945,2.5865176423213057
33.15272259712219,2.5847128134623545
33.154974937438965,2.585372636958675
33.15722846984863,2.578300545013016
33.159481048583984,2.5842347841542703
33.16173434257507,2.579466412003805
33.16398644447327,2.578273126873151
33.166239738464355,2.5769928189507505
33.168493032455444,2.573324152627486
33.1707444190979,2.5687089644323544
33.17300510406494,2.5614067985304354
33.17525839805603,2.560671277126226
33.17752385139465,2.5392755912870872
33.17977809906006,2.5579169461628135
33.182032108306885,2.554922408452321
33.18433880805969,2.554718560542889
33.1865918636322,2.539068167098542
33.18884587287903,2.5516095819007854
33.191097259521484,2.5475350078982126
33.19335103034973,2.544676964840527
33.19560384750366,2.533400360751195
33.19789147377014,2.5295707618678525
33.20014929771423,2.514736952154273
33.202449798583984,2.508546413009931
33.204713344573975,2.5112858428103735
33.20696544647217,2.5112918032755616
33.209219455718994,2.513723673072299
33.21147179603577,2.512054742819636
33.21372628211975,2.5144824402907417
33.215978384017944,2.514485420523336
33.21823167800903,2.5164672751983734
33.22048544883728,2.5171199461364684
33.22273659706116,2.5132814065553433
33.22499227523804,2.5156238693742594
33.22724366188049,2.5000223517444553
33.22949695587158,2.522326412478258
33.23174834251404,2.5212064410694173
33.23400139808655,2.5238439469151435
33.23625469207764,2.5248721271600876
33.23850679397583,2.529084387908505
33.24076056480408,2.529708448613697
33.24301195144653,2.533186380050943
33.24526500701904,2.5338652770358654
33.24757194519043,2.5155428070477015
33.24987721443176,2.517251672417125
33.25214219093323,2.5029519203843975
33.254464626312256,2.456970507737459
33.256797075271606,2.4806061363942784
33.25905966758728,2.495417892386662
33.261313676834106,2.4914261688502037
33.26356816291809,2.496362626118973
33.26590847969055,2.500032484535275
33.26816463470459,2.5128522530618014
33.270429372787476,2.518463434989862
33.27268409729004,2.5244256883175002
33.27493643760681,2.529754940242164
33.27719068527222,2.5368753119558467
33.27944254875183,2.53908426035455
33.28169655799866,2.540664975722429
33.28394937515259,2.5390663789589856
33.286203145980835,2.5521209898139228
33.2884566783905,2.5575068661578735
33.290708780288696,2.5587061117537155
33.292962312698364,2.56354004902125
33.29526162147522,2.5566336580078195
33.29754447937012,2.5556913084615838
33.299853801727295,2.5459995920657623
33.30212736129761,2.553018635871248
33.30438160896301,2.5576785275552902
33.3066349029541,2.56396503018916
33.308889389038086,2.5660708625401094
33.31114172935486,2.569275208625222
33.31339693069458,2.5757280082378395
33.31564974784851,2.5745073049673204
33.31790328025818,2.5764897556888764
33.32015585899353,2.579996893405544
33.322417974472046,2.578362533850972
33.32467269897461,2.581634829239229
33.326924562454224,2.5863567097612274
33.32917761802673,2.5784054492003263
33.3314323425293,2.592144321458855
33.3336865901947,2.5921580305287875
33.33594846725464,2.5943079703221286
33.3382031917572,2.594604801488495
33.34045767784119,2.5955441708021367
33.3427095413208,2.590923022141817
33.34496307373047,2.578390548037356
33.347214460372925,2.5782904122221963
33.34946846961975,2.5963190312765874
33.351720094680786,2.594735931722633
33.35397720336914,2.593020509841503
33.35623288154602,2.5936594717096653
33.35848426818848,2.5920620670392593
33.36073708534241,2.5930056086785327
33.362988233566284,2.590077828178147
33.365240812301636,2.5911757458657916
33.36749339103699,2.5782707426870757
33.36974835395813,2.587582181403897
33.372000217437744,2.5808313585318756
33.37425374984741,2.57950396293449
33.37650728225708,2.573445746117323
33.378758668899536,2.5739976851937394
33.38101148605347,2.572470017966034
33.383262395858765,2.5611081792245125
33.38551664352417,2.5758144349830667
33.38776898384094,2.556965059872277
33.39002227783203,2.53922909965862
33.39227509498596,2.55092710863675
33.394526958465576,2.549218243267327
33.39678072929382,2.5453439408950733
33.39903259277344,2.54303008830906
33.401286125183105,2.5368729277697715
33.40353751182556,2.530407611180259
33.40579104423523,2.5278839502196253
33.408042669296265,2.5241723685470068
33.41029644012451,2.5196114205850866
33.412559270858765,2.5147029775027008
33.41481375694275,2.5117650642114953
33.41706609725952,2.507275641831832
33.4193172454834,2.5061860687954507
33.421571254730225,2.501966059442289
33.42382287979126,2.500190436862759
33.42607641220093,2.4962869282110844
33.428329944610596,2.49433368376895
33.43058204650879,2.4914667000134827
33.43283557891846,2.484732566443988
33.43508720397949,2.484809456444914
33.437339782714844,2.4816134550110642
33.4395911693573,2.4790558193988583
33.44184684753418,2.4717566337295334
33.44409799575806,2.4713709916318645
33.446351766586304,2.461239988951682
33.44860506057739,2.46845751624793
33.45085620880127,2.4655696708643045
33.45310926437378,2.4636653022367123
33.455360889434814,2.4618497445404226
33.45761466026306,2.4586102317107
33.459866523742676,2.4557903356302186
33.462120056152344,2.4507084430108597
33.46437406539917,2.450905734408585
33.466625690460205,2.4492672025283815
33.468878984451294,2.441472702201927
33.47113060951233,2.441544227784184
33.47338390350342,2.4436268143208997
33.47563600540161,2.442547970121857
33.47788882255554,2.443408661295016
33.48014044761658,2.4429133466378863
33.482393741607666,2.4428543380325243
33.484647035598755,2.4415579368541165
33.48689937591553,2.4587270568283865
33.48915219306946,2.442090802441931
33.49140286445618,2.43961065287717
33.493656158447266,2.4386641310053028
33.49590802192688,2.4310114897503246
33.498167514801025,2.4354460758502574
33.500423192977905,2.4339106600178075
33.50267505645752,2.4219468142922898
33.504929542541504,2.3993274449500377
33.507246017456055,2.3576274344476977
33.50958275794983,2.364308519877019
33.51184606552124,2.3699095690142595
33.51410222053528,2.375393196987295
33.51635718345642,2.3811951138013736
33.51860952377319,2.3875430092266807
33.52086544036865,2.393631028369788
33.52311897277832,2.3950424665263257
33.525373220443726,2.4009719372954295
33.527626276016235,2.408539939944737
33.529879331588745,2.419530441705041
33.53213047981262,2.4174895784246417
33.53438401222229,2.4226382282541072
33.536638021469116,2.4322882213936117
33.538888692855835,2.4368289037738924
33.541141986846924,2.4442961745615213
33.543394327163696,2.4496897995102165
33.545647382736206,2.4564745970338104
33.54789876937866,2.4609836889485943
33.55015254020691,2.4686989150880474
33.552406311035156,2.4696955048674947
33.55465817451477,2.4766072602995943
33.55691194534302,2.4828210452581696
33.55916404724121,2.497597038459425
33.56141686439514,2.4914458383853244
33.5636682510376,2.4933972946879024
33.56592154502869,2.5001743436067514
33.568172454833984,2.503882945046776
33.570430755615234,2.5100520265164405
33.57268404960632,2.5128582135269895
33.57493710517883,2.518680395922708
33.5771906375885,2.52272039922719
33.5794415473938,2.52638131694571
33.58169484138489,2.527900639522152
33.583948850631714,2.5366523905578124
33.586201906204224,2.5341174047133213
33.58845543861389,2.53676861962898
33.59070801734924,2.5342658202965045
33.59296178817749,2.531169954677815
33.59521508216858,2.5381216452266746
33.597469091415405,2.539823358037872
33.59972071647644,2.543322747149795
33.60197448730469,2.542837565283485
33.6042320728302,2.5450232678679545
33.606483936309814,2.5453093701969824
33.60873770713806,2.546066349275869
33.61098909378052,2.5462409909058796
33.613245725631714,2.54272491249143
33.61549735069275,2.539325659194667
33.61775016784668,2.5443056278593095
33.620002031326294,2.546224897649872
33.62225556373596,2.5395610975695964
33.624648571014404,2.534736100999844
33.626911878585815,2.535264198215508
33.62916660308838,2.5366869612559033
33.63142013549805,2.5347808044887548
33.633673667907715,2.534332577506611
33.63592553138733,2.5343057554132646
33.638179302215576,2.5327685514412583
33.6404333114624,2.5324758926005235
33.6426899433136,2.5366523905578124
33.64494514465332,2.534413639833169
33.64719772338867,2.534258667738279
33.64945077896118,2.522182765267225
33.651702880859375,2.5157186407707504
33.65395712852478,2.51381308005012
33.65621733665466,2.5099369895383106
33.658469676971436,2.5082996497511445
33.6607232093811,2.503298223411825
33.66297507286072,2.501371205016518
33.665228605270386,2.4997708201135183
33.66748070716858,2.4959757919282666
33.669734954833984,2.4941387765572998
33.671990633010864,2.4831572154947774
33.67424440383911,2.4732878772363516
33.67650866508484,2.4694791399811673
33.67876148223877,2.46675222715762
33.68101644515991,2.462690766178461
33.68326950073242,2.454862887246953
33.68552327156067,2.4522307458198958
33.687774658203125,2.448489361821337
33.69002819061279,2.4416270782502982
33.69228148460388,2.4382916019310477
33.69453287124634,2.434531144443887
33.696789026260376,2.4220874812707285
33.699042320251465,2.42420225431946
33.701308488845825,2.417660047729021
33.70356225967407,2.4135973946568243
33.70581603050232,2.407625604584885
33.708067893981934,2.4040326361695095
33.71032094955444,2.4000552177495025
33.71257543563843,2.394117998375654
33.7148277759552,2.3829254368454738
33.71708297729492,2.3889163004060148
33.71933603286743,2.3880198464417273
33.72159028053284,2.385860965950604
33.72384214401245,2.384217069651731
33.7260959148407,2.3834135989443777
33.728349447250366,2.37975148913282
33.73060131072998,2.380619332864205
33.732858419418335,2.3777749988764523
33.735111236572266,2.378540322606602
33.737364768981934,2.3808351017040135
33.73961663246155,2.3780605051589614
33.741870641708374,2.381640956597442
33.7441246509552,2.378235146788972
33.74637722969055,2.3820748784631345
33.74863052368164,2.3817732789246175
33.750919342041016,2.3625013068319927
33.75322866439819,2.3658761222214846
33.75548815727234,2.3677065810807445
33.75778269767761,2.335322777667377
33.760223150253296,2.336229364422484
33.76253390312195,2.304766452880675
33.76483654975891,2.338280360493703
33.76718330383301,2.3467430289677416
33.76943922042847,2.3546632951096647
33.771695137023926,2.361260934026353
33.77394986152649,2.367664261777909
33.7762086391449,2.3782470677193484
33.77846145629883,2.386007593394231
33.78071475028992,2.3830470303353106
33.78296685218811,2.404938030831579
33.78522062301636,2.4149325388589546
33.78747224807739,2.4234548119848744
33.78972506523132,2.431793502783001
33.791977643966675,2.42195158266444
33.79424166679382,2.441845231276182
33.79649567604065,2.4525454583818265
33.798752546310425,2.4587359975261687
33.80100727081299,2.4611750198811317
33.80325984954834,2.4683716855492217
33.80551600456238,2.4769166084428558
33.80776906013489,2.482714352931303
33.81002354621887,2.488974033471827
33.81227684020996,2.4942955367917463
33.814528703689575,2.5002983212826635
33.8167827129364,2.5097903620946838
33.819034576416016,2.5153163093705544
33.82128858566284,2.519094052206761
33.823540449142456,2.5196746015160802
33.825793504714966,2.5262454183394216
33.82804584503174,2.528052035337929
33.830299615859985,2.53437310866989
33.83255386352539,2.532461587484072
33.83480715751648,2.5382998631357983
33.837061405181885,2.539345328729788
33.8393132686615,2.539238636402921
33.84156608581543,2.5392743991940496
33.843817710876465,2.544232910184015
33.846071004867554,2.5477406439472015
33.84832453727722,2.549494808852054
33.850576400756836,2.551709717715945
33.85282921791077,2.5506582916567675
33.8550808429718,2.5502017200233604
33.85733389854431,2.5486567674466096
33.859586000442505,2.539143268959912
33.86183953285217,2.545364206476713
33.86409115791321,2.539229695705139
33.86634397506714,2.5462344343941727
33.86859750747681,2.5391563819833256
33.870850801467896,2.5454333478728945
33.8731050491333,2.5391474412855435
33.87535738945007,2.5392988371013208
33.8776113986969,2.5378230259207517
33.87986350059509,2.537545268242987
33.88211679458618,2.5337222258713514
33.88436985015869,2.534926239839344
33.88662147521973,2.5330355802816844
33.888874769210815,2.5306513942064517
33.891127586364746,2.525181475303349
33.89338207244873,2.5216069843300564
33.8956344127655,2.515853347284001
33.89789342880249,2.514849008899809
33.900146484375,2.5102141511695564
33.90240001678467,2.49480873284444
33.904664754867554,2.4970915910114755
33.90692639350891,2.4946483963308808
33.90918016433716,2.494650184470437
33.911431550979614,2.488725482073484
33.9136860370636,2.489990292786395
33.91593956947327,2.4885562048621424
33.91819381713867,2.4875643834548455
33.920449018478394,2.4859455211097625
33.92270064353943,2.4787095163714308
33.92495512962341,2.4785640810208416
33.927207231521606,2.4610164715071288
33.92946171760559,2.477881607756806
33.931713819503784,2.461177404067207
33.93396759033203,2.461089785228942
33.93623900413513,2.473140057699687
33.938491344451904,2.4724581804821706
33.94074535369873,2.4695399367260857
33.9429976940155,2.4688562713690128
33.945250272750854,2.467227872279629
33.94750189781189,2.461006934762828
33.9497549533844,2.4652209836508017
33.952006816864014,2.4603179049870856
33.954261302948,2.4561861105187073
33.956515073776245,2.4589970659014067
33.95876717567444,2.4589541505520525
33.96102166175842,2.4571803161120793
33.963274240493774,2.4536719863023744
33.96553039550781,2.451418930461279
33.96778154373169,2.4507114232434537
33.97003507614136,2.448983484385429
33.972288608551025,2.448243790655588
33.97454118728638,2.4467375811025596
33.9767951965332,2.4469801720357145
33.97904706001282,2.4458858306271827
33.981300592422485,2.4431773952457183
33.98355269432068,2.441493563830085
33.98580574989319,2.441220574524471
33.988057374954224,2.4584969828721266
33.99031066894531,2.441730194298052
33.9925639629364,2.4390938805453635
33.99481558799744,2.4388107584489296
33.99706959724426,2.4409183789394353
33.999321699142456,2.439971857067568
34.0015754699707,2.4414744903414833
34.00382733345032,2.4412432242921858
34.006080627441406,2.4417039682512245
34.00834321975708,2.4197026991489765
34.01065969467163,2.3661252696663464
34.013001441955566,2.3696955883140074
34.01526737213135,2.3780414316703595
34.01752591133118,2.384229586628626
34.01977753639221,2.390272902282822
34.02203106880188,2.3929712048734673
34.024301528930664,2.398913788665985
34.026554584503174,2.40563778944466
34.02880787849426,2.4100270760091633
34.031060457229614,2.4175837537746134
34.033313512802124,2.421971252199561
34.03556561470032,2.429310969032165
34.037818908691406,2.4332031527999822
34.04007053375244,2.4399360942764394
34.04232382774353,2.4391689824067333
34.04457712173462,2.4460968310948408
34.04682970046997,2.452078157911081
34.049083948135376,2.4561598844718797
34.05133581161499,2.456133658425052
34.05359506607056,2.4620059087283503
34.055851459503174,2.4610397173213623
34.05810523033142,2.4713709916318645
34.060359477996826,2.474177774688932
34.062612533569336,2.4771496626317098
34.06486701965332,2.482605276418361
34.067118883132935,2.485195694589102
34.06937265396118,2.4885091171871565
34.07162642478943,2.461115415229251
34.07391977310181,2.470282014642002
34.076178312301636,2.473056015140535
34.07845091819763,2.4778559777564975
34.08070492744446,2.4832847694498024
34.082964181900024,2.4794027184728047
34.085219383239746,2.4856838566880057
34.08747220039368,2.4882295713698355
34.08972644805908,2.497692405902434
34.091978311538696,2.494507133305923
34.09423303604126,2.498002946138733
34.09648633003235,2.4976357814831474
34.09874176979065,2.498998343825143
34.100996255874634,2.4987843631248907
34.103248596191406,2.497798502182782
34.10550260543823,2.502121031537179
34.107755184173584,2.502136528746668
34.110010623931885,2.50518113436474
34.11226415634155,2.501129806176401
34.114516496658325,2.504227459934647
34.11677026748657,2.5048419838955382
34.1190230846405,2.505722344603818
34.12127685546875,2.506738007871867
34.12352991104126,2.50866204603458
34.12578368186951,2.5082400450992637
34.1280357837677,2.5100615632607415
34.13042140007019,2.500017583372305
34.132686376571655,2.5010290743147223
34.13494038581848,2.504420579006741
34.137195110321045,2.505635321812072
34.13944697380066,2.5002917647709566
34.14170956611633,2.503733337370555
34.14396119117737,2.5049492722689237
34.1462140083313,2.5046393280791435
34.148467779159546,2.506280840191941
34.150719165802,2.5001153350013894
34.15297293663025,2.5070193418287445
34.15522527694702,2.5068476804313278
34.15747833251953,2.500128448024803
34.159730195999146,2.5000098347675603
34.16198396682739,2.50370591923069
34.16423749923706,2.5000926852336747
34.166489601135254,2.5048384076164254
34.1687433719635,2.5057891018139244
34.170994997024536,2.5000986456988628
34.173248291015625,2.5011596085023413
34.17549991607666,2.5010684133849637
34.17775344848633,2.5026074054965264
34.18000602722168,2.496272623094633
34.182271003723145,2.49754935473792
34.184526443481445,2.497021853568775
34.18678021430969,2.4981597063731797
34.189032316207886,2.497972547766274
34.19128465652466,2.497783004973293
34.19353795051575,2.494153081673751
34.19578981399536,2.494989930986158
34.19804310798645,2.497702538693254
34.2002968788147,2.4948880070314416
34.20254826545715,2.4906846869808064
34.20480227470398,2.4911043037300473
34.20705509185791,2.492447792583441
34.209312915802,2.491903602111769
34.21156573295593,2.492627798632121
34.21381974220276,2.492217122580662
34.21607160568237,2.491416632105903
34.218324422836304,2.497842013578655
34.22057819366455,2.4922654023486857
34.22283148765564,2.487768231364278
34.225088357925415,2.4861320836701495
34.22734093666077,2.4804785824392535
34.229594230651855,2.487478552756137
34.23184609413147,2.4953982228515414
34.23409962654114,2.4837842564325636
34.236353158950806,2.485340533893172
34.23860502243042,2.484794555281944
34.24085831642151,2.4862655980903625
34.24311089515686,2.484894095050585
34.24536395072937,2.4859234673885666
34.24761486053467,2.486211357857151
34.24986958503723,2.497711479391036
34.25212121009827,2.4832782129380955
34.25437784194946,2.481378612682654
34.25665998458862,2.458539898221481
34.258957624435425,2.4586811612464383
34.26122713088989,2.459707553351826
34.26349401473999,2.4203494096218834
34.26581859588623,2.4165144463198716
34.268110036849976,2.398537683312617
34.270426511764526,2.41164415021469
34.27268981933594,2.4140068786152455
34.27494192123413,2.4209710861410003
34.277199029922485,2.4257013113142625
34.279451847076416,2.4323823967435834
34.28170609474182,2.4328628102377428
34.28395986557007,2.436994604706121
34.286213636398315,2.4429896405922937
34.28847551345825,2.447215014364125
34.290727376937866,2.4586376498505653
34.292980670928955,2.4518117251171736
34.29523324966431,2.4587580512473646
34.297487020492554,2.4584320138015765
34.299742698669434,2.4636748389810132
34.301998138427734,2.467174824139455
34.304255962371826,2.470940646045285
34.306509017944336,2.472089823733547
34.30876684188843,2.4354460758502574
34.311055421829224,2.421880653128702
34.31333804130554,2.408819485762058
34.31559371948242,2.400184559844084
34.31785726547241,2.3784735653964955
34.320114850997925,2.3635086254487785
34.32236862182617,2.35045461064036
34.32462286949158,2.3407992530821864
34.32687520980835,2.334125320211091
34.32912874221802,2.31963244910627
34.33138084411621,2.3170706411684323
34.333635568618774,2.302492535411422
34.33588695526123,2.3168346067469843
34.3381404876709,2.3310854829651695
34.34039616584778,2.35000459551866
34.34264779090881,2.343876045212274
34.34490132331848,2.378083154926676
34.347156286239624,2.382986829636911
34.34940981864929,2.4085280190143608
34.35166263580322,2.4188271068128473
34.35391616821289,2.4333849469882187
34.35616755485535,2.4452206427121927
34.35843086242676,2.4596562933512085
34.36068367958069,2.470711168135544
34.362935304641724,2.4977251884609686
34.36518883705139,2.4939939372532294
34.36744022369385,2.5002709031427983
34.369694232940674,2.513425053766376
34.37194490432739,2.5178971907969943
34.37419867515564,2.5276747378915236
34.3764533996582,2.536756698698604
34.37870454788208,2.543557589478205
34.38095712661743,2.5491884409413865
34.38320875167847,2.552539414470126
34.385462045669556,2.5569728084770214
34.38771390914917,2.5586995552420086
34.38996767997742,2.5682213983799693
34.39222812652588,2.575825759866924
34.39447999000549,2.5759890766130775
34.39673376083374,2.5796917175879144
34.398985624313354,2.5824722745981545
34.4012393951416,2.582083056221373
34.403491258621216,2.582405517388048
34.405744791030884,2.582321474828896
34.40799689292908,2.5841310720599977
34.41025137901306,2.583468268331083
34.41250514984131,2.5815394617962197
34.41475701332092,2.58233458785231
34.41701030731201,2.582347104829205
34.419262647628784,2.5796946978205084
34.42151665687561,2.5794795250272187
34.42376923561096,2.577652642447071
34.42602205276489,2.576783606622649
34.4282751083374,2.575741717307772
34.43052887916565,2.5740817277528913
34.43278479576111,2.5680181465170557
34.43503713607788,2.5672516306938684
34.43729043006897,2.5664869030102375
34.439542293548584,2.558645315008797
34.44179558753967,2.5564321942844623
34.44404721260071,2.555065459616835
34.446300983428955,2.5538060133225935
34.448554277420044,2.5516250791102744
34.45080614089966,2.5496420323421995
34.45305943489075,2.545146053450829
34.45531129837036,2.5428953817958093
34.45756483078003,2.5408747840970496
34.45982122421265,2.5359591884564385
34.462074756622314,2.5255057246095807
34.4643292427063,2.5240901141274112
34.466580867767334,2.5231263069064984
34.46883487701416,2.5196310901202073
34.471086502075195,2.5190767668577156
34.47334003448486,2.5129607335282245
34.47559213638306,2.5126746311991965
34.477845191955566,2.5148466247137335
34.48009729385376,2.5102236879138573
34.48235058784485,2.500125467792209
34.48460364341736,2.500272095235836
34.486855268478394,2.5058642036752943
34.489112854003906,2.5031253699213707
34.49136471748352,2.5003817677952966
34.49361705780029,2.4975630638078528
34.49586844444275,2.496425211003448
34.49812197685242,2.4976417419483354
34.500380992889404,2.4887087927709572
34.502633571624756,2.4826565364189785
34.50488901138306,2.4850037676100456
34.50714182853699,2.4953362340135854
34.50939679145813,2.483752069920548
34.511648654937744,2.482543883626924
34.51390361785889,2.4608090473185835
34.51624870300293,2.413664151866931
34.518691062927246,2.4128386274383815
34.52097797393799,2.4194642805414532
34.52323293685913,2.418163110990895
34.52548575401306,2.4246439247898968
34.527737855911255,2.4280282769236896
34.5299916267395,2.4347498935162895
34.53224492073059,2.4356910509694876
34.53449773788452,2.4411854077798614
34.53675079345703,2.445928745976537
34.539002895355225,2.4505785048697595
34.54125642776489,2.45471447166377
34.54350829124451,2.4598792147492428
34.545761823654175,2.4652931052795775
34.54801321029663,2.469889816032626
34.55026698112488,2.475632128194824
34.552520990371704,2.4737420646836834
34.5547730922699,2.481856641990738
34.557027101516724,2.485099135053055
34.55927920341492,2.497758567066022
34.56153225898743,2.4917283644352395
34.56378388404846,2.4960854644877273
34.56603717803955,2.4977907535780375
34.56829023361206,2.5051179534337464
34.570542335510254,2.509401143717902
34.57279586791992,2.512154878634796
34.575047731399536,2.5166746993869187
34.57730484008789,2.519175114533319
34.579556465148926,2.5235947994702816
34.581809759140015,2.5212034608368232
34.584062814712524,2.5250688225112943
34.58631730079651,2.526467743690937
34.5885705947876,2.5301483309445776
34.590821981430054,2.531576458403642
34.59307551383972,2.530069652804095
34.595327615737915,2.5323084035287384
34.5975821018219,2.534531060997374
34.59983468055725,2.5380221054580336
34.60208797454834,2.5369814082361946
34.60434150695801,2.5387677596530627
34.6065993309021,2.5393345998924493
34.60885238647461,2.5413468529399457
34.611104249954224,2.538605038953428
34.61335778236389,2.5365892096268188
34.615610122680664,2.5369998856782776
34.61786389350891,2.538630072907218
34.620115756988525,2.537756268710645
34.622368812561035,2.533145252841145
34.624621868133545,2.5368633910254705
34.62687397003174,2.5351235312370695
34.62912702560425,2.53692359172387
34.63137888908386,2.533254925400606
34.63378643989563,2.5284513865055307
34.636056423187256,2.5290975009319188
34.638312339782715,2.5303104555976934
34.64056730270386,2.529544535821025
34.64281868934631,2.5247535139028447
34.64507293701172,2.525146904605258
34.64732384681702,2.526536885087119
34.649577140808105,2.525505128563062
34.6518292427063,2.523317041792517
34.65408277511597,2.5218519594492865
34.656336545944214,2.5231888917909733
34.65858864784241,2.522161307592548
34.660841941833496,2.519455256397159
34.66309380531311,2.5195315503515663
34.66535305976868,2.518596949410075
34.66760587692261,2.5197520875635253
34.66985869407654,2.5182065389402557
34.67211079597473,2.514764966340657
34.67436385154724,2.512918414225389
34.67661666870117,2.500103414071013
34.678868770599365,2.5135323421397615
34.681121826171875,2.513185443065815
34.68337345123291,2.5011906029213193
34.68563675880432,2.5040110950483196
34.68789029121399,2.5000831484893737
34.69014596939087,2.500013411046673
34.692399978637695,2.504519522728863
34.69465708732605,2.504267395051407
34.69691038131714,2.502568066426285
34.69916558265686,2.4986174700996244
34.70142126083374,2.497920095672619
34.703673124313354,2.4958261842520457
34.70592713356018,2.497540414040138
34.70817995071411,2.496782838914733
34.71044421195984,2.498162686605774
34.71269750595093,2.4945715063299545
34.71494913101196,2.495414912154068
34.71720242500305,2.4977788326476613
34.719454526901245,2.4964144821661094
34.72170901298523,2.4989691375457213
34.723960161209106,2.517136635438995
34.72621440887451,2.536762063117273
34.72846746444702,2.5515374602720096
34.73071885108948,2.568016954424018
34.732972383499146,2.576005765915604
34.73522400856018,2.591889809595324
34.73747682571411,2.6033076767096133
34.73972845077515,2.612442685656868
34.741981506347656,2.6220730092612516
34.7442352771759,2.631757573098847
34.74648666381836,2.641550617402866
34.74873948097229,2.6485559521384183
34.750991344451904,2.653907853830797
34.753247022628784,2.659374196454787
34.7554988861084,2.6642075376758023
34.75775408744812,2.664826233962325
34.760045528411865,2.6508209289098894
34.76235318183899,2.654103357088966
34.76461839675903,2.6549568957038994
34.766870975494385,2.6279220137503163
34.76919102668762,2.6172199985051154
34.771485805511475,2.6124718919362895
34.77380633354187,2.6136061684615814
34.77606749534607,2.6177981636283594
34.77832221984863,2.6215288187895798
34.78057885169983,2.617460205252195
34.78283452987671,2.6261875183805845
34.78508758544922,2.6296141898172127
34.787338972091675,2.630288318429985
34.78959274291992,2.632751778692219
34.791844606399536,2.6289656912047494
34.79409861564636,2.62975068447002
34.79635190963745,2.627049401646781
34.798604011535645,2.6305344856422526
34.800856828689575,2.62969048377162
34.80310893058777,2.625274971160289
34.80536198616028,2.617333843390208
34.807618618011475,2.6247552185958885
34.80987310409546,2.6236423997452736
34.8121280670166,2.617009594083976
34.814382553100586,2.6168063422210626
34.816635608673096,2.5982567785092328
34.81888818740845,2.6028630260065824
34.821141719818115,2.5974527117553605
34.82339382171631,2.5784048531538075
34.82564735412598,2.590738843767505
34.82789874076843,2.5904092300426043
34.83015251159668,2.578223058965571
34.83240509033203,2.582592675994954
34.83465647697449,2.581948945754641
34.836909532547,2.5791254733950466
34.83916115760803,2.5780710671032745
34.841418743133545,2.573508331001798
34.84367108345032,2.5714394535350147
34.845925092697144,2.5675776681396565
34.84817719459534,2.567234941391342
34.85043811798096,2.563762970419284
34.85269021987915,2.5573638149933595
34.854941606521606,2.555594152879018
34.857194662094116,2.554171389838623
34.85944628715515,2.5515124263182196
34.86169958114624,2.546454375559613
34.86395192146301,2.5391480373320623
34.86620545387268,2.539087240587144
34.86845874786377,2.5415983845708827
34.870710134506226,2.5344178121588006
34.872963428497314,2.5367739840476493
34.87521553039551,2.534366552158183
34.8774688243866,2.534668747743219
34.87972068786621,2.5308039821152666
34.881975173950195,2.5266179474136767
34.88424038887024,2.5251677662334164
34.88649320602417,2.5248721271600876
34.88874697685242,2.5197985791919923
34.89099884033203,2.5215598966550705
34.89325213432312,2.5001862645371276
34.895503520965576,2.5001052022105696
34.897757053375244,2.514270247730046
34.90001320838928,2.500213086630474
34.90226912498474,2.512505950034374
34.90452337265015,2.5111392153667467
34.90677547454834,2.51250296980178
34.90902924537659,2.5113442553692167
34.91128087043762,2.509298623716667
34.913535594940186,2.500064075000772
34.9157874584198,2.5085452209168935
34.918041467666626,2.495241462617095
34.92029547691345,2.4959233398346115
34.92254662513733,2.495290338431637
34.92480230331421,2.4958690996014
34.92705488204956,2.497463524039212
34.92930865287781,2.498261630327896
34.931559801101685,2.502123415723254
34.93381357192993,2.502422631075696
34.93606495857239,2.5000402331400196
34.93831825256348,2.50785678718767
34.94057106971741,2.5105151546615545
34.94282269477844,2.50707656229455
34.94507622718811,2.5124761477084334
34.947327852249146,2.514957489366232
34.949580669403076,2.5173953196281578
34.95183300971985,2.5180545470779596
34.954089879989624,2.519486250816137
34.956342935562134,2.5234892992364526
34.958595275878906,2.524056139475839
34.96084809303284,2.5274673137029784
34.96309995651245,2.5282666120847
34.96535277366638,2.5326320567884513
34.96760416030884,2.534251515180053
34.96985721588135,2.5344297330891767
34.97210931777954,2.535696331941644
34.97436285018921,2.534447018438222
34.976619720458984,2.535516325892964
34.978872299194336,2.53791898941028
34.98112607002258,2.5413325478234943
34.983381509780884,2.538456027323726
34.98563480377197,2.5436404399443195
34.987886905670166,2.544844453912312
34.99014091491699,2.539273207101012
34.99239420890808,2.5483706651175817
34.99464702606201,2.5518485965548274
34.9969003200531,2.5532534781996583
34.999151945114136,2.5568696924292675
35.00140452384949,2.555227584269951
35.0036563873291,2.5555828279951607
35.00590968132019,2.558027214768793
35.00816202163696,2.5593897771107885
35.01042890548706,2.561744160860081
35.01268696784973,2.553764290066277
35.014939069747925,2.5735071389087603
35.01719307899475,2.5525793495868863
35.01950192451477,2.505414188553594
35.021841526031494,2.4585816214777974
35.024166107177734,2.469138201372409
35.02647161483765,2.4751284688864312
35.02872705459595,2.49758452148253
35.03097939491272,2.4875548467105446
35.0332350730896,2.490685283027325
35.035486459732056,2.497655451018268
35.037739753723145,2.505321801343179
35.03999185562134,2.510376275822672
35.042248487472534,2.509814203955436
35.04450273513794,2.5000521540703957
35.04675507545471,2.5198230170992635
35.04900932312012,2.5366804047441964
35.05126142501831,2.53401309657253
35.05351424217224,2.5400546240871695
35.0557656288147,2.543744152038592
35.05801844596863,2.548950618380382
35.06027150154114,2.552586502145112
35.062522411346436,2.5515559377140926
35.06477642059326,2.5574287840639096
35.06702756881714,2.561188049458033
35.06928038597107,2.575906822193482
35.07154417037964,2.5412657906133878
35.0738365650177,2.5488284288440264
35.07609462738037,2.5497660100181117
35.078349113464355,2.554140395419645
35.08060359954834,2.5569161840577346
35.082855463027954,2.575710722888794
35.0851092338562,2.561016388060616
35.087363481521606,2.5639507250727087
35.08961725234985,2.564365573449799
35.09186887741089,2.5629267171533963
35.094123125076294,2.5645354467076595
35.09637784957886,2.5658997971892115
35.098628997802734,2.562887378083155
35.10091519355774,2.573383161232848
35.103168964385986,2.561132021085265
35.10542368888855,2.5732985226271774
35.107675075531006,2.5619509890021073
35.10992908477783,2.5614437534146015
35.112180948257446,2.5588795612906887
35.114445209503174,2.5621810629583672
35.11669850349426,2.5640794711207713
35.11894989013672,2.5628289655243117
35.12120342254639,2.5588235329179208
35.12345552444458,2.539304797566509
35.12570905685425,2.5451824122884763
35.127960205078125,2.546196883463488
35.13022303581238,2.545441096477639
35.132476568222046,2.5442549639052108
35.13472819328308,2.5434908322680987
35.13698196411133,2.5455674583396264
35.13936257362366,2.5392469810541844
35.14162588119507,2.541466658290226
35.14387845993042,2.5407531906072127
35.146132707595825,2.5421020438792756
35.148385763168335,2.5425317934193363
35.15063691139221,2.543325727382389
35.15289092063904,2.5343158882040844
35.15514302253723,2.5408652473527487
35.15739679336548,2.5415989806174015
35.15964984893799,2.539180223844078
35.161903381347656,2.5384387419746806
35.16415524482727,2.5343737047164088
35.16641616821289,2.539332811752893
35.1686692237854,2.534179989597796
35.170920848846436,2.5395014929177155
35.1731743812561,2.5380882666216213
35.175426721572876,2.5394514250101357
35.177680253982544,2.536685173116347
35.17993187904358,2.5393435405902314
35.18218541145325,2.5362768812509633
35.18443965911865,2.5376334831277707
35.18669104576111,2.538934652678329
35.188947916030884,2.5368347807925677
35.19120669364929,2.5351521414699723
35.19346284866333,2.5321963467832025
35.19571590423584,2.535165850539905
35.19796943664551,2.5352385682151994
35.20023012161255,2.537821833827714
35.202481269836426,2.5378730938283316
35.204734086990356,2.5403091359507006
35.20698595046997,2.5408592868875606
35.20923948287964,2.542305295742189
35.211491107940674,2.5414404322433986
35.21374487876892,2.5423160245795278
35.21599626541138,2.545157974381205
35.21825432777405,2.5454184467099243
35.220507860183716,2.548798030471567
35.22276020050049,2.5391069101222645
35.225016832351685,2.5366333170692106
35.227269411087036,2.5234994320272723
35.229522943496704,2.533310953773374
35.231786489486694,2.5372949287050877
35.234044790267944,2.542958562726803
35.23629951477051,2.547875946506971
35.23855113983154,2.5542065565832326
35.24080538749695,2.5598648261862786
35.24305725097656,2.561035461549218
35.24531102180481,2.569396802115059
35.24756479263306,2.5753024310234105
35.249818325042725,2.5833913783301568
35.25207042694092,2.585168193002724
35.254323959350586,2.5946691745125263
35.256577491760254,2.6123079791436172
35.25883078575134,2.609691930972568
35.26108407974243,2.6150354880136835
35.263336420059204,2.620913102735651
35.265700578689575,2.611574841925483
35.267996072769165,2.6195898794638968
35.27026581764221,2.6225146797316885
35.272573471069336,2.5783434603623703
35.27488708496094,2.604005051136619
35.2772011756897,2.601186347149175
35.279470443725586,2.6171884080396186
35.281728744506836,2.623640611605717
35.28398299217224,2.6349690717421854
35.28624129295349,2.6367214485074815
35.28849673271179,2.655315715708222
35.290748834609985,2.664199789071058
35.293002128601074,2.673106512201609
35.29525399208069,2.681409440208607
35.29750728607178,2.6906708110178483
35.29975962638855,2.692023240569024
35.30201816558838,2.695588194798016
35.30427384376526,2.7055093891035784
35.30652666091919,2.7112677945217842
35.308780670166016,2.7185759208888913
35.31103301048279,2.720885601149273
35.31329131126404,2.7296957647437767
35.315544843673706,2.7065065749295445
35.31779885292053,2.6998177408954787
35.320050954818726,2.687511764468165
35.322307109832764,2.6812640048580176
35.324562072753906,2.674280723843661
35.32681441307068,2.661816199042344
35.329068183898926,2.643710093940508
35.3313205242157,2.6376107499135433
35.333574533462524,2.631847576123187
35.33582663536072,2.6261100323331394
35.338080167770386,2.617274834784846
35.34033393859863,2.616193010353209
35.342586517333984,2.609379006550194
35.34484076499939,2.6060328013936043
35.347092628479004,2.6051339632432415
35.34934687614441,2.6021847250681787
35.35159873962402,2.6010039569144197
35.35385227203369,2.59774298641002
35.35610365867615,2.5982573745557516
35.358357429504395,2.5929531565848776
35.36061072349548,2.597835969666954
35.36286211013794,2.5933912507762016
35.36512589454651,2.595161508937062
35.36737847328186,2.5978621957137817
35.36963200569153,2.598992895959961
35.371883153915405,2.599392843174081
35.374136209487915,2.600035977367875
35.376389265060425,2.6032760862441164
35.37864136695862,2.6059815413929868
35.380895137786865,2.614810778476093
35.38314700126648,2.6115170254131588
35.38540029525757,2.613880349860233
35.38765263557434,2.6172605296683944
35.38990592956543,2.619781806442953
35.392157554626465,2.6190093301545776
35.394431591033936,2.622090294610297
35.3966851234436,2.6289442335300723
35.39893698692322,2.6460752065271387
35.40119028091431,2.660563309259809
35.4034423828125,2.6710805500841794
35.40569591522217,2.6837876658186515
35.40794801712036,2.6935348145407216
35.41020131111145,2.705321038403635
35.41245412826538,2.7128580466339645
35.414705991744995,2.72205742860525
35.416959285736084,2.7300671017249942
35.4192111492157,2.734634010152103
35.42146444320679,2.739450662070592
35.4237220287323,2.7346346061986218
35.425978660583496,2.7479222712424125
35.42823243141174,2.749256223351505
35.430485010147095,2.737172572275707
35.432738065719604,2.7352568787642575
35.4349889755249,2.739002435088448
35.43724250793457,2.738533942524665
35.439494371414185,2.737545101349962
35.441747426986694,2.734991638063388
35.44399929046631,2.7324584403584526
35.4462525844574,2.7301696217262292
35.448505878448486,2.7256664902766334
35.45075798034668,2.7230844167571564
35.45301103591919,2.7114776028964047
35.455262899398804,2.709077919611683
35.45751595497131,2.7008596302103554
35.45976805686951,2.6956179971239562
35.462021350860596,2.6851633411840607
35.464274883270264,2.679233274368438
35.466527223587036,2.670593580078313
35.468780517578125,2.6648101407063174
35.47103238105774,2.6566663571198412
35.47328591346741,2.648998218655374
35.47553777694702,2.641295509492816
35.47779154777527,2.6328525105538976
35.480042457580566,2.6249006539464776
35.482295513153076,2.6111391319202344
35.484548807144165,2.6058676965078944
35.48680067062378,2.596270155462045
35.48905324935913,2.5895479428229264
35.491304874420166,2.568467565592237
35.49363923072815,2.4835756401509808
35.49594283103943,2.4403217363741083
35.498276472091675,2.4201527142706767
35.50066566467285,2.378170773764941
35.502992391586304,2.3829856375438734
35.50526404380798,2.3830631235913184
35.50751781463623,2.3905852306586777
35.50977563858032,2.3954775804850557
35.51202917098999,2.398071574934909
35.51428508758545,2.4038496498882354
35.51654052734375,2.4024638417320063
35.51879382133484,2.411870051845318
35.52104926109314,2.4133703009331584
35.52332878112793,2.375057026750687
35.525657415390015,2.35350040835147
35.5279700756073,2.37793116306438
35.53024649620056,2.3780169937630884
35.53250217437744,2.3765471430477074
35.53475475311279,2.383542941038959
35.53700828552246,2.391968058582313
35.53926134109497,2.4013224126484887
35.541515588760376,2.410662461598213
35.54376792907715,2.419729521242323
35.54602098464966,2.428564718790617
35.54827523231506,2.438460879142389
35.55052709579468,2.4562814779617166
35.55278134346008,2.4567505665720186
35.555033922195435,2.4659135897056568
35.557286500930786,2.474976477024135
35.55953860282898,2.483506498754799
35.56179189682007,2.4930492035209184
35.564044713974,2.5023123624697163
35.566298484802246,2.511368097229969
35.56855273246765,2.514726819363453
35.57080411911011,2.5277712974275706
35.57305908203125,2.535696331941644
35.5753116607666,2.544807499028146
35.57756567001343,2.5526496830761056
35.5798180103302,2.560186691306435
35.58207154273987,2.5688174448987775
35.584325551986694,2.5755980700967394
35.58657765388489,2.578147957104201
35.588831663131714,2.5895694004976035
35.5910849571228,2.5949642175393364
35.59333872795105,2.6003822803953027
35.59559106826782,2.6048568016119957
35.59784460067749,2.610117508186997
35.600096225738525,2.614268972190496
35.602349281311035,2.6190188668988785
35.6046085357666,2.6217535283271705
35.60686469078064,2.6253548413938095
35.609119176864624,2.6270982774613234
35.61137127876282,2.6171896001326562
35.613625288009644,2.6318362512393296
35.61587738990784,2.634354547781294
35.61812996864319,2.635915593614053
35.620383501052856,2.637434320143976
35.62263584136963,2.6380023524764002
35.62488913536072,2.639193849467498
35.62714099884033,2.640239911108006
35.629396200180054,2.640413956691498
35.631648778915405,2.6407864857657537
35.633902072906494,2.6374456450278334
35.63615441322327,2.613964392419385
35.638416051864624,2.6179412147928733
35.64066958427429,2.6205882573829005
35.643062114715576,2.6177200815343955
35.64532542228699,2.620965554829306
35.6475784778595,2.6172408601332737
35.64983367919922,2.6249697953426594
35.65208601951599,2.626748398154783
35.65433979034424,2.628774956318731
35.656594038009644,2.629438952140683
35.658846378326416,2.631160334487001
35.66110038757324,2.632860259158642
35.663352966308594,2.633734063355215
35.66560649871826,2.6342883866177065
35.66785907745361,2.6360961957092517
35.67011213302612,2.6539620940640085
35.672364950180054,2.6387790010904073
35.67461681365967,2.640847282510672
35.6768696308136,2.6409641076283585
35.679121017456055,2.6540461366231605
35.6813747882843,2.651651221710589
35.68362617492676,2.642715292300617
35.68587899208069,2.6414492894946684
35.68813157081604,2.6412943173997783
35.69038534164429,2.640859799487567
35.692638635635376,2.6333817998625992
35.69489884376526,2.6337728063789374
35.6971549987793,2.632282690081917
35.69940686225891,2.6284590516637625
35.70166540145874,2.623998835563521
35.70391845703125,2.6213827873924718
35.706172704696655,2.61836798410034
35.70842623710632,2.6162496347724957
35.7106773853302,2.6124814286805904
35.71293091773987,2.609778953764314
35.7151825428009,2.6054296023165704
35.71743679046631,2.601133299009001
35.719688415527344,2.595161508937062
35.72195506095886,2.5784042571072887
35.724209785461426,2.58629531696979
35.7264621257782,2.5808844066720495
35.72871518135071,2.5760105342877546
35.730966567993164,2.5701072895654784
35.733219623565674,2.5646880346164744
35.73547291755676,2.5585129926816217
35.73772668838501,2.5351694268190177
35.7399787902832,2.534027401688981
35.74223279953003,2.5367459698612653
35.744486808776855,2.5228986171363137
35.74673891067505,2.517621817305305
35.74899244308472,2.5122424974730606
35.75124430656433,2.506572902986157
35.753498554229736,2.500399053144342
35.75575113296509,2.4977961179967068
35.7580041885376,2.488797007655741
35.76025724411011,2.482142744319766
35.76250958442688,2.4756124586597035
35.76476335525513,2.4693515860261424
35.76701545715332,2.4591878007874253
35.769314765930176,2.432861618144705
35.7716121673584,2.4270281108651295
35.773879289627075,2.4209484363732856
35.77613544464111,2.3775449249201923
35.7784538269043,2.3662897785055375
35.78075623512268,2.342012207747961
35.78305625915527,2.346514743151038
35.785325050354004,2.3424371889158713
35.787578105926514,2.338926474920091
35.78983545303345,2.3343696992838026
35.79208755493164,2.3287114296807565
35.79434156417847,2.3239061026461245
35.79659557342529,2.3191448830538848
35.79884696006775,2.3194840335230866
35.801100730895996,2.3096999299168504
35.80335283279419,2.3044261103184356
35.805606842041016,2.2999480128226297
35.80785918235779,2.2964027281287582
35.810112953186035,2.292261396916079
35.81236672401428,2.2888949261778504
35.814619064331055,2.285080824503997
35.816877126693726,2.2657111007822874
35.81913113594055,2.2791960572238037
35.82138514518738,2.277134928361765
35.823636531829834,2.2718164052744396
35.82589054107666,2.2707226599124266
35.82814311981201,2.2679426989487053
35.83039736747742,2.2675850710374204
35.832650899887085,2.2666933854452833
35.83490300178528,2.265911372412607
35.83715581893921,2.266533048931724
35.839406967163086,2.2545417850663405
35.84166145324707,2.2634872512206137
35.843913316726685,2.2634216861035448
35.84616684913635,2.2555544681017956
35.8484206199646,2.256851465326722
35.850672006607056,2.2631981686589917
35.85292673110962,2.2608813358403843
35.85517978668213,2.2622325732985225
35.857433557510376,2.26404932308785
35.85968589782715,2.265363605661822
35.86193871498108,2.266998561262913
35.86419987678528,2.2658732254354033
35.866453409194946,2.273158105988277
35.86870813369751,2.274807962752338
35.87095904350281,2.278734717218246
35.87321186065674,2.279786143277424
35.87546372413635,2.265718253340513
35.87771797180176,2.2846099477541384
35.87996959686279,2.288293515240373
35.88222312927246,2.2908207524801196
35.88447618484497,2.2928973785516473
35.88672757148743,2.2960570211478495
35.888981342315674,2.297277724418369
35.89123344421387,2.299369251652867
35.89348602294922,2.301090633999185
35.89573788642883,2.302410877038345
35.897990465164185,2.3067161210436966
35.90024399757385,2.3023441198282386
35.90250039100647,2.3029961947198148
35.904765129089355,2.298658168155929
35.90701913833618,2.3020180823824505
35.90927267074585,2.3055198556804486
35.91152501106262,2.307259119422331
35.91377854347229,2.3112091197024727
35.916030168533325,2.3135623113587274
35.91828465461731,2.316673674186906
35.9205379486084,2.3179533860627872
35.92279052734375,2.3211833621482088
35.92504525184631,2.3389711784090017
35.92729735374451,2.341352980298159
35.92954993247986,2.3244091659079986
35.93180203437805,2.3324426808884957
35.934056997299194,2.3365297718679634
35.93631100654602,2.3389181302688278
35.938562631607056,2.3424175193807506
35.94081497192383,2.3418888261185677
35.94306683540344,2.3236754326433458
35.94532036781311,2.311412967611905
35.947571754455566,2.300077354917211
35.9498245716095,2.2991850732785553
35.95207667350769,2.3109730852810246
35.9543297290802,2.31862215025689
35.95658302307129,2.3254313856877546
35.95883536338806,2.3322406211186197
35.96108913421631,2.3385527537527984
35.96334147453308,2.3454287463937695
35.96559453010559,2.353062314160146
35.967846632003784,2.359517497958839
35.970099687576294,2.36694364153667
35.97235298156738,2.373397037195806
35.97460412979126,2.380218789603566
35.97685694694519,2.3877242073683984
35.97910952568054,2.3945215218688873
35.98136258125305,2.3999026298406876
35.983614683151245,2.4057009703756536
35.98586845397949,2.410726834622244
35.988120317459106,2.416459610040141
35.990373373031616,2.422139337317865
35.992626905441284,2.421877076849589
35.99487900733948,2.425649455267126
35.99716067314148,2.4300512588085246
35.9994170665741,2.4351504367769286
36.0016725063324,2.439064674265942
36.00392460823059,2.4562498874962198
36.00617790222168,2.4505135357992094
36.00843119621277,2.4555018491151155
36.010682821273804,2.4604609561515995
36.01293659210205,2.465229924348584
36.01518893241882,2.4680063090331923
36.01744484901428,2.4583485672889434
36.0197274684906,2.4651750880688534
36.0219931602478,2.4693825804451204
36.024248123168945,2.461124951973552
36.02649974822998,2.459869678004942
36.02881741523743,2.4221709277833616
36.03114604949951,2.4241545705979552
36.03343319892883,2.4355605167818686
36.03568625450134,2.458604867292031
36.03794050216675,2.4488976536867204
36.04020047187805,2.455513173998973
36.04245400428772,2.4594667505582275
36.04470729827881,2.450188690446459
36.04695916175842,2.457336480300007
36.04921221733093,2.4648490506230654
36.05146360397339,2.468899186718367
36.05371975898743,2.474076446780735
36.0559720993042,2.47965007777811
36.05822491645813,2.484627066210159
36.06047964096069,2.4885222302105703
36.062731981277466,2.4931570879408227
36.06498575210571,2.4982228873041734
36.067238330841064,2.500032484535275
36.06949210166931,2.5049468880828485
36.07174468040466,2.4978503582299183
36.07403063774109,2.4944934242359906
36.076289892196655,2.497434913806309
36.07854127883911,2.5017020108344568
36.08079504966736,2.5053545839017133
36.083046674728394,2.509167493482529
36.08530020713806,2.51222282793794
36.08755111694336,2.515087427507332
36.089805126190186,2.5175479075369727
36.09205722808838,2.5343677442512207
36.094311475753784,2.5225147631782012
36.096566677093506,2.5245001941323513
36.098819732666016,2.5258734853116853
36.101073265075684,2.521232071069726
36.10332918167114,2.519765796633458
36.10558485984802,2.5262644918280235
36.107837200164795,2.5267770918341985
36.11009097099304,2.5282689962707754
36.112345695495605,2.5287851725560633
36.11459755897522,2.5303015148999113
36.11685085296631,2.5303688681565366
36.119102478027344,2.530594173740646
36.12135672569275,2.5317648091035854
36.12360858917236,2.5324514546932524
36.12586283683777,2.5328269640001015
36.12811541557312,2.5331345240038066
36.13036894798279,2.5334617535426323
36.1326220035553,2.5337681214532997
36.13487386703491,2.533779446337157
36.13712668418884,2.5344112556470937
36.13937783241272,2.5342479389009402
36.14163112640381,2.5345149677413663
36.14388370513916,2.532371584459732
36.14626455307007,2.5215628768876646
36.148529291152954,2.515931429377965
36.150782108306885,2.5204470778044556
36.15303659439087,2.522341909687747
36.15528869628906,2.5240108399404098
36.15754270553589,2.536874715909328
36.159793853759766,2.5258043439155036
36.16204762458801,2.526912990440487
36.1643009185791,2.5289920006980897
36.16655349731445,2.5306180156013984
36.16880679130554,2.536818091490041
36.17105841636658,2.532250587016414
36.17331123352051,2.5335487763343782
36.175562620162964,2.5341877382025406
36.177815675735474,2.5344488065777786
36.18006753921509,2.5342097919237365
36.1823205947876,2.536154095668089
36.18457388877869,2.536880080327997
36.18682551383972,2.537849848014098
36.18907880783081,2.538057868249162
36.191330671310425,2.5384023831370333
36.19358444213867,2.538223569181391
36.195836305618286,2.5326320567884513
36.1980996131897,2.534454170996448
36.20035433769226,2.5349780958864803
36.20260739326477,2.536001507759274
36.20486092567444,2.535870377525136
36.207112073898315,2.536211912180413
36.20936560630798,2.5370183631203607
36.2116174697876,2.5363162203212046
36.213871240615845,2.534370128437296
36.21612310409546,2.5366023226502326
36.218376874923706,2.537377779171202
36.22063159942627,2.5368765040488843
36.222883462905884,2.5358387870596393
36.22513794898987,2.534187142156022
36.227389335632324,2.5347009342552345
36.22964262962341,2.5341257493645846
36.23189449310303,2.533652488428651
36.23414754867554,2.5331065098174226
36.23640036582947,2.532959286327277
36.23865342140198,2.5325408616710736
36.240906953811646,2.532054487711726
36.24315881729126,2.530669275602016
36.24541187286377,2.5279238853363855
36.24766397476196,2.5279048118477836
36.249918937683105,2.5077214846279006
36.25217056274414,2.497659027297381
36.25442910194397,2.5031629208520556
36.25668525695801,2.5044253473788913
36.2589385509491,2.5047329073825964
36.261192321777344,2.5054976350662272
36.263444900512695,2.506389916704883
36.26570010185242,2.500050961977358
36.26795291900635,2.5000748038381104
36.270206689834595,2.500215470816549
36.272515296936035,2.4842140059726243
36.274818420410156,2.484669981559513
36.277135372161865,2.471161183257244
36.27945160865784,2.4518212618614745
36.2817747592926,2.442258887560235
36.28408193588257,2.443576150366801
36.28635358810425,2.4485686360083383
36.28860831260681,2.452593142103331
36.29086112976074,2.456004316330471
36.29311680793762,2.4560680933079833
36.29536986351013,2.463989551542944
36.2976233959198,2.4675181469342884
36.29987549781799,2.46978789207791
36.3021342754364,2.4685493074118265
36.304388999938965,2.4711808527923647
36.30664038658142,2.4752047628408387
36.308895111083984,2.4776604744983284
36.31114673614502,2.4806585884879335
36.313400745391846,2.4832060913093197
36.31565260887146,2.4851223808672884
36.31790614128113,2.4877914771785115
36.32016134262085,2.4883881197438384
36.32242751121521,2.490598260235579
36.324681520462036,2.4923971286293423
36.32693338394165,2.4925759425849847
36.32918882369995,2.493395506548346
36.3314414024353,2.495425044944888
36.33369565010071,2.4969646331029693
36.33594751358032,2.498569190331601
36.33820056915283,2.497748434275202
36.340455293655396,2.500458061749704
36.342708110809326,2.501636445717388
36.34496259689331,2.502335012237431
36.34721398353577,2.501946389907168
36.349467039108276,2.503146231549529
36.35171890258789,2.4905064690716827
36.35397148132324,2.489225565102764
36.35623288154602,2.4923709025825147
36.35848522186279,2.4936607472492156
36.36073923110962,2.4943009012104156
36.36299133300781,2.494564353771729
36.365243673324585,2.4959889049516804
36.3674955368042,2.4975350496214688
36.369749307632446,2.498647272425565
36.37200093269348,2.499466836388926
36.374255657196045,2.4996671080192456
36.37650966644287,2.500104010117532
36.378762006759644,2.5008073450097257
36.38101577758789,2.5016567112990273
36.383267641067505,2.502413094331395
36.38552165031433,2.5018838050226933
36.38777303695679,2.5019297006046415
36.390026569366455,2.500092089187156
36.39228057861328,2.504746616452529
36.394535303115845,2.500064075000772
36.39678883552551,2.5057795650696235
36.399040937423706,2.500237524537745
36.401293992996216,2.506849468570884
36.40354537963867,2.5074413427640607
36.4057981967926,2.5001773238393454
36.40804958343506,2.5091227899936186
36.410303354263306,2.5093093525540056
36.41255712509155,2.509118021621468
36.41480851173401,2.500045597558689
36.41706156730652,2.5104805839634636
36.41931343078613,2.5115969790931914
36.42156648635864,2.512045206075335
36.42381811141968,2.5120940818898774
36.42607116699219,2.5120159997959135
36.428324937820435,2.5126907244552044
36.43057680130005,2.5133278981838103
36.43282961845398,2.5147196668052274
36.435081005096436,2.5146487372694892
36.43733477592468,2.515177430531672
36.439587116241455,2.5161251444965775
36.441840171813965,2.516537012641074
36.44409203529358,2.5172683617196516
36.446346282958984,2.5168904682267272
36.4486026763916,2.517090143810528
36.45085549354553,2.5148567575045533
36.45310878753662,2.514792980527041
36.455360412597656,2.5025632980541346
36.4576141834259,2.5074580320665874
36.45986604690552,2.5078150639313534
36.462119579315186,2.5076463827665307
36.464372873306274,2.508595884870992
36.46662497520447,2.5100514304699217
36.46887755393982,2.511333526531878
36.47112846374512,2.5121584549139087
36.473381996154785,2.513000072598466
36.47563362121582,2.513965667958935
36.47788643836975,2.5145211833144643
36.4801390171051,2.5148835795978997
36.48239231109619,2.516435088686358
36.48464560508728,2.5146731751767604
36.48689794540405,2.5147566216893935
36.48915147781372,2.514720262851746
36.4914026260376,2.500247657328565
36.493656158447266,2.5174269100936546
36.49590826034546,2.5168362279935157
36.49816179275513,2.5174704214895276
36.500415325164795,2.5177189728878706
36.50267052650452,2.516002954960222
36.504924297332764,2.516120972170946
36.507176876068115,2.5166597982239485
36.50943040847778,2.516416015197756
36.51168251037598,2.5170549770659183
36.513936042785645,2.517450155907888
36.516196489334106,2.5164046903138986
36.51845049858093,2.5164797921752684
36.52070474624634,2.5146827119210613
36.52295684814453,2.5150296109950077
36.52521061897278,2.51544863169773
36.52746272087097,2.514792384480522
36.52971625328064,2.4877759799690224
36.53202986717224,2.4475368794842813
36.534364223480225,2.4545261209638265
36.536630153656006,2.458411152173418
36.53888416290283,2.461906965006228
36.54113817214966,2.465027864578708
36.54339051246643,2.46825247624546
36.5456440448761,2.471313771166059
36.54789590835571,2.4733725158420223
36.55014944076538,2.4762311549462264
36.55240273475647,2.479065952189678
36.554654359817505,2.48167067547687
36.556907653808594,2.469013627649978
36.559159994125366,2.478224334505121
36.56141400337219,2.478948531025473
36.56366586685181,2.481361923380127
36.565919637680054,2.4841925482979472
36.56817173957825,2.486779986236094
36.57043099403381,2.4903950083726656
36.572683572769165,2.492481767235013
36.57493567466736,2.4952802056408174
36.577189445495605,2.4956157798309064
36.57944130897522,2.497873604044152
36.58169436454773,2.5002107024443987
36.5839467048645,2.501754462928112
36.58619928359985,2.502897680151186
36.588451862335205,2.5040057306296504
36.5907039642334,2.5054743892519937
36.59296464920044,2.506297529494468
36.59521675109863,2.5056669122775688
36.59747052192688,2.506237328796068
36.59972286224365,2.5074020036938194
36.60197591781616,2.5077500948608034
36.60423302650452,2.5089988123177065
36.60648441314697,2.5087538371984763
36.60873794555664,2.5086566816159106
36.61099052429199,2.509155572552153
36.61324405670166,2.508558929986826
36.61549687385559,2.509002984643338
36.61775088310242,2.5088408599902223
36.62000274658203,2.5090703378999635
36.62225818634033,2.5083866725428905
36.62451171875,2.50018507244409
36.62676429748535,2.5073298820650436
36.6290180683136,2.5062802441454224
36.63127040863037,2.5001958012814285
36.63352346420288,2.5051835185508153
36.635775327682495,2.503729761091442
36.63802909851074,2.5039675836524466
36.64028310775757,2.502517998518705
36.642534494400024,2.502270043166881
36.644787549972534,2.5016006829262594
36.64703941345215,2.499522864761694
36.6492919921875,2.4988558887071477
36.651729345321655,2.4953988188980603
36.65399241447449,2.4950626486614524
36.656246185302734,2.4978241321830907
36.658499240875244,2.4854049069172035
36.66075325012207,2.4653455573732326
36.663005113601685,2.4716094102393877
36.66525912284851,2.4731788007234097
36.667511224746704,2.4611112429036193
36.66976475715637,2.461161310811199
36.67201614379883,2.460978920576444
36.674269914627075,2.4777224633362844
36.67652368545532,2.4788650845128397
36.67877507209778,2.4802741384833022
36.68103766441345,2.4812427140763655
36.683289766311646,2.4804970598813365
36.68554329872131,2.4851998669147335
36.68779516220093,2.4874022588017297
36.69004821777344,2.4888423071911703
36.692302227020264,2.480647859650595
36.69455409049988,2.491081057915814
36.696807622909546,2.4926915756096335
36.69905972480774,2.4949511879624353
36.70131278038025,2.4977818128802554
36.70358681678772,2.4873617276384508
36.705849409103394,2.4894717323150317
36.7081024646759,2.49118298187053
36.71035695075989,2.4931147686379873
36.712610483169556,2.4975880977616427
36.71486258506775,2.4960139389054703
36.717116594314575,2.4979189035795812
36.71936869621277,2.4976703521812382
36.72162318229675,2.499986588953327
36.72387480735779,2.5020167233963875
36.72612905502319,2.500265538724129
36.7283821105957,2.5042727594700764
36.730634689331055,2.5062671311220086
36.732887983322144,2.5083926330080786
36.73514008522034,2.510063351400298
36.73739290237427,2.5121369972392316
36.73964476585388,2.500202953839654
36.74189782142639,2.514795960759635
36.744149684906006,2.515460552628106
36.74641704559326,2.5171825310209432
36.748672008514404,2.518342437546544
36.75092315673828,2.519146504300416
36.75317668914795,2.5203105831516486
36.755428075790405,2.5221440222435025
36.757681131362915,2.5232937959782835
36.75993299484253,2.5228121903910865
36.76218557357788,2.509960831399063
36.76443862915039,2.514779867503627
36.766690254211426,2.518360318942108
36.768943309783936,2.5204631710604635
36.77119565010071,2.529581490705191
36.773449182510376,2.523848119240775
36.77570104598999,2.5114348544400755
36.77800464630127,2.499607503367365
36.78030467033386,2.507248223691967
36.782562494277954,2.4834832529405655
36.784879207611084,2.46109097732198
36.78717255592346,2.464428241780787
36.78948664665222,2.4719145860570175
36.79174828529358,2.477205094957959
36.79400300979614,2.4823668578108378
36.79625630378723,2.4874523267093096
36.798511266708374,2.49273329886595
36.80077075958252,2.4951925868025526
36.80302333831787,2.501936853162867
36.80527687072754,2.5072744497387944
36.80752897262573,2.500156462211187
36.8097825050354,2.5156024116995823
36.812034606933594,2.5198206329131883
36.8142876625061,2.5238809017993096
36.81654119491577,2.527568045564657
36.818793058395386,2.5307646430450252
36.821046113967896,2.5347062986739037
36.82329773902893,2.5341907184351347
36.825555086135864,2.541090552936858
36.82782506942749,2.5416895796882604
36.83007884025574,2.545677726945606
36.83233904838562,2.5487718044247396
36.83459281921387,2.551995820044973
36.83684706687927,2.5549247926383964
36.839099168777466,2.5579610536052053
36.841352462768555,2.5598844957213993
36.84360408782959,2.5617888643489914
36.84585690498352,2.564220734145729
36.84810829162598,2.565490909277309
36.850361585617065,2.566976853248698
36.852614879608154,2.5758156270761043
36.85486602783203,2.569275208625222
36.85711908340454,2.5701388800309752
36.859370708465576,2.570808240271597
36.86162519454956,2.570981093762051
36.86387753486633,2.5580504605830265
36.86613178253174,2.5608256531745974
36.868385553359985,2.5588950585001777
36.87063789367676,2.5642588811229325
36.87289094924927,2.5659087378869936
36.875141859054565,2.575966426845363
36.877394676208496,2.567528792325114
36.87964606285095,2.5688800297832524
36.88189888000488,2.5704154456157022
36.884151220321655,2.5712034191135666
36.8864107131958,2.5715467419084
36.88866400718689,2.57290215169217
36.89091634750366,2.574158021707299
36.89316940307617,2.5748863905532824
36.895421743392944,2.575685688935004
36.89767503738403,2.576867649181801
36.89992642402649,2.578583071062931
36.90218114852905,2.5728139368073863
36.90443754196167,2.5761100740563956
36.906689167022705,2.5774499866306764
36.90894269943237,2.5780716631497933
36.91119432449341,2.57899374711439
36.913447856903076,2.5783678982696414
36.91569995880127,2.5816711880768763
36.91795325279236,2.5846627455547746
36.92021107673645,2.5782159064073453
36.9224636554718,2.584839175324342
36.92471694946289,2.587414096285593
36.926968812942505,2.5876864895446885
36.929221630096436,2.58813590861987
36.93147325515747,2.5904670465549287
36.93372631072998,2.5913938988916754
36.935978174209595,2.592874478444395
36.938231229782104,2.5938859693868124
36.940484285354614,2.5936952345007938
36.942737102508545,2.5950601810288645
36.944989919662476,2.595269393356966
36.94724202156067,2.5782409403611353
36.94949460029602,2.5950625652149397
36.95174551010132,2.5950661414940526
36.95399856567383,2.593775700780833
36.95625185966492,2.5934746972888347
36.958502769470215,2.5942900889265643
36.960755825042725,2.592908453095967
36.96300768852234,2.5922575702974284
36.96526098251343,2.58801073885092
36.96751260757446,2.5758150310295855
36.969765424728394,2.5798657631714064
36.97201681137085,2.5781348440807874
36.97427010536194,2.5781878922209613
36.97652339935303,2.5782063696630444
36.97877502441406,2.576951095694434
36.98102807998657,2.5761416645218924
36.983280420303345,2.574281999383211
36.985533475875854,2.573473760303707
36.98778557777405,2.572861024482372
36.990039348602295,2.571702906096328
36.99229288101196,2.566852279526267
36.99454426765442,2.566662140686767
36.99679684638977,2.5646975713607754
36.999053716659546,2.563629455999071
37.001306772232056,2.5614741517870607
37.00355792045593,2.560730285731588
37.0058114528656,2.5759682149849192
37.008063077926636,2.5568237968473193
37.010316133499146,2.5552639431075983
37.012568950653076,2.553449577504346
37.01482033729553,2.551865285857354
37.01707339286804,2.5508883656130275
37.01932430267334,2.5489190279148852
37.02157759666443,2.5391933368674917
37.023829221725464,2.539176647564965
37.02608275413513,2.543173139473574
37.02833580970764,2.541398112940563
37.03058743476868,2.5407412696768366
37.03283977508545,2.538900081980238
37.03509259223938,2.4783286426459123
37.03744697570801,2.4475356873912437
37.039775133132935,2.4537554328150075
37.0420560836792,2.458486850081307
37.04431223869324,2.462606723619309
37.04656481742859,2.465865905984152
37.04881811141968,2.4708428944162004
37.05107140541077,2.4750289291177903
37.053325176239014,2.4797770356866162
37.055577516555786,2.4832656959612005
37.057844400405884,2.497786581252406
37.0600962638855,2.4906942237251073
37.06234955787659,2.4943765991183042
37.064605951309204,2.4953398102926982
37.0668580532074,2.4990084766159626
37.06911110877991,2.4860385043666966
37.07136368751526,2.4739399521279277
37.07365274429321,2.4813976861712557
37.075910806655884,2.4848058801658013
37.07816410064697,2.4806866026743175
37.080418825149536,2.4947425716808524
37.08267116546631,2.4978122112527146
37.084925174713135,2.5040832166770954
37.08718490600586,2.508384884403334
37.089439392089844,2.5125512495698032
37.091691732406616,2.516717018689754
37.09394550323486,2.520933451763803
37.096205949783325,2.5241574673840366
37.09845995903015,2.52840668301662
37.10071325302124,2.5282719765033694
37.10296988487244,2.529354396981525
37.105226278305054,2.532660667021354
37.10747933387756,2.5342842977385875
37.10973334312439,2.537914817084648
37.111984968185425,2.5407967020030857
37.114238262176514,2.53919929733268
37.11654281616211,2.547856873018369
37.11879777908325,2.556287354980392
37.12105369567871,2.5506898821222643
37.12330651283264,2.5481280741844268
37.12557077407837,2.5515750112026945
37.12782597541809,2.55389780448649
37.13007998466492,2.53926426640323
37.132333755493164,2.55814880825863
37.13458609580994,2.5758126468435103
37.13684010505676,2.5607165766616555
37.139092206954956,2.5624188855193717
37.141345500946045,2.5637057499534786
37.14359760284424,2.56472022112849
37.145854473114014,2.5644990878700122
37.14810562133789,2.5661113937033884
37.1503586769104,2.5663158376593396
37.15261220932007,2.5587120722189036
37.15499663352966,2.561805553651518
37.15725874900818,2.5621959641213374
37.15951204299927,2.5626215413357665
37.161766052246094,2.5630560592479776
37.16401815414429,2.5732514349521916
37.16627097129822,2.564282126937166
37.16852426528931,2.564599819731691
37.17077612876892,2.554015821697214
37.17302942276001,2.5512394370126055
37.175281286239624,2.5537338916938177
37.17753481864929,2.5391539977972504
37.17978763580322,2.555084533105437
37.18204140663147,2.5572922894111025
37.18429398536682,2.5592538785045003
37.186545848846436,2.5610837413172414
37.1887993812561,2.561867542489474
37.19105005264282,2.561750121325269
37.19330382347107,2.5634595827412108
37.19555616378784,2.564658232290534
37.19780945777893,2.5672456702286803
37.20006084442139,2.5693419658353287
37.20231366157532,2.5713160719056214
37.204566955566406,2.56683082185159
37.20682644844055,2.569822379329488
37.20908236503601,2.569666811188079
37.2113356590271,2.5718626465633685
37.21364736557007,2.574744531481806
37.21590328216553,2.5786623452499327
37.21815848350525,2.581091830860595
37.22041296958923,2.5842276315960446
37.22266507148743,2.5782683585010004
37.22491955757141,2.58556515998425
37.22717237472534,2.5880381569907853
37.22942757606506,2.5894895302640832
37.23167967796326,2.5925704947198027
37.23393630981445,2.5946250670701345
37.23619556427002,2.592967461701329
37.23844885826111,2.5781974289652623
37.240702867507935,2.597015809657074
37.242955684661865,2.598489236651568
37.245208978652954,2.5979414699007832
37.2474627494812,2.602310490883647
37.24971675872803,2.6124259963543413
37.25196957588196,2.6039031271819026
37.25422382354736,2.597771000596404
37.25647783279419,2.6040068392761753
37.25873041152954,2.6018837215761805
37.26098346710205,2.5976887461768086
37.263235569000244,2.600838255982191
37.26548933982849,2.6009020329597035
37.267749309539795,2.5996402024793865
37.27000594139099,2.598007631064371
37.272260665893555,2.5953856224281338
37.27451419830322,2.57703811848618
37.27676796913147,2.5785258505971256
37.27902007102966,2.5759634466127688
37.28132939338684,2.5539770786734914
37.283618211746216,2.55111724747625
37.285887002944946,2.5428018024923564
37.28822159767151,2.51484841285329
37.29054832458496,2.500278055701024
37.29284596443176,2.4878528699699487
37.29512858390808,2.496710717285957
37.29739046096802,2.495330869594916
37.29964280128479,2.5014016033889774
37.30189919471741,2.496949731939999
37.30415630340576,2.500098049652344
37.30642223358154,2.5023898485171614
37.308677434921265,2.504637539939587
37.31092953681946,2.507664264162095
37.31318402290344,2.509479225811866
37.315436124801636,2.5125572100349913
37.31768989562988,2.5152167696019134
37.31994128227234,2.516083421240261
37.3221960067749,2.519119086160551
37.32444906234741,2.5202944898956408
37.32670068740845,2.5233271745833368
37.32895755767822,2.5270637902097453
37.33121037483215,2.530181113503112
37.33346390724182,2.5339886586652587
37.335715770721436,2.534820739605515
37.337971210479736,2.5394108938468567
37.34023332595825,2.5421050241118697
37.342485189437866,2.5458744222968126
37.34473896026611,2.549007242799669
37.346991300582886,2.5534400407600453
37.349244356155396,2.558545775240156
37.35149598121643,2.5628450587803195
37.35374903678894,2.567793436979465
37.35600018501282,2.5721165623803808
37.358253717422485,2.5770029517415702
37.36050748825073,2.580233523873511
37.36275887489319,2.578201601290894
37.36501407623291,2.592886399374771
37.36726713180542,2.5990966080542335
37.36952090263367,2.603432846478563
37.3717725276947,2.614784552429265
37.37402677536011,2.6127848163586638
37.376280069351196,2.602683616004421
37.37853193283081,2.6124599710059133
37.38079476356506,2.617407157112021
37.3830463886261,2.6263240130333916
37.38529968261719,2.630906418669989
37.387550354003906,2.6383021638753608
37.389803886413574,2.6429245046287186
37.39205574989319,2.647556382126377
37.3943088054657,2.6520976605531765
37.39656162261963,2.6563731022325876
37.39881372451782,2.656523902001846
37.40106725692749,2.668002565861054
37.403319358825684,2.6735028831366163
37.40557289123535,2.675665935953371
37.40782403945923,2.678432783893679
37.41007709503174,2.6796826934436195
37.41233038902283,2.681060752995104
37.41458201408386,2.6833114246501237
37.41683578491211,2.686017475845513
37.4190878868103,2.6862791402672697
37.42134189605713,2.687225662139137
37.42359280586243,2.6862147672432384
37.42584681510925,2.685374341651719
37.42809867858887,2.684559546060508
37.430351972579956,2.682918629994229
37.43260622024536,2.682943663948019
37.43485903739929,2.680542192523741
37.43711185455322,2.678873262271078
37.43936371803284,2.675504407346774
37.441619873046875,2.670634111241592
37.44387173652649,2.656471449908191
37.446125745773315,2.658151705044711
37.448379039764404,2.6523593249749333
37.45063090324402,2.6461664016445163
37.45288395881653,2.654100972902891
37.4551362991333,2.6316157140273706
37.45738983154297,2.621419146230119
37.459641218185425,2.611904455650384
37.46189522743225,2.6003483057437307
37.46414661407471,2.590534995858073
37.46639943122864,2.5824096897136797
37.46865272521973,2.571392365860029
37.47090458869934,2.5620845034223203
37.47315812110901,2.5516870679482304
37.4754102230072,2.5421431710890734
37.47766351699829,2.5342693965756173
37.479915380477905,2.5087121139421598
37.48216915130615,2.5001963973279473
37.48442268371582,2.49274343165677
37.48667359352112,2.4952241772680495
37.488927364349365,2.476107773316833
37.49117922782898,2.4610331608096554
37.493433237075806,2.460028226378945
37.49568557739258,2.4510195792936775
37.497939586639404,2.443228059199817
37.50019931793213,2.435046128636137
37.50245380401611,2.4245175629279094
37.50471043586731,2.419433882168994
37.50696325302124,2.4137738244263915
37.509217500686646,2.408946443670564
37.51146984100342,2.4028018001081706
37.513723611831665,2.3981872079595576
37.51597547531128,2.3932650558072397
37.51822900772095,2.382890866147383
37.52048349380493,2.384634302214897
37.522735357284546,2.3820498445093445
37.524988889694214,2.379707977736947
37.52724099159241,2.3804125047221785
37.529494762420654,2.3804458833272317
37.53174686431885,2.3740389792965626
37.534000396728516,2.3779484484134255
37.53625416755676,2.372222825553754
37.538506746292114,2.3438724689331614
37.54082918167114,2.305838740568011
37.54315161705017,2.315632380918548
37.54542899131775,2.3205402279544147
37.54768252372742,2.3261251838356474
37.549935817718506,2.331894914137711
37.552197217941284,2.3371794625734643
37.55445170402527,2.3443653994042157
37.556705474853516,2.349916976680395
37.55895781517029,2.3579600284051927
37.56121110916138,2.3643311696447338
37.56346321105957,2.3702910387862968
37.56571698188782,2.3803713775123807
37.56796932220459,2.383101866615041
37.57022309303284,2.3975840088825238
37.572476387023926,2.400845575433442
37.57472848892212,2.4075409659792144
37.57698178291321,2.4196562075205095
37.579233169555664,2.419664552171773
37.581486225128174,2.4062690027080778
37.583738565444946,2.4163898725974406
37.585992097854614,2.422170331736843
37.58824586868286,2.422080328712503
37.59049725532532,2.4414798547601526
37.59274983406067,2.448901826012352
37.595001459121704,2.4570700475061
37.59725522994995,2.4626555994338513
37.599507331848145,2.4757924647083835
37.601760387420654,2.4776104065907485
37.60401248931885,2.484100161087532
37.60626554489136,2.4900123465075907
37.60851979255676,2.495479881224618
37.610782623291016,2.500787079428086
37.613038539886475,2.5070002683401427
37.615291357040405,2.512518467011269
37.617544174194336,2.5148585456441097
37.61979627609253,2.521325650373179
37.62204933166504,2.526265683921061
37.62430286407471,2.536837164978643
37.62655568122864,2.5348869007691026
37.62880897521973,2.5378420994093536
37.63106060028076,2.5412908245671777
37.63331389427185,2.544409339953582
37.635565757751465,2.5478765425534897
37.637818574905396,2.5508567751475306
37.64007043838501,2.5532874528512304
37.64232397079468,2.5559154219526556
37.64457678794861,2.5576689908109893
37.64682865142822,2.5600203943276876
37.64908242225647,2.562237091331135
37.65133333206177,2.5734093872796757
37.6535861492157,2.5664535244051843
37.65583848953247,2.567806550002879
37.6580913066864,2.5701752388686225
37.660523653030396,2.5573733517376604
37.66280245780945,2.537371818706014
37.66505837440491,2.5196591043065912
37.667311906814575,2.501953542465394
37.66956806182861,2.4925521007242324
37.67181944847107,2.4933603398037363
37.67407274246216,2.4910292018686775
37.67632579803467,2.5001338124434724
37.67857837677002,2.5075438627652957
37.68083190917969,2.515856923563114
37.68308353424072,2.5087466846402506
37.68533706665039,2.5179806373096274
37.687589168548584,2.5261810453153903
37.68984246253967,2.5322029032949094
37.69209408760071,2.5392779754731625
37.6943473815918,2.5455394441532424
37.69660019874573,2.5509217442180807
37.69886040687561,2.55371779843781
37.70111441612244,2.556414908935417
37.70336961746216,2.560970492478668
37.7056245803833,2.565263815553643
37.707876443862915,2.575931260100753
37.71013021469116,2.5757935733549084
37.7123908996582,2.5697651588636825
37.7146430015564,2.5722703423822333
37.71689772605896,2.574770161482115
37.719149351119995,2.576639959411616
37.721404790878296,2.5768187733672585
37.72365689277649,2.5788185094378604
37.72591018676758,2.5782993529199785
37.72816300392151,2.5809028841141326
37.730470418930054,2.5792011713029352
37.73273277282715,2.578322598734212
37.73498773574829,2.5796416496803345
37.737242221832275,2.578900167810937
37.73949480056763,2.578735658971746
37.74174904823303,2.5771543475573475
37.74400067329407,2.5758054942852846
37.74625372886658,2.573926755658001
37.748507022857666,2.5727239337830463
37.7507586479187,2.570340939800851
37.75301265716553,2.5683334551255053
37.75526428222656,2.5669375141784565
37.75751709938049,2.5643369632168964
37.75976848602295,2.5616362764401766
37.76202178001404,2.5588396261739286
37.76427435874939,2.556430406144906
37.766526222229004,2.5538054172760747
37.768779277801514,2.5501951635116535
37.77103114128113,2.5393059896595465
37.773284912109375,2.5446417980959173
37.77553701400757,2.5391015457035953
37.77779197692871,2.5393679784975025
37.78004550933838,2.5366994782327983
37.78229880332947,2.533631030753974
37.784552335739136,2.521682086191426
37.78684639930725,2.4805119610443067
37.78918719291687,2.4896487581311177
37.79144597053528,2.4891778813812593
37.79370045661926,2.4530896488534983
37.796011447906494,2.444974475499925
37.79833221435547,2.4302562988109946
37.800605058670044,2.437057189590596
37.80285954475403,2.4366953893536794
37.805113077163696,2.444305711305822
37.80736947059631,2.446261339934032
37.80962324142456,2.448187166236301
37.811875343322754,2.4506989062665587
37.81412863731384,2.453325683274947
37.81638216972351,2.4563041277294313
37.81863474845886,2.4576434442571933
37.82088851928711,2.4601748538225716
37.823140144348145,2.459427411487986
37.825395822525024,2.4563595600556805
37.827648878097534,2.4619397475647626
37.82990288734436,2.462242539196317
37.832154750823975,2.4645540075962553
37.83442163467407,2.4609681917391053
37.836676359176636,2.4661162455220516
37.83892798423767,2.4662032683137975
37.84118294715881,2.4655726510968985
37.84343504905701,2.46521681132517
37.84569001197815,2.4645999031782035
37.84794211387634,2.465014751555294
37.85019516944885,2.4609777284834062
37.8524489402771,2.4657133180753372
37.85470104217529,2.465200718069162
37.85695433616638,2.4610272003444673
37.859206676483154,2.461002762437196
37.8614616394043,2.4585661242683083
37.86371397972107,2.459722454514796
37.865967750549316,2.4590095828783016
37.86822867393494,2.4561169691225255
37.87048077583313,2.4560579605171635
37.87273406982422,2.4543765132876056
37.87500190734863,2.4525359216375255
37.87725639343262,2.4503454506809055
37.87950921058655,2.448100143444555
37.881762742996216,2.4472388562248772
37.88401484489441,2.44619219853785
37.88626766204834,2.4445256524712624
37.88852024078369,2.421973636385636
37.890772104263306,2.430100134623067
37.893025636672974,2.4300792729949086
37.89527726173401,2.4293520962419626
37.8975305557251,2.421952178710959
37.89978289604187,2.4282649073916565
37.90204095840454,2.424534252230436
37.90429711341858,2.4232271222146897
37.90656352043152,2.4187275670442063
37.9088191986084,2.41926579705069
37.91107130050659,2.420295169388672
37.91332483291626,2.4202844405513333
37.91557693481445,2.4217691924296845
37.91783094406128,2.4221709277833616
37.920082807540894,2.4237087278018867
37.92233848571777,2.4246790915345064
37.92459273338318,2.424960425491384
37.92684459686279,2.4258652241069347
37.92909789085388,2.426535776440594
37.931349992752075,2.4276408466864643
37.93360424041748,2.421946218245771
37.93585681915283,2.4310305632389264
37.93811011314392,2.4332615653588254
37.940364360809326,2.432174972555038
37.94261646270752,2.4331554690784776
37.944870471954346,2.434298090255033
37.94712209701538,2.4349149984019993
37.94937562942505,2.4221339728991955
37.95162868499756,2.43852048379427
37.95388174057007,2.440614395214843
37.956134557724,2.441379718944993
37.95838785171509,2.4414804508066714
37.96064209938049,2.443078451523596
37.96289420127869,2.4439814619995905
37.965147256851196,2.4464991624950363
37.96739912033081,2.447230511573614
37.96965265274048,2.456087762843104
37.97190451622009,2.4507769883605226
37.97415733337402,2.4511310399926947
37.97641086578369,2.4587187121771232
37.978662729263306,2.4534609858347163
37.980916023254395,2.458619768455001
37.98316788673401,2.4585059235699087
37.98542141914368,2.45838015775444
37.98767328262329,2.459524567070552
37.98992657661438,2.4497988760231584
37.99217891693115,2.448964410896827
37.994438886642456,2.4520882907019006
37.996692419052124,2.4586459945018286
37.998945236206055,2.4563094921481006
38.001198053359985,2.4589446138077515
38.00345063209534,2.4606135440604144
38.00570321083069,2.4621972396608878
38.007954597473145,2.463647420841148
38.01020812988281,2.4645790415500453
38.0124626159668,2.4660196859860046
38.01471400260925,2.4610134912745347
38.01696753501892,2.4611142231362133
38.01921987533569,2.4704381788299297
38.021472692489624,2.4719729986158607
38.02372431755066,2.474060353524727
38.02597737312317,2.4749758809776163
38.02823185920715,2.476633486346422
38.03048396110535,2.47663944681161
38.03273677825928,2.4778655145007984
38.03498840332031,2.479166088004838
38.0372416973114,2.4611625029042368
38.039493799209595,2.480918464770134
38.041747093200684,2.4807742215125823
38.04400134086609,2.46234625129059
38.04636812210083,2.421855023128393
38.04869985580444,2.419440438680701
38.0509729385376,2.4275091204058077
38.05323028564453,2.431861452086145
38.05548286437988,2.4362757726044384
38.05773687362671,2.439804367995783
38.05998873710632,2.4438270859512192
38.06224274635315,2.4470290478502568
38.0644965171814,2.4415984680173954
38.06674861907959,2.4587586472938834
38.06900215148926,2.4570122309937754
38.071256160736084,2.4329593697737897
38.07354235649109,2.446136766211601
38.07579851150513,2.4414148856896025
38.07805299758911,2.453154617924049
38.080307722091675,2.454959446783
38.08256006240845,2.4586090396176625
38.084813833236694,2.4384203479791102
38.08706617355347,2.4315240897564996
38.089319705963135,2.424255302459634
38.09157180786133,2.414312650479394
38.09382462501526,2.4000552177495025
38.09607696533203,2.3966029163125655
38.09833097457886,2.3925784102175727
38.10058379173279,2.382883713589157
38.102840423583984,2.3800048089033137
38.105095624923706,2.3804339623968556
38.1073477268219,2.3762085886250244
38.10960268974304,2.3741426913908352
38.11185550689697,2.3731812683559976
38.11411118507385,2.3633929924241297
38.11636519432068,2.3719629492715537
38.118616580963135,2.3635825352171107
38.1208701133728,2.3718854632241086
38.123122453689575,2.372589394162821
38.12537598609924,2.3742195813917615
38.12762808799744,2.3757049293166315
38.129881858825684,2.3806360221667315
38.132134675979614,2.3791602109861625
38.1343879699707,2.381486580549071
38.13664197921753,2.3837277154597896
38.138893604278564,2.385671423157623
38.14114761352539,2.3829880217299486
38.14340019226074,2.3908504713595478
38.14565372467041,2.3933055869705187
38.14790630340576,2.3962452884012806
38.15015935897827,2.398894715177383
38.15241265296936,2.4022486689387166
38.15466499328613,2.4050834661821683
38.15691828727722,2.4082615862204535
38.15916991233826,2.4111857904417264
38.16142392158508,2.4196258091480503
38.16384410858154,2.412610341621678
38.16610765457153,2.4271121534242814
38.1683623790741,2.445017390849279
38.170615911483765,2.458191211007978
38.17286992073059,2.471527155819792
38.175121784210205,2.4849167448182996
38.17737627029419,2.496338188211702
38.179627895355225,2.507465184624813
38.18188190460205,2.5185087345252914
38.184146881103516,2.524438205294395
38.18641448020935,2.5340023677351913
38.188668966293335,2.5424006631851985
38.190921783447266,2.549877470717129
38.19317650794983,2.5565645166116377
38.1954288482666,2.530212703968609
38.19771480560303,2.5431618145897166
38.199973821640015,2.541495268523129
38.20226454734802,2.545146649497348
38.20452404022217,2.5521090688835466
38.2067768573761,2.5391593622159196
38.209030628204346,2.5619933083049427
38.2112832069397,2.5660494048654323
38.21353626251221,2.5630012229682473
38.21579837799072,2.5689360581560203
38.21805548667908,2.572177955171818
38.22030973434448,2.5755778045151
38.22256112098694,2.5776580068657404
38.22481560707092,2.577892253147632
38.22706723213196,2.5798645710783688
38.22932147979736,2.5806763864369855
38.2315731048584,2.5807097650420388
38.23383045196533,2.581100771558377
38.236082315444946,2.5811013676048957
38.23833680152893,2.580941627137855
38.2405903339386,2.580257961780782
38.24284243583679,2.5793674682816827
38.2450954914093,2.5786778424594217
38.24734711647034,2.5765547247594265
38.249600887298584,2.5749954670662243
38.251853227615356,2.5714561428375413
38.25410771369934,2.5543692772828672
38.256386280059814,2.5582799384927677
38.258641719818115,2.556681937775843
38.26089525222778,2.554900950777644
38.2631471157074,2.5527373019143704
38.265401124954224,2.5483748374432134
38.267653703689575,2.548030918601861
38.26990747451782,2.545802300668037
38.27215886116028,2.542765443654709
38.27442193031311,2.540870611771418
38.27667546272278,2.53688365660711
38.278926849365234,2.536588017533781
38.2811803817749,2.534624640300827
38.28343367576599,2.530305687225543
38.28568911552429,2.534215156342406
38.287941217422485,2.5225785401557137
38.29024600982666,2.5043842201690936
38.29252290725708,2.5084742913811553
38.29477787017822,2.504345477145371
38.29703760147095,2.491314112104668
38.299290895462036,2.480144796388721
38.30162191390991,2.4560645170288704
38.30394101142883,2.450695329987446
38.30622124671936,2.4313166655679543
38.308523654937744,2.443160109896673
38.31078839302063,2.458684737525551
38.313042879104614,2.451906496513664
38.315295934677124,2.455435091905009
38.317551136016846,2.4601653170782707
38.31980323791504,2.4635460929329507
38.322057247161865,2.4668285211120273
38.32431221008301,2.4709770048829323
38.32656455039978,2.4755290121470703
38.32881784439087,2.4790343617241812
38.331069231033325,2.4823614933921685
38.33332276344299,2.4868318422832303
38.33557462692261,2.4897769081326615
38.33783221244812,2.494421302607215
38.34008574485779,2.497841417532136
38.34233832359314,2.4985495207964803
38.344600200653076,2.5018015506030977
38.346853256225586,2.5035431985310552
38.34910988807678,2.5064668067058093
38.351362228393555,2.5000753998846292
38.35361623764038,2.511983217237379
38.355868339538574,2.514664830525497
38.3581223487854,2.5166323800840833
38.360376834869385,2.5002267957004065
38.362629890441895,2.520234289197241
38.36488366127014,2.5224819806196668
38.367136001586914,2.523883285985385
38.36938953399658,2.519752683610044
38.371641635894775,2.5273606213761117
38.37389588356018,2.526812258578808
38.37614822387695,2.5283893976675746
38.3784077167511,2.529080811629392
38.38066053390503,2.5294497644245344
38.382912158966064,2.5297507679165325
38.38516569137573,2.5344362896008836
38.38741731643677,2.5301799214100744
38.389670610427856,2.530261579783151
38.39192223548889,2.5302073395499396
38.39417481422424,2.530203167224308
38.39642786979675,2.5306400693225943
38.39867949485779,2.527599636030154
38.40093231201172,2.5144609826160647
38.40318441390991,2.5182667396386553
38.40543794631958,2.5181052110320583
38.407689571380615,2.500292956863994
38.40994358062744,2.51791924451819
38.41220235824585,2.5179961345191164
38.4144549369812,2.518167795916533
38.41670846939087,2.5000038743023723
38.41896033287048,2.5182226321962635
38.42121338844299,2.518046798473215
38.42346525192261,2.5178530833546025
38.425718784332275,2.517475785908197
38.427977323532104,2.5000247359305305
38.43023157119751,2.5176814219571857
38.43248772621155,2.500141561048217
38.43473982810974,2.518254818708279
38.43699359893799,2.5184467456873354
38.4392454624176,2.5188043735986203
38.44149923324585,2.5196746015160802
38.4437518119812,2.519691290818607
38.44600534439087,2.519526781979416
38.448259115219116,2.519768776866052
38.45051121711731,2.520336809198476
38.45276427268982,2.5202950859421596
38.45501637458801,2.534339134018318
38.45726990699768,2.521486582933257
38.459521770477295,2.5368300124204173
38.461775064468384,2.5237509636582094
38.46402716636658,2.5252017408849885
38.46628022193909,2.525373998328924
38.468533992767334,2.519675197562599
38.470786333084106,2.5276103648674924
38.473039388656616,2.519662680585704
38.47529101371765,2.5265350969475624
38.47754526138306,2.5367614670707543
38.47979807853699,2.5278052720791426
38.48205232620239,2.5196900987255693
38.4843065738678,2.5295856630308227
38.48655843734741,2.5343933742515294
38.48881125450134,2.5314536728207675
38.49106287956238,2.5366619273021134
38.493316411972046,2.5317546763127656
38.4955677986145,2.536634509162248
38.49782109260559,2.532570067950495
38.50007343292236,2.536892597304892
38.502331256866455,2.5142130272642405
38.50458812713623,2.5002667308171667
38.50684094429016,2.5000646710472907
38.50909638404846,2.5192824029067045
38.51134896278381,2.5342908542502944
38.5136022567749,2.5223127034083253
38.51585412025452,2.5225737717835632
38.518107175827026,2.534317080297122
38.520360708236694,2.5341811816908337
38.52261281013489,2.525424066236504
38.524866580963135,2.527907196033859
38.52711772918701,2.5288155709285225
38.5293710231781,2.529731098381412
38.53162360191345,2.5308230556038684
38.5338773727417,2.532331649342972
38.536128520965576,2.53291279469881
38.538382053375244,2.5340083282003794
38.54063558578491,2.5340756814570047
38.542887687683105,2.534929220071938
38.545140981674194,2.535890047060257
38.54739260673523,2.5361636324123897
38.5496461391449,2.5360587282250795
38.551918268203735,2.49389856981022
38.55424785614014,2.4611476017412666
38.55656695365906,2.481079397330212
38.5588264465332,2.4830207208419703
38.56108093261719,2.4855938536636657
38.56333327293396,2.487936316482582
38.565587520599365,2.4895384895251382
38.56783962249756,2.4922129502550305
38.57009267807007,2.4987950919622293
38.572346687316895,2.4952653044778472
38.57459878921509,2.4999746680229507
38.57685351371765,2.500477135238306
38.579106092453,2.5023272636326865
38.58135962486267,2.5044217710997785
38.583611488342285,2.506355346006792
38.58586549758911,2.507984341142695
38.58811712265015,2.509388626741007
38.590370416641235,2.5109556330389537
38.59262466430664,2.511436046533113
38.594876527786255,2.51278788003777
38.5971302986145,2.5126537695710383
38.599382162094116,2.517220677998147
38.6016366481781,2.514292301451242
38.603888511657715,2.5088253627807333
38.606143951416016,2.4884322271862303
38.608397483825684,2.4739477007326722
38.610649824142456,2.4975946542733496
38.612902879714966,2.4849662166793607
38.61515474319458,2.480489907323111
38.6174099445343,2.489841281156693
38.619662046432495,2.4923613658382138
38.6219162940979,2.4945160740037053
38.624167919158936,2.4952962988968252
38.62642979621887,2.4976071712502446
38.62868332862854,2.499246299176967
38.63093447685242,2.501557767576905
38.63318872451782,2.50363081736932
38.635440826416016,2.503805458999331
38.63769459724426,2.5062021620514585
38.63994598388672,2.507229150203365
38.64219903945923,2.507943809979416
38.64445209503174,2.508940995805382
38.646703243255615,2.5106623781517
38.648956537246704,2.5109341753642767
38.6512086391449,2.5001278519782844
38.653462409973145,2.513394059347398
38.65571403503418,2.5138804333067455
38.65796756744385,2.5153937954179995
38.66022729873657,2.516133489147841
38.662479639053345,2.500094473373231
38.66473388671875,2.518006267309936
38.66698622703552,2.5193789624427514
38.669392108917236,2.515282930765501
38.671655893325806,2.5171855112535373
38.67391109466553,2.500097453605825
38.676164388656616,2.5002107024443987
38.67842507362366,2.516894640552359
38.680678367614746,2.517882289634024
38.68293070793152,2.514835895876395
38.685184478759766,2.519625129655019
38.68743681907654,2.521095576416919
38.68968987464905,2.5220850136381405
38.691941261291504,2.5220140841024024
38.69419479370117,2.5233474401649763
38.69644784927368,2.524053755289764
38.69869947433472,2.525047960883136
38.70095229148865,2.5367197438144378
38.703208923339844,2.520237269429835
38.70546221733093,2.520862522228065
38.707714557647705,2.5071468957837695
38.70996856689453,2.5137594358634274
38.7122323513031,2.5144359486622747
38.714484214782715,2.5163272042664535
38.71673774719238,2.518062891729223
38.71898937225342,2.517360748930067
38.721251487731934,2.5176349303287187
38.72350573539734,2.518348398011732
38.72576022148132,2.521156969208356
38.728012800216675,2.522676887831317
38.73026704788208,2.5249442487888634
38.732521057128906,2.527472082075129
38.73477339744568,2.530305091179024
38.73702621459961,2.532888356791539
38.7392783164978,2.535826866129263
38.74153113365173,2.5378891870843394
38.743783712387085,2.540273969206091
38.74603772163391,2.54346520226779
38.748291015625,2.545154994148611
38.75054311752319,2.547766869994029
38.75279641151428,2.539198701286161
38.755048513412476,2.5538727705327
38.757302045822144,2.5539484684405886
38.75955367088318,2.557129568711468
38.76180720329285,2.55798370337292
38.76405882835388,2.56003410339762
38.76631212234497,2.5618538334195415
38.76856589317322,2.5588485668717107
38.77081775665283,2.5659182746312945
38.77307105064392,2.568340607683731
38.77532243728638,2.569750853747231
38.77757477760315,2.5685152493137418
38.779826402664185,2.57049650794226
38.782079458236694,2.5721606698227726
38.784332036972046,2.5736811844922522
38.78658366203308,2.575934240333347
38.78883767127991,2.577041098718774
38.79109025001526,2.5779959652419047
38.793344020843506,2.5754639596300075
38.79563641548157,2.5544741814701775
38.79794502258301,2.55691856824381
38.80022096633911,2.559665150602478
38.802475929260254,2.527761164636751
38.80483531951904,2.5244495301782526
38.807130336761475,2.509146035807852
38.8094425201416,2.5061842806558943
38.811702251434326,2.511756123513713
38.81395602226257,2.5170394798564293
38.81622242927551,2.5224545624798016
38.8184757232666,2.5261613757802697
38.82072925567627,2.5313815511919917
38.82298135757446,2.5368937893979298
38.82523441314697,2.5394079136142627
38.827486515045166,2.5433138064520127
38.8297393321991,2.54661590416621
38.83199071884155,2.5497439562969157
38.8342444896698,2.5523802700496043
38.836498737335205,2.5561949677699767
38.8387508392334,2.558691806637264
38.84100365638733,2.560137219445374
38.84325933456421,2.5625404790092086
38.845513582229614,2.5643828587988446
38.84776592254639,2.5758424491694507
38.85002160072327,2.573268720301237
38.85227632522583,2.565173812529303
38.8545286655426,2.5758454294020448
38.85678291320801,2.569027849319917
38.85903477668762,2.573283621464207
38.861287355422974,2.5711110319031514
38.86353921890259,2.572498032152418
38.8657922744751,2.573383757279367
38.86804413795471,2.571258851439816
38.87029719352722,2.5719806637740925
38.87255096435547,2.5720337119142664
38.87480282783508,2.572532602850509
38.877055644989014,2.5727722135510698
38.8793089389801,2.57254213959481
38.88156294822693,2.5705447877102836
38.883814573287964,2.570801087713371
38.886067628860474,2.570718237247257
38.88832092285156,2.5735250203043245
38.890573024749756,2.5706663812001205
38.89283561706543,2.573473760303707
38.895087003707886,2.569876023516181
38.89734077453613,2.575956890101062
38.89959239959717,2.5687685690842352
38.90184664726257,2.560553259915502
38.90410351753235,2.5609037352685613
38.90635943412781,2.5602075529345933
38.908612966537476,2.5590327452460224
38.91086530685425,2.5536808435536438
38.91311860084534,2.539993827342251
38.91537070274353,2.539090220819738
38.917624711990356,2.5393065857060653
38.91987657546997,2.5425443103962313
38.92212986946106,2.5421640327172317
38.924386978149414,2.5403222489741144
38.92663884162903,2.5395205664063174
38.928892612457275,2.5391039298896705
38.93114447593689,2.5366267605575037
38.93339800834656,2.537691895686614
38.93565011024475,2.534264628203467
38.9379026889801,2.537961904759634
38.94015431404114,2.537570898243296
38.94241523742676,2.5363764210196043
38.944668769836426,2.536737625210002
38.9469211101532,2.536205951715225
38.9491753578186,2.535705868685945
38.95142698287964,2.534661595184993
38.95368051528931,2.5335696379625365
38.95593285560608,2.5366368933483234
38.95818591117859,2.5311282314214982
38.960439920425415,2.5368633910254705
38.96269202232361,2.5284335051099665
38.96494507789612,2.527328434864096
38.96719694137573,2.5343409221578743
38.96944975852966,2.523668113192095
38.97170090675354,2.522595825504759
38.97395443916321,2.519827189424895
38.97621297836304,2.500246465235527
38.97846531867981,2.515550555652446
38.98071813583374,2.513014377714917
38.982969760894775,2.5099185120962275
38.98522329330444,2.5086846958022946
38.987475872039795,2.5067141660111147
38.989729166030884,2.500225603607369
38.99198031425476,2.500269115003242
38.99423336982727,2.5021168592115473
38.99648690223694,2.5007763505907477
38.99873924255371,2.4995610117388978
39.00099229812622,2.4994280933652036
39.003244161605835,2.498016655208666
39.00549840927124,2.4968549605435086
39.00775074958801,2.4977758524150673
39.01000428199768,2.497832476834354
39.01225733757019,2.4925234904913296
39.014509201049805,2.4742349951547378
39.01676964759827,2.4787256096274386
39.019022941589355,2.4952891463385996
39.02127718925476,2.4835112671269495
39.023529052734375,2.485300598776412
39.02578377723694,2.487625776246283
39.028034687042236,2.4894347774308656
39.03028750419617,2.4932262293370044
39.032540798187256,2.4964299793755984
39.03479313850403,2.499557435459785
39.03704571723938,2.5036796931838623
39.03929805755615,2.500085532675449
39.04155111312866,2.5100019586088607
39.043803453445435,2.5128176823637105
39.04605746269226,2.5159207005406263
39.04831051826477,2.5195220136072654
39.050562620162964,2.5227972892281163
39.05281615257263,2.50596135925786
39.0551278591156,2.4680551848477346
39.0574676990509,2.4231663254697713
39.05980610847473,2.38064675100407
39.0621657371521,2.3413827826240996
39.064476013183594,2.297662770469519
39.06678009033203,2.2651818114735853
39.069124937057495,2.230062750585407
39.07149839401245,2.2021862509472667
39.07389497756958,2.1702763045163516
39.07621765136719,2.1493181168220183
39.07855272293091,2.1818580844233137
39.08083486557007,2.2194561027832154
39.083087682724,2.2514906229365614
39.08534264564514,2.2838076691398226
39.087594747543335,2.314750828117231
39.08984923362732,2.345930021516087
39.092101097106934,2.3760989160655637
39.0943558216095,2.417224933770291
39.096609592437744,2.4352803749180287
39.09886074066162,2.4640133934036963
39.10111618041992,2.4844858031852013
39.103374004364014,2.510485352335614
39.10562992095947,2.536011044503575
39.107882261276245,2.558974332687179
39.11013603210449,2.5824907520402376
39.11238980293274,2.604227972534653
39.114641427993774,2.6173034450177486
39.11689567565918,2.6322099724066224
39.11914825439453,2.6551774329158584
39.12140202522278,2.6735452024394517
39.12365531921387,2.692076884755717
39.12591028213501,2.7076259502918663
39.12816309928894,2.7243826060751206
39.130425214767456,2.7384761260123405
39.13267922401428,2.7541563217826273
39.13493227958679,2.769405575919816
39.1371853351593,2.7808681465230163
39.13943862915039,2.7932098857414585
39.14169216156006,2.8025058272487913
39.143943786621094,2.812481261787565
39.14619731903076,2.8201201939726106
39.148449420928955,2.812649346905869
39.15070128440857,2.8348622125222938
39.15295433998108,2.840921025385979
39.15520644187927,2.8468576487133084
39.15745973587036,2.8501704752648442
39.159711599349976,2.8517637076096185
39.16197061538696,2.8517321171441217
39.16423177719116,2.85453353578252
39.166483640670776,2.8518388094709883
39.168736934661865,2.8558770246359138
39.17098879814148,2.8552183932326307
39.17324233055115,2.853427273443612
39.175637006759644,2.8447106891525613
39.177900075912476,2.8433016351820988
39.18015193939209,2.8400269556077666
39.182414293289185,2.8366092248689205
39.18466877937317,2.8324672976097225
39.18692064285278,2.8276494535981955
39.189173460006714,2.823486664710839
39.19142532348633,2.8159377355501336
39.193678855895996,2.810069657572467
39.19593143463135,2.803083992372035
39.198184967041016,2.796240782289598
39.200438261032104,2.7915194978141185
39.20268988609314,2.7857867223962214
39.20494270324707,2.7793792223190334
39.20719504356384,2.773017021777275
39.20944809913635,2.765188546799248
39.21169948577881,2.7591964911456692
39.213953256607056,2.7509114445342355
39.21620798110962,2.74510297120845
39.21846008300781,2.7312502540648285
39.2207133769989,2.7197340392749356
39.222965240478516,2.7151349443358117
39.225221157073975,2.701330506960214
39.22748160362244,2.6979080078492172
39.22973847389221,2.6927188268564732
39.23199152946472,2.6872399672555884
39.23424530029297,2.6836011032582645
39.23650026321411,2.6789680336675685
39.238752126693726,2.674560865707501
39.241005182266235,2.669415792157148
39.24325680732727,2.664422710469092
39.2455096244812,2.656256277114901
39.24776101112366,2.6541462724383202
39.25003457069397,2.6540020291807687
39.25228786468506,2.647441941194766
39.254539012908936,2.64259369881078
39.2567925453186,2.638198451781088
39.25904393196106,2.6325789252017646
39.261297941207886,2.6281264577062675
39.2635498046875,2.624271824869135
39.265870809555054,2.62091846715432
39.26812767982483,2.6148554819650034
39.27038240432739,2.611532522622648
39.27263593673706,2.60756523699346
39.274888038635254,2.5979289529238883
39.27714252471924,2.596174191972517
39.279399394989014,2.5914779414508273
39.28165316581726,2.586202929759375
39.28390574455261,2.5819650390106488
39.2861590385437,2.5752744168370265
39.28841209411621,2.5704947198027037
39.29066443443298,2.564829297641432
39.29291820526123,2.558509416402509
39.29517149925232,2.5539985363481685
39.297425270080566,2.5456145460146122
39.29967737197876,2.5367787524197998
39.301979303359985,2.5062492497264444
39.30429482460022,2.5016441943221324
39.3065550327301,2.49798446869665
39.30881118774414,2.461689408026863
39.3111207485199,2.4480864343746225
39.31343150138855,2.444358759445996
39.315720081329346,2.4220099952232834
39.31800937652588,2.4281027827385406
39.32026696205139,2.4219313170828007
39.32252287864685,2.4080380687759004
39.32477593421936,2.4096855413538862
39.32702875137329,2.407989192961358
39.32928657531738,2.4172571202823065
39.33153963088989,2.4069133289949094
39.33379316329956,2.4075123557463116
39.336045265197754,2.4082651624995663
39.33829855918884,2.409023929718009
39.34055209159851,2.407989789007877
39.34280323982239,2.4082460890109645
39.34505653381348,2.4088200818085768
39.34730887413025,2.407834816912987
39.3495671749115,2.4196782612417054
39.35182023048401,2.411724616494729
39.354074001312256,2.4143144386189506
39.35632848739624,2.4149665135105267
39.358580350875854,2.417212416793396
39.36083436012268,2.4195352100771914
39.363086223602295,2.4226286915098063
39.365339517593384,2.4272015604021027
39.36759161949158,2.422057678944788
39.369845151901245,2.436167888184534
39.37209725379944,2.441249184757374
39.37435030937195,2.445754104346526
39.37660336494446,2.4498954355592053
39.37885522842407,2.454985076783309
39.38110828399658,2.4586334775249337
39.38335990905762,2.4661222059872396
39.3856143951416,2.4706211651112038
39.38786602020264,2.4746206372524067
39.390119552612305,2.479942736618845
39.39237356185913,2.4831965545650188
39.394625425338745,2.4877759799690224
39.39687919616699,2.4907252181440853
39.399131298065186,2.4955716723885146
39.40138506889343,2.500025928023568
39.40363693237305,2.5042137508647144
39.405890226364136,2.507334650437194
39.40814208984375,2.5102236879138573
39.41039562225342,2.5121936216585183
39.41264891624451,2.5145694630824877
39.41490149497986,2.5002732873288736
39.41715478897095,2.5200000429153495
39.41940689086914,2.5215914871205674
39.42166066169739,2.523083987603663
39.42391324043274,2.5001838803510523
39.42619252204895,2.4975857135755675
39.42844748497009,2.4610695196473027
39.43070030212402,2.406367350383681
39.43302607536316,2.400643515663566
39.43528938293457,2.3904421794941637
39.43754506111145,2.3826029756787985
39.4397976398468,2.373913213481094
39.44205117225647,2.3659297664081773
39.44430994987488,2.3588469456251793
39.44656324386597,2.352679652295071
39.44881725311279,2.343951743120163
39.451069831848145,2.3450472766217323
39.45332336425781,2.3419454505378545
39.45557761192322,2.339663784463857
39.457831144332886,2.336311022795561
39.46008229255676,2.3348298471963225
39.46233534812927,2.33410088230382
39.46458959579468,2.3315337099473132
39.466843605041504,2.3298832571367334
39.46909856796265,2.3319330611149147
39.471351623535156,2.3341747920721523
39.47360634803772,2.335918228139666
39.47585868835449,2.337484638391094
39.478111743927,2.3404696393572855
39.48036527633667,2.342152278679881
39.48261761665344,2.3467060740835755
39.48487091064453,2.350464147384661
39.48712205886841,2.3542442744069425
39.4893753528595,2.3560431428007056
39.49162673950195,2.3439904861438854
39.4938805103302,2.362655086833845
39.496132135391235,2.377962753529877
39.498384952545166,2.3714485611258223
39.500638246536255,2.3751577586123656
39.502893924713135,2.3724981990454435
39.505149364471436,2.380609796119904
39.50740146636963,2.381735131947414
39.50965476036072,2.3868313296832238
39.51190733909607,2.3908117283358252
39.51416063308716,2.395735072581181
39.51641345024109,2.4003872156604786
39.518664836883545,2.4052533394400286
39.52091908454895,2.4104311955489153
39.523170948028564,2.4145319955983156
39.52542424201965,2.419552495426237
39.527676582336426,2.4211695696317634
39.52993035316467,2.426935723654714
39.53218221664429,2.4329629460529025
39.53444194793701,2.438812546588486
39.53669548034668,2.444458299214637
39.53894782066345,2.449519926252356
39.541200399398804,2.4550333565513323
39.54345178604126,2.4606350017350915
39.54570484161377,2.466039951567644
39.547956466674805,2.4782821510174453
39.550209760665894,2.4780294272934706
39.5524628162384,2.4823001006007313
39.55471467971802,2.4892118560328313
39.556967973709106,2.4936768405052234
39.55921983718872,2.491565643735605
39.56153178215027,2.4479535160009283
39.56385779380798,2.4279418501784624
39.566176891326904,2.448548370426699
39.56843948364258,2.456131274238977
39.57069182395935,2.465679343423765
39.5729455947876,2.474634942368858
39.57520818710327,2.484153209227706
39.57746124267578,2.493236958174343
39.579713582992554,2.501648366647764
39.581966400146484,2.510814966060515
39.58422899246216,2.518606486154376
39.58648109436035,2.52712637509422
39.58873391151428,2.5342527072730907
39.590986013412476,2.5404921222319747
39.59323978424072,2.5471404251027616
39.59549117088318,2.553999728441206
39.59774613380432,2.5604084206114317
39.59999871253967,2.5665059764988394
39.60225224494934,2.5721326556363886
39.60450553894043,2.578084776173207
39.606757164001465,2.5825539329712313
39.609009981155396,2.5869491800009228
39.61126184463501,2.591414164473315
39.6135151386261,2.594940375678584
39.615766763687134,2.5994345664303977
39.618019580841064,2.603590798806047
39.620272636413574,2.6075229176906247
39.62252330780029,2.6116600765776727
39.624775886535645,2.6137456433469826
39.62702798843384,2.616600110125555
39.629281759262085,2.618545605962945
39.63153338432312,2.621255233437447
39.63378643989563,2.626276329311887
39.636037826538086,2.6311215914632786
39.638291358947754,2.635141329186121
39.64054584503174,2.638550119227185
39.642797231674194,2.6426604560208866
39.64505124092102,2.6464262779267167
39.647302865982056,2.6503697216951516
39.649556159973145,2.6565161533971016
39.651808738708496,2.6615032746199696
39.654062032699585,2.6666793425893
39.656315326690674,2.670898755895943
39.65856719017029,2.6755526871147977
39.66082048416138,2.680034956936235
39.66307210922241,2.683288774882409
39.66532588005066,2.6868441923671
39.667577266693115,2.690543853109342
39.669830560684204,2.692964994068741
39.67208218574524,2.696038209919716
39.67433547973633,2.6959768171282787
39.676589250564575,2.695603095960986
39.67898154258728,2.693186127327219
39.681246280670166,2.6954302424705316
39.683499813079834,2.696228348759216
39.6857545375824,2.6961764927120795
39.68800711631775,2.6958939666621644
39.69026041030884,2.694859825952032
39.69251370429993,2.6917729010311247
39.69476556777954,2.6915928949824446
39.69701814651489,2.6896479951915735
39.69927000999451,2.689699255192191
39.701523303985596,2.6853218895580637
39.703779220581055,2.6929477087196956
39.706035137176514,2.6787379597113086
39.70828819274902,2.675539574091384
39.71054005622864,2.6737824289539374
39.712793588638306,2.671737393347906
39.71504592895508,2.6689884268031627
39.717299461364746,2.667333801666951
39.71955180168152,2.6653573114105833
39.72180700302124,2.6636508302272355
39.724058866500854,2.656306345022481
39.72631216049194,2.657536585037301
39.72856545448303,2.6496777116868153
39.73082232475281,2.649569827266911
39.733075857162476,2.6538124863877877
39.73532748222351,2.6478031453851636
39.73758101463318,2.6461604411793282
39.73983287811279,2.64525445047074
39.742085218429565,2.6541057412750413
39.74433898925781,2.641801552987284
39.74658989906311,2.639923410406519
39.74884271621704,2.6390370892330512
39.751094341278076,2.6384762094588528
39.7533483505249,2.6362916989674208
39.75559973716736,2.635877446636849
39.75785255432129,2.6328286686931452
39.7601044178009,2.6305756128520503
39.76235747337341,2.6290002619028403
39.76461052894592,2.6171985408304383
39.766862630844116,2.625427559069104
39.769116163253784,2.6232257632286267
39.771368741989136,2.62046845203262
39.77362680435181,2.614915682663403
39.77587890625,2.6125988498447956
39.778133153915405,2.6095911991108895
39.780385971069336,2.6065299041902903
39.78263783454895,2.603346419733336
39.78489089012146,2.6123914256562504
39.78714323043823,2.578260013849737
39.78939652442932,2.5898185479424654
39.791648387908936,2.5783607457114157
39.793901443481445,2.5800481534061617
39.79615306854248,2.575559327073017
39.79841375350952,2.575859734518496
39.80066633224487,2.5679686746559947
39.80291748046875,2.557439512901248
39.80522060394287,2.5368920012583733
39.80751657485962,2.5303652918774238
39.80978345870972,2.529354993028044
39.81203889846802,2.4899104225528745
39.814358711242676,2.4975600835752587
39.816659927368164,2.477398214030053
39.8189697265625,2.466447647386509
39.82124328613281,2.472761568160244
39.823495626449585,2.4754753679603776
39.82575297355652,2.4778750512450993
39.82800579071045,2.4610289884840237
39.830260038375854,2.482360301299131
39.83251404762268,2.4856480938968772
39.834766149520874,2.488734422771266
39.837019205093384,2.4909046281462466
39.839271068573,2.494213282372151
39.8415253162384,2.496185600302887
39.84377646446228,2.4988010524274173
39.846031665802,2.5006750226825503
39.84828567504883,2.5037625436499766
39.850536823272705,2.500026524070087
39.85279440879822,2.5071159013647915
39.85504722595215,2.5001558661646683
39.85730051994324,2.5101616990759013
39.859551668167114,2.5116053237444547
39.86180520057678,2.512822450735861
39.864057302474976,2.510149778145525
39.8663113117218,2.5114843263011366
39.86856412887573,2.5000867247684866
39.870816230773926,2.5099185120962275
39.87307047843933,2.5002017617466166
39.87532305717468,2.500184476397571
39.87757635116577,2.5083097825419642
39.87982892990112,2.506943643920856
39.88208222389221,2.506023944142335
39.88433504104614,2.5002488494216024
39.88658690452576,2.5038132076040753
39.88884115219116,2.50241547851747
39.891093254089355,2.500563561983533
39.89334678649902,2.497723996367931
39.89559864997864,2.4978587028811816
39.897852420806885,2.495262920291772
39.90010380744934,2.4937608830643754
39.90235710144043,2.485275564822622
39.904616594314575,2.48417109062327
39.906869411468506,2.4740937321297802
39.909127950668335,2.4740591614316894
39.91137957572937,2.460937793366646
39.913633823394775,2.4718800153589267
39.91588521003723,2.461012895228016
39.91813850402832,2.469771798821902
39.92039203643799,2.4679902157771845
39.92264986038208,2.4610826326707165
39.924904584884644,2.4651911813248613
39.92715811729431,2.462165053148872
39.92941188812256,2.4609461380179094
39.93166399002075,2.459583575675914
39.93391728401184,2.458496386825608
39.936168909072876,2.45853036147718
39.93842911720276,2.4585935424081735
39.940683126449585,2.45513945283168
39.94293451309204,2.454965407248188
39.94518756866455,2.453381711647715
39.94743800163269,2.4523654523331464
39.94969153404236,2.4515041651134686
39.951942920684814,2.451176339528124
39.95419645309448,2.4499133169547695
39.95644927024841,2.4497428476503904
39.958701610565186,2.448774272057327
39.960954904556274,2.448560291357075
39.96320629119873,2.4563595600556805
39.96545910835266,2.4485704241478947
39.967710733413696,2.447232895759689
39.96996545791626,2.4470952090138445
39.97222685813904,2.4586519549670167
39.974478244781494,2.4442949824684836
39.97673439979553,2.4464419420292307
39.978986740112305,2.4469122227325704
39.98124027252197,2.448128753677458
39.98349189758301,2.449538403694439
39.98574423789978,2.450704866731747
39.987995624542236,2.4528410974551553
39.990248918533325,2.453632647232133
39.992501735687256,2.4551406449247177
39.99475407600403,2.4560305423772983
39.997007846832275,2.456665331919829
39.99926018714905,2.4579134533302134
40.00151443481445,2.460384662197192
40.003766775131226,2.462463672454795
40.006019592285156,2.465182836673598
40.00827360153198,2.466600235295324
40.010525703430176,2.4702516162695427
40.01277947425842,2.4723157253641754
40.015032052993774,2.475384172843
40.0172860622406,2.4610522342982573
40.019538164138794,2.461043293600475
40.021791219711304,2.4821338036219838
40.02404236793518,2.4806985236046937
40.02629566192627,2.4875643834548455
40.028549671173096,2.4909636367516086
40.03080177307129,2.493663131435291
40.0330548286438,2.4960002298355377
40.035306453704834,2.4983093140494006
40.0375599861145,2.5008514524521175
40.03981113433838,2.5022193792127823
40.04206371307373,2.504730523196521
40.04431748390198,2.50629633740143
40.04656910896301,2.508711517895641
40.0488224029541,2.51154273885998
40.05107378959656,2.5121960058445936
40.053327798843384,2.5128176823637105
40.055580377578735,2.5142696516835272
40.05783414840698,2.5149837154130594
40.060086250305176,2.516551913804044
40.06234097480774,2.516089381705449
40.06460690498352,2.470243867664798
40.06692314147949,2.4367669149359363
40.06925296783447,2.4509391130136384
40.07151436805725,2.426588824580768
40.07380414009094,2.4386408851910693
40.07606244087219,2.4417254259259016
40.078317165374756,2.4467936094753275
40.08057165145874,2.4513247551113073
40.08282399177551,2.458796794271087
40.08507752418518,2.459869678004942
40.087329149246216,2.462895210134412
40.089582204818726,2.4664112885488616
40.09183478355408,2.4697801434731654
40.09408974647522,2.4726971951362127
40.09634327888489,2.4740740625946596
40.09859585762024,2.474007901431072
40.10084915161133,2.4759229988960025
40.103103160858154,2.4610766722055284
40.10536050796509,2.472763952346319
40.10761308670044,2.4734869567736335
40.10986685752869,2.4611011101127995
40.11211895942688,2.4757090181957504
40.114373445510864,2.461102302205837
40.11662673950195,2.474174794456338
40.11887860298157,2.474085387478517
40.121132612228394,2.473429140261309
40.12338447570801,2.472667988856791
40.1256377696991,2.470502551853961
40.12788963317871,2.4693974816080906
40.13014316558838,2.461031968716618
40.132397413253784,2.4680390915917267
40.134649991989136,2.467354830188135
40.13690400123596,2.4655631143525976
40.13915538787842,2.464729245272785
40.141409158706665,2.4636241750269146
40.14366126060486,2.461734111515774
40.14591407775879,2.4561849184256697
40.14816665649414,2.4586835454325136
40.150434255599976,2.4573007175088786
40.152687549591064,2.4551013058544764
40.15493941307068,2.453747088163744
40.15719294548035,2.4532309118784563
40.159444093704224,2.45071321138301
40.16169786453247,2.449249917179336
40.163949728012085,2.447948747628778
40.166203022003174,2.4459370906278
40.16845631599426,2.4445715480532106
40.170708656311035,2.4426451257044226
40.172961473464966,2.441277198943758
40.17521357536316,2.438955597753
40.17746663093567,2.4368777795884347
40.179718255996704,2.4337771455975945
40.18210244178772,2.4270537408654382
40.18436551094055,2.42614775015685
40.18661832809448,2.425321033635263
40.188873052597046,2.4243125229254394
40.19112515449524,2.4219259526641315
40.193379640579224,2.4201872849687676
40.19563102722168,2.4183854363424104
40.19788408279419,2.416372587248395
40.200135469436646,2.4136736886112318
40.202388763427734,2.4120184674285015
40.204641580581665,2.4101260197312855
40.2068932056427,2.4086001406431365
40.20915365219116,2.4195435547284547
40.21140480041504,2.4045893436180763
40.21365833282471,2.4020841600995255
40.215909481048584,2.4003466844971997
40.21816349029541,2.3831030587080786
40.220417976379395,2.3956951374644206
40.22267007827759,2.383105442894154
40.224923610687256,2.3887345062177783
40.22717642784119,2.3867800696826063
40.229429960250854,2.383764074297437
40.23168230056763,2.3744216411616375
40.233946800231934,2.3731997457980807
40.23621225357056,2.3706778729770033
40.238486528396606,2.368850990396856
40.240739583969116,2.366563959904189
40.24299216270447,2.363109870327696
40.24524521827698,2.343916576375553
40.24749779701233,2.3580822179415484
40.249751806259155,2.356771511646689
40.25200295448303,2.3544034188274643
40.25425720214844,2.3525437536887828
40.25651144981384,2.3439457826549748
40.258763551712036,2.349743527143422
40.26101756095886,2.348413151313442
40.26326870918274,2.3465695794307684
40.265522480010986,2.3451623135998623
40.26777410507202,2.3441836052159792
40.27002763748169,2.343195956134314
40.27228093147278,2.343445103579176
40.27453327178955,2.3423674514731707
40.276787519454956,2.3413553644842344
40.27903866767883,2.3414614607645823
40.28129196166992,2.3415610005332232
40.283544301986694,2.342453878218398
40.285797357559204,2.342956941480272
40.288049936294556,2.344267647775131
40.2903037071228,2.345104497087538
40.29255700111389,2.3452356273216757
40.294809341430664,2.3468705829227665
40.29706311225891,2.3439749889343964
40.299314737319946,2.344050090795766
40.30156850814819,2.3467925008288026
40.30382418632507,2.346036117796435
40.30607891082764,2.3444101028931263
40.308382749557495,2.3230764058919435
40.31067657470703,2.326464930351368
40.31294298171997,2.3316100039017207
40.31519651412964,2.297973906752337
40.31751489639282,2.298026954892511
40.31980895996094,2.299695885145174
40.32213020324707,2.295828139284627
40.32439422607422,2.305645621495917
40.326645612716675,2.3115351571482607
40.328904151916504,2.3202743912070263
40.331157207489014,2.3413142372744367
40.333410024642944,2.341500203788305
40.3356614112854,2.3455902750003665
40.33791494369507,2.3537573044010762
40.3401665687561,2.3622938826434474
40.34244203567505,2.3688837729553907
40.34469556808472,2.3762300462997015
40.34694790840149,2.381725595203113
40.349201917648315,2.390167998095512
40.35145354270935,2.398373174473426
40.35371208190918,2.4042746310561456
40.35596966743469,2.4098703157747168
40.358224630355835,2.41529493514239
40.36047840118408,2.4201622510149776
40.362730503082275,2.4219909217346816
40.364986181259155,2.429764560432978
40.367239236831665,2.4349829477051435
40.369492530822754,2.4396523761334867
40.37174463272095,2.444524460378225
40.3739972114563,2.458614404036332
40.37624979019165,2.456354195637011
40.37850046157837,2.4568727561083743
40.38075304031372,2.4563196249389203
40.38300442695618,2.4645414906193603
40.38526153564453,2.466879185066126
40.387513399124146,2.461018259646685
40.389766454696655,2.474777993533372
40.39201831817627,2.4610426975539563
40.394272327423096,2.4792411898662077
40.396525382995605,2.481537161056657
40.39877653121948,2.484084663878043
40.40102934837341,2.495291530524675
40.40328073501587,2.4804869270905168
40.405534744262695,2.4891468869622813
40.40778684616089,2.4906250823289255
40.410040616989136,2.491717635597901
40.412294149398804,2.493281065616735
40.41454529762268,2.494125067487367
40.41679811477661,2.4951776856395824
40.41904973983765,2.495787441228323
40.42130255699158,2.4965003128648178
40.42355418205261,2.497055828220347
40.42580699920654,2.4951216572668145
40.42805862426758,2.496562301702774
40.430312156677246,2.497600018692019
40.432565450668335,2.4970230456618125
40.43481707572937,2.497596442412906
40.43707013130188,2.49754935473792
40.439321756362915,2.497963607068492
40.441574811935425,2.4973872300848043
40.4438271522522,2.4974915382255958
40.44607996940613,2.497077285895024
40.44833469390869,2.496524750772089
40.45058631896973,2.496185600302887
40.452839851379395,2.4950340384285496
40.45509195327759,2.495079337963979
40.4573450088501,2.494460641677456
40.45959687232971,2.493582069108733
40.46184992790222,2.4927911153782745
40.464101791381836,2.497726976600525
40.466355323791504,2.491919099321258
40.46860933303833,2.491360007686616
40.47086048126221,2.4951395386623787
40.47311520576477,2.4976012107850565
40.47536778450012,2.4806746817439413
40.477622270584106,2.4880984411356977
40.4798743724823,2.480600771975609
40.48212742805481,2.4867781980965376
40.48438000679016,2.4878910169471524
40.486632108688354,2.485962210412289
40.488885164260864,2.495234310058869
40.4911367893219,2.484998999237895
40.49338912963867,2.4843749385327025
40.49564075469971,2.480766472907838
40.49789357185364,2.4826094487439927
40.500144958496094,2.481710014547111
40.5023980140686,2.4733683435163907
40.504658222198486,2.4732783404920506
40.506911277770996,2.4732878772363516
40.5091655254364,2.4725201693201266
40.511417865753174,2.4708858097655546
40.513670921325684,2.472037371639892
40.5159227848053,2.4725106325758257
40.51817750930786,2.4724218216445233
40.52043128013611,2.47261851699573
40.5226833820343,2.4731132356063408
40.52493643760681,2.473115023745897
40.52719259262085,2.471447285586272
40.5294463634491,2.47206836605887
40.53169822692871,2.4724855986220358
40.53395128250122,2.4734589425872495
40.536208629608154,2.4756988854049307
40.538461208343506,2.47419386794494
40.54071402549744,2.474318441667371
40.54296517372131,2.4738284914289106
40.54521822929382,2.474460896785366
40.54746985435486,2.474932965628262
40.54972195625305,2.478111681713066
40.55197358131409,2.47542410795976
40.55422639846802,2.475806173778316
40.55647921562195,2.476741966812845
40.558730602264404,2.477429208449031
40.56098413467407,2.477584180543921
40.56323552131653,2.4783745382278606
40.56548833847046,2.461158926625124
40.56779503822327,2.416888763533683
40.57013487815857,2.4054488426981977
40.57243013381958,2.418899824488142
40.5746853351593,2.422086289177691
40.57693862915039,2.428039601807547
40.57919120788574,2.432843736749141
40.58144497871399,2.439080171475431
40.58369708061218,2.441773705693925
40.58595013618469,2.456326777497146
40.58821702003479,2.450670296033656
40.59046983718872,2.454440886311637
40.59272360801697,2.4593487333475035
40.59497594833374,2.463320787348841
40.59722876548767,2.4610117031349783
40.59948110580444,2.4698260390551137
40.60173463821411,2.4745097725999083
40.60398602485657,2.47665434797458
40.606239557266235,2.48017519476118
40.60849356651306,2.4825945475810225
40.610745906829834,2.4866256101877227
40.61300039291382,2.490499316513457
40.61525368690491,2.497813999392271
40.61750626564026,2.496527134958164
40.619757890701294,2.499324381270931
40.622010469436646,2.501182258270056
40.62426400184631,2.503780425045541
40.626516580581665,2.5061401732135025
40.628769397735596,2.50852197510266
40.63102126121521,2.5105240953593366
40.63327479362488,2.5122830286363396
40.63552784919739,2.5139769928427924
40.637781620025635,2.5158420224001437
40.640034198760986,2.518040241961508
40.64228796958923,2.5199976587292743
40.644540786743164,2.5196638726787417
40.64679312705994,2.5228056338793796
40.64904594421387,2.5233462480719386
40.651299238204956,2.52439588599156
40.653552770614624,2.523802223658827
40.6558051109314,2.5242504506409706
40.658058166503906,2.5248387485550343
40.660311222076416,2.5249972969290373
40.66256260871887,2.5248721271600876
40.66481590270996,2.5248101383221315
40.667067527770996,2.52388567017146
40.66932225227356,2.523184123418823
40.67157459259033,2.519706788028096
40.67382764816284,2.5234022764447066
40.676079511642456,2.523472609933926
40.678332805633545,2.536707226837543
40.680585861206055,2.5221809771276686
40.68283724784851,2.5344523828568915
40.6850905418396,2.520126404777337
40.687479734420776,2.514360846800905
40.68974232673645,2.515290083323727
40.69199562072754,2.514537276570472
40.6942503452301,2.5142774002882717
40.69650435447693,2.5001618266298564
40.69875621795654,2.51222282793794
40.70100951194763,2.5097349297684346
40.70326495170593,2.4983099100959194
40.70552682876587,2.497192918919673
40.707780599594116,2.4960914249529154
40.71003460884094,2.495881020531776
40.712289571762085,2.495433389596151
40.71454167366028,2.494022547486132
40.716795444488525,2.494022547486132
40.7190477848053,2.4936273686441623
40.7213020324707,2.4930372825905422
40.72355365753174,2.492416202117944
40.725807666778564,2.491854130250708
40.72806000709534,2.4887201176548146
40.73031258583069,2.488777934167139
40.7325656414032,2.4871578797290184
40.73481750488281,2.495409547735399
40.73707151412964,2.479805049873
40.73933148384094,2.482428250602275
40.741586208343506,2.4826624968841666
40.74383902549744,2.4826624968841666
40.74609303474426,2.4829676727017964
40.74834656715393,2.4831262210757994
40.750598669052124,2.4837127308503066
40.75285196304321,2.483708558524675
40.75510263442993,2.4839368443413785
40.7573561668396,2.483699021780374
40.759608030319214,2.495132386104153
40.76186227798462,2.484834490398704
40.764113903045654,2.486136255995781
40.7663676738739,2.4805089808117127
40.76862120628357,2.487640677409253
40.770873069763184,2.4884036169533275
40.77312636375427,2.4898365127845423
40.775378942489624,2.4911811937309736
40.777631759643555,2.4922975888607013
40.779884815216064,2.4933043114309683
40.78213810920715,2.494650184470437
40.784390926361084,2.4961778516981425
40.78664231300354,2.4977603552055783
40.78889584541321,2.498703300798333
40.79114747047424,2.50001996755838
40.79340100288391,2.501182258270056
40.795653343200684,2.5025942924731126
40.79790639877319,2.5043973331925073
40.80015802383423,2.5054541236703542
40.80241632461548,2.5074008116007818
40.804670572280884,2.5092753779024335
40.806923151016235,2.5092962395305918
40.80917763710022,2.50017493965327
40.811429262161255,2.5097879779086085
40.813730239868164,2.489157019753101
40.81602668762207,2.4904039490704477
40.81829357147217,2.4978032705549325
40.82054805755615,2.461903984773634
40.82285761833191,2.4613025738361567
40.825143814086914,2.4430963329191604
40.82744121551514,2.458219821240881
40.829710721969604,2.4633017138602393
40.831963300704956,2.4610790563916036
40.83422017097473,2.4758139223830606
40.83647608757019,2.4805864668591577
40.838728189468384,2.495343386571811
40.84098243713379,2.4939492337643188
40.8432343006134,2.499209344292801
40.84548735618591,2.503805458999331
40.84773850440979,2.508979142782586
40.8499915599823,2.50815183021448
40.85224437713623,2.4987700580084393
40.85449552536011,2.4909880746588797
40.85674834251404,2.484698591792416
40.85899996757507,2.4786725614872647
40.86125731468201,2.4611422373225973
40.86351037025452,2.4610021663906774
40.86576437950134,2.4631831006029965
40.86801743507385,2.455488140045183
40.87027192115784,2.4518707337225356
40.87252593040466,2.4497988760231584
40.8747775554657,2.4460604722571935
40.87703061103821,2.4431386522219958
40.8792827129364,2.421906283129011
40.88153553009033,2.4388661907751787
40.88378715515137,2.436920694937789
40.88604021072388,2.435587338875215
40.88829278945923,2.434040002112389
40.89054465293884,2.432827643493133
40.89279747009277,2.4315437592916203
40.89504861831665,2.428875259026916
40.897303342819214,2.4292054687983358
40.89955472946167,2.4289271150740523
40.90180826187134,2.4241229801324584
40.90406513214111,2.4219420459201393
40.90632081031799,2.4221286084805262
40.90857458114624,2.422154238480835
40.910826444625854,2.4249836713056174
40.9130802154541,2.4261173517843906
40.91533184051514,2.4267116101636423
40.91758489608765,2.4295166050811536
40.919835805892944,2.432243517904701
40.92208957672119,2.4342778246733934
40.9243426322937,2.437361769361707
40.926594734191895,2.438890032635931
40.928858280181885,2.4398806619501903
40.931113719940186,2.4436119131579295
40.93337059020996,2.4497082769522995
40.93562388420105,2.4691614471866425
40.9378776550293,2.4835112671269495
40.94012951850891,2.4974176284572636
40.94238352775574,2.5000336766283127
40.94463753700256,2.5197705650056084
40.946890115737915,2.533368770285698
40.949143409729004,2.544247811346985
40.95139455795288,2.5543025200727607
40.95364785194397,2.5636103825104692
40.955899715423584,2.5718692030750754
40.95815300941467,2.5784149859446273
40.960407733917236,2.5866302951133604
40.96266317367554,2.593141507284821
40.96491622924805,2.5988695143305676
40.96716809272766,2.604523015561463
40.96942114830017,2.609627557948537
40.97167253494263,2.613769485207735
40.973925828933716,2.617215230132965
40.97617721557617,2.6172629138544696
40.97843956947327,2.623237088112484
40.980693340301514,2.6249566823192456
40.98294520378113,2.625274971160289
40.985199213027954,2.6268717797841763
40.987452030181885,2.6274678263029845
40.98970580101013,2.6282164607306076
40.99195742607117,2.6174745103686465
40.9942102432251,2.6198730015603306
40.99649000167847,2.616326524773422
40.99874687194824,2.615633918718567
41.00100064277649,2.6148143547552056
41.00325274467468,2.6134762303204813
41.00550603866577,2.6125744119375245
41.00775766372681,2.6097628605083063
41.010011196136475,2.6059475667414147
41.01226449012756,2.603622985318063
41.01451563835144,2.599850010854007
41.01677131652832,2.5830635527448123
41.01905608177185,2.58049399620223
41.021321058273315,2.578158089895021
41.023576498031616,2.5718280758652776
41.02583122253418,2.569611974908349
41.028083086013794,2.567281433019809
41.03033638000488,2.5587996910571684
41.03259062767029,2.5621375515624942
41.034841775894165,2.5600710582817863
41.03709530830383,2.5577983329055707
41.03934717178345,2.5555333561340996
41.041600465774536,2.552458352143568
41.04385256767273,2.550360864443882
41.04610633850098,2.5440761499495683
41.048362255096436,2.539313142217772
41.05061459541321,2.540049855715019
41.052868127822876,2.5367853089315067
41.05512070655823,2.5347903412330557
41.057374238967896,2.532903854001028
41.05962586402893,2.5294086372147366
41.061880111694336,2.5366798086976776
41.06413173675537,2.524547877853856
41.06638479232788,2.523662152726907
41.06863760948181,2.5216099645626504
41.070889472961426,2.4928966156121035
41.073211431503296,2.4453243548064654
41.07553720474243,2.4170485040007237
41.07785487174988,2.4336936990849614
41.08013415336609,2.4364122672572455
41.08239150047302,2.441500120341792
41.0846471786499,2.456342274706635
41.08689999580383,2.448019677164516
41.08915376663208,2.4521043839579084
41.09140658378601,2.4561980314490834
41.09366011619568,2.460043127541915
41.09591245651245,2.4650576669046482
41.09816646575928,2.4690410457898433
41.1004204750061,2.474355992598056
41.1026725769043,2.4713686074457892
41.10493278503418,2.476440963320847
41.10718536376953,2.4815317966379875
41.10943865776062,2.486372886463748
41.111698150634766,2.4897870409234812
41.11395192146301,2.494392692374312
41.11620855331421,2.498314082421551
41.11846041679382,2.502289116655483
41.12071418762207,2.5070193418287445
41.122966289520264,2.510708869780167
41.12522006034851,2.5148496049463276
41.127471685409546,2.5168421884587038
41.12972593307495,2.521394195722842
41.13197684288025,2.5246432452968652
41.13422989845276,2.5282564792938804
41.13648271560669,2.5344404619265153
41.138734102249146,2.5358745498507678
41.14098811149597,2.5395819591977546
41.143240451812744,2.541700308525599
41.145493507385254,2.5454434806637143
41.14774560928345,2.5482633767441962
41.14999794960022,2.55085200677538
41.15225076675415,2.5530937377326177
41.154502391815186,2.555432624272421
41.15675592422485,2.539170687099777
41.15900754928589,2.559867210372354
41.16126084327698,2.5617739631860212
41.163511991500854,2.5637212471629676
41.16576600074768,2.575695821725824
41.168017625808716,2.5662234504489243
41.170270681381226,2.5678828439572863
41.172523975372314,2.575931260100753
41.17477631568909,2.5700238430528453
41.177029848098755,2.5700327837506274
41.17928171157837,2.575844237309007
41.18153476715088,2.5757190675400574
41.183786392211914,2.5704863751514404
41.18604063987732,2.569580384442852
41.18829393386841,2.568902679550967
41.190675258636475,2.5629875138983147
41.19294023513794,2.563132353202385
41.19519305229187,2.5623789504026115
41.197447299957275,2.561523623648122
41.19969964027405,2.5605866385205553
41.20195293426514,2.57345230262903
41.20420742034912,2.557831711510624
41.206459045410156,2.556625909403075
41.208712577819824,2.539090220819738
41.210965394973755,2.5392040657048303
41.21321892738342,2.550964659567435
41.21547055244446,2.5500491321145455
41.217724084854126,2.54775137278454
41.2199764251709,2.5392505573332973
41.222229957580566,2.539282743845313
41.2244827747345,2.539978330132762
41.22673487663269,2.534388605879379
41.22898840904236,2.53587335775773
41.231239318847656,2.533748451918179
41.233492612838745,2.5318458714301433
41.23574495315552,2.5299313700117314
41.237998485565186,2.52838164906283
41.24025201797485,2.5195220136072654
41.24251127243042,2.5188776873204337
41.24476671218872,2.5172218700911846
41.247029304504395,2.517133655206401
41.24928593635559,2.5131717339958826
41.2515389919281,2.5120106353772442
41.25379180908203,2.510420979311583
41.256043434143066,2.5089123855724793
41.25829744338989,2.507629693464004
41.26055026054382,2.50625640228467
41.262802839279175,2.5046548252886325
41.265064001083374,2.5032261017830493
41.2673180103302,2.5001528859320743
41.26957368850708,2.496266066582926
41.271825313568115,2.4954131240145117
41.274083852767944,2.494439184002779
41.27633810043335,2.493429481199918
41.278589725494385,2.4919894328104775
41.28084325790405,2.4899038660411676
41.28309607505798,2.489300070917615
41.28534960746765,2.487541733687131
41.287601470947266,2.4870207890296925
41.289854764938354,2.485170660635312
41.29210686683655,2.4848607164455316
41.29436016082764,2.483882008061648
41.29661273956299,2.4835112671269495
41.29886436462402,2.497615515901508
41.301117181777954,2.483564911313642
41.30336952209473,2.4761399598288487
41.305625438690186,2.478506264508517
41.307878494262695,2.478546795671796
41.310139417648315,2.4784985159037727
41.31239318847656,2.461142833369116
41.31464457511902,2.4731019107224834
41.31694746017456,2.452099019539239
41.31924295425415,2.4516007246495155
41.32151460647583,2.445984178302786
41.32381868362427,2.4106696141564385
41.32614707946777,2.412567426272324
41.32846212387085,2.4024912598718715
41.330724000930786,2.418387224481967
41.33298134803772,2.4251201659584245
41.33523416519165,2.4320331134835618
41.33749222755432,2.438850097519171
41.33974504470825,2.4455532366696877
41.34199905395508,2.4520602765155166
41.34425210952759,2.458038623099163
41.34650468826294,2.4642947273605738
41.348759174346924,2.470751103252304
41.35101103782654,2.4772646996098397
41.353264570236206,2.482642231302527
41.35551643371582,2.4896147834795457
41.357770919799805,2.495200335407297
41.36002254486084,2.5010684133849637
41.36227583885193,2.508686483941851
41.364532470703125,2.5115522756042807
41.366785764694214,2.5155642647223786
41.36904191970825,2.520275416407039
41.371294260025024,2.524892392741727
41.37354826927185,2.5296828186133884
41.3758008480072,2.53432304076231
41.37806010246277,2.5382998631357983
41.380314111709595,2.542707031095866
41.382566928863525,2.5471308883584607
41.38482046127319,2.5489810167528413
41.387072801589966,2.5524351063293347
41.38932681083679,2.539291684543095
41.391579151153564,2.5573012301088847
41.39383244514465,2.559662170369884
41.396084785461426,2.5617793276046905
41.39833855628967,2.5626620724990454
41.40059304237366,2.5757429094008097
41.40284585952759,2.5655457455570394
41.40509867668152,2.575844237309007
41.40735101699829,2.5685307465232308
41.40960478782654,2.575869867309316
41.41185688972473,2.575732180563471
41.41411066055298,2.569735952584261
41.41636419296265,2.568350144428032
41.41861581802368,2.5686648569899626
41.42087006568909,2.567901917445888
41.42312264442444,2.5680658302385604
41.425376176834106,2.5685623369887276
41.42762756347656,2.5677976093050967
41.42988061904907,2.5672116955771083
41.43213224411011,2.57583291242515
41.43438506126404,2.57324726262656
41.436638593673706,2.5652220922973266
41.43889093399048,2.564437695078575
41.441144704818726,2.575754830331186
41.44339656829834,2.5630095676195106
41.44565033912659,2.5619319155135054
41.44790244102478,2.5605329943338626
41.45015549659729,2.5602629852608425
41.45240902900696,2.559356994552254
41.45466136932373,2.5595304440892273
41.45692586898804,2.558776445242935
41.45917820930481,2.539223735239951
41.46143126487732,2.555389708923067
41.46368384361267,2.55512804450131
41.46593737602234,2.5541886751876683
41.46819710731506,2.5539019768121216
41.47045016288757,2.5530913535465425
41.4727041721344,2.552511400283742
41.474955797195435,2.5510808886386025
41.47720909118652,2.551651305157102
41.47946047782898,2.5504842460732755
41.48171424865723,2.5593462657149155
41.48396587371826,2.579956362242265
41.48621964454651,2.5948980563757487
41.488473653793335,2.6091358195705197
41.49072599411011,2.617476298508203
41.492979526519775,2.617476298508203
41.49523138999939,2.653935868017181
41.49748492240906,2.6545646970945236
41.49973678588867,2.6563915796746707
41.50199007987976,2.670301517284097
41.5042507648468,2.672593912195434
41.5065062046051,2.6774642083006155
41.508761405944824,2.6759317727007597
41.51101350784302,2.688469015177371
41.513267040252686,2.693565212913181
41.5155189037323,2.695448123866096
41.51777243614197,2.698210203434253
41.52002429962158,2.70117732300488
41.52227807044983,2.7029356602353642
41.5245316028595,2.7032003048897155
41.52678442001343,2.702880227909115
41.52903890609741,2.7024975660440402
41.53129029273987,2.702519619765236
41.533543825149536,2.7026275041851404
41.53579568862915,2.702740753023714
41.53804922103882,2.7024057748801438
41.54030203819275,2.7014068009146213
41.54255294799805,2.7009025455597095
41.544806241989136,2.6991036771659465
41.54705810546875,2.6965144510882437
41.54931139945984,2.6952436799101447
41.55156326293945,2.694348418038895
41.55381631851196,2.6923486819682934
41.556068658828735,2.690267883571134
41.558321475982666,2.692900024998191
41.560574769973755,2.68781932447187
41.562827587127686,2.685737333981673
41.56508207321167,2.68361838860731
41.56733465194702,2.6823428490570604
41.56958842277527,2.680955848807794
41.57184052467346,2.6784774873825894
41.574126958847046,2.6216909434426956
41.57662010192871,2.5200614357067868
41.57898712158203,2.4015119554414697
41.58135414123535,2.3802754140228526
41.58367967605591,2.3439928703299606
41.586012840270996,2.286460076148519
41.58835005760193,2.238404421616128
41.59072685241699,2.2255643875079616
41.593053102493286,2.2059425361087963
41.59537601470947,2.1928736201374077
41.59772348403931,2.178945801132417
41.60004639625549,2.1634783939693443
41.60237431526184,2.1445419960668084
41.60472655296326,2.109556449598843
41.607078075408936,2.1160336871187315
41.609456300735474,2.1028610590530703
41.61181831359863,2.051872855648143
41.61420392990112,2.079252848536116
41.616528272628784,2.0937838666181405
41.618837118148804,2.1046259527952613
41.621155977249146,2.116272105726255
41.62346315383911,2.1312310852087837
41.62577939033508,2.15348328989545
41.62809610366821,2.1830179909489145
41.63042998313904,2.188274525198284
41.632768630981445,2.207842732410757
41.63507032394409,2.2280904326546707
41.63738226890564,2.250034481291113
41.63968825340271,2.2637942151778
41.64202404022217,2.286120925679317
41.644351959228516,2.307855761987658
41.64666247367859,2.309251106888188
41.64900803565979,2.285400901484597
41.651334285736084,2.268607886863695
41.65371060371399,2.285747800558543
41.656079053878784,2.2761860223038224
41.65842342376709,2.257414729286996
41.66074347496033,2.2747805446124727
41.66302967071533,2.28439417891433
41.66534161567688,2.3349574011513474
41.66781949996948,2.417124797955131
41.67015719413757,2.4986115096344363
41.672414779663086,2.5644949155443806
41.67467975616455,2.6197835945825094
41.67693901062012,2.6725772228929072
41.67919135093689,2.7384951995009423
41.68144655227661,2.7932069055088644
41.6836998462677,2.847137790577148
41.685954570770264,2.89958928818575
41.68821120262146,2.949599975299832
41.69046401977539,2.9939082853684766
41.69271802902222,3.0422446778112264
41.694976806640625,3.0604884696589076
41.697232246398926,3.098677766165467
41.699620723724365,3.1294063483961043
41.70195698738098,3.161889095531594
41.70424818992615,3.1641099648606734
41.70650386810303,3.2066074856051787
41.70875859260559,3.228394774007174
41.711010456085205,3.2422963669653377
41.71327090263367,3.2527247968584057
41.715524673461914,3.2664302905118814
41.71777820587158,3.2778934571616003
41.72003102302551,3.282726798382616
41.72228407859802,3.2815215923215857
41.724539041519165,3.2861701591217707
41.72679114341736,3.2873539075081237
41.729044675827026,3.2850233656195837
41.7313129901886,3.281619939997189
41.733569860458374,3.271117600335789
41.73582720756531,3.259883315549292
41.73808312416077,3.2537535731498686
41.74033713340759,3.243103413951804
41.742589712142944,3.2273057970173116
41.74484395980835,3.2155142087357294
41.747095584869385,3.202329659739692
41.749348878860474,3.180765292735731
41.751609086990356,3.16507198394203
41.753868103027344,3.147511857451422
41.75612139701843,3.1306425488761125
41.75837516784668,3.11304487145482
41.76063084602356,3.0934271923812857
41.76288390159607,3.0746362298293386
41.765137672424316,3.0542210405136396
41.76738929748535,3.035788897966015
41.769646406173706,3.00796485042153
41.77193784713745,2.9894373404308965
41.77419352531433,2.9680792055224425
41.77644729614258,2.9492191015743137
41.77869915962219,2.917929043522959
41.7809522151947,2.8952035779003595
41.78320384025574,2.871246680169902
41.785457134246826,2.8535464827473738
41.7877082824707,2.8306582964251397
41.79002237319946,2.8144052999502778
41.79228639602661,2.795169090648781
41.794538259506226,2.7734807459689077
41.79679203033447,2.761875720247712
41.79904365539551,2.7516541184966705
41.80129957199097,2.7221116688384615
41.803566217422485,2.690702997529864
41.80582666397095,2.681200823927024
41.80807876586914,2.6679918370237155
41.81033205986023,2.6562497206031943
41.81258511543274,2.6387664841135123
41.81483745574951,2.617274834784846
41.817095041275024,2.611576034018521
41.81936693191528,2.601493311106361
41.82161998748779,2.590475391206192
41.8238730430603,2.5770548077887065
41.82617545127869,2.5521645012097958
41.82847356796265,2.5461444313698327
41.83073091506958,2.536001507759274
41.833051681518555,2.494650184470437
41.835373878479004,2.4919494976937173
41.837663412094116,2.46948271626028
41.8399555683136,2.4795177554509347
41.84222364425659,2.472254332572738
41.84447979927063,2.4747386544631307
41.84673619270325,2.4609890533672636
41.84899067878723,2.47754960984583
41.851242780685425,2.4812856294257197
41.85349726676941,2.482459245021253
41.85574960708618,2.486624418094685
41.85800385475159,2.49785453055555
41.86025786399841,2.4926415077020536
41.86250948905945,2.47976511475624
41.86476993560791,2.4871519192638303
41.867023229599,2.4913027872208104
41.869277238845825,2.494784294937169
41.871530055999756,2.4994966387148665
41.873791217803955,2.498541176145217
41.876044034957886,2.5049123173847576
41.878297328948975,2.5088956962699527
41.880553245544434,2.508903444874697
41.882805824279785,2.5008663536150877
41.88506007194519,2.5130918637623623
41.8873131275177,2.51874953731889
41.88956665992737,2.526232305316008
41.8918194770813,2.526275220665362
41.89407515525818,2.5329330602804494
41.89632821083069,2.5385204003477573
41.898579359054565,2.5392684387288615
41.900832653045654,2.5390633987263915
41.903085470199585,2.5463774855586867
41.90535092353821,2.539360229892758
41.907604694366455,2.5510999621272044
41.90986680984497,2.556489414750268
41.912121295928955,2.5590518187346243
41.91437554359436,2.5660017211439277
41.916629791259766,2.569517799558377
41.91888236999512,2.5737670151909606
41.92113661766052,2.5727328744808284
41.92340087890625,2.556948966616269
41.92565965652466,2.5643435197286033
41.92791199684143,2.5678256234914807
41.93016767501831,2.5723573651739793
41.932422161102295,2.5702098095667134
41.93467569351196,2.576108285916839
41.9369330406189,2.5792995189785386
41.93918585777283,2.5842967729922264
41.94144010543823,2.578309485710798
41.943692445755005,2.5885972486254274
41.945948123931885,2.5902310121334806
41.948211908340454,2.5930503121674433
41.950464963912964,2.594474267300876
41.95271968841553,2.5902250516682925
41.9549720287323,2.594108294738328
41.95722579956055,2.596339296858227
41.959476947784424,2.597211908961762
41.961730003356934,2.593722652640659
41.96398210525513,2.5929918996086
41.96624231338501,2.5941458456690127
41.96849608421326,2.5956407303381837
41.97074818611145,2.594188761018367
41.97300148010254,2.594604801488495
41.975252866744995,2.58068413504173
41.97751307487488,2.5799188113115803
41.97976803779602,2.578825661996086
41.98202157020569,2.5738415210058117
41.984275579452515,2.5578740308134593
41.986528158187866,2.5621143057482607
41.988781690597534,2.56252975017187
41.99103593826294,2.561239905505169
41.993289947509766,2.557179636619048
41.9955472946167,2.5561919875373826
41.99780058860779,2.5561526484671413
42.0000524520874,2.5530818168022416
42.00230669975281,2.552353447956258
42.00455951690674,2.5393578457066828
42.00681138038635,2.5393345998924493
42.00906419754028,2.539257709891523
42.01131582260132,2.541569178291461
42.01357126235962,2.536694113814129
42.01582217216492,2.534345690530025
42.01807618141174,2.53684372149035
42.02032971382141,2.5321498551547355
42.022581577301025,2.524239721803632
42.0248384475708,2.520793380831883
42.027090072631836,2.520342769663664
42.029343366622925,2.5171473642763336
42.0315957069397,2.515487970767971
42.033849000930786,2.512530387941645
42.03610157966614,2.51267284305964
42.038355112075806,2.50865191324376
42.040608644485474,2.5075533995095967
42.04286074638367,2.461130316392221
42.045122146606445,2.4954113358749552
42.04737663269043,2.4834302048003916
42.049631118774414,2.482738790838574
42.051884174346924,2.479569611498071
42.054139852523804,2.475051578885505
42.05639600753784,2.478195724272218
42.058648347854614,2.476377782389853
42.060901165008545,2.4609669996460677
42.06315493583679,2.477093038212423
42.0654079914093,2.461199457788403
42.06765913963318,2.475660142381208
42.06991362571716,2.4756929249397426
42.072182178497314,2.441658668715795
42.07448697090149,2.456072265633615
42.07675051689148,2.455752188653015
42.07900309562683,2.4566492386638212
42.081257343292236,2.458113128914014
42.08351135253906,2.424487760601969
42.0858416557312,2.3789456342393915
42.08817005157471,2.3661091764103386
42.090505599975586,2.3840781908128488
42.09276819229126,2.388257072956213
42.09502077102661,2.396536159102459
42.09727478027344,2.401200819158652
42.09952688217163,2.408175755521745
42.10178089141846,2.4080660829622844
42.1040415763855,2.4024411919642916
42.10630488395691,2.4024906638253527
42.10855984687805,2.413583089540373
42.110811710357666,2.4196562075205095
42.11307072639465,2.418203642154174
42.11532378196716,2.4220499303400436
42.11757731437683,2.4297848260146173
42.1198296546936,2.435052089101325
42.12208294868469,2.437429718664851
42.1243371963501,2.4423655798871016
42.12658882141113,2.4436178736231176
42.12884259223938,2.444747977822778
42.13111233711243,2.4415615131332293
42.133373498916626,2.456258828194002
42.135627031326294,2.4448046022420646
42.13788151741028,2.445974641558485
42.14013338088989,2.4477073487886605
42.142390727996826,2.440705590332221
42.14464569091797,2.4427798322176733
42.146897077560425,2.440344982188342
42.14915084838867,2.4415114452256494
42.151402711868286,2.438803009844185
42.15365791320801,2.4404027987006662
42.15591025352478,2.436761550517267
42.158164262771606,2.435897283064995
42.160417556762695,2.4324044504647793
42.16266918182373,2.4037936215154674
42.16493797302246,2.406769085737358
42.167192220687866,2.405049491530596
42.16944670677185,2.402423906615246
42.17170023918152,2.3951896900164713
42.17395639419556,2.3921134939329023
42.17621946334839,2.387362407131482
42.17847204208374,2.385855005485416
42.18072557449341,2.381267831476668
42.1829776763916,2.3788311933077804
42.18523168563843,2.374400779533479
42.18748331069946,2.3679825506189527
42.18973636627197,2.3439523391666817
42.19198775291443,2.346630376175687
42.194241523742676,2.344239633588747
42.196494579315186,2.3403700995886445
42.19874620437622,2.338554541892355
42.201014041900635,2.3390844272475753
42.20326781272888,2.3251798540568176
42.20567464828491,2.316248096972477
42.20793628692627,2.3178007981539723
42.210190773010254,2.313503898799884
42.21244502067566,2.311049379235432
42.21469712257385,2.304987586139153
42.2169508934021,2.306304848945719
42.21920299530029,2.3029759291381753
42.2214560508728,2.294041787867759
42.22371315956116,2.28538421218207
42.22597002983093,2.265809448457891
42.22823238372803,2.283203277969751
42.23048758506775,2.283625874951586
42.232745885849,2.2772666546424216
42.23499894142151,2.279623422577789
42.2372522354126,2.2819599249315172
42.23950409889221,2.2816821672537526
42.24175667762756,2.282858167035361
42.24400854110718,2.28438404612351
42.24626135826111,2.2873720273222955
42.24851417541504,2.285198245668202
42.250765800476074,2.293771778794739
42.25302004814148,2.288976584550927
42.255271911621094,2.28740480988083
42.25753712654114,2.2935488573967047
42.25979661941528,2.295990263937743
42.262052059173584,2.2957798595166037
42.264307498931885,2.2986873744353504
42.266560316085815,2.3050758010239365
42.26881456375122,2.3094358813090183
42.271066427230835,2.314936794631099
42.273319721221924,2.3191138886349068
42.275572061538696,2.324245849161845
42.27782607078552,2.329723516669693
42.280078649520874,2.3348864716156092
42.282331705093384,2.335139195339584
42.28458547592163,2.342071812399842
42.286837577819824,2.343815248467356
42.28909993171692,2.353363317652144
42.29135584831238,2.3413088728557674
42.293623208999634,2.333202640199976
42.295878171920776,2.3357495469748435
42.29813528060913,2.344022076609382
42.30038905143738,2.3542597716164315
42.302640438079834,2.36092237960367
42.304898500442505,2.363475842890244
42.30715227127075,2.3737814872004375
42.30940628051758,2.3835947970860953
42.311657667160034,2.3868945106142174
42.31391477584839,2.3947074883827555
42.31616687774658,2.40448741966336
42.3184449672699,2.4127611413909364
42.320698738098145,2.4220165517349903
42.322951793670654,2.421973636385636
42.325209856033325,2.4355891270147714
42.327462673187256,2.4586370538040465
42.32971787452698,2.436563067026504
42.33201217651367,2.4220743682473147
42.33431625366211,2.4221065547593303
42.33664584159851,2.380618736817686
42.33896827697754,2.3893615471555645
42.34129548072815,2.3947051041966803
42.343562602996826,2.4025782826636175
42.34581923484802,2.4177458784277293
42.348071575164795,2.4219068791755296
42.35032653808594,2.4439653687435827
42.35258340835571,2.4404862452132994
42.35484337806702,2.4559435195855523
42.3570990562439,2.466345127385274
42.35935139656067,2.478313741482942
42.36160492897034,2.4869337662379465
42.36385703086853,2.4969276782188032
42.366111040115356,2.505787313674368
42.3683648109436,2.5150302070415265
42.370617389678955,2.5227662948091383
42.37287092208862,2.523053589231204
42.375123739242554,2.532797161674161
42.3773775100708,2.5343593995999574
42.37963509559631,2.5413718868937356
42.38189148902893,2.5405392099069606
42.38414406776428,2.546444242768793
42.38639783859253,2.539080684075437
42.388651847839355,2.553745216577675
42.39090538024902,2.5555178589246106
42.39315867424011,2.5390878366336627
42.395411252975464,2.5393554615206075
42.39766502380371,2.549572294899499
42.399916648864746,2.55132228747872
42.40217423439026,2.5455644781070323
42.4044303894043,2.5390639947729103
42.40668535232544,2.548208540464466
42.40893864631653,2.5538829033235197
42.41119074821472,2.544593518327894
42.41345572471619,2.5343093316923775
42.415711641311646,2.536697094046723
42.41796541213989,2.5268420609047486
42.42022895812988,2.524566951342458
42.4224808216095,2.534376088902484
42.42473387718201,2.5366219921853532
42.4269859790802,2.5216403629351096
42.42923855781555,2.5202944898956408
42.43149137496948,2.5112107409490037
42.433746576309204,2.509326637903051
42.4360032081604,2.507129610434724
42.43825650215149,2.5059404976297017
42.44050931930542,2.5021967294450675
42.44276142120361,2.4939563863225445
42.44501566886902,2.4920448651367266
42.44726753234863,2.490430771163794
42.4495210647583,2.4976637956695313
42.45177435874939,2.484373746439665
42.45402789115906,2.495175301453507
42.456281661987305,2.4610575987169265
42.458534240722656,2.4746152728337374
42.46078824996948,2.4703082406888295
42.463040828704834,2.4615916563977787
42.46529817581177,2.4575063535578674
42.4675498008728,2.456970507737459
42.46980404853821,2.4506631434754302
42.47205662727356,2.44085102568281
42.47431302070618,2.4359777493450343
42.47656750679016,2.4336752216428783
42.47881865501404,2.429145864146455
42.48107147216797,2.426743200629139
42.483323097229004,2.4241503982723236
42.48557734489441,2.4228218105819
42.4878294467926,2.4203333163658756
42.49008369445801,2.4189665816982484
42.4923369884491,2.410770942064636
42.49459409713745,2.4055805689788543
42.496851444244385,2.390837358336134
42.499104022979736,2.3932751885980594
42.501357316970825,2.393714474882421
42.50360870361328,2.387199686431847
42.50586795806885,2.3878386483000096
42.50812101364136,2.383424327781716
42.510374546051025,2.385394857572896
42.51262903213501,2.3845675450047903
42.51488184928894,2.386398599910569
42.51713562011719,2.382956431264452
42.51938843727112,2.3904183376334114
42.521642208099365,2.3884579406330513
42.523895502090454,2.38941876762137
42.5261492729187,2.3914638032274014
42.528403520584106,2.392406748820156
42.53065586090088,2.4000367403074194
42.532909870147705,2.3894038664584
42.535163164138794,2.3954167837401372
42.53741645812988,2.397616791441058
42.539668798446655,2.4014159919519416
42.54192352294922,2.4030598882508145
42.54417562484741,2.405010152460355
42.54642987251282,2.410049725776878
42.548683643341064,2.4123689427815607
42.55093550682068,2.415216853048426
42.55319952964783,2.382868812426187
42.55545425415039,2.404133964077707
42.55770802497864,2.405811835028152
42.559959173202515,2.417038371209904
42.5622124671936,2.4087688218079593
42.564467668533325,2.4123170867344244
42.566720485687256,2.4195012354256193
42.5689742565155,2.4196091198455236
42.571226596832275,2.4226227310446182
42.573482275009155,2.4261179478309094
42.575735330581665,2.4293586527536695
42.57798957824707,2.4220070149906894
42.580243825912476,2.436802081680546
42.58249616622925,2.431935957900996
42.58474946022034,2.421174338003914
42.587058544158936,2.3861446840935567
42.589396953582764,2.382965371962234
42.59168100357056,2.3901840913515198
42.59394669532776,2.382871196612262
42.596214056015015,2.4028018001081706
42.59846758842468,2.394423174193284
42.60072159767151,2.3896065222747946
42.60297417640686,2.4000206470514116
42.60522770881653,2.41721539702599
42.60747957229614,2.417019297721302
42.60973262786865,2.4250772506090703
42.611984968185425,2.419433882168994
42.61424994468689,2.428073576459119
42.61650562286377,2.4338641683893405
42.618757247924805,2.443135075942883
42.62101078033447,2.4487325488010105
42.6232635974884,2.450499826729277
42.62551712989807,2.4579974958893653
42.627769470214844,2.461009914995422
42.63002324104309,2.4719145860570175
42.63227701187134,2.4771788689111314
42.63452935218811,2.4824771264168173
42.63678288459778,2.4884435520700876
42.63903474807739,2.4953266972692845
42.64128804206848,2.4958851928574077
42.64354062080383,2.499075829872588
42.64579367637634,2.5034436587624143
42.64804553985596,2.509929836980085
42.650298833847046,2.5131663695772133
42.652551889419556,2.5128176823637105
42.654804944992065,2.5162771363588736
42.657058238983154,2.5202229643133838
42.65931177139282,2.5238814978458284
42.66156601905823,2.526334825317243
42.663816928863525,2.5294497644245344
42.666069984436035,2.531483475146708
42.6683235168457,2.5350764435620836
42.6705756187439,2.5368818684675536
42.672829389572144,2.512806953526372
42.67509150505066,2.5208857680422985
42.67734909057617,2.5342312495984136
42.679601430892944,2.52546102112067
42.68185544013977,2.5238040117983833
42.68410873413086,2.523978653428394
42.686362504959106,2.526639405088354
42.68861699104309,2.527847591381978
42.69086837768555,2.529130283490453
42.69312119483948,2.5291731988398074
42.69537711143494,2.5288316641845303
42.6976318359375,2.531190816305973
42.69988417625427,2.5250437885575043
42.70213723182678,2.514931859365923
42.70439147949219,2.5071433195046566
42.70664978027344,2.509895862328513
42.708905935287476,2.500176131746308
42.711331844329834,2.490828334191839
42.71362328529358,2.468955215091135
42.71588134765625,2.4471697148286955
42.71813678741455,2.436199478650031
42.72039222717285,2.4327400246548683
42.72264385223389,2.4273642811017373
42.72489786148071,2.4220260884792912
42.727150201797485,2.4397334384600446
42.729403257369995,2.4413284589443753
42.73165726661682,2.4354556125945583
42.73397183418274,2.4354728979436038
42.73625588417053,2.439636282877479
42.7385094165802,2.443759732694594
42.74076461791992,2.450017029049042
42.74301719665527,2.446027689698659
42.74527311325073,2.453747088163744
42.74752593040466,2.458163792868113
42.749781131744385,2.4633416489769995
42.75203275680542,2.466183002732158
42.75428652763367,2.469983395336079
42.75653958320618,2.4746516316713847
42.75879144668579,2.476579842159729
42.76105213165283,2.472515400947976
42.763322830200195,2.460972364064737
42.765583515167236,2.4769511791409466
42.767837047576904,2.479463515217723
42.77009153366089,2.483683524570885
42.77234506607056,2.48091548453754
42.77459764480591,2.4846807103968516
42.776851654052734,2.4865540846054657
42.77910351753235,2.497789561485
42.7813560962677,2.491443454199249
42.783607721328735,2.4930080763111206
42.785863161087036,2.4967429037979727
42.78811526298523,2.4952557677335463
42.790369510650635,2.5001779198858642
42.79262328147888,2.4797484254537134
42.79489016532898,2.4807056761629194
42.797149896621704,2.484517989697217
42.79940152168274,2.487497626244739
42.801655530929565,2.4843850713235227
42.80391001701355,2.4696811997510433
42.806164026260376,2.4764606328559675
42.80841779708862,2.479062971957084
42.8106689453125,2.482071218737509
42.81292247772217,2.497648894506561
42.81517434120178,2.4860206229711324
42.81742715835571,2.4867787941430564
42.81967902183533,2.4898204195285345
42.82193422317505,2.4846461396987607
42.824195861816406,2.488224206951166
42.826449394226074,2.4882414923002116
42.828702449798584,2.490605412793805
42.830954790115356,2.4976977703211034
42.833208322525024,2.4849542957489845
42.83546185493469,2.4867251499563636
42.83775210380554,2.4673464855368716
42.84005165100098,2.470872100695622
42.84231948852539,2.4721452560597963
42.844574213027954,2.443293028270367
42.84690451622009,2.430563262768181
42.84935545921326,2.4306884325371305
42.85161805152893,2.4220713880147207
42.85388422012329,2.4308153904456367
42.85613822937012,2.4370798393583106
42.85839509963989,2.445508533180777
42.86064839363098,2.4514105858100157
42.862900257110596,2.4504330695191703
42.86515474319458,2.458249623566821
42.867406606674194,2.4611112429036193
42.86966109275818,2.470194395803737
42.87191295623779,2.4611380649969656
42.87416648864746,2.482744751303762
42.8764226436615,2.4869838341455264
42.878673791885376,2.493501602828694
42.880926847457886,2.495539485876499
42.88317918777466,2.4977043268328103
42.88543748855591,2.500156462211187
42.88768982887268,2.50472098645222
42.889944314956665,2.5085452209168935
42.89220356941223,2.505572736927597
42.89445877075195,2.509910763491483
42.896714210510254,2.5001057982570885
42.898966789245605,2.517357172650954
42.90122032165527,2.5197336101214423
42.903472900390625,2.5218060638673383
42.90579175949097,2.5055250532060924
42.908045053482056,2.5122180595657895
42.9102988243103,2.5144079344758907
42.912553787231445,2.495341002385736
42.91481924057007,2.4998381733701436
42.91707921028137,2.504414022495034
42.919331312179565,2.5062581904242265
42.92158627510071,2.506695092522513
42.92384076118469,2.5001421570947358
42.926095485687256,2.5110784186218282
42.92834949493408,2.5131598130655064
42.93060255050659,2.5132504121363652
42.93285632133484,2.5144770758720725
42.935110330581665,2.516571583339165
42.937366247177124,2.5040426855138165
42.93962001800537,2.5001797080254207
42.94187378883362,2.5073793539261047
42.944127798080444,2.5054839259962947
42.9463837146759,2.5002518296541965
42.94863796234131,2.5105097902428852
42.950889587402344,2.51286298189914
42.95314383506775,2.5002899766314
42.95539569854736,2.5001803040719395
42.95765018463135,2.514742316572942
42.9599027633667,2.515585126350537
42.96215581893921,2.517096104275716
42.96441292762756,2.517919840564709
42.9666645526886,2.5198194408201506
42.96891760826111,2.5199374580308747
42.971168994903564,2.5181099794042088
42.97342491149902,2.500163018722894
42.97567677497864,2.5126460209662937
42.97792959213257,2.5132253781825753
42.98018169403076,2.516231836823444
42.982441902160645,2.50000506639541
42.98469638824463,2.5171723982301235
42.986947774887085,2.513561548419183
42.989201068878174,2.515212001229763
42.991453886032104,2.5169423242738636
42.99371099472046,2.5000312924422374
42.99596309661865,2.5187978170869134
42.99821639060974,2.518902125227705
43.00046944618225,2.536912266840013
43.0027220249176,2.5135037319068587
43.00497579574585,2.5186607263875875
43.00722813606262,2.5173589607905105
43.00948166847229,2.4927350870055065
43.011733293533325,2.4959477777418826
43.01398706436157,2.495670616110637
43.01624083518982,2.498963773127052
43.01849293708801,2.500763237567334
43.02074575424194,2.5042417650510984
43.02299690246582,2.503652871090516
43.02525043487549,2.5079646716075743
43.02750277519226,2.5000181794188236
43.02975583076477,2.5149270909937727
43.03200721740723,2.500033080581794
43.03426122665405,2.50929206720496
43.03651452064514,2.5103905809391236
43.03876614570618,2.512054742819636
43.04101920127869,2.5001683831415633
43.043275356292725,2.4912473548945613
43.04553270339966,2.4997857212764885
43.047786235809326,2.5015321375765964
43.05004072189331,2.505184710643853
43.05229353904724,2.5047639018015744
43.054545164108276,2.5091764341803113
43.056798219680786,2.51020223023918
43.0590500831604,2.514512242616682
43.06130361557007,2.5127986088751086
43.06355571746826,2.500007450581485
43.065810203552246,2.5160470624026137
43.06806206703186,2.5197550677961194
43.070316553115845,2.5150206702972255
43.07260584831238,2.4921360602541043
43.07488179206848,2.50237554340071
43.07714223861694,2.5053128606453967
43.079394817352295,2.5106647623377754
43.08164930343628,2.5122484579382487
43.08390188217163,2.517046632414655
43.08615732192993,2.5195547961658
43.088411808013916,2.5231936601631237
43.090664863586426,2.5254252583295416
43.09291982650757,2.5235763220281986
43.09517240524292,2.511933745376318
43.0974907875061,2.478180227062729
43.0998158454895,2.4611291242991835
43.102110147476196,2.4709793890690075
43.104376792907715,2.47387379096434
43.10663628578186,2.4765267940195552
43.10889267921448,2.4807557440704993
43.11114859580994,2.4751093953978294
43.1134033203125,2.4804815626718475
43.11565589904785,2.49771445962363
43.11790919303894,2.5000336766283127
43.12016153335571,2.5067713864769203
43.12242269515991,2.5073769697400294
43.12467861175537,2.5001022219779756
43.12693119049072,2.5214323427000456
43.12918448448181,2.527949515336694
43.13143730163574,2.530063096292388
43.13369178771973,2.5368514700950944
43.13594388961792,2.5368669673045834
43.13819694519043,2.5464472230013873
43.140450954437256,2.5391969131466046
43.14270305633545,2.5537750189036155
43.144956827163696,2.5566902824271063
43.14720916748047,2.55872399314928
43.14946222305298,2.5756993980049367
43.151713848114014,2.5666180332443753
43.153968334198,2.5679686746559947
43.1562294960022,2.5717195953988545
43.15848159790039,2.575906226146963
43.16073513031006,2.5776138994233486
43.16298747062683,2.55388767169567
43.16525316238403,2.562766380639837
43.167508125305176,2.573414155651826
43.169761419296265,2.567277856740696
43.17201328277588,2.570301004684091
43.17426681518555,2.5711193765544147
43.176520109176636,2.5748744696229062
43.17877197265625,2.574765989156483
43.181026220321655,2.575670787772034
43.183279275894165,2.570953079575667
43.18553304672241,2.573063084252248
43.18778467178345,2.574005433798484
43.1900372505188,2.5703892195688747
43.19230270385742,2.566436239056139
43.194557905197144,2.5665858467323597
43.196813344955444,2.5520506563247034
43.19909048080444,2.5575968691822135
43.201354026794434,2.5443050318127907
43.203635454177856,2.550277417931249
43.2059006690979,2.552334374467656
43.208152770996094,2.553611702157462
43.21041393280029,2.55439788751577
43.21266841888428,2.5309315360702915
43.21492314338684,2.536302511251272
43.217321157455444,2.532586757253022
43.219587087631226,2.5370398207950378
43.22184205055237,2.5294902955878134
43.22410202026367,2.5248977571603963
43.22636127471924,2.5292041932587854
43.22862458229065,2.5303319132723705
43.23087692260742,2.533360425634435
43.23313546180725,2.53327280679617
43.2353880405426,2.536382977531311
43.23764133453369,2.5368163033504847
43.239893674850464,2.5392624782636735
43.24214696884155,2.533779446337157
43.244402170181274,2.5352391642617182
43.24665379524231,2.537287180100343
43.24890732765198,2.5384137080208906
43.25115895271301,2.538913195003652
43.25341296195984,2.5161042828684193
43.255704164505005,2.526862922532907
43.25804042816162,2.5303944981568454
43.26030158996582,2.5326445737653462
43.26255416870117,2.5324729123679295
43.26480793952942,2.5373914882411346
43.26706910133362,2.532098595154118
43.269336462020874,2.5366893454419785
43.27159070968628,2.5340476672706207
43.27384853363037,2.535152737516491
43.2761013507843,2.5371274396333026
43.27835488319397,2.540524904790509
43.28060817718506,2.5430998257517605
43.28286051750183,2.538400594997477
43.2851140499115,2.5436088494788227
43.28737139701843,2.5455448085719117
43.289623975753784,2.549584811876394
43.29187631607056,2.539067571052023
43.29413032531738,2.5526037874941574
43.29638481140137,2.552633589820098
43.29863619804382,2.556292719399061
43.30088949203491,2.556231922654143
43.303152084350586,2.534154955644006
43.30541205406189,2.5343093316923775
43.30766844749451,2.5403121161832947
43.30992579460144,2.5431814841248372
43.31217861175537,2.539185588262747
43.314446687698364,2.5371858521921458
43.31671977043152,2.532154027480367
43.31897234916687,2.538757626862243
43.321226358413696,2.5405588794420813
43.32347869873047,2.539096181284926
43.325732707977295,2.545854156715173
43.32798457145691,2.53923923244944
43.33024024963379,2.5392755912870872
43.33249473571777,2.5446167641421273
43.33474802970886,2.548519080700765
43.33700394630432,2.551129168406626
43.339256048202515,2.556221789863323
43.341509103775024,2.5489810167528413
43.3438081741333,2.5267031820658663
43.34626817703247,2.5312110818876126
43.34854507446289,2.515259088904749
43.350884199142456,2.5114348544400755
43.3532350063324,2.5001338124434724
43.35554647445679,2.5046518450560384
43.35781908035278,2.5110557688541135
43.36007213592529,2.5146487372694892
43.362327098846436,2.5045683985434053
43.364595890045166,2.509749234884886
43.36685085296631,2.5002893805848814
43.36910438537598,2.5002726912823547
43.37135648727417,2.521592083167086
43.37361216545105,2.5222989943383927
43.37586498260498,2.5267562302060402
43.378119707107544,2.5309756435126833
43.38037848472595,2.5322172084113608
43.382630825042725,2.53496319472351
43.38488435745239,2.5343868177398226
43.387136459350586,2.5396731543151323
43.389389991760254,2.539922897806513
43.39164686203003,2.5343212526227537
43.39390301704407,2.5368693514906586
43.39615535736084,2.538478081044922
43.398417711257935,2.538378541276281
43.40067219734192,2.5378575966188426
43.40292477607727,2.5367978259084016
43.40518045425415,2.533539835636596
43.407432556152344,2.5351789635633186
43.409690141677856,2.534027401688981
43.411943197250366,2.5337079207549
43.414196729660034,2.5324597993445157
43.41645050048828,2.5293311511672916
43.41870331764221,2.516725959387536
43.4209566116333,2.519439163141151
43.42322015762329,2.496033012394072
43.4254891872406,2.5014325978079555
43.4277458190918,2.5012078882703648
43.430001735687256,2.501961887116657
43.43225598335266,2.4970301982200382
43.43450927734375,2.4977472421821645
43.43676567077637,2.4998226761606546
43.43901991844177,2.4976471063670047
43.44127416610718,2.501154244083672
43.44352626800537,2.500007450581485
43.445780754089355,2.5025114420069983
43.44803333282471,2.5017961861844284
43.45028638839722,2.504349053424484
43.452539682388306,2.4982264635832863
43.4547917842865,2.5013735892025935
43.457045555114746,2.5002571940728657
43.4592969417572,2.5054094201814436
43.46154999732971,2.5041106348169606
43.46380281448364,2.500262558491535
43.46605610847473,2.507014573456594
43.4683096408844,2.5085356841725925
43.470561504364014,2.5115874423488904
43.47281455993652,2.502497136890547
43.47506928443909,2.5074204811359024
43.47732329368591,2.509077490458189
43.47957444190979,2.512874902829516
43.48182773590088,2.513623537257139
43.48407959938049,2.5001654029089693
43.48633289337158,2.5196436070971022
43.48858594894409,2.522527280155096
43.490838289260864,2.5254383713529553
43.49309277534485,2.520122828498224
43.49534487724304,2.5367143793957685
43.497599601745605,2.5258752734512417
43.4998517036438,2.530227605131579
43.50210452079773,2.529552880472288
43.50435829162598,2.5324919858565313
43.50661063194275,2.5260219008948686
43.50887370109558,2.530118528618637
43.51112723350525,2.528904381859825
43.51338315010071,2.5271585616062358
43.51563549041748,2.5291255151183027
43.51788902282715,2.5302943623416856
43.520140647888184,2.5160840172867798
43.522393465042114,2.51347810190655
43.5246479511261,2.516937555901713
43.526899337768555,2.5177589080046308
43.52915287017822,2.520132365242525
43.531404972076416,2.5168833156685015
43.53365993499756,2.5193789624427514
43.53591179847717,2.51997977733371
43.53816604614258,2.52171010037781
43.540419816970825,2.522011699916327
43.5426721572876,2.4978181717179027
43.54493570327759,2.503640354113621
43.54719042778015,2.5040647392350124
43.54944467544556,2.5047627097085368
43.551698207855225,2.5000336766283127
43.553953886032104,2.5022336843292337
43.55620884895325,2.5001737475602326
43.55846095085144,2.5000777840707045
43.56071472167969,2.502089441071682
43.562965869903564,2.5000831484893737
43.56522059440613,2.5024244192152523
43.5674729347229,2.5022372606083465
43.56972646713257,2.5001141429083518
43.5719780921936,2.495402395177173
43.57423162460327,2.497767507763804
43.57648539543152,2.4940493695794785
43.578736782073975,2.495023309591211
43.5809907913208,2.4932047716623273
43.583242893218994,2.488613425327948
43.58549618721008,2.4952587479661403
43.5877480506897,2.4893954383606243
43.59000062942505,2.4891898023116354
43.592254400253296,2.4807700491869507
43.59450674057007,2.4864062650688012
43.59676003456116,2.4873724564757893
43.59901189804077,2.4630829647878367
43.60133695602417,2.42396204757238
43.60366129875183,2.4267646583038163
43.605934619903564,2.4328425446561033
43.60819911956787,2.437781386110948
43.61045527458191,2.4219438340596957
43.612709760665894,2.4283549104159965
43.614969968795776,2.4351230186370634
43.617226362228394,2.441301636851029
43.61947798728943,2.4302849090438974
43.621731758117676,2.409807134843723
43.623985052108765,2.3813322045006995
43.62624001502991,2.383132861034019
43.628493547439575,2.379159018893125
43.63074612617493,2.377271935614578
43.632999658584595,2.38067178495786
43.63525199890137,2.373133584634493
43.6375048160553,2.374410912324299
43.63975787162781,2.3730721918430557
43.64201068878174,2.3680445394569087
43.644264459609985,2.3676451882893073
43.64651679992676,2.3716738667099317
43.64877009391785,2.3724540916030517
43.65102195739746,2.3804810500718414
43.65327548980713,2.373901292550718
43.6555278301239,2.381302402174759
43.65778136253357,2.385855005485416
43.660032749176025,2.3829600075435646
43.66228675842285,2.3976191756271334
43.66454029083252,2.4034336094181072
43.66679239273071,2.4109688295088803
43.66905498504639,2.417482425866416
43.6713080406189,2.417233874468073
43.67357659339905,2.4087896834361175
43.67583107948303,2.4171921512117565
43.67808485031128,2.425995162248035
43.680338621139526,2.4351319593348455
43.68259143829346,2.437283091221224
43.68484592437744,2.448687249265581
43.68709969520569,2.4573573419281654
43.689353942871094,2.4663904269207033
43.691606760025024,2.4750223726060834
43.69386076927185,2.4831077436337163
43.696112394332886,2.492801844215613
43.6983687877655,2.5009158254761488
43.70062232017517,2.5112918032755616
43.70287537574768,2.522620859458549
43.705129623413086,2.5468978341696067
43.70738482475281,2.559705681765757
43.70964169502258,2.5801947808497885
43.71189332008362,2.593384098217976
43.71414875984192,2.607226682570777
43.71640348434448,2.624277785334323
43.718655586242676,2.6390078829536296
43.72090983390808,2.6527407947469706
43.723304748535156,2.6579109022511127
43.72556972503662,2.656688410841037
43.727827072143555,2.6704409921694983
43.73008179664612,2.6809290267144474
43.73233652114868,2.656470853861672
43.73459458351135,2.6873454674894175
43.73685121536255,2.694378220364835
43.739102602005005,2.702930891863214
43.74135684967041,2.6953438157253045
43.74361038208008,2.7087942014687303
43.745863914489746,2.7131429568699548
43.74811506271362,2.7179315946020597
43.75036835670471,2.7215180065057285
43.75262117385864,2.7228167918702115
43.75487232208252,2.7261016042353634
43.75712871551514,2.7260944516771377
43.75938034057617,2.7270451458746368
43.76163339614868,2.721324291387116
43.76388454437256,2.714873279914055
43.76613736152649,2.7201751136988537
43.76839065551758,2.7200112009061814
43.770641565322876,2.7183118722810593
43.77289414405823,2.705311501659334
43.77516436576843,2.705374086543809
43.77742385864258,2.6954004401445912
43.779677867889404,2.695488058982856
43.78193163871765,2.6980254290134225
43.784183502197266,2.6966265078337797
43.78644776344299,2.69311042941933
43.78870129585266,2.692123376384184
43.790952920913696,2.686291061197646
43.79322004318237,2.6612857176406046
43.79547429084778,2.6564696617686345
43.79772973060608,2.6599028897169696
43.79998183250427,2.6567396708416546
43.80223512649536,2.651621419384649
43.80448937416077,2.65167089124571
43.8067409992218,2.647382336542885
43.808993339538574,2.6447823816278437
43.81124520301819,2.6405242252974777
43.81350040435791,2.6380923555007403
43.81575322151184,2.6340797703361236
43.81800675392151,2.6331851045113925
43.82025957107544,2.629458621675804
43.82251167297363,2.6211974169251224
43.82476568222046,2.6190319799222923
43.827016830444336,2.6046058660275775
43.829269886016846,2.6014772178503534
43.83152198791504,2.598171543857043
43.833775758743286,2.5948920959105606
43.83602738380432,2.594952892655479
43.83828020095825,2.5945159905571926
43.84053301811218,2.592808913327326
43.84278464317322,2.578220674779496
43.84503769874573,2.5781962368722247
43.84728980064392,2.5849333506743135
43.8495876789093,2.5626304820335486
43.85188627243042,2.5535604421568445
43.854169845581055,2.551569646784025
43.85643672943115,2.5205972815271953
43.85874581336975,2.5148096698295674
43.861053705215454,2.5019356610698296
43.863364934921265,2.5045683985434053
43.86563730239868,2.51189261816652
43.867889404296875,2.5178006312609473
43.87014722824097,2.5233462480719386
43.872400760650635,2.527826133707301
43.87465572357178,2.5317582525918785
43.876909255981445,2.537240688471876
43.87916111946106,2.540823524096432
43.88141465187073,2.5390973733779636
43.883668661117554,2.5422671487649855
43.88592290878296,2.5490704237306625
43.88817524909973,2.5532534781996583
43.89043045043945,2.5592777203652526
43.89268350601196,2.539335195938968
43.894936084747314,2.558667964776512
43.897194385528564,2.5665310104526293
43.89944648742676,2.570258089334737
43.90169978141785,2.573809930540315
43.90395903587341,2.573884436355166
43.90621328353882,2.576499888479696
43.90847611427307,2.5704768384071395
43.91073393821716,2.574844667296966
43.912994623184204,2.550473517235937
43.91525387763977,2.562704391801881
43.917510747909546,2.566864796503162
43.91976284980774,2.5716289963279957
43.922017097473145,2.5703337872426255
43.92427206039429,2.575369188233517
43.92652487754822,2.5790396426963382
43.928778409957886,2.575216600324702
43.9310302734375,2.5587615440799647
43.9333233833313,2.575093218695309
43.935582399368286,2.581634829239229
43.93783712387085,2.5840261678726875
43.94008922576904,2.5895694004976035
43.94234251976013,2.5854364139361876
43.944597005844116,2.591010044933563
43.94684886932373,2.5783082936177606
43.9491024017334,2.5982573745557516
43.951353549957275,2.6009366036577943
43.953606605529785,2.5978139159457583
43.95585870742798,2.6149645584779453
43.95811223983765,2.6059976346489946
43.960366010665894,2.6123139396088053
43.962624311447144,2.6102820170261882
43.96487808227539,2.6143923538198894
43.967130184173584,2.6123544707720843
43.96938514709473,2.615937902443159
43.97163701057434,2.608644081192503
43.973893880844116,2.612345530074302
43.97614765167236,2.6101914179553294
43.978408336639404,2.613187743805378
43.98066282272339,2.6144316928901308
43.982914209365845,2.6101592314433137
43.98516869544983,2.61401207614089
43.987419843673706,2.6155331868568883
43.989672899246216,2.6172009250165136
43.99192547798157,2.61688263617547
43.994179010391235,2.619076087364684
43.99643278121948,2.6183763287516033
43.998684883117676,2.6203861976130245
44.000937938690186,2.6200661206324245
44.003191232681274,2.614636732892601
44.00544500350952,2.6145479219612984
44.007697105407715,2.615820481278954
44.009950399398804,2.6147464054520615
44.01220726966858,2.609822465160187
44.01446080207825,2.609558416552355
44.01671481132507,2.608518911423553
44.01896691322327,2.608805013752581
44.021219968795776,2.605461788828586
44.02348566055298,2.6125994458913144
44.02574276924133,2.6014420511057437
44.02799654006958,2.6123502984464526
44.030251264572144,2.598476719674673
44.03250527381897,2.5743833272914083
44.03475904464722,2.578298160826941
44.037012577056885,2.5782653782684064
44.03926491737366,2.5770178529045404
44.041518449783325,2.567088313947715
44.0437798500061,2.5563982196328903
44.046037435531616,2.5532624188974404
44.04829382896423,2.5531837407569578
44.05054593086243,2.552471465166982
44.05279898643494,2.539142076866874
44.055049896240234,2.5501671493252696
44.0573034286499,2.550649947005504
44.05955696105957,2.5538840954165574
44.061811685562134,2.5438609771562786
44.06406497955322,2.5423660924871077
44.06631875038147,2.5430104187739393
44.06857252120972,2.5428012064458376
44.07082486152649,2.522822919228425
44.073116302490234,2.5173494240462095
44.07537770271301,2.519094052206761
44.077632665634155,2.534419600298357
44.07988476753235,2.521200480604229
44.08213829994202,2.522676887831317
44.084391593933105,2.5366577549764817
44.08664417266846,2.5249215990211487
44.08889818191528,2.5248625904157866
44.09115028381348,2.524404826689342
44.093404054641724,2.521865668519219
44.09565615653992,2.523018422486594
44.097909688949585,2.5239768652888377
44.10016226768494,2.534410063554056
44.102423667907715,2.515624465420778
44.10469436645508,2.516626419618895
44.106948137283325,2.5012961031551484
44.109267473220825,2.4644759255022914
44.111595153808594,2.4541285579357814
44.11390447616577,2.4649175959727283
44.11616253852844,2.4705412948776835
44.118428468704224,2.4746093123685493
44.12068271636963,2.4802538729016628
44.12293720245361,2.473889288173829
44.12519288063049,2.4825999119996918
44.127445220947266,2.4866852148396035
44.12969923019409,2.49755948752874
44.131951093673706,2.4899694311582365
44.1342089176178,2.482452688509546
44.1364631652832,2.4881699667179547
44.1387140750885,2.492316662349303
44.14096713066101,2.4977043268328103
44.14321947097778,2.4977061149723667
44.14547300338745,2.5054600841355423
44.147725105285645,2.5082662711460912
44.149978160858154,2.5000563263960274
44.15223217010498,2.5089642416196156
44.154484272003174,2.5136348621409965
44.15673804283142,2.5151881593690106
44.15898871421814,2.500259578258941
44.16124224662781,2.520219388034271
44.163493633270264,2.496471702631915
44.165757179260254,2.5065615781023
44.1680109500885,2.500212490583955
44.17026376724243,2.51327306190408
44.17251706123352,2.512644828873256
44.17476797103882,2.5166311879910457
44.17702341079712,2.5180116317286054
44.17927598953247,2.5075110802067613
44.18154215812683,2.454170877238617
44.18381905555725,2.423144867795094
44.18614315986633,2.4206408763695806
44.188448429107666,2.417149831908921
44.1907057762146,2.427368453427369
44.1929612159729,2.4270537408654382
44.1952166557312,2.437576346108478
44.197476387023926,2.4446150594490836
44.19973087310791,2.4521002116322768
44.20198440551758,2.4581870386823463
44.20423913002014,2.4660596211027648
44.20649170875549,2.471993860244019
44.208744287490845,2.479137477771935
44.21099638938904,2.4832692722403134
44.21325135231018,2.484096584808419
44.215502977371216,2.489570676037154
44.217756032943726,2.482003269434365
44.220012187957764,2.492339312117018
44.22226643562317,2.4806711054648285
44.22452926635742,2.4952760333151858
44.2270941734314,2.4930277458462413
44.229361057281494,2.4998381733701436
44.231614112854004,2.50150531548325
44.23386907577515,2.507182062528379
44.2361204624176,2.5009545684998713
44.23837327957153,2.499227821734884
44.24062657356262,2.500232160119076
44.242878437042236,2.499489486156641
44.24513268470764,2.5000312924422374
44.24738597869873,2.5077721485819993
44.24963903427124,2.5101014983775016
44.251890420913696,2.507885397420573
44.25414419174194,2.5101771962853903
44.25639820098877,2.511902154910821
44.258650064468384,2.513120473995265
44.260903120040894,2.5121894493328867
44.26315498352051,2.5134739295809183
44.2654082775116,2.5129607335282245
44.26765966415405,2.5148150342482367
44.26991248130798,2.514019312145628
44.27216410636902,2.50019997360706
44.274426221847534,2.507064641364174
44.27668023109436,2.5001433491877734
44.2789421081543,2.500768601986003
44.28119659423828,2.499001324057737
44.28345084190369,2.494625746563166
44.285707235336304,2.494156657952864
44.287959575653076,2.493467032130603
44.290218114852905,2.4911406625676946
44.29247307777405,2.4901339399974276
44.294724464416504,2.4879458532268828
44.29697871208191,2.4894002067327747
44.2992308139801,2.486285863672002
44.30148530006409,2.4736741153805393
44.30375027656555,2.4635723189797782
44.30600881576538,2.4651440936498754
44.308263301849365,2.464285190616273
44.31051969528198,2.4568411656428775
44.31277537345886,2.4416884710417355
44.31504034996033,2.451907092560183
44.317298412323,2.451434427670768
44.31955170631409,2.4482974348422806
44.32180571556091,2.4498078167209405
44.32405757904053,2.4484899578678556
44.32631206512451,2.4484255848438243
44.3285653591156,2.4465385015652776
44.330817461013794,2.445198588990997
44.33307433128357,2.4219235684780562
44.33532738685608,2.4386277721676555
44.33758044242859,2.436972550984925
44.33983278274536,2.421917608012868
44.34208583831787,2.4219193961524246
44.34434509277344,2.4211904312599217
44.346601247787476,2.422212651039678
44.348854541778564,2.4197646879869326
44.3511061668396,2.4192681812367653
44.35340666770935,2.396679210266973
44.35570240020752,2.3830690840565065
44.358028411865234,2.365572734543411
44.36035227775574,2.3473360952539557
44.36266326904297,2.331981936929457
44.364946603775024,2.342040817980864
44.36720252037048,2.347546499675095
44.36945605278015,2.352993768810483
44.3717086315155,2.3535457078868993
44.373966693878174,2.3578581044504765
44.37623119354248,2.3633190826557975
44.37848401069641,2.367996855735404
44.380736351013184,2.374236270694288
44.382988691329956,2.376865431888751
44.385241746902466,2.3822739580004164
44.387494802474976,2.3828199366116447
44.38974952697754,2.3919847478848397
44.392000913619995,2.3898872601851533
44.39425587654114,2.3830666998704313
44.39650893211365,2.3989775656434973
44.39876127243042,2.403197574996659
44.40101981163025,2.419688394032525
44.40327215194702,2.4048957115287437
44.40552544593811,2.4117264046342854
44.40777635574341,2.4120899930107584
44.41003131866455,2.417688061915405
44.41228485107422,2.4171885749326436
44.41453766822815,2.424478223857668
44.41679120063782,2.4275931629649596
44.41904306411743,2.4315550841754776
44.42129611968994,2.4249902278173243
44.423558950424194,2.418005158663411
44.42581748962402,2.4229982403514674
44.42806935310364,2.4267199548149057
44.430323362350464,2.4314567364998743
44.43257808685303,2.427091887842642
44.43483018875122,2.4334952155941982
44.437084674835205,2.435903839576702
44.439337491989136,2.4407693673097333
44.441591024398804,2.4286654506522956
44.443843126297,2.4349459928209773
44.44609618186951,2.438424520304742
44.448360443115234,2.442820959427471
44.450613021850586,2.446248822957137
44.45286798477173,2.443575554320282
44.45511984825134,2.4484959183330437
44.45737338066101,2.4521049800044272
44.459625005722046,2.4558344430726105
44.46187901496887,2.4523737969844097
44.464131116867065,2.4559488840042216
44.466384410858154,2.4580189535640424
44.468637466430664,2.462128694311225
44.4708890914917,2.4609985901115645
44.47314262390137,2.467136677162251
44.47539448738098,2.4692359530014936
44.47764778137207,2.46108084453116
44.479899168014526,2.4751177400490927
44.482152223587036,2.4657192785405253
44.48440933227539,2.468334134618537
44.48666167259216,2.4705591762732477
44.48891496658325,2.461114819182732
44.491166830062866,2.474775609347297
44.49342107772827,2.4729153481620965
44.49567222595215,2.4744781821344115
44.497926473617554,2.4790051554447596
44.50017857551575,2.4803611612750482
44.502439975738525,2.48321085968147
44.504693031311035,2.4844476562079976
44.50694513320923,2.4838879685268362
44.50920033454895,2.48506158412237
44.51145553588867,2.479827103594196
44.51371645927429,2.4809041596536825
44.515968799591064,2.482695279442701
44.518224477767944,2.4976190921806207
44.520485401153564,2.488079367647096
44.522737979888916,2.485105691564762
44.524991512298584,2.4874410018254522
44.5272433757782,2.4904015648843725
44.529497385025024,2.490844427447847
44.531750202178955,2.4914643158274075
44.5340039730072,2.4976173040410643
44.53625750541687,2.4955752486676275
44.53850865364075,2.4982532856766326
44.540762186050415,2.499786913369526
44.5430166721344,2.465496357142491
44.545289754867554,2.4562296219145803
44.547545194625854,2.434443525605622
44.54980945587158,2.416187216781046
44.55206322669983,2.4024328473130283
44.55432081222534,2.383105442894154
44.5565767288208,2.3936417572071265
44.558828830718994,2.3927309981263876
44.56108236312866,2.4051752573460647
44.56333613395691,2.4114629520729722
44.56558918952942,2.4202623868301374
44.567840814590454,2.4277618441297824
44.57009434700012,2.436690620981529
44.572346687316895,2.437591843317967
44.57459855079651,2.446223789003347
44.57685112953186,2.454390818404057
44.579102754592896,2.4605980468509254
44.581355571746826,2.460981304762519
44.5836079120636,2.460937793366646
44.585861682891846,2.4768772693726144
44.5881130695343,2.4817469694312773
44.59036660194397,2.4807056761629194
44.59261989593506,2.492220698859775
44.594871282577515,2.4987497924268
44.59712553024292,2.5027278068933256
44.5993766784668,2.5066563494987903
44.60163116455078,2.5025942924731126
44.60388493537903,2.5001528859320743
44.60613965988159,2.5071838506679356
44.6083927154541,2.497680484972058
44.61070418357849,2.441699199879074
44.61303639411926,2.449538403694439
44.6153028011322,2.461432511977257
44.61756134033203,2.4666568597146106
44.61981511116028,2.4741080372462316
44.622069358825684,2.478466329391757
44.62432384490967,2.4857118708743897
44.62657642364502,2.490835486750065
44.62882924079895,2.4966779347274226
44.631081104278564,2.500204145932692
44.63333559036255,2.4994662403424073
44.63558745384216,2.507629693464004
44.63784170150757,2.5103667390783713
44.64009428024292,2.5168111940397258
44.64234757423401,2.514913977970359
44.6446008682251,2.5344219844844322
44.64685249328613,2.5002083182583235
44.6491060256958,2.5041106348169606
44.65135836601257,2.5116994990944264
44.65361142158508,2.518537940804713
44.655863523483276,2.5221350815457204
44.65811729431152,2.527589503239334
44.66037058830261,2.533440295867955
44.66262197494507,2.511645258861215
44.66488718986511,2.52172023316863
44.66714143753052,2.52562612600638
44.669394969940186,2.534367148204702
44.67164707183838,2.533111874236092
44.673900842666626,2.536725108233107
44.67615246772766,2.5415960003848075
44.67841362953186,2.547304337895434
44.680668592453,2.5505128563061783
44.68292164802551,2.54889160977502
44.68517541885376,2.553404277968917
44.68742752075195,2.5579419801166035
44.6896812915802,2.562704391801881
44.691932916641235,2.5597438287429606
44.694188356399536,2.564415641357379
44.69644379615784,2.5665214737083284
44.69869542121887,2.570894070970305
44.70094895362854,2.572401472616371
44.70320105552673,2.569832512120308
44.70545506477356,2.5734761444897822
44.70770740509033,2.5766113491787133
44.70996141433716,2.5751695126497163
44.71223044395447,2.5732323614635897
44.71448373794556,2.5750944107883464
44.71673846244812,2.576248952895278
44.718989849090576,2.5778105947745553
44.72124791145325,2.5723382916853774
44.723504304885864,2.5657561499781787
44.72575926780701,2.565603562069364
44.7280113697052,2.566659756500692
44.730265855789185,2.5646975713607754
44.732656955718994,2.5529071751722308
44.734928369522095,2.5559845633488374
44.73718500137329,2.557586736391394
44.73943829536438,2.556993074058661
44.741692304611206,2.5561609931184046
44.74394464492798,2.556389874981627
44.74619746208191,2.5567677684745513
44.748451232910156,2.546075289973651
44.75070285797119,2.5426700762117
44.752957344055176,2.5377771303388035
44.75520992279053,2.537418310334481
44.757463216781616,2.5382998631357983
44.75971484184265,2.5368633910254705
44.76196837425232,2.5334802309847153
44.7642297744751,2.534447018438222
44.766481161117554,2.5311282314214982
44.76873445510864,2.530246678620181
44.770987033843994,2.534305159366746
44.773239850997925,2.528839412789275
44.7754921913147,2.529305521166983
44.77774477005005,2.5286266241820603
44.77999663352966,2.5274661216099408
44.78225040435791,2.5002822280266557
44.7845242023468,2.5129041091089377
44.786778926849365,2.5148001330852665
44.78903317451477,2.5136038677220185
44.79128551483154,2.5002273917469253
44.793554067611694,2.4907186616323784
44.79580879211426,2.495943605416251
44.79806160926819,2.495555579132507
44.8003146648407,2.4967059489138066
44.80256628990173,2.496937811009623
44.8048210144043,2.498345672887048
44.80707311630249,2.5002953410500695
44.80932688713074,2.4996921419730356
44.81157875061035,2.496993839382391
44.813833475112915,2.495287954245562
44.81608557701111,2.498625218704369
44.81833791732788,2.4986848233562498
44.82059121131897,2.501905858743889
44.82284331321716,2.4962517614664748
44.82509803771973,2.5003978610513045
44.8273503780365,2.5013735892025935
44.829604625701904,2.5027880075917253
44.83185648918152,2.503556907600988
44.83410954475403,2.50393599318695
44.836363315582275,2.5061395771669837
44.83861684799194,2.506265939028971
44.84087061882019,2.5084051499849735
44.843122720718384,2.500763237567334
44.84537601470947,2.5046148901718723
44.84762787818909,2.50409096528184
44.84988212585449,2.500212490583955
44.852135181427,2.483922539224927
44.854403018951416,2.485130129472033
44.856658935546875,2.473907765615912
44.858954429626465,2.463535364095612
44.86125636100769,2.471322115817322
44.86351490020752,2.456018621446922
44.865846157073975,2.4424531987253664
44.86814594268799,2.4346277039799338
44.870482206344604,2.439030103567851
44.87275838851929,2.429701379501984
44.87502121925354,2.439772777530286
44.87727761268616,2.4442961745615213
44.879533529281616,2.4560770340057654
44.88178730010986,2.452845865827306
44.88404107093811,2.458514864267691
44.88629508018494,2.464119489684044
44.888548612594604,2.471149262326868
44.89080095291138,2.4764892430888703
44.893054246902466,2.4976781007859827
44.8953058719635,2.4858400208759335
44.89755940437317,2.4804964638348177
44.89981126785278,2.495414912154068
44.90206432342529,2.492065726764885
44.90431785583496,2.498836815218546
44.906574964523315,2.500815689660989
44.90882968902588,2.500274479421911
44.911081075668335,2.5025942924731126
44.913373947143555,2.461028392437505
44.91563892364502,2.4881890402065565
44.91789722442627,2.4944159381885456
44.920149087905884,2.497617900087583
44.92241406440735,2.4952450388962077
44.92467164993286,2.4980059263713272
44.92692542076111,2.502117455258066
44.92918014526367,2.5075265774162503
44.93143391609192,2.504467070635208
44.93369007110596,2.5086542974298354
44.93594217300415,2.5113102807176446
44.9381959438324,2.516216339613955
44.940449237823486,2.518951001042247
44.94270372390747,2.513067425855091
44.94496250152588,2.5126871481760915
44.94721531867981,2.517205180788658
44.9494686126709,2.5197675847730143
44.951720237731934,2.5216993715404716
44.95397353172302,2.510230840472083
44.95623159408569,2.515612544490402
44.95848321914673,2.5200244808226206
44.96073651313782,2.52124518409314
44.96298909187317,2.5001898408162404
44.96524262428284,2.5343802612281157
44.96749496459961,2.5246700673902116
44.96974802017212,2.524301710641588
44.97199892997742,2.53428310564555
44.97425413131714,2.5165507217110066
44.97651124000549,2.5207272196682955
44.97876501083374,2.534205023551586
44.98101830482483,2.5233963159795185
44.98327040672302,2.500219643142181
44.985530853271484,2.516435088686358
44.98778438568115,2.5195458554680177
44.99003839492798,2.5211653138596195
44.992292642593384,2.5163081307778516
44.99454593658447,2.5002148747700303
44.99679923057556,2.522627415970256
44.999051570892334,2.5237718252863677
45.00130486488342,2.536912266840013
45.003556966781616,2.5235334066788444
45.005810022354126,2.526222172525188
45.00806188583374,2.5281342897575247
45.01031494140625,2.5302198565268346
45.01256966590881,2.5305530465308483
45.01482391357422,2.5315687097988975
45.01707744598389,2.534025613549425
45.01932907104492,2.5335821549394315
45.02158284187317,2.5323858895761835
45.02384376525879,2.530295554434723
45.02609944343567,2.536631528929654
45.028353691101074,2.53304273283991
45.030606746673584,2.534500066578396
45.03286099433899,2.5272581013748767
45.035112142562866,2.5302240288524662
45.037365198135376,2.5367543145125286
45.03961682319641,2.531023327234188
45.04186987876892,2.5306484139738576
45.04412388801575,2.5342288654123384
45.046377182006836,2.529818121173158
45.04863095283508,2.5283995304583944
45.0508828163147,2.5289151106971635
45.053141832351685,2.514394225405958
45.05539393424988,2.5001558661646683
45.05765223503113,2.499736845461946
45.05990529060364,2.503860295279061
45.062159061431885,2.498932182661555
45.06441354751587,2.490368186279319
45.06666946411133,2.4926760784001445
45.06892728805542,2.494659721214738
45.07118034362793,2.4724826183894417
45.07360506057739,2.4800494289457116
45.07586455345154,2.4808976031419756
45.078118085861206,2.480517921509495
45.08037233352661,2.4851134401695063
45.082624673843384,2.476654944021099
45.08488059043884,2.4846211057449707
45.08713340759277,2.4845996480702937
45.08938694000244,2.487037478332219
45.091638803482056,2.4863710983241916
45.093892097473145,2.486410437394433
45.09614419937134,2.488814889051305
45.09839725494385,2.4915948500150265
45.10065031051636,2.493982016322853
45.10290765762329,2.4977013466002163
45.10516119003296,2.498097121488705
45.10741353034973,2.4986079333553235
45.10966753959656,2.5000217556979365
45.11192178726196,2.4829182008407353
45.114192962646484,2.479921278944168
45.11650562286377,2.4408426810315467
45.11882781982422,2.422157218713429
45.12114953994751,2.43627994493007
45.12341523170471,2.437252096802246
45.12567210197449,2.4435707859481317
45.12792420387268,2.44986801741934
45.13017749786377,2.45513945283168
45.13243269920349,2.4579533884469735
45.134684801101685,2.4650576669046482
45.13693881034851,2.469091709743942
45.139190435409546,2.461140449183041
45.141443967819214,2.474800047254568
45.143696308135986,2.4781611535741273
45.145949363708496,2.4825194457196527
45.14821195602417,2.488451300674832
45.15046405792236,2.492420374443576
45.15271782875061,2.491748630016879
45.154969453811646,2.4973955747360677
45.157222747802734,2.4991610645247775
45.15947461128235,2.4912837137322086
45.16172766685486,2.497833072880873
45.16397833824158,2.5000742077915916
45.166231870651245,2.5062558062381513
45.168485164642334,2.512691916548242
45.17073702812195,2.515675725421396
45.172993898391724,2.504413426448515
45.175246477127075,2.5125470772441716
45.1775016784668,2.517236771254155
45.17975378036499,2.520200910592188
45.18200707435608,2.5197413587261868
45.184261083602905,2.5227591422509126
45.18651461601257,2.525113526000205
45.18876814842224,2.536834184746049
45.191020011901855,2.530886832581381
45.19327354431152,2.5344923179736516
45.195525884628296,2.5349429291418706
45.19777965545654,2.5392243312864697
45.200031995773315,2.538823191979312
45.20228624343872,2.5357136172906896
45.204540967941284,2.538294498717129
45.20679259300232,2.5414028813127136
45.20904517173767,2.5423392703937613
45.21129631996155,2.542253439695053
45.21355414390564,2.5400301861798984
45.21580648422241,2.541197245263725
45.21806001663208,2.5423231771377535
45.220319747924805,2.5423601320219196
45.22257328033447,2.5438764743657676
45.22482919692993,2.532539073531517
45.2270884513855,2.5369140549795692
45.22934532165527,2.531740967242833
45.23159742355347,2.530345622342303
45.23385167121887,2.5293037330274264
45.23610329627991,2.531667057474501
45.23849296569824,2.519591751049966
45.24075675010681,2.5315001644492345
45.243009090423584,2.526405754852981
45.24526381492615,2.530032697919929
45.247514724731445,2.5325778165552397
45.24976873397827,2.5319775977108
45.25202035903931,2.5341263454111034
45.254273891448975,2.5337341468017276
45.2565279006958,2.5368627949789517
45.25878047943115,2.5366118593945335
45.261033058166504,2.5223371413155964
45.26328492164612,2.520483436642103
45.26554465293884,2.524109187616013
45.26779747009277,2.5256863267047795
45.27005124092102,2.528643313484587
45.27230453491211,2.5246980815765956
45.27455711364746,2.5258472592648578
45.27681088447571,2.534226481226263
45.2790629863739,2.52921194186353
45.28131604194641,2.531766597243142
45.28356742858887,2.5320407786417936
45.28582000732422,2.535112206353212
45.288071632385254,2.530212703968609
45.290334701538086,2.5344547670429667
45.29258966445923,2.5186267517360155
45.29485011100769,2.5247409969259498
45.297107458114624,2.52676636299686
45.29935956001282,2.530833784441207
45.301613569259644,2.529995146989244
45.303865909576416,2.5311210788632725
45.306118965148926,2.5344118516936125
45.30837607383728,2.536280457530076
45.31062936782837,2.5370463773067446
45.312888860702515,2.534546558206863
45.31514096260071,2.5379565403409647
45.31739401817322,2.5393900322186984
45.319645404815674,2.5430259159834283
45.32189917564392,2.539587323616424
45.32415199279785,2.539161746401995
45.326417446136475,2.5428757122606886
45.32867121696472,2.5448611432148387
45.33092427253723,2.5447568350740473
45.33317971229553,2.5397315668739755
45.335431814193726,2.545233076242575
45.337693214416504,2.5474539455716547
45.33994507789612,2.551069563754745
45.34219789505005,2.5511983098028077
45.34445118904114,2.539173667332371
45.34670281410217,2.5546726649609406
45.34895610809326,2.5567302175438664
45.351207971572876,2.5525358381910133
45.35346508026123,2.5474926885953773
45.35571765899658,2.5492718874540197
45.35797190666199,2.550976580497811
45.36023187637329,2.5391003536105576
45.36248421669006,2.5382998631357983
45.36477828025818,2.5122836246828584
45.36720943450928,2.503426373413369
45.36954641342163,2.495284377966449
45.37188482284546,2.47388869212731
45.37433934211731,2.4816897489654717
45.37660241127014,2.4847277980718374
45.37885522842407,2.4975630638078528
45.38110852241516,2.495219408895899
45.383362770080566,2.4946841591220092
45.38561987876892,2.4977537986938714
45.38787245750427,2.506259382517264
45.39012694358826,2.510519326987186
45.39237952232361,2.5002428889564143
45.3946316242218,2.516015471937117
45.39688539505005,2.521899643170791
45.399136781692505,2.5368639870719893
45.40139365196228,2.5308325923481694
45.40364480018616,2.537069623120978
45.40589785575867,2.54026443246179
45.408149003982544,2.546714847888332
45.41041016578674,2.548860615356042
45.412667751312256,2.528982463953789
45.41493558883667,2.540021841528635
45.41719388961792,2.5393500971019383
45.419445753097534,2.548885649309832
45.42170166969299,2.548623984888075
45.423959732055664,2.547642296271598
45.426217794418335,2.5532653991300345
45.428471088409424,2.5590422819903234
45.430723905563354,2.5632080511102737
45.432976961135864,2.5688555918759812
45.43522834777832,2.571510383070753
45.43748140335083,2.5733915058841115
45.439733028411865,2.578260609896256
45.441988706588745,2.5775054189569255
45.44424605369568,2.5755533666078287
45.44649863243103,2.5798377489850224
45.44875383377075,2.5816646315651695
45.4510064125061,2.5855049592858506
45.45326089859009,2.5782254431516463
45.45551300048828,2.5781783554766604
45.45776581764221,2.5903216112043395
45.46001863479614,2.5914004554033823
45.46227169036865,2.5925502291381632
45.4645254611969,2.588349889320122
45.466776847839355,2.578396508502544
45.469029664993286,2.582927058092005
45.471280574798584,2.578316638269024
45.47354531288147,2.5006905198920393
45.475865602493286,2.4412354756874413
45.47820806503296,2.346781771991464
45.48054623603821,2.2762968869563207
45.482874155044556,2.2474625405624558
45.48520517349243,2.1986391781138392
45.48753046989441,2.190237306384719
45.48982882499695,2.2310641087370047
45.49208617210388,2.2541913097132813
45.49435615539551,2.2632512167991656
45.49668288230896,2.2633978442427924
45.49900436401367,2.291403089928995
45.501259565353394,2.3049798375344084
45.50351428985596,2.331161776919577
45.505770683288574,2.3585673998078582
45.508023262023926,2.378235146788972
45.510281801223755,2.402535963360782
45.512535572052,2.4135997788428996
45.51479506492615,2.4376675412258555
45.51705312728882,2.4588677238068253
45.51930618286133,2.478637990789174
45.52156066894531,2.497769891949879
45.52381205558777,2.516260447056347
45.52606511116028,2.534969751235217
45.52831840515137,2.5391259836108664
45.53057241439819,2.5644549804276204
45.53282809257507,2.572455116803064
45.53508019447327,2.590565990277051
45.537333726882935,2.6030394557761496
45.53958582878113,2.617096616875722
45.541839361190796,2.6172068854817017
45.54409193992615,2.635653333145777
45.546345710754395,2.654072958716507
45.54860067367554,2.6516446651988823
45.55085253715515,2.665455063039668
45.55310940742493,2.656554896420824
45.55536127090454,2.6796183204195883
45.55761480331421,2.6907071698554956
45.5598669052124,2.69206019545319
45.56212043762207,2.6909056533462588
45.56437373161316,2.6955083245644955
45.566624879837036,2.6967546578353234
45.56887865066528,2.67813714482035
45.57112979888916,2.6842293362890883
45.57338356971741,2.6759508461893615
45.57563591003418,2.686091385613845
45.57788968086243,2.686958633298711
45.58014225959778,2.687337718884673
45.582398653030396,2.685690246306687
45.584651708602905,2.6868412121345058
45.58690357208252,2.685013137461321
45.58915710449219,2.6852229458359416
45.59140920639038,2.6806643820600966
45.593663692474365,2.6777163359780713
45.59591555595398,2.674408277798686
45.59816884994507,2.6731571761557076
45.600425481796265,2.668692191683315
45.602680683135986,2.6617434813670493
45.60493564605713,2.6590952466839846
45.60718846321106,2.6559785194371366
45.60944151878357,2.6544651573258826
45.611698389053345,2.648277598414135
45.61395192146301,2.6453945214026597
45.616207122802734,2.654097992670297
45.618459939956665,2.6325228968289967
45.62076258659363,2.586081932316057
45.623093128204346,2.55347759169073
45.62541913986206,2.562949366921111
45.627679109573364,2.5630125478521046
45.629937171936035,2.5615868045791155
45.63219881057739,2.5564387507961692
45.63445329666138,2.556156224746254
45.636706829071045,2.5559559531159346
45.63895869255066,2.5556477970657108
45.64121222496033,2.5546172326346914
45.6434645652771,2.5550732082215797
45.64571833610535,2.553095525872174
45.64797043800354,2.5542685454211886
45.65022397041321,2.5520595970224855
45.65247869491577,2.548842733960478
45.65472984313965,2.5490012823344808
45.656983852386475,2.550125426068953
45.65923571586609,2.5393143343108098
45.66149044036865,2.5391289638434604
45.663743019104004,2.5453117543830577
45.66599655151367,2.5452688390337035
45.66824984550476,2.5465682204447053
45.67050743103027,2.532738153068799
45.67276310920715,2.535532419148972
45.67501497268677,2.535373870774969
45.677268505096436,2.536750142186897
45.67951965332031,2.5373789712642396
45.68177318572998,2.5342467468079026
45.684025049209595,2.5338968675013622
45.686277866363525,2.536430065206297
45.688531160354614,2.5367447777682277
45.69078230857849,2.538682525000873
45.69303607940674,2.534475628671125
45.69528794288635,2.5367483540473406
45.69754099845886,2.5393584417532016
45.69980049133301,2.539857928735963
45.702054500579834,2.5415900399196194
45.70430827140808,2.540978496191322
45.70655941963196,2.5436404399443195
45.70881414413452,2.5391075061687833
45.71106576919556,2.544586961816187
45.713324546813965,2.53644854264838
45.71557831764221,2.5398376631543234
45.71783256530762,2.5418666055043464
45.72008490562439,2.5436309032000186
45.722339391708374,2.5398287224565412
45.7245934009552,2.539133136169092
45.726845502853394,2.54340023319724
45.72911071777344,2.543462222035196
45.731365442276,2.543731635061697
45.73361945152283,2.544893925773373
45.73587107658386,2.5479760823221307
45.738123655319214,2.547360366268202
45.74037718772888,2.5502350986284137
45.74276876449585,2.537872497781813
45.745036125183105,2.5452962571735687
45.74729037284851,2.5460740978806133
45.749545097351074,2.548799222564605
45.75179743766785,2.5473770555707285
45.754050970077515,2.549438780479286
45.75630474090576,2.553251094013583
45.75856304168701,2.5547602837992054
45.76081657409668,2.557769126626149
45.763068199157715,2.5391969131466046
45.76532196998596,2.561476535973136
45.767574071884155,2.575792381261871
45.769827365875244,2.5659152943987005
45.77207946777344,2.5568267770799133
45.774333238601685,2.5392684387288615
45.77658724784851,2.5568917461504634
45.77883958816528,2.5587400864052876
45.78109264373779,2.5629749969214197
45.783345222473145,2.5601038408403207
45.78559899330139,2.5663784225438144
45.7878532409668,2.567382760928006
45.790106534957886,2.572029539588635
45.792359828948975,2.5639668183287165
45.79462504386902,2.5696215116526497
45.79688477516174,2.5714019026043298
45.79913806915283,2.5751724928823103
45.80139088630676,2.5768366547628228
45.803643465042114,2.5781348440807874
45.8058979511261,2.5781372282668626
45.80815005302429,2.5835809211231378
45.8104088306427,2.5851354104441895
45.81266212463379,2.5807014203907754
45.81491446495056,2.5851318341650766
45.81717824935913,2.5847879153237243
45.819432735443115,2.5855830413798144
45.82168698310852,2.578422138502853
45.82393980026245,2.578270146640557
45.8261935710907,2.5863096220862416
45.828447341918945,2.587597678613386
45.8306999206543,2.588117431177787
45.83295297622681,2.5883606181574605
45.83520579338074,2.5903245914369335
45.837459087371826,2.578160474081096
45.83971095085144,2.593231510309161
45.84196472167969,2.588514398159313
45.844223499298096,2.5897124516621175
45.84647583961487,2.588653873044714
45.84872913360596,2.5906232107428564
45.85098099708557,2.5902596223663834
45.8532350063324,2.5880435214094546
45.85548710823059,2.587762783499096
45.8577401638031,2.5893309818900803
45.85999155044556,2.5783869717582433
45.86224627494812,2.590170215388562
45.864500284194946,2.5887933479301153
45.8667516708374,2.5881770358296676
45.86903786659241,2.5669506272018703
45.871336698532104,2.5652650076466808
45.873610496520996,2.5545862382157134
45.87607741355896,2.518062295682704
45.87840270996094,2.500148117559924
45.88072633743286,2.512256802589512
45.88299322128296,2.5129202023649455
45.88525152206421,2.519814672448
45.88750433921814,2.5279584560344763
45.88976168632507,2.5368699475371774
45.89201378822327,2.5367602749777167
45.894267320632935,2.5391688989602206
45.89652132987976,2.5497576653668483
45.898773431777954,2.5545886224017886
45.90102696418762,2.559317059435494
45.903279066085815,2.562377758309574
45.905532360076904,2.566557236499457
45.9077844619751,2.572771021458032
45.91003727912903,2.568359681172333
45.91229748725891,2.5643858390314387
45.91455960273743,2.5676545581405827
45.91682195663452,2.575785824750164
45.919074296951294,2.5783559773392652
45.921329975128174,2.582871625765756
45.92358160018921,2.5834116439117962
45.925837993621826,2.5884780393216658
45.92809081077576,2.591529201451445
45.93034505844116,2.594738315908708
45.93259954452515,2.5783732626883107
45.9348521232605,2.597121905937422
45.93710660934448,2.6008454085404167
45.93935823440552,2.6026824239113835
45.941611528396606,2.60418446113878
45.94386291503906,2.6040086274157317
45.94611692428589,2.607574773737761
45.948370695114136,2.608302546537226
45.95062208175659,2.6102104914439312
45.95287728309631,2.6096466314371387
45.95513033866882,2.611084295640504
45.95738387107849,2.6113465561087796
45.959635496139526,2.611658884484635
45.961888790130615,2.6148614424301915
45.96414375305176,2.6058581597635935
45.96639680862427,2.606502486050425
45.96864986419678,2.6045903688180885
45.97090196609497,2.6051744944065205
45.97315526008606,2.597746562689133
45.975406885147095,2.598504137814538
45.97766041755676,2.5816425778439736
45.97991132736206,2.583633373216793
45.98216485977173,2.581253359467192
45.984418630599976,2.5810960031862265
45.98667001724243,2.578773209902431
45.98892426490784,2.5771764012785434
45.99117636680603,2.5759115905656325
45.99343204498291,2.5693240844397645
45.99568462371826,2.5576004454613264
45.997966289520264,2.5584480236110716
46.000237226486206,2.558279342446249
46.00248980522156,2.5520595970224855
46.004743814468384,2.5518509807409027
46.006996154785156,2.5495109021080617
46.00925016403198,2.5483706651175817
46.011502742767334,2.545437520198526
46.01375651359558,2.5441649608808707
46.016008377075195,2.537384335682909
46.01827931404114,2.522151770848247
46.02055811882019,2.5343719165768523
46.0228328704834,2.5198051357036992
46.02509069442749,2.522859874112591
46.027342796325684,2.519780697796428
46.02959704399109,2.521309557117171
46.03184914588928,2.5156024116995823
46.0341055393219,2.514677347502392
46.03635931015015,2.5153341907661186
46.03861093521118,2.516012491704523
46.04086422920227,2.515249552160448
46.04311537742615,2.513745130746976
46.04537034034729,2.512816490270673
46.04762268066406,2.5000831484893737
46.04987668991089,2.5119689121209277
46.052135944366455,2.5063762076349505
46.054389238357544,2.50689655624587
46.05664300918579,2.5054034597162556
46.05889534950256,2.505874932512633
46.06114912033081,2.500117123140946
46.063400983810425,2.4999001622080996
46.06565475463867,2.499209344292801
46.06790614128113,2.499743998020172
46.070159912109375,2.4960407609988167
46.072439193725586,2.475744780986879
46.07470679283142,2.480147776621315
46.07696533203125,2.4610117031349783
46.07922077178955,2.4737361042184953
46.0815007686615,2.4621584966371652
46.083760499954224,2.461015279414091
46.08601474761963,2.4676236471681174
46.0882682800293,2.4682787022922876
46.09052038192749,2.468868192299389
46.092772483825684,2.4666508992494225
46.09502458572388,2.469284828816036
46.09727764129639,2.472083863268359
46.099528551101685,2.4729809132791654
46.101781129837036,2.474790510510267
46.10403299331665,2.476682362160964
46.1062867641449,2.4782195661329705
46.10853981971741,2.4799868440612367
46.11079287528992,2.480678854069573
46.11304569244385,2.4752959579582163
46.1153028011322,2.4745592444609694
46.117558002471924,2.478666004975558
46.119810581207275,2.4798980331299343
46.12206482887268,2.4786290500913917
46.124319076538086,2.479958233828334
46.12657117843628,2.4543794935201997
46.12889242172241,2.420978834745745
46.13124632835388,2.411184598348689
46.13355088233948,2.424962809677459
46.135809659957886,2.4220618512704197
46.13806629180908,2.439263753803224
46.140320777893066,2.4439760975809213
46.14257216453552,2.4453738266675265
46.14482808113098,2.4587055991537095
46.14708089828491,2.460416252662689
46.14933395385742,2.4648013669015607
46.15158653259277,2.4708464706953133
46.15383982658386,2.4746063321359553
46.1560914516449,2.4824300387418314
46.158344745635986,2.48923748603314
46.160598039627075,2.494784890983688
46.162851095199585,2.5003859401209283
46.16510486602783,2.507179082295785
46.167356729507446,2.513866724236813
46.16962957382202,2.5205186033867126
46.17188215255737,2.5231853155118604
46.17413568496704,2.527478042540317
46.17638874053955,2.534075085410486
46.17864108085632,2.5378450796419476
46.18089461326599,2.5393655943114273
46.183146953582764,2.52711147393125
46.18540072441101,2.5390628026798727
46.18765330314636,2.5437083892474637
46.18990755081177,2.5479742941825743
46.19215965270996,2.55117208375598
46.19442129135132,2.556144899862397
46.19667625427246,2.5602725220051434
46.19893407821655,2.5635603146028894
46.20118713378906,2.5667110165013094
46.20343899726868,2.56610066486605
46.20569205284119,2.5698855602604818
46.2079439163208,2.571541377489731
46.21019744873047,2.573827811935879
46.212451696395874,2.5698855602604818
46.214704513549805,2.5736811844922522
46.21695876121521,2.5750723570671505
46.219210386276245,2.576332399407911
46.22146391868591,2.5762847156864064
46.223716020584106,2.5733950821632243
46.225971698760986,2.574251004964233
46.22823667526245,2.5726488319216765
46.230488777160645,2.5730899063455945
46.23274278640747,2.565431900671947
46.234994649887085,2.5675872048839574
46.237247705459595,2.565414019276383
46.23949933052063,2.5587412784983252
46.24175262451172,2.575915762891264
46.24400472640991,2.555876678928933
46.246410608291626,2.5484636483745158
46.24867653846741,2.548167413254668
46.250930070877075,2.5390973733779636
46.2531852722168,2.5392529415193725
46.25543785095215,2.542504375279471
46.257694721221924,2.538850610119177
46.259947061538696,2.537262742193072
46.262200593948364,2.527953091615807
46.26445531845093,2.5276282462630566
46.26670718193054,2.5238785176132343
46.26896095275879,2.5231513408602884
46.2712128162384,2.521549763864251
46.273473262786865,2.5171288868342505
46.27572703361511,2.5136789695833883
46.27798104286194,2.511396111416353
46.28023386001587,2.5087967525478305
46.282485485076904,2.504327595749807
46.28473949432373,2.4907782662842592
46.2869930267334,2.489303051150209
46.289247035980225,2.488289772068235
46.29149866104126,2.4820002892017707
46.29375243186951,2.4802240705757224
46.2960045337677,2.478316721715536
46.29826879501343,2.473152574676582
46.30052447319031,2.470856007439614
46.30277729034424,2.4655571538874095
46.305031299591064,2.4610391212748435
46.307284355163574,2.4645903664339026
46.3095383644104,2.462703283155356
46.311790227890015,2.46138602034879
46.3140435218811,2.456233794240212
46.3163788318634,2.4558070249327453
46.31865406036377,2.456071669587096
46.32090902328491,2.451847487908302
46.32316017150879,2.448255115539445
46.325414419174194,2.446136766211601
46.32766628265381,2.4447527461949283
46.32991981506348,2.4426081708202565
46.33217239379883,2.4361386819051125
46.33443522453308,2.4348452609592988
46.33668875694275,2.4340435783915018
46.33894181251526,2.4327090302358902
46.34119629859924,2.4307754553288765
46.34344792366028,2.4220570828982693
46.34571123123169,2.426038077597389
46.347962856292725,2.4257567436405116
46.35021662712097,2.42328195849442
46.35246968269348,2.417547394936966
46.354722023010254,2.415829588869761
46.35697531700134,2.4156609077049382
46.359227418899536,2.4130156532544675
46.36148118972778,2.4096283208880807
46.3637330532074,2.4061706550324744
46.365986824035645,2.419688990079044
46.368239879608154,2.4032673124393598
46.37049150466919,2.4002173424026183
46.372780323028564,2.380568668910106
46.37524676322937,2.363780422661355
46.3775851726532,2.3422470500763715
46.38004541397095,2.3257830531338515
46.38238477706909,2.32850460153873
46.3846492767334,2.331838885764943
46.38690161705017,2.3161133904592264
46.389155626297,2.303219116117849
46.39140725135803,2.2955718392815396
46.393664836883545,2.286901746618956
46.39591693878174,2.284748230546502
46.398170471191406,2.265855940086358
46.40042424201965,2.2782239053516276
46.40267539024353,2.275233539966767
46.40492844581604,2.274018201114917
46.40718102455139,2.2658970672961556
46.40943908691406,2.265917332877795
46.41169047355652,2.270829948285812
46.41394400596619,2.2699930989734054
46.41621398925781,2.2728487578450154
46.41846823692322,2.2659280617151336
46.42072629928589,2.2791865204795028
46.42297959327698,2.2762915225376514
46.425233602523804,2.265696795665836
46.427486181259155,2.2850492340385
46.429741859436035,2.2914078583011457
46.431994915008545,2.296905791390633
46.43425107002258,2.3025586965750096
46.43650460243225,2.310390747832149
46.43876266479492,2.3159447092944037
46.441020488739014,2.3219302084362754
46.44327235221863,2.324573078700671
46.445525884628296,2.333566824622968
46.44777727127075,2.3393842386465358
46.45003080368042,2.347972672936043
46.45228409767151,2.3514327229777243
46.454535484313965,2.360098643314677
46.45679020881653,2.3673334559599706
46.4590425491333,2.3806294656550246
46.46129608154297,2.3829230526593985
46.463547229766846,2.3901685941420308
46.46580147743225,2.397909450281793
46.46805453300476,2.404785442922764
46.47030711174011,2.4187907479752
46.47255897521973,2.436155967254158
46.47481083869934,2.4572637626247125
46.47706437110901,2.47306853211743
46.479315519332886,2.4903824913957706
46.481569051742554,2.5023111703766787
46.48382043838501,2.500172555467195
46.48607325553894,2.5311741270034465
46.48832607269287,2.5421622445776753
46.490577936172485,2.532673183998249
46.49283146858215,2.5280883941755765
46.49508333206177,2.5207331801334836
46.49734878540039,2.5154021400692628
46.49960160255432,2.5168249031096583
46.50185465812683,2.529177967211958
46.504106521606445,2.5434139422671724
46.50636005401611,2.553422755411
46.5086133480072,2.5646480994997143
46.510865926742554,2.573004671693405
46.51312017440796,2.578035900358665
46.51537609100342,2.5783553812927464
46.51763343811035,2.588700364673181
46.51988649368286,2.5957653040606146
46.52214002609253,2.6008513690056048
46.52439332008362,2.6073894032704117
46.52664613723755,2.6097682249269756
46.52890062332153,2.614269568237015
46.53115248680115,2.613178803107596
46.53341007232666,2.614595605682803
46.535661697387695,2.6161441345386667
46.53791689872742,2.6173898717629758
46.54016947746277,2.619418814112999
46.54243564605713,2.612408114958777
46.5446891784668,2.6163783808205583
46.54694104194641,2.6164248724490253
46.54919481277466,2.6160243291883862
46.55144691467285,2.6149168747564406
46.55370092391968,2.6135322586932492
46.555951833724976,2.610481692609989
46.55820560455322,2.6106169951697584
46.56045889854431,2.5979122636213616
46.56271028518677,2.6005354643506364
46.564963579177856,2.5978109357131642
46.56721496582031,2.5965926166287203
46.5694682598114,2.5927022210004593
46.57171940803528,2.5874373420998267
46.57397270202637,2.5826469162281653
46.57623291015625,2.579335281769667
46.57848501205444,2.5735154835600236
46.580737829208374,2.571186133764521
46.582990646362305,2.566298552310294
46.58524441719055,2.561703033650283
46.58749604225159,2.5588920782675837
46.5897490978241,2.553338116805329
46.59200096130371,2.5263795288061535
46.59425449371338,2.5105312479175623
46.59650778770447,2.5123760118932736
46.59875965118408,2.510293425356558
46.60101246833801,2.5087258230120923
46.603264570236206,2.5003036857013328
46.60551714897156,2.500793635939793
46.60776877403259,2.4978533384625123
46.610026359558105,2.497192322873154
46.61228013038635,2.4975892898546803
46.614532232284546,2.4926862111909642
46.616785287857056,2.4924519649090726
46.61903762817383,2.4899050581342053
46.621291160583496,2.488423882534967
46.62354350090027,2.485024033191685
46.62579655647278,2.4862620218112497
46.628053426742554,2.449240380435035
46.63037848472595,2.417037775163385
46.63270449638367,2.4197181963584655
46.634968280792236,2.425401499915302
46.63722515106201,2.4221363570852708
46.63947796821594,2.4314871348723335
46.64173126220703,2.43602483702002
46.643982887268066,2.4385651872831806
46.64623713493347,2.443253093153607
46.64849090576172,2.445912652720529
46.650742292404175,2.4416729738322465
46.65299606323242,2.448467308100141
46.6552472114563,2.454048687702261
46.65749979019165,2.456960970993158
46.659751176834106,2.4614527775588964
46.662004470825195,2.4608370615049675
46.66425895690918,2.4639317350306196
46.66651129722595,2.4681737981049774
46.66876554489136,2.4701961839432935
46.67101740837097,2.4749758809776163
46.67327117919922,2.4757739872663005
46.67552328109741,2.4787047479992803
46.67777705192566,2.46113091243874
46.68002891540527,2.483754454106623
46.682281732559204,2.4806025601151656
46.68453574180603,2.4844107013238315
46.6867880821228,2.486563025303248
46.68904137611389,2.4894437181286477
46.69129252433777,2.4919947972291467
46.69354557991028,2.4841794352745334
46.69579768180847,2.478180227062729
46.698055028915405,2.4819704868758303
46.70030951499939,2.486217318322339
46.702561140060425,2.4864867313488404
46.70481514930725,2.490520774188134
46.707067251205444,2.4920579781601404
46.709320068359375,2.4943640821414093
46.71157240867615,2.4932077518949214
46.713826179504395,2.493512927712551
46.71608281135559,2.480501828253487
46.71833825111389,2.492863833053569
46.72059178352356,2.4940493695794785
46.72284388542175,2.490530310932435
46.72509789466858,2.4954226607588126
46.72735595703125,2.496045529370967
46.72960925102234,2.498951256150157
46.731860637664795,2.4971017238022952
46.73411536216736,2.500470578726599
46.73636841773987,2.5014403464127
46.738619327545166,2.500098049652344
46.74087309837341,2.504674494823753
46.743125200271606,2.5000932812801935
46.745378732681274,2.503612935973756
46.74763083457947,2.5052645808773732
46.74988389015198,2.5065532334510365
46.752281665802,2.497727572647044
46.754549741744995,2.5025919082870374
46.75681829452515,2.5032964352722686
46.75907254219055,2.506343425076416
46.76132607460022,2.5000098347675603
46.76357841491699,2.5075998911380637
46.7658314704895,2.5074604162526626
46.76808285713196,2.5107482088504085
46.77033567428589,2.510815562107034
46.77258896827698,2.5069573529907885
46.77484130859375,2.5089421878984197
46.77709460258484,2.5097563874431117
46.77934551239014,2.5115898265349657
46.78159856796265,2.5084993253349452
46.78385066986084,2.5001141429083518
46.78610825538635,2.509575785347913
46.788363456726074,2.5123235597996185
46.790616035461426,2.5112918032755616
46.792869567871094,2.51235276607904
46.79512047767639,2.5001838803510523
46.79737424850464,2.497341334502856
46.799625635147095,2.500458061749704
46.80188012123108,2.493429481199918
46.80414581298828,2.495107948196882
46.80641460418701,2.496850788217877
46.808669567108154,2.4988874791726445
46.81092286109924,2.5007638336138527
46.81317710876465,2.4979498979985593
46.81543469429016,2.4995771049949056
46.81768846511841,2.502279579911182
46.81994032859802,2.500033080581794
46.82219362258911,2.5057145959990734
46.82444715499878,2.506542504613698
46.826699018478394,2.5085976730105486
46.8289532661438,2.508042753701538
46.83120560646057,2.508437932543508
46.8334596157074,2.507654727417794
46.83571147918701,2.51014739395945
46.83796453475952,2.5000461936052076
46.84022283554077,2.5134822742321816
46.84247398376465,2.5109866274579318
46.84472870826721,2.5001123547687953
46.84697985649109,2.514816822387793
46.8492329120636,2.5133988277195485
46.851484537124634,2.514456214243914
46.85373830795288,2.5147232430843403
46.855989933013916,2.5163951535695976
46.85824394226074,2.517805399633098
46.86049771308899,2.5344452302986658
46.8627495765686,2.5161746163576386
46.86500406265259,2.518696489178716
46.86725616455078,2.5190892838346106
46.86951017379761,2.52028495315134
46.87176322937012,2.5343808572746345
46.874016523361206,2.5201001787305093
46.876269578933716,2.5199249410539797
46.8785605430603,2.5013640524582925
46.88086295127869,2.505930960885401
46.883121728897095,2.507039011363865
46.885376930236816,2.4806871987208363
46.887686014175415,2.477568683334432
46.88999605178833,2.4658188183091663
46.89230918884277,2.4702182376644894
46.89456915855408,2.4785980556724136
46.8968231678009,2.485340533893172
46.899078369140625,2.478628454044873
46.90133237838745,2.4845817666747294
46.90359663963318,2.489421664407452
46.905850887298584,2.4991384147570628
46.908103466033936,2.505914271582874
46.9103569984436,2.5146761554093544
46.91261076927185,2.5001737475602326
46.9148633480072,2.524261775524828
46.91712403297424,2.529780570242473
46.919376850128174,2.5367274924191823
46.92163014411926,2.541392152475375
46.923882484436035,2.547322815337517
46.926141023635864,2.5547793572878073
46.928396224975586,2.5610742045729404
46.93064785003662,2.5660708625401094
46.93302035331726,2.566616245104819
46.935274600982666,2.574737974970099
46.93752956390381,2.578599164318939
46.939780712127686,2.5847157936949485
46.94203495979309,2.5886497007190825
46.94428825378418,2.594661425907782
46.946539640426636,2.5978288171087285
46.948792934417725,2.601999950647348
46.95104455947876,2.5976768252464324
46.95329785346985,2.6037505392730877
46.95554995536804,2.6067909725655283
46.95780277252197,2.6090857516629398
46.96005392074585,2.6112541688983644
46.96232485771179,2.60756523699346
46.96457767486572,2.6106074584254575
46.96682953834534,2.6101598274898326
46.969083070755005,2.6124337449590858
46.97133445739746,2.6108440888934243
46.97358798980713,2.6123747363537237
46.9758403301239,2.6095256339938206
46.97809338569641,2.6095006000400307
46.9803466796875,2.6079312095560083
46.98259878158569,2.601847958785052
46.98485207557678,2.6011839629630997
46.9871039390564,2.5990352152627962
46.98935675621033,2.5974908587325642
46.991615533828735,2.5917944421523145
46.993868827819824,2.588642548160857
46.99612045288086,2.5845828753212543
46.99837350845337,2.5823256471545277
47.00062680244446,2.5718590702842556
47.00287842750549,2.5585201452398474
47.005131483078,2.5587710808242656
47.00738263130188,2.5568971105691327
47.00963616371155,2.554208344722789
47.01188802719116,2.54725128975526
47.01414108276367,2.5444880180940648
47.01639533042908,2.5399062085039863
47.01864695549011,2.537747924059382
47.02090048789978,2.53670365055843
47.023152112960815,2.527089420210054
47.02540421485901,2.5228956369037197
47.027655363082886,2.521573605725003
47.02990770339966,2.516968550320691
47.032158851623535,2.5141385214493894
47.03442120552063,2.50998228907374
47.036675214767456,2.507275641831832
47.03892779350281,2.5022098424684813
47.041181564331055,2.4977681038103228
47.043434381484985,2.49278336677353
47.04568862915039,2.48890250788957
47.047940254211426,2.485969362970515
47.05019688606262,2.480138835923533
47.05245018005371,2.474958595628571
47.05470252037048,2.4722197618746473
47.05695652961731,2.471772726985541
47.059208393096924,2.4612382008121254
47.06146192550659,2.461164887090312
47.06371355056763,2.4645659285266315
47.06596660614014,2.4640223341014784
47.06822681427002,2.462951834553699
47.070478200912476,2.4496462881143435
47.072770833969116,2.43394940304153
47.075029611587524,2.4356594605039907
47.07728314399719,2.43742018192055
47.07953405380249,2.4363711400474477
47.081788063049316,2.4357184691093527
47.08404016494751,2.4349084418902924
47.086294412612915,2.437603168201824
47.08855056762695,2.438197426581076
47.09080243110657,2.439719729390112
47.093055963516235,2.4218943621986346
47.09530806541443,2.441832714299287
47.09756088256836,2.442702346170228
47.099812507629395,2.458563740082233
47.10206580162048,2.4420520594182085
47.10431933403015,2.4276652845937354
47.10657048225403,2.4354556125945583
47.10882377624512,2.4367502256334097
47.111074924468994,2.441423230340866
47.11332845687866,2.4384716079797277
47.115580320358276,2.4220970180150294
47.117840051651,2.440166764279218
47.12009239196777,2.4448326164284486
47.12234592437744,2.4459078843483786
47.12460517883301,2.4508574546405617
47.12685990333557,2.4587586472938834
47.129114627838135,2.45544462864931
47.131367206573486,2.4512955488318857
47.133647203445435,2.4566206284309184
47.13589906692505,2.4459168250461607
47.13826894760132,2.3828604677749237
47.140626668930054,2.4028524640622693
47.142908573150635,2.4075284490023194
47.1451735496521,2.4172797700500213
47.14742708206177,2.421906283129011
47.149681091308594,2.421878268942627
47.151933670043945,2.436301402604747
47.154186964035034,2.4442121320023693
47.1564404964447,2.450104051840788
47.158692836761475,2.458048159843464
47.16094660758972,2.463877494797408
47.16319990158081,2.4659922678461395
47.16545367240906,2.4742671816667534
47.16770577430725,2.476965484257398
47.16995930671692,2.495364844246488
47.17222046852112,2.49768942566984
47.17447257041931,2.4928191295646585
47.17672634124756,2.4972346421759894
47.178977727890015,2.500032484535275
47.1812310218811,2.5081971297499095
47.18348288536072,2.510053218609478
47.185736894607544,2.517385186837338
47.18798875808716,2.5219729568926046
47.190242290496826,2.527132335559408
47.192495822906494,2.525299492514073
47.19474768638611,2.5311902202594543
47.1970009803772,2.5334516207518125
47.19925284385681,2.53849894267308
47.20150661468506,2.5382998631357983
47.20375847816467,2.5409779001448034
47.20601272583008,2.536812727071372
47.208266496658325,2.527051869279369
47.21051788330078,2.536809150792259
47.21277070045471,2.53649861055596
47.21502232551575,2.540580933163277
47.217275619506836,2.5391718791928146
47.21952772140503,2.546936577193329
47.221781730651855,2.545621698572838
47.22403359413147,2.5393208908225167
47.22628736495972,2.5500395953702446
47.228540658950806,2.553558654017288
47.23079204559326,2.5564184852145297
47.23304605484009,2.53930420151999
47.23529815673828,2.5562080807933905
47.23755168914795,2.559047050362474
47.239802837371826,2.575726816144802
47.242055892944336,2.5605681610784723
47.244309425354004,2.56169945737117
47.24656105041504,2.562632270173105
47.24881410598755,2.5588032673362813
47.25107264518738,2.561691112719907
47.25332570075989,2.5604024601462436
47.255577087402344,2.5595668029268746
47.25796842575073,2.5539526407662203
47.26024293899536,2.556912011732103
47.26249599456787,2.5538966123934523
47.26475667953491,2.5541701977455853
47.26701521873474,2.5546267693789924
47.269269943237305,2.5392773794266437
47.27152228355408,2.5536969368096516
47.27377653121948,2.5531992379664468
47.27602815628052,2.553935355417175
47.2782826423645,2.550924128404156
47.28053689002991,2.5499895274626647
47.28278851509094,2.539126579657385
47.285043239593506,2.5448593550752823
47.28729557991028,2.5461849625331117
47.289549827575684,2.539105718029227
47.291802644729614,2.5432983092425236
47.29405641555786,2.5404778171155233
47.29631042480469,2.541019027354601
47.2985622882843,2.5372579738209216
47.30081558227539,2.5343689363442583
47.303067445755005,2.536233965901609
47.305320501327515,2.5355437440328292
47.30757212638855,2.5197383784935927
47.309847831726074,2.5117304935134044
47.31210112571716,2.512125672355374
47.3143572807312,2.500067055233366
47.31661629676819,2.500053942209952
47.318869829177856,2.5001266598852467
47.321124792099,2.5115689649068074
47.32337713241577,2.507391274856481
47.325631618499756,2.5101241481452163
47.32788395881653,2.5104567421027113
47.33013701438904,2.512207330728451
47.3323917388916,2.5084713111485613
47.33464479446411,2.5171563049741157
47.33689856529236,2.5124755516619146
47.339155435562134,2.512872518643441
47.34140872955322,2.511558236069469
47.343661308288574,2.500284612212731
47.3459153175354,2.512207330728451
47.34816765785217,2.5115624083951005
47.350430965423584,2.513046564226933
47.352684020996094,2.5076690325342454
47.35493540763855,2.500222623374775
47.357189416885376,2.5108608616424632
47.35944080352783,2.5000366568609067
47.3616943359375,2.511638702349508
47.363945722579956,2.511194051646477
47.366198778152466,2.511955203050995
47.368454694747925,2.510759533734266
47.37070608139038,2.5112822665312606
47.37295961380005,2.504180372259661
47.37521171569824,2.5000342726748315
47.377466917037964,2.506103814375855
47.37971901893616,2.5070193418287445
47.381972551345825,2.5002852082592497
47.38429403305054,2.4804595089506516
47.386595487594604,2.468402083921681
47.38892912864685,2.4393770026417974
47.39124512672424,2.4261703999245645
47.39356088638306,2.4366971774932358
47.39582085609436,2.436532072607526
47.39807462692261,2.456357771916124
47.400327920913696,2.448333197633409
47.40258026123047,2.4444535308424866
47.40483856201172,2.4513360799951647
47.407092332839966,2.452879840478878
47.40934777259827,2.4564936705224123
47.41160011291504,2.4221345689457143
47.413854360580444,2.447500520646634
47.416107416152954,2.4512770713898027
47.4183611869812,2.455665165861269
47.42061400413513,2.458477313337006
47.422866344451904,2.461777026865128
47.425122022628784,2.4664518197121406
47.42737412452698,2.461111838950138
47.429627656936646,2.473485168634077
47.43188428878784,2.4672821125128404
47.43414378166199,2.4739965765472145
47.43639874458313,2.476017770292493
47.438650608062744,2.4954131240145117
47.44090437889099,2.4836328606167863
47.44315767288208,2.4833491424738336
47.44541120529175,2.487373648568827
47.44766283035278,2.4919953932756655
47.44991636276245,2.494812309123553
47.452168464660645,2.4978587028811816
47.454429388046265,2.5000616908146966
47.45668387413025,2.5046697264516027
47.45893597602844,2.5086787353371065
47.46118998527527,2.5001344084899912
47.46344184875488,2.5097659241874126
47.46569561958313,2.5112709416474033
47.46794819831848,2.5156840700726595
47.47020149230957,2.5174954554433175
47.47245526313782,2.50021010639788
47.47470688819885,2.5194403552341886
47.47696018218994,2.5226816562034675
47.479212045669556,2.524444761806102
47.481464862823486,2.5258889825211743
47.48371696472168,2.5286594067405948
47.485971450805664,2.5295147334950845
47.48823142051697,2.5326594749283164
47.490482330322266,2.533148829120258
47.492735624313354,2.530060116059794
47.49498772621155,2.5326719919052114
47.4972403049469,2.5368234559087104
47.4994912147522,2.5353899640309767
47.501744508743286,2.5353911561240143
47.50399661064148,2.53555328077713
47.50624966621399,2.5349870365842624
47.508506298065186,2.5342753570408054
47.51075839996338,2.5376495763837785
47.51301145553589,2.5308230556038684
47.515270471572876,2.5195220136072654
47.517531394958496,2.5260224969413874
47.51978588104248,2.527991238593011
47.52204418182373,2.5276759299845613
47.52429938316345,2.52868682488046
47.526551723480225,2.533254925400606
47.52880549430847,2.534227077272782
47.531057596206665,2.536954586142848
47.53331398963928,2.5332459847028237
47.53556680679321,2.536895577537486
47.53782033920288,2.539487187801264
47.54007148742676,2.5399956154818075
47.542325019836426,2.54240483551083
47.54458522796631,2.543138568775483
47.54683589935303,2.5461635048584346
47.54909062385559,2.5461760218353295
47.55134201049805,2.547169631382183
47.55359601974487,2.5461676771840662
47.55584764480591,2.5391909526814165
47.558101177215576,2.54991680978737
47.560354471206665,2.5520542326038163
47.56260681152344,2.5392255233795074
47.564860105514526,2.5505128563061783
47.56711196899414,2.5512602986407638
47.56936526298523,2.550964659567435
47.571616411209106,2.552032774929139
47.57387089729309,2.551383680270157
47.576122760772705,2.5529483023820285
47.578376054763794,2.5525000753998848
47.5806303024292,2.5539061491377533
47.58288240432739,2.5480070767411087
47.58513641357422,2.551098173987648
47.58738827705383,2.5509283007297876
47.58964157104492,2.539320294775998
47.591893911361694,2.5538376037880903
47.59414768218994,2.549261158616681
47.59640145301819,2.549282616291358
47.5986533164978,2.5491020141961593
47.60090684890747,2.5514224232938796
47.603158950805664,2.5391760515184463
47.60541248321533,2.552239007024647
47.607665061950684,2.550106352580351
47.60991859436035,2.5516322316685
47.612170696258545,2.54814655162651
47.61442852020264,2.5498965442057306
47.61668157577515,2.52868682488046
47.61893367767334,2.5342097919237365
47.62118744850159,2.5371083661447007
47.62343978881836,2.536688153348941
47.62569332122803,2.542112772716614
47.6279456615448,2.545801108574999
47.63019895553589,2.550659483749805
47.63245177268982,2.55297750866145
47.634703636169434,2.5600865554912753
47.63695740699768,2.5569531389419007
47.639257192611694,2.519290747557968
47.64159536361694,2.5025448206120515
47.64390540122986,2.5210163022299175
47.64617562294006,2.534233633784489
47.64843225479126,2.538630668953737
47.65068507194519,2.5468292888199433
47.652939796447754,2.550818628170327
47.655192136764526,2.5628039315705218
47.65744638442993,2.571031161669631
47.659698486328125,2.5801768994542242
47.66195583343506,2.5846603613686994
47.66421961784363,2.594204258227856
47.66647171974182,2.597846102457774
47.668724060058594,2.6096877586469365
47.67097592353821,2.615167810340859
47.673229455947876,2.619362189693712
47.67548203468323,2.6172545692032063
47.677736043930054,2.6344844859223944
47.67998790740967,2.6367095275771053
47.68224120140076,2.65399130034343
47.68449425697327,2.644903379071162
47.6867458820343,2.65007050634271
47.68899869918823,2.655194122218385
47.69124960899353,2.656455952698702
47.69350242614746,2.6563367433949403
47.69575357437134,2.6565227099088085
47.698007583618164,2.6665434439830116
47.70026087760925,2.66733439771347
47.70251202583313,2.656554896420824
47.7047655582428,2.6693335377375527
47.70701742172241,2.656517941536658
47.70927047729492,2.6719293203269627
47.71152305603027,2.6690134607569527
47.71377658843994,2.6672867139919654
47.716028690338135,2.6588157008666635
47.7182879447937,2.6509753049582607
47.72054171562195,2.6494410812188485
47.722793102264404,2.6503178656480153
47.72504663467407,2.6540515010418297
47.727299213409424,2.649762946339005
47.729552268981934,2.6469335135142225
47.73180413246155,2.640981989023923
47.73406100273132,2.637794928287855
47.73636746406555,2.6320824184515974
47.7386269569397,2.6339158575434514
47.74088263511658,2.6324990549682443
47.7431366443634,2.624734953014249
47.74539136886597,2.6221791055415995
47.74764370918274,2.6173749706000056
47.749897480010986,2.615039660339315
47.75215005874634,2.6132109896196116
47.75441312789917,2.610282613072707
47.75666666030884,2.6149734991757274
47.75891876220703,2.6047983890531525
47.761173486709595,2.599182438752942
47.76360201835632,2.5753024310234105
47.76588416099548,2.5538620416953615
47.76813983917236,2.5399461436207464
47.77039432525635,2.5324228444603496
47.772647857666016,2.523227038768177
47.774900674819946,2.5343218486692725
47.77715444564819,2.528322640457468
47.77940917015076,2.5259110362423702
47.7816641330719,2.5275847348671836
47.78391623497009,2.5262358815951207
47.7861692905426,2.530513111414088
47.788421869277954,2.531439367704316
47.79067420959473,2.5345137756483287
47.792927742004395,2.5343564193673633
47.79517984390259,2.5368657752115458
47.797433376312256,2.532859746558636
47.79968500137329,2.534179989597796
47.80193901062012,2.533639375405237
47.80419921875,2.535512749613851
47.80645227432251,2.5393584417532016
47.80870532989502,2.5392553257054478
47.81095743179321,2.542843525748673
47.81321120262146,2.5349405449557953
47.81546998023987,2.5393769191952846
47.817726135253906,2.540805046654349
47.819979190826416,2.5401255536229077
47.82223320007324,2.5286296044146543
47.824488162994385,2.5370773717257227
47.82674026489258,2.539285128031388
47.828994035720825,2.5426986864446026
47.83124542236328,2.545982306716717
47.83350133895874,2.5419905831802585
47.835752964019775,2.5489923416366986
47.83800673484802,2.551175660035093
47.84026002883911,2.5556603140426057
47.84251284599304,2.554245299606955
47.84476613998413,2.5575259396464753
47.847018241882324,2.5392219471003945
47.84927201271057,2.5613346769016596
47.851524114608765,2.5627234652904827
47.85377740859985,2.5652751404375005
47.856030225753784,2.5677761516304196
47.85828375816345,2.5703832591036866
47.86053681373596,2.5714841570239253
47.862789154052734,2.5660708625401094
47.86504292488098,2.570211001659751
47.867295026779175,2.5692865335090795
47.869548082351685,2.5720700707519137
47.87180018424988,2.571040698413932
47.87405323982239,2.5733664719303215
47.8763062953949,2.5722661700566016
47.87855839729309,2.5704732621280266
47.88081169128418,2.5691399060654527
47.88306450843811,2.5642564969368573
47.88531804084778,2.5647631364778443
47.88757038116455,2.5624850466829594
47.889864444732666,2.54250497132599
47.89217686653137,2.5386568950005644
47.894468784332275,2.5370398207950378
47.89674186706543,2.4935767046900637
47.899089097976685,2.477515635194258
47.90140438079834,2.466354664129575
47.90371084213257,2.4806335545341436
47.90598440170288,2.4836233238724854
47.90823984146118,2.490008770228478
47.9104962348938,2.4871054276353632
47.91275882720947,2.4824419596722076
47.91501307487488,2.4806961394186184
47.91727375984192,2.4857524020376687
47.91952729225159,2.4902436125568883
47.921781063079834,2.492065726764885
47.924034118652344,2.495256363780065
47.92630672454834,2.4905815709330525
47.928566694259644,2.4952861661060055
47.930819272994995,2.497705518925848
47.93307328224182,2.5003042817478516
47.935325622558594,2.504883111105336
47.937583684921265,2.511231006530643
47.93983578681946,2.5149956363434356
47.94208884239197,2.516021432402305
47.94434642791748,2.5151827949503414
47.946598052978516,2.519861164076467
47.9488525390625,2.5230303434169703
47.95110487937927,2.525473538097565
47.9533576965332,2.525930705777491
47.95561194419861,2.5344494026242974
47.95786428451538,2.533486787496422
47.960116147994995,2.534469668205937
47.962368965148926,2.536025945666545
47.96462273597717,2.5368389531181994
47.966874837875366,2.539822761991353
47.969128131866455,2.5414088417779017
47.97138047218323,2.5416454722458686
47.97363471984863,2.5413683106146228
47.97588753700256,2.5438460759933084
47.97814130783081,2.543996875762567
47.98039412498474,2.5435689143620626
47.982645988464355,2.5400367426916053
47.984899044036865,2.5404092717658604
47.98715138435364,2.542983596680593
47.98940443992615,2.5417676617822242
47.99165630340576,2.5432607583118387
47.99391031265259,2.5408867050274258
47.9961621761322,2.5406828571179934
47.998422384262085,2.5390860484941062
48.00067663192749,2.539223139193432
48.002928256988525,2.5350293558870978
48.005181550979614,2.53686875544414
48.00743365287781,2.5368037863735897
48.009687185287476,2.5351855200750255
48.01193952560425,2.5312355197948837
48.01419258117676,2.5283625755742283
48.016446113586426,2.5279954109186424
48.01869773864746,2.5259342820566038
48.02095079421997,2.5271353157920022
48.02320313453674,2.5225541022484426
48.02545666694641,2.5130453721338952
48.027708530426025,2.5105431688479385
48.02996325492859,2.5123676672420103
48.03222393989563,2.511067093737971
48.03447604179382,2.5171539207880405
48.03672933578491,2.5132402793455455
48.038981676101685,2.51274794492101
48.04123497009277,2.512350381892965
48.04348707199097,2.5097659241874126
48.045740842819214,2.5105687988482472
48.04799294471741,2.5094154488343534
48.05024600028992,2.5105687988482472
48.05250024795532,2.5074425348570983
48.054752826690674,2.5111803425765444
48.05700945854187,2.5088462244088916
48.05926156044006,2.5111028565290994
48.06151533126831,2.510388792799567
48.063767194747925,2.5002047419792106
48.06602072715759,2.510128320470848
48.06827688217163,2.5113847865324956
48.070528507232666,2.5065347560089535
48.072816133499146,2.4897423374345706
48.075074911117554,2.4975392219471004
48.07733082771301,2.4972119924082747
48.079582929611206,2.500135600583029
48.08183789253235,2.4981454012567283
48.08409023284912,2.499761879415736
48.086344480514526,2.5028899315464415
48.08859848976135,2.5057795650696235
48.090850830078125,2.5081905732382026
48.09310507774353,2.5088503967345233
48.095356464385986,2.5110438479237374
48.0976140499115,2.511669100721967
48.099867820739746,2.5001111626757577
48.10212230682373,2.5149455684358557
48.10437560081482,2.5152018684389432
48.10662794113159,2.5160512347282453
48.10888147354126,2.519473733839242
48.11113262176514,2.5147107261074453
48.11338543891907,2.516596617292955
48.11563777923584,2.5121209039832237
48.11789631843567,2.51423329284588
48.12014937400818,2.5167658945042963
48.1224091053009,2.5181922338238043
48.12466239929199,2.5217273857268556
48.1269166469574,2.5178125521913235
48.12916970252991,2.5076684364877266
48.131420612335205,2.507981360910101
48.13367533683777,2.5000992417453816
48.13592720031738,2.5090458999926923
48.13818073272705,2.5132563726015533
48.14043474197388,2.5137910263289243
48.14268660545349,2.5111642493205366
48.144941329956055,2.5123986616609884
48.14719247817993,2.497195303105748
48.14951229095459,2.4551561421342067
48.15183639526367,2.4515381397650406
48.154133558273315,2.4624100282681023
48.15638995170593,2.4651005822540024
48.15864300727844,2.470896538602893
48.16089653968811,2.4715760316343345
48.16315054893494,2.470490034877066
48.16540503501892,2.475887236104874
48.167656898498535,2.476685938440077
48.16991066932678,2.479824719408121
48.172163248062134,2.4803069210418367
48.174424171447754,2.4953755730838267
48.176677942276,2.486882506237329
48.178929567337036,2.48753219694283
48.18118381500244,2.488529978815315
48.183435916900635,2.480591235231308
48.1856963634491,2.4921420207192924
48.18794822692871,2.4958673114618435
48.1902015209198,2.495747506111563
48.192456007003784,2.490835486750065
48.194709062576294,2.4914458383853244
48.196974992752075,2.4733105270040663
48.19924473762512,2.4789431666068036
48.201504945755005,2.462597186875008
48.203789472579956,2.469940479986725
48.20605516433716,2.474203404689241
48.20830941200256,2.4777874324068345
48.210561990737915,2.481066880353317
48.21281599998474,2.4826875308379566
48.215068340301514,2.4846962076063406
48.217324018478394,2.4805590487192926
48.219576835632324,2.487640677409253
48.22183108329773,2.488920389285134
48.22408390045166,2.48873740300386
48.22633910179138,2.4924489846764786
48.22859287261963,2.492056190020584
48.23084473609924,2.4774077507743537
48.23309946060181,2.4781635377602025
48.2353515625,2.49521881284938
48.23760437965393,2.486071286925231
48.239856243133545,2.4880954609031036
48.24211025238037,2.4903830874422894
48.24436640739441,2.490340768139454
48.24661898612976,2.4917963137383836
48.24887275695801,2.4922749390929866
48.25112438201904,2.491916119088664
48.25338125228882,2.478584346602481
48.25566220283508,2.481537161056657
48.25792574882507,2.4826696494423923
48.26017785072327,2.48413115550651
48.2624409198761,2.476949987047909
48.26469707489014,2.475862798197603
48.26709246635437,2.472333010713221
48.26935839653015,2.4610826326707165
48.2716109752655,2.475052174932024
48.27386546134949,2.473898228871611
48.27611804008484,2.4748232930688014
48.278372049331665,2.478258309156693
48.28062582015991,2.4719241228013185
48.282877683639526,2.4610021663906774
48.28513169288635,2.4661686976157067
48.287384271621704,2.4640378313109674
48.28963780403137,2.4609497142970223
48.291889905929565,2.4613186670921645
48.29414343833923,2.458029086354862
48.29639673233032,2.4565550633138495
48.298648834228516,2.4543979709622827
48.300902366638184,2.4524018111707937
48.30315613746643,2.4416413833667496
48.30540943145752,2.4511566699930034
48.307661294937134,2.4486425457766705
48.3099148273468,2.4414327670851668
48.31216645240784,2.440393858002884
48.31442642211914,2.4367222114470257
48.3166868686676,2.4219635035948164
48.31895613670349,2.4290820871689425
48.32121515274048,2.4256542236392766
48.32346963882446,2.4214175249835876
48.325724601745605,2.422275235924153
48.3279767036438,2.421102812421657
48.33022975921631,2.4215510394038007
48.33249020576477,2.4073752650469857
48.33474349975586,2.4065306671298345
48.336997985839844,2.4066927917829504
48.339250326156616,2.4088993559955783
48.34150505065918,2.419489910541762
48.34375786781311,2.419685413799931
48.34601140022278,2.4090382348344606
48.34826445579529,2.4113342060249097
48.3505163192749,2.4195596479844625
48.35277009010315,2.409894753681988
48.355021715164185,2.4133172527929845
48.357274532318115,2.411270429047397
48.359527826309204,2.415437986306904
48.361783504486084,2.415609051657802
48.36403512954712,2.4189725421634365
48.36628866195679,2.4200484061298853
48.368542194366455,2.424164107342256
48.37079453468323,2.4245074301370897
48.373047828674316,2.4239924459448394
48.37529921531677,2.426952412957241
48.37755227088928,2.430482200441623
48.37980389595032,2.4312314309157648
48.38205862045288,2.4294802462435063
48.384312868118286,2.4325492897688497
48.386566162109375,2.4352130216614034
48.3888201713562,2.439645223575261
48.39107394218445,2.4384996221661117
48.39337611198425,2.42200165057202
48.39567255973816,2.4171569844671468
48.398009061813354,2.3830100754511445
48.4003427028656,2.384329126397267
48.402618646621704,2.3921283950958725
48.40488052368164,2.4000361442609006
48.40713381767273,2.4090698252999574
48.40938758850098,2.416988899348843
48.41163945198059,2.4219754245251925
48.413896799087524,2.427977016923072
48.41614866256714,2.4219754245251925
48.41840934753418,2.4449106985224125
48.42066240310669,2.451570922323575
48.422914266586304,2.458277637753205
48.42516779899597,2.4650576669046482
48.427419662475586,2.4737450449162774
48.429672718048096,2.480011281968508
48.431923627853394,2.4851909262169514
48.43417763710022,2.48794227694777
48.43643045425415,2.484420834114651
48.438681840896606,2.4952730530825917
48.44094181060791,2.5002828240731745
48.44319534301758,2.5050303345954816
48.44544839859009,2.5147947686665972
48.44770002365112,2.5219634201483037
48.4499716758728,2.527517977657077
48.45223307609558,2.5345477502999008
48.454485177993774,2.539825742223947
48.45673871040344,2.5477960762734506
48.45899033546448,2.553711241926103
48.461243629455566,2.558027214768793
48.46349573135376,2.56077439317398
48.46574878692627,2.5665679653367954
48.468000411987305,2.5709673846921186
48.47025418281555,2.5757899970757956
48.47250771522522,2.576189348243397
48.47475981712341,2.581128785744761
48.47701382637024,2.5852009755612584
48.479278564453125,2.5782302115237967
48.48153638839722,2.589502047240978
48.48378801345825,2.5905230749276966
48.48604106903076,2.5782439205937293
48.48829388618469,2.5940570347377103
48.49054551124573,2.59678275546822
48.49279808998108,2.59165675540647
48.495049715042114,2.5783524010601524
48.497302770614624,2.5939849131089345
48.49955487251282,2.594511222185042
48.50180792808533,2.5896594035219436
48.504059076309204,2.5930741540281956
48.50631284713745,2.593063425190857
48.50856947898865,2.587914179314873
48.51082110404968,2.58744568675109
48.51307487487793,2.5824818113424555
48.515326738357544,2.575745889633404
48.51758551597595,2.575847217541601
48.519838094711304,2.57217199470663
48.52209162712097,2.565441437416248
48.524346113204956,2.563204474831161
48.52659773826599,2.56120950713271
48.5288519859314,2.5589260529191558
48.53110337257385,2.5564280219588307
48.53335666656494,2.5465926583519765
48.53561067581177,2.5466921981206174
48.53786754608154,2.5283148918527236
48.54012155532837,2.5303760207147623
48.542375326156616,2.5268700750911326
48.54463267326355,2.5266841085772644
48.546886682510376,2.5229617980673074
48.549140214920044,2.522344889920341
48.551392555236816,2.5168493410169295
48.55364632606506,2.515087427507332
48.555898904800415,2.513126434460453
48.5581533908844,2.5125125065460807
48.56040811538696,2.5114318742074815
48.562660217285156,2.505069077619204
48.564913272857666,2.5055000192523025
48.56716585159302,2.503202259922297
48.569419384002686,2.5031784180615446
48.57167196273804,2.500551641053157
48.573925495147705,2.5008454919869294
48.57617735862732,2.4995186924360624
48.57843804359436,2.497612535668914
48.58069133758545,2.4978557226485876
48.58294343948364,2.4929955593342257
48.58519673347473,2.4976161119480267
48.587448835372925,2.4938938014380696
48.589702129364014,2.4940189712070193
48.59195423126221,2.489340006034375
48.59420704841614,2.489887176738641
48.596460580825806,2.4885067330010813
48.59871244430542,2.4910947669857464
48.600966453552246,2.4892356978935837
48.60321879386902,2.490368186279319
48.60547232627869,2.489614187433027
48.60772395133972,2.490042148833531
48.60997748374939,2.4975946542733496
48.612231969833374,2.495138346569341
48.61448359489441,2.486183939717286
48.6167368888855,2.4867168053051003
48.61898922920227,2.48066037662749
48.62124180793762,2.4842467885311588
48.623493671417236,2.483214435960583
48.625746726989746,2.4806001759290903
48.6279993057251,2.4826970675822575
48.6302535533905,2.4975863096220863
48.63250660896301,2.4818328001299856
48.63475847244263,2.4811461545403186
48.637011766433716,2.497726380554006
48.63926362991333,2.4763950677388986
48.641517639160156,2.452754670709928
48.64376950263977,2.456351811450936
48.64602255821228,2.457809145189422
48.64828681945801,2.4203607345057407
48.65067481994629,2.3830845812659955
48.653005838394165,2.401600766372772
48.65526819229126,2.4065962322469034
48.657530307769775,2.4125769630166247
48.659783363342285,2.416456629807547
48.66203689575195,2.422063639409976
48.66428995132446,2.4264189513229075
48.666542053222656,2.4366453214460995
48.66879487037659,2.4352845472436604
48.67104721069336,2.4401220607903076
48.67330074310303,2.4409297038232927
48.6755530834198,2.4465849931937447
48.67780685424805,2.4505963862653237
48.68005871772766,2.4531283918772213
48.68231153488159,2.453471714672055
48.68456435203552,2.458657915432205
48.68681597709656,2.462606723619309
48.68906903266907,2.463989551542944
48.69132161140442,2.467339332978646
48.693575382232666,2.4696466290529524
48.69582748413086,2.461000378251121
48.698081254959106,2.4758818716862048
48.70033526420593,2.4783584449718528
48.70258641242981,2.4763515563430256
48.7048397064209,2.480373678251943
48.707091093063354,2.4832156280536206
48.70934438705444,2.4844852071386825
48.7115957736969,2.4855723959889886
48.71384835243225,2.483460603172851
48.71610403060913,2.480278310808934
48.718360900878906,2.4823001006007313
48.72061610221863,2.486257849485618
48.72286796569824,2.4807402468610102
48.72512197494507,2.488576470443782
48.7273736000061,2.487293182288788
48.72962737083435,2.497857510788144
48.73187851905823,2.486121354832811
48.73413324356079,2.497690021716359
48.73638916015625,2.4874219283368504
48.73864984512329,2.488573490211188
48.74090337753296,2.4893411981274127
48.74315595626831,2.4611762119741694
48.74540948867798,2.477904257524521
48.74766159057617,2.4775734517065824
48.74991512298584,2.480482754764885
48.75216722488403,2.497860491020738
48.75442838668823,2.483161983866928
48.7566819190979,2.484392819928267
48.758933782577515,2.486587463210519
48.761186838150024,2.4859979732034176
48.76343846321106,2.480772433373026
48.76569128036499,2.4976781007859827
48.76794648170471,2.4976721403207947
48.770334005355835,2.4814257003576397
48.77259969711304,2.4768796535586897
48.7748544216156,2.4806216336037674
48.77710962295532,2.47975021359327
48.7793607711792,2.481949625247672
48.78161406517029,2.479675707778419
48.78386640548706,2.4809500552356307
48.78611946105957,2.4804070568569965
48.78837251663208,2.4824020245554475
48.790624380111694,2.4817749836176612
48.79287838935852,2.4780574414798546
48.795130252838135,2.4953976268050226
48.79738426208496,2.4795034503344833
48.79963684082031,2.48080044755941
48.80189085006714,2.4755409330774465
48.804142475128174,2.4611851526719515
48.80639696121216,2.475862202151084
48.80865025520325,2.477558550543612
48.810901403427124,2.4776819321730055
48.81315469741821,2.4778750512450993
48.81540656089783,2.477752265662225
48.8176589012146,2.478167710085834
48.819910287857056,2.4734970895644532
48.82217049598694,2.4703076446423107
48.8244252204895,2.472929057232029
48.82669234275818,2.4610361410422494
48.82894515991211,2.473436292819535
48.83119606971741,2.4710980023262503
48.83344912528992,2.4699732625452593
48.83570051193237,2.4610301805770614
48.83795404434204,2.4730864135129944
48.84020805358887,2.4741676418981124
48.84246015548706,2.474970516558947
48.84471416473389,2.4635127143278974
48.84696626663208,2.465272243651419
48.84922003746033,2.469573911377658
48.85147190093994,2.467370327397624
48.85372495651245,2.468569572993466
48.855976581573486,2.4710234965113993
48.858229637145996,2.475654777962539
48.860482931137085,2.4750903219092275
48.862735748291016,2.4731025067690022
48.864988803863525,2.4764785142515318
48.86724090576172,2.4794009303332483
48.869494676589966,2.481381592915248
48.87174677848816,2.49767452450687
48.87399959564209,2.485325036683683
48.87625336647034,2.4890181409142187
48.87850499153137,2.4917504181564354
48.88075876235962,2.4934408060837754
48.88301157951355,2.492093740951269
48.88526439666748,2.4938604228330163
48.88751578330994,2.4977818128802554
48.88977003097534,2.4985620377733753
48.892022132873535,2.499679028949622
48.89427614212036,2.4976167079945455
48.89657187461853,2.460981304762519
48.89886832237244,2.480977473375496
48.90113925933838,2.4854603392434527
48.903401374816895,2.4550631588772727
48.905720710754395,2.453041369085475
48.908020973205566,2.438589029143933
48.91033911705017,2.4527808967567557
48.912601947784424,2.4586370538040465
48.91485571861267,2.4585089038025028
48.91712164878845,2.4609771324368874
48.91937565803528,2.4671331008831383
48.921630859375,2.472534474436578
48.92388367652893,2.4757835240106014
48.92613887786865,2.4831959585185
48.9283926486969,2.4882766590448213
48.93064475059509,2.4932858339888853
48.93289804458618,2.496872245892554
48.935150384902954,2.5002148747700303
48.93740391731262,2.506704629266814
48.93965530395508,2.5122055425888945
48.941909313201904,2.5135347263258367
48.94418239593506,2.5173953196281578
48.94644522666931,2.5164112468256055
48.94870042800903,2.509382666275819
48.95095205307007,2.5183817766167853
48.953205823898315,2.5170943161361596
48.955458879470825,2.524566951342458
48.95771241188049,2.5341919105281723
48.95996379852295,2.536669675906858
48.96221685409546,2.53497332751433
48.964470624923706,2.5391098903548586
48.966723680496216,2.5432679108700644
48.968977212905884,2.545786803458548
48.971229553222656,2.547486728130189
48.97348761558533,2.5471499618470625
48.9757399559021,2.5514158667821727
48.97799301147461,2.551337784688209
48.980246782302856,2.556159801025367
48.98249840736389,2.550659483749805
48.98475241661072,2.5530913535465425
48.98700404167175,2.5541904633272248
48.98925709724426,2.53930420151999
48.9915087223053,2.5390818761684746
48.993762493133545,2.5562575526544515
48.99601435661316,2.556827373126432
48.99826693534851,2.5559774107906117
49.0005202293396,2.557036585454534
49.00277233123779,2.5391718791928146
49.00502634048462,2.5544151728648155
49.007277488708496,2.552461928422681
49.00953030586243,2.5536933605305387
49.01178216934204,2.5484141765134547
49.01403474807739,2.548985189078473
49.01628851890564,2.547648852783305
49.018539905548096,2.5483778176758074
49.02079486846924,2.5474360641760905
49.02304697036743,2.5466421302130375
49.0253005027771,2.5466737206785344
49.027552127838135,2.545298641359644
49.0298056602478,2.539269630821899
49.032058238983154,2.534394566344567
49.03431296348572,2.53551334566037
49.036566495895386,2.5336000363349958
49.038818359375,2.5347408693719946
49.04107141494751,2.5327524581852505
49.043323040008545,2.528540197436833
49.04557657241821,2.5275966557975598
49.04782795906067,2.5268146427648834
49.05008125305176,2.510318459310348
49.052334785461426,2.5129511967839235
49.05458664894104,2.514558734245149
49.05683994293213,2.5137844698172174
49.059091091156006,2.515837850074512
49.06134533882141,2.511909307469047
49.06359672546387,2.5117400302577053
49.06584930419922,2.51048237210302
49.06810021400452,2.514792980527041
49.070353984832764,2.514894904481757
49.07261824607849,2.4807646847682814
49.074899435043335,2.490247188836001
49.077163219451904,2.495325505176247
49.079416036605835,2.489620147898215
49.08167052268982,2.490573822328308
49.08392333984375,2.491589485596357
49.08617663383484,2.4934992186426186
49.088430404663086,2.495899497973859
49.09068202972412,2.4940839402775694
49.09293866157532,2.497726380554006
49.09519171714783,2.4929687372408793
49.097445249557495,2.496309577978799
49.09969758987427,2.497558891482221
49.101950883865356,2.497195899152267
49.104209423065186,2.4977436659030516
49.10646319389343,2.501198351526064
49.10871624946594,2.5034949187630318
49.110968351364136,2.504911721338239
49.113221645355225,2.500144541280811
49.11547327041626,2.5041231517938556
49.117732763290405,2.507555783695672
49.11999773979187,2.5088408599902223
49.122255086898804,2.5076970467206294
49.124510765075684,2.5088408599902223
49.12676405906677,2.512649001198888
49.1290180683136,2.513757051677352
49.131269693374634,2.514519395174908
49.1335232257843,2.511143983738897
49.135775327682495,2.5139114277257235
49.13802981376648,2.5161746163576386
49.140284061431885,2.5000652670938095
49.14253759384155,2.5203099871051298
49.144805908203125,2.522415819456079
49.147059202194214,2.524992528556887
49.14931297302246,2.5257298381006525
49.151564836502075,2.5164917131056446
49.15381932258606,2.4964770670505843
49.15613079071045,2.4381902740228503
49.158466815948486,2.4220755603403523
49.160743951797485,2.427215865518554
49.16299891471863,2.4159029025915744
49.16525387763977,2.4156138200299524
49.1675066947937,2.413294006978751
49.16976022720337,2.417261292607938
49.17201280593872,2.4170157214421892
49.17426633834839,2.4196311735667195
49.176520347595215,2.4111673129996434
49.17877221107483,2.409490038095717
49.181025981903076,2.4108740581123898
49.18327808380127,2.4080446252876073
49.18553113937378,2.411942769520613
49.18778347969055,2.413387586282204
49.19003701210022,2.419549515193643
49.192291021347046,2.4152740735142317
49.1945436000824,2.4203494096218834
49.196797370910645,2.4238768129201906
49.199049949645996,2.4284884248362095
49.201303005218506,2.432861618144705
49.20355582237244,2.4358686728320924
49.205809593200684,2.441320114293112
49.20806169509888,2.4451091820131756
49.210314989089966,2.453047329550663
49.21256899833679,2.452078157911081
49.214821577072144,2.459278995904803
49.21707534790039,2.4646505671323022
49.219327449798584,2.472353872341379
49.22158074378967,2.478215393807339
49.22383403778076,2.4773713919367064
49.22608971595764,2.495318352618021
49.22834324836731,2.4917414774586533
49.2305953502655,2.4986794589375805
49.23285126686096,2.5001141429083518
49.23510789871216,2.5101646793084953
49.23736119270325,2.5002393126773015
49.23961400985718,2.5355586451957994
49.24186730384827,2.549094265591415
49.24411869049072,2.5670781811568952
49.246381759643555,2.582184980176089
49.24863815307617,2.5983348606031966
49.250890016555786,2.6109746230810433
49.25314426422119,2.6182583115408793
49.25539684295654,2.6176360389752436
49.25765061378479,2.633904532659594
49.25990271568298,2.6451525265160236
49.26215934753418,2.653696853363139
49.26441168785095,2.6565167494436204
49.26667261123657,2.671820839860539
49.26892828941345,2.679545006697775
49.271180391311646,2.682630143479126
49.273573875427246,2.6826223948743815
49.27583718299866,2.6886812077380666
49.2780921459198,2.693281494770228
49.28034710884094,2.696209275270614
49.28259992599487,2.693102084768067
49.284854888916016,2.6967606183005115
49.28710651397705,2.6986506818116522
49.2893602848053,2.7001258969457025
49.291614055633545,2.6990512250722913
49.29386806488037,2.695381962702508
49.29612064361572,2.6971248027235033
49.29837369918823,2.6968387003944754
49.30062675476074,2.6928487649975734
49.302878618240356,2.687172613998963
49.305131912231445,2.6845929246655613
49.3073844909668,2.6831475118574515
49.309637784957886,2.6777819010951402
49.311890602111816,2.669220288898979
49.314144134521484,2.6639452772075267
49.31639814376831,2.6537165228982595
49.31865310668945,2.6503673375090764
49.32091522216797,2.6443389230178505
49.323171854019165,2.632453159386296
49.32543635368347,2.627609685374461
49.3276891708374,2.617234303621567
49.32994556427002,2.617165162225385
49.33220887184143,2.6080021390917465
49.33446216583252,2.6123574510046783
49.33671760559082,2.596493672906598
49.338969469070435,2.591348599356246
49.341222524642944,2.58596033882622
49.343475103378296,2.5785300229227572
49.345728158950806,2.5735381333277383
49.347981691360474,2.570040532355372
49.35023808479309,2.564791746710747
49.35249161720276,2.561311431087426
49.354743003845215,2.5558474726495115
49.35699677467346,2.5389614747716753
49.35924792289734,2.536382977531311
49.36150097846985,2.53199249887377
49.36375188827515,2.526430788806771
49.366005420684814,2.5195440673284613
49.36826014518738,2.5219735529391234
49.370511293411255,2.5368037863735897
49.37276482582092,2.513552011674882
49.375017166137695,2.513680161676426
49.377270460128784,2.5130507365525645
49.37952280044556,2.5102141511695564
49.381776332855225,2.509218157436628
49.38402771949768,2.5073108085764417
49.38628149032593,2.500060498721659
49.388535022735596,2.5063601143789427
49.39078688621521,2.506433428100756
49.39304256439209,2.5010821224548963
49.39529514312744,2.5002208352352184
49.39754843711853,2.4995771049949056
49.39983344078064,2.4806961394186184
49.40214276313782,2.4710264767439933
49.404456615448,2.4375781342480343
49.40677237510681,2.429895094620597
49.40913152694702,2.4221494701086845
49.411391496658325,2.4449160629410818
49.41364669799805,2.456081206331397
49.41589903831482,2.4540004079342377
49.41815257072449,2.4567297049438603
49.420411109924316,2.4609711719716993
49.422664642333984,2.460549171036383
49.424919843673706,2.4679377636835294
49.4271719455719,2.4721297588503073
49.429425954818726,2.477102574956724
49.43167781829834,2.478739318697371
49.433932065963745,2.482071218737509
49.43618369102478,2.487472592290949
49.43844509124756,2.4895879613861993
49.440701961517334,2.494495212375547
49.442954540252686,2.497673928460351
49.44520926475525,2.501887977348325
49.447465658187866,2.5002959370965883
49.4497230052948,2.5054386264608652
49.45197534561157,2.5045362120313897
49.45422911643982,2.5084856162650127
49.456483125686646,2.511666716535892
49.458735942840576,2.5058725483265576
49.460988998413086,2.5047114497079193
49.4632408618927,2.504628599241805
49.46549367904663,2.5111237181572577
49.46774959564209,2.5131502763212055
49.47000288963318,2.517611684514485
49.47225618362427,2.518606486154376
49.474507331848145,2.523709240401893
49.47675967216492,2.525616589262079
49.47901153564453,2.5367984219549204
49.48126459121704,2.5294092332612554
49.48351716995239,2.5309380925819984
49.4857702255249,2.534180585644315
49.48802208900452,2.5373294994031785
49.490275144577026,2.539925878039107
49.492528200149536,2.5381162808080053
49.49477982521057,2.5419524362030548
49.49703502655029,2.542877500400245
49.49928641319275,2.54587561438985
49.50153970718384,2.5461205895090804
49.50379180908203,2.5494119583859396
49.50604510307312,2.5499472081598293
49.50829887390137,2.552492922841659
49.51055073738098,2.552770084472905
49.51280403137207,2.5497749507158938
49.51505637168884,2.551030224684504
49.51731586456299,2.5483706651175817
49.519570112228394,2.549364274664435
49.52182602882385,2.5392279075655826
49.52407884597778,2.5480195937180037
49.52633547782898,2.5481656251151117
49.52858924865723,2.5506267011912707
49.53084111213684,2.5500920474638997
49.53309392929077,2.5504878223523884
49.5353467464447,2.5488933979145765
49.53760004043579,2.5514653386432338
49.53985118865967,2.5499847590905143
49.54210424423218,2.547760313482322
49.544357776641846,2.548218077208767
49.54660987854004,2.5501576125809686
49.54886341094971,2.5512698353850647
49.55111503601074,2.5506714046801813
49.55336904525757,2.5501015842082007
49.55562114715576,2.5498840272288357
49.55787444114685,2.5393024133804336
49.560126304626465,2.5506404102612033
49.56238007545471,2.535705868685945
49.56463408470154,2.541420166661759
49.56688666343689,2.5439015083195575
49.569143295288086,2.5450041943793527
49.571396827697754,2.544825976470229
49.57365083694458,2.5447037869338733
49.57590317726135,2.547583883712755
49.57815623283386,2.5391325401225733
49.58040928840637,2.5491908251274618
49.582661867141724,2.5470593627762037
49.58491539955139,2.539332811752893
49.587167263031006,2.552144831674675
49.589420557022095,2.552055424696854
49.59167218208313,2.5544741814701775
49.59392476081848,2.5546106761229845
49.596176624298096,2.5568518110337033
49.59843730926514,2.557272023829463
49.60069012641907,2.5588736008255006
49.60294151306152,2.5559243626504378
49.60519480705261,2.5584319303550638
49.60744571685791,2.5605085564265915
49.60970187187195,2.5604429913095226
49.61195421218872,2.575909802426076
49.61420750617981,2.557831115464105
49.61646056175232,2.5732770649525003
49.618712186813354,2.5613012982966064
49.620965242385864,2.5632461980874774
49.62321734428406,2.562629289940511
49.62546992301941,2.5644239860086424
49.62772178649902,2.56351501506746
49.62997484207153,2.5758800001001356
49.63223195075989,2.5588771771046135
49.634483098983765,2.5587400864052876
49.63673663139343,2.562942810409404
49.63898968696594,2.561957545513814
49.64124250411987,2.575723239865689
49.64349436759949,2.555074996361136
49.645747423172,2.557110495222866
49.64799928665161,2.556069798001027
49.6502525806427,2.5573888489471495
49.65250539779663,2.554931945196622
49.654778242111206,2.51424819400885
49.65710997581482,2.495151459592755
49.65942406654358,2.500253617793753
49.66169619560242,2.5004002452373797
49.66395282745361,2.4603798938250416
49.66622281074524,2.4346002858400686
49.668479442596436,2.4248221426990204
49.67073321342468,2.412414838363509
49.67298746109009,2.3986819265701684
49.67524194717407,2.3829039791707967
49.67749762535095,2.380501315653481
49.67975044250488,2.3727533069554934
49.68200874328613,2.363833470801529
49.6842622756958,2.361568494030058
49.68651533126831,2.3573955723518814
49.688770055770874,2.3537227337029853
49.69102239608765,2.343864124281898
49.693278789520264,2.3448565417357137
49.69553089141846,2.34451321894088
49.69778490066528,2.3439839296321785
49.70003700256348,2.3454281503472507
49.70229125022888,2.3387816356160207
49.70454454421997,2.3464456017548563
49.70679759979248,2.3478427347949427
49.70905327796936,2.351993006705404
49.71130585670471,2.3510399283218297
49.71355986595154,2.3597273063334594
49.71581196784973,2.3606929016939286
49.71808052062988,2.3781844828348735
49.720338106155396,2.3815211512471617
49.72259068489075,2.3829635838226775
49.72484612464905,2.4164584179471036
49.727113008499146,2.4414017726661887
49.72936773300171,2.46589690040313
49.73162007331848,2.497842013578655
49.73387408256531,2.5024989250301033
49.73612666130066,2.521853747588843
49.738380908966064,2.5433233431963136
49.74063515663147,2.5610527468982633
49.7428879737854,2.578335115711107
49.74514150619507,2.5925675144872087
49.747392892837524,2.608467055376417
49.74964666366577,2.623688295327222
49.751898765563965,2.6328089991580246
49.75415325164795,2.646251040250187
49.75641107559204,2.6574954578275034
49.75866341590881,2.669668515881123
49.760915994644165,2.677670440396123
49.76316809654236,2.690584384272621
49.765421628952026,2.6851794344400686
49.7676739692688,2.690663062413104
49.76992726325989,2.6926806798792695
49.7721791267395,2.6987329362312478
49.77444005012512,2.70293268000277
49.77683424949646,2.702983343956869
49.77909541130066,2.707591975640294
49.78135013580322,2.708263720066991
49.78360414505005,2.6953277224692966
49.785858154296875,2.710277761254044
49.788111209869385,2.7131465331490676
49.79036498069763,2.712107028020266
49.79261803627014,2.708446706348265
49.794869899749756,2.707708204711462
49.79712390899658,2.708036626343325
49.79937529563904,2.7048060542113848
49.80162858963013,2.702955329770485
49.80388069152832,2.700195634388403
49.80613350868225,2.6978972790118787
49.80838680267334,2.6944366329236784
49.81063914299011,2.6902315247334867
49.8128924369812,2.682611666037043
49.81515049934387,2.6779487941204065
49.81740379333496,2.6745745747774334
49.819655656814575,2.6685574851700644
49.82190823554993,2.6563266106041206
49.82416081428528,2.653978783366535
49.82642197608948,2.6514145912426224
49.82868552207947,2.637791352008742
49.83093881607056,2.6325884619460656
49.83319354057312,2.625322654881794
49.835445404052734,2.621146156924505
49.837698459625244,2.616339041750317
49.83995056152344,2.6147565382428812
49.84220361709595,2.614772631498889
49.844470739364624,2.5953582042882686
49.84673070907593,2.585099051606542
49.84898352622986,2.5787219499018135
49.85123658180237,2.574293920313587
49.853490591049194,2.5674250802308416
49.85574221611023,2.5651076513657154
49.8579957485199,2.5602725220051434
49.86025023460388,2.5566211410309245
49.862502574920654,2.539083664308031
49.8647563457489,2.5491240679173552
49.86700892448425,2.545596068572529
49.86926341056824,2.5262215764786693
49.87151527404785,2.5266435774139855
49.87377405166626,2.522139849917871
49.87602615356445,2.52233535317604
49.87827920913696,2.5186947010391596
49.88053250312805,2.518953981274841
49.882784366607666,2.51091748606175
49.88503861427307,2.513418497254669
49.887290477752686,2.512232364682241
49.88954472541809,2.512984575388977
49.89179587364197,2.511448563510008
49.8940486907959,2.5113067044385318
49.89630389213562,2.511159480948386
49.898555278778076,2.5111731900183187
49.9008092880249,2.5094768416257907
49.903130531311035,2.4845442157440445
49.90553069114685,2.4884036169533275
49.90779137611389,2.4847516399325897
49.910057067871094,2.4572566100664868
49.91237425804138,2.4394133614794447
49.91468286514282,2.4292007004261853
49.9170036315918,2.4324324646511633
49.91927123069763,2.4219217803385
49.92153000831604,2.4461939866774065
49.92378520965576,2.4537000004887584
49.92603921890259,2.460978324529925
49.92829251289368,2.466540034596924
49.93054485321045,2.4744495719015087
49.93279838562012,2.4728098479282674
49.935054302215576,2.4825695136272325
49.93730974197388,2.480625805929399
49.93956184387207,2.4977812168337366
49.94181561470032,2.500256001979828
49.94406700134277,2.5080230841664175
49.94632124900818,2.5129607335282245
49.948575258255005,2.5210574294397152
49.95083260536194,2.5281819734790294
49.95308804512024,2.536629144743579
49.955339670181274,2.543108170403024
49.95759296417236,2.5503823221185593
49.95984506607056,2.553974694487416
49.962101221084595,2.55840391616868
49.964356660842896,2.5671300372040315
49.966609716415405,2.5759306640542343
49.96886444091797,2.5808158613223866
49.97111678123474,2.5731560675091822
49.97337031364441,2.5726929393640683
49.975624561309814,2.5782594178032183
49.97787928581238,2.5904217470194992
49.98013186454773,2.595303964055057
49.98238492012024,2.6034030441526226
49.98463845252991,2.610978199360156
49.986891746520996,2.617326690831982
49.98914575576782,2.6255878955826635
49.991398096084595,2.6319363870544894
49.99365234375,2.6346138280169757
49.99590468406677,2.637329415956666
49.99815821647644,2.654078323135176
50.00041222572327,2.64617951466793
50.0026638507843,2.653947788947557
50.00491714477539,2.652630526140991
50.007169246673584,2.6576140710847462
50.00942325592041,2.661138494150459
50.01167583465576,2.662930806032515
50.01392960548401,2.6641598539542977
50.01618194580078,2.670910676826319
50.01844263076782,2.668130119816079
50.02070188522339,2.669171413084437
50.02295446395874,2.656418401768017
50.02520799636841,2.6667830546835725
50.02746033668518,2.6675501665532786
50.02971434593201,2.664084156046409
50.03196620941162,2.6608947111242665
50.03421950340271,2.6567426510742487
50.03647327423096,2.6562676019987586
50.03872537612915,2.6539001052260525
50.04097867012024,2.651589232872633
50.04323077201843,2.649212199355626
50.04548406600952,2.6440242104559197
50.04773545265198,2.636788205717588
50.04999136924744,2.633217887069927
50.05224585533142,2.6174441119961873
50.05449843406677,2.6197931313268104
50.0567524433136,2.6172104617608145
50.05900430679321,2.612389041470175
50.0612576007843,2.6062688358150523
50.063509941101074,2.57827849129182
50.0657639503479,2.593514632405595
50.06801724433899,2.586970041629081
50.070271015167236,2.584601948809856
50.07252502441406,2.5503447711878744
50.07480835914612,2.5405547071164496
50.07707238197327,2.5426206043506387
50.079333543777466,2.53707379544661
50.08158993721008,2.536709014977099
50.08384323120117,2.5266936453215654
50.08609867095947,2.525862160427828
50.08835244178772,2.5230476287660157
50.09060525894165,2.5197491073309313
50.09285855293274,2.51582890937673
50.09511113166809,2.514888944016569
50.09736466407776,2.500216066863068
50.09961700439453,2.5099089753519266
50.10187101364136,2.500151097792518
50.10412311553955,2.5056919462313587
50.10637712478638,2.5059512264670403
50.108630657196045,2.5028994682907424
50.110883474349976,2.500523030820254
50.11314105987549,2.4928310504950346
50.115392446517944,2.492059170253178
50.11765170097351,2.4839314799227092
50.11990475654602,2.495278417501261
50.12215781211853,2.4808445550018017
50.12441158294678,2.480539379184172
50.12666344642639,2.4806585884879335
50.1289176940918,2.4794903373110695
50.13116979598999,2.4774643751936405
50.13342332839966,2.478252348691505
50.135676860809326,2.4725356665296156
50.13793206214905,2.4715819920995226
50.14018487930298,2.4611756159276506
50.14244556427002,2.460947330110947
50.14469885826111,2.470661100227964
50.1469509601593,2.4610826326707165
50.14920473098755,2.467450793677663
50.15145754814148,2.4622347905915727
50.15371084213257,2.462649638968663
50.15596294403076,2.4635377482816874
50.15821647644043,2.461040313367881
50.16047024726868,2.4563571758696052
50.162774085998535,2.407504607141567
50.165109634399414,2.3746910541881388
50.16761112213135,2.3244967847462634
50.16996788978577,2.277682099066031
50.17246079444885,2.2412678290924823
50.17479920387268,2.1876826510051073
50.17718029022217,2.2248527079645046
50.17951965332031,2.244636684016786
50.181774854660034,2.2550800150728243
50.18402886390686,2.265696795665836
50.18628430366516,2.2876825675585946
50.18853831291199,2.3063751824349383
50.19079089164734,2.3201122665539105
50.19304394721985,2.3322996297239817
50.19529628753662,2.343947570794531
50.19755005836487,2.3609384728596776
50.19980192184448,2.3739996402263213
50.20205545425415,2.3858502371132655
50.2043092250824,2.40038661961396
50.206568002700806,2.4117854132396475
50.208821535110474,2.4250242024688964
50.211074352264404,2.433623961642261
50.21332836151123,2.44085102568281
50.215580463409424,2.4505260527761044
50.21783399581909,2.4602523398700167
50.22008538246155,2.468871172531983
50.222338914871216,2.4782684419475127
50.22459268569946,2.47878998265147
50.22684597969055,2.4876740560143062
50.22910022735596,2.4947336309830703
50.23135423660278,2.4998810887194978
50.23360848426819,2.506020963909741
50.23586058616638,2.51031726721731
50.23811459541321,2.5167754312485973
50.2403678894043,2.5190642498808207
50.24261951446533,2.519097628485874
50.24487352371216,2.522508802713013
50.24712538719177,2.5263980062482365
50.24937891960144,2.5279238853363855
50.251630783081055,2.5263229043868667
50.25388431549072,2.5290855800015426
50.25613617897034,2.5320038237576274
50.258389711380005,2.5341811816908337
50.26064395904541,2.534870807513095
50.26289653778076,2.53405303168929
50.26515007019043,2.534112636341171
50.26740264892578,2.5350770396086024
50.26965689659119,2.5338652770358654
50.2719087600708,2.532101575386712
50.27416253089905,2.5301948225730446
50.27641534805298,2.530523244204908
50.278666496276855,2.5128558293409142
50.2809202671051,2.5122961416597533
50.283318758010864,2.5001522898855555
50.28558588027954,2.5044253473788913
50.28783988952637,2.500194609188391
50.29009437561035,2.5000587105821026
50.29234838485718,2.504149377840683
50.294604778289795,2.5003007054687387
50.296857833862305,2.5001433491877734
50.2991099357605,2.4957987661121805
50.3013641834259,2.4977162477631865
50.303617000579834,2.488246856718881
50.30587100982666,2.4885192499779762
50.308122634887695,2.485413251568467
50.31037616729736,2.484859524352494
50.31262993812561,2.4758115381969854
50.314881324768066,2.4612405849982006
50.31713509559631,2.461078460345085
50.31938934326172,2.4647989827154855
50.321645736694336,2.463437016420009
50.32389783859253,2.459719474282202
50.326151847839355,2.4591627668336353
50.32840538024902,2.455317074694285
50.33065748214722,2.453003222108271
50.332910776138306,2.4392965363617582
50.335176944732666,2.437904767740341
50.33743643760681,2.4364802165603896
50.339688777923584,2.434826187470697
50.341941833496094,2.428552201813722
50.34420299530029,2.4258568794556714
50.346455574035645,2.422064235456495
50.348708629608154,2.421872904523957
50.35096049308777,2.4213400389361426
50.353214263916016,2.4157717723574366
50.35546541213989,2.417215993072509
50.357720613479614,2.413178373954102
50.35997223854065,2.4141880767569632
50.36222529411316,2.4086192141317384
50.364479303359985,2.4084666262229235
50.36673069000244,2.419514348449033
50.368983030319214,2.4075320252814323
50.37123441696167,2.4067082889924394
50.3734872341156,2.4037119631423907
50.37574052810669,2.405739713399376
50.37799310684204,2.4055388457225377
50.380247354507446,2.3989078282007967
50.38249969482422,2.392120646491128
50.384753942489624,2.397909450281793
50.3870050907135,2.3977401730704515
50.38925862312317,2.4021252873093233
50.391510009765625,2.4007674933394783
50.39376354217529,2.41961090798508
50.39601469039917,2.406208802009678
50.39826846122742,2.409817267634543
50.40052151679993,2.412703920925131
50.40277433395386,2.410982538578813
50.405027627944946,2.419467856820566
50.407283306121826,2.4172887107478034
50.40956354141235,2.4026492121993557
50.411863565444946,2.3947051041966803
50.41419434547424,2.3780199739956824
50.416515588760376,2.3621877863630996
50.418824672698975,2.3722842183451913
50.421095848083496,2.377838179807446
50.42334985733032,2.383201406383682
50.42560386657715,2.3916086425314718
50.427855491638184,2.4012568475314198
50.43011283874512,2.408837367157622
50.43237042427063,2.413479973492619
50.43462324142456,2.4226155784863925
50.43687701225281,2.4303212678815447
50.43912887573242,2.439801387763189
50.44138789176941,2.445172958990688
50.443639039993286,2.4535313193239356
50.445892095565796,2.4582675049623854
50.44814467430115,2.4661758501739324
50.4503972530365,2.4712130393043803
50.45265078544617,2.472842630486802
50.4549036026001,2.478475866136058
50.45716142654419,2.485114036216025
50.45941424369812,2.490533291165029
50.46166753768921,2.493177949568981
50.46391844749451,2.497807442880564
50.46617412567139,2.500483095703494
50.46842861175537,2.506246865540369
50.470680236816406,2.509516776742551
50.47293305397034,2.5142571347066323
50.47518467903137,2.5173923393955637
50.47743844985962,2.52286047015911
50.479689836502075,2.5246617227389483
50.48259878158569,2.4521997514009177
50.485090255737305,2.382943318241038
50.48740839958191,2.3798182463429267
50.48973298072815,2.375309154428143
50.492141008377075,2.360045595174503
50.49443769454956,2.3813065745003907
50.49669599533081,2.394702720010605
50.49894857406616,2.4025568249889404
50.50120306015015,2.420974662420113
50.5034556388855,2.4322387495325506
50.50570893287659,2.4562069721468656
50.50797414779663,2.4452117020144106
50.51023817062378,2.458256180078528
50.51249146461487,2.4687394462513264
50.51474404335022,2.4790182684681734
50.51699709892273,2.485027013424279
50.51925015449524,2.4954655761081668
50.521503925323486,2.50641137437956
50.52375674247742,2.5163361449642356
50.52600979804993,2.5279757413835218
50.52826499938965,2.5407496143281
50.53051829338074,2.539179627797559
50.5327730178833,2.5651386457846934
50.53502559661865,2.576600024294856
50.53727960586548,2.5872609123302595
50.53953170776367,2.595835637549834
50.5417857170105,2.6043197636985496
50.54403781890869,2.611267281921778
50.54629158973694,2.6167103787315344
50.548545837402344,2.6198581003973604
50.55079793930054,2.621941879027114
50.553051710128784,2.6209178711078014
50.5553035736084,2.617435171298405
50.55755662918091,2.6122519507708493
50.5598087310791,2.6147553461498436
50.56206178665161,2.5978443143182175
50.56431698799133,2.5870612367464587
50.56656861305237,2.576695391737865
50.56882190704346,2.5652852732283202
50.57107400894165,2.554658955891008
50.57332706451416,2.544888561354704
50.57557940483093,2.5351414126326337
50.57783246040344,2.5256124169364473
50.58008408546448,2.51713425125292
50.58233714103699,2.5090613972021814
50.58458995819092,2.4978098270666393
50.58684253692627,2.4703213537122433
50.58909559249878,2.4698725306835807
50.59134817123413,2.465353305977977
50.59360647201538,2.4603453231269508
50.5958616733551,2.457787091468226
50.59811520576477,2.454042727237073
50.600369453430176,2.451427871159061
50.60262107849121,2.4486830769399495
50.60487484931946,2.4465736683098873
50.60712647438049,2.4444106154931324
50.60938048362732,2.4426272443088584
50.61163258552551,2.4400851059061415
50.6138858795166,2.4382105396044897
50.61613750457764,2.4372270628484562
50.618391036987305,2.4373510405243684
50.62064576148987,2.437013678194723
50.6228973865509,2.43696003400803
50.62515044212341,2.436597637724595
50.62740135192871,2.436752609819485
50.62965440750122,2.4373075291284954
50.631906032562256,2.4381062314636983
50.63416075706482,2.439017586590956
50.636414766311646,2.4393293189202927
50.63866662979126,2.4396118449702078
50.64091944694519,2.44039087777029
50.643171310424805,2.441708140576856
50.64542484283447,2.4439003996730326
50.647676944732666,2.4450656706173026
50.649930477142334,2.4465396936583153
50.65218186378479,2.4477407273937137
50.654441595077515,2.450297766959401
50.6566948890686,2.451145941155665
50.65894675254822,2.4514552892989263
50.661200284957886,2.453365618391707
50.66345143318176,2.4461451108628642
50.66576528549194,2.4059590585182975
50.66809320449829,2.3830869654520708
50.67040491104126,2.4194976591465065
50.67266583442688,2.4124130502239525
50.674919843673706,2.4194857382161303
50.677175521850586,2.4239990024565463
50.67942810058594,2.428726843443733
50.68168115615845,2.421877076849589
50.6839337348938,2.438971094962489
50.68618655204773,2.444343262236507
50.68843960762024,2.434387497232854
50.69069957733154,2.4439045719986643
50.69295310974121,2.4498519241633323
50.695204973220825,2.4547997063159595
50.69745850563049,2.45950549358195
50.69971013069153,2.464962299461639
50.70196342468262,2.470304068363198
50.70422601699829,2.4742731421319415
50.706477642059326,2.4791732405630635
50.708730936050415,2.484579382488654
50.71098303794861,2.49050289279257
50.713236808776855,2.497838437299542
50.71548843383789,2.4996420740654557
50.7177414894104,2.49757438869171
50.72004055976868,2.504180372259661
50.72229528427124,2.5090107332480827
50.724549770355225,2.5122186556123083
50.726802349090576,2.5169888159023306
50.72905611991882,2.519970240589409
50.731308460235596,2.534264628203467
50.73356294631958,2.52473086413513
50.73581600189209,2.534267608436061
50.738070011138916,2.530983392117428
50.74032425880432,2.5340357463402445
50.742576360702515,2.537200157308597
50.7448296546936,2.540028398040342
50.74708151817322,2.5419619729473557
50.749335050582886,2.5433674506387054
50.75158739089966,2.5443932466975743
50.753841400146484,2.5459584648559646
50.75609374046326,2.548041051392681
50.758347511291504,2.5486669002374294
50.76060104370117,2.5391385005877614
50.76285409927368,2.549133604661656
50.76510739326477,2.549764817925074
50.767359495162964,2.549724882808314
50.76961302757263,2.550383514211597
50.771865129470825,2.55050689584099
50.77411913871765,2.5392314838446954
50.7763729095459,2.5483527837220175
50.77862501144409,2.547757929296247
50.78087878227234,2.5467845853310327
50.783130407333374,2.5392475771007033
50.78538417816162,2.53935426942757
50.787636280059814,2.5392940687291703
50.790032386779785,2.5248530536714857
50.79229688644409,2.5216099645626504
50.79455041885376,2.534260455877835
50.796804666519165,2.521026435020737
50.79905676841736,2.5195315503515663
50.80130982398987,2.5184622428968244
50.80356216430664,2.5177809617258267
50.80581545829773,2.5174775740477533
50.80806756019592,2.516835631946997
50.81032037734985,2.5148096698295674
50.8125741481781,2.513739170281788
50.814825773239136,2.513366641207533
50.817079067230225,2.5126436367802185
50.8193302154541,2.5123676672420103
50.82158350944519,2.511570753046364
50.82383584976196,2.500246465235527
50.82608938217163,2.510681451640302
50.82834339141846,2.5002458691890084
50.83059597015381,2.509755195350074
50.8328492641449,2.5001493096529614
50.83510136604309,2.507248223691967
50.83735466003418,2.506732047406679
50.839606523513794,2.500551641053157
50.841869831085205,2.500035464767869
50.84412336349487,2.5010970236178665
50.8463773727417,2.497580945203417
50.84863209724426,2.4984648821908095
50.85088348388672,2.4983122942819946
50.853137254714966,2.4984005091667782
50.85538935661316,2.497789561485
50.85764217376709,2.4987873433574848
50.859894037246704,2.4979898331153194
50.86214780807495,2.4971917268266353
50.86440300941467,2.497611343575876
50.86665415763855,2.4973455068284878
50.86890745162964,2.497406303573406
50.87116003036499,2.497447430783204
50.87341332435608,2.497963607068492
50.875664949417114,2.4983027575376937
50.877918004989624,2.498721778240416
50.88016939163208,2.4984934924237123
50.8824405670166,2.4964132900730718
50.88469576835632,2.4977847931128494
50.88694787025452,2.4973371621772245
50.889201641082764,2.498289048467761
50.891453981399536,2.4972745772927496
50.89370799064636,2.4826654771167607
50.895960092544556,2.4805685854635935
50.898213386535645,2.4887385950968977
50.90046715736389,2.4898925411573103
50.902719259262085,2.4915507425726346
50.904972553253174,2.493442594223332
50.907225131988525,2.494793235634951
50.90947985649109,2.4955490226208
50.91173219680786,2.496422230770854
50.91398549079895,2.4956163758774252
50.9162802696228,2.4762490363417906
50.918583154678345,2.47572928377739
50.92085671424866,2.4722680416426708
50.923149824142456,2.4427923491945682
50.92547655105591,2.440328888932334
50.927802324295044,2.4265155108589544
50.93009352684021,2.4392029570583054
50.93235397338867,2.441854768020483
50.934606313705444,2.4460604722571935
50.93686366081238,2.451978022095921
50.93911623954773,2.4568942137830514
50.941370487213135,2.4607840133647936
50.94362258911133,2.461124951973552
50.94587588310242,2.469734843937736
50.94812822341919,2.473933395616221
50.95038199424744,2.4781540010159016
50.95263648033142,2.4818524696651063
50.95488739013672,2.48436122946277
50.95714092254639,2.489362059755571
50.95939302444458,2.4922004332781356
50.96164679527283,2.494613229586271
50.96390223503113,2.496316134490506
50.96615648269653,2.4996730684844337
50.968411922454834,2.4998196959280605
50.97066330909729,2.503537834112386
50.97291684150696,2.5062993176340242
50.97516894340515,2.5090017925503005
50.97742223739624,2.5114259137422934
50.979673862457275,2.5133451835328557
50.981926918029785,2.515206040764575
50.98417925834656,2.517994942426079
50.98644042015076,2.5201490545450516
50.98869347572327,2.521999778985951
50.99094533920288,2.5197604322147886
50.99319839477539,2.525530162516852
50.995450019836426,2.497636973576185
50.99772906303406,2.5084951530093136
50.99998617172241,2.5112196816467858
51.00223970413208,2.5142130272642405
51.0044949054718,2.517950834983687
51.006747007369995,2.52028495315134
51.008999824523926,2.5234273103984965
51.01125168800354,2.526197138571398
51.01350522041321,2.528444829993824
51.0157573223114,2.527472082075129
51.01804184913635,2.5163492579876494
51.020307302474976,2.5196924829116445
51.02256155014038,2.5228437808565833
51.02481555938721,2.525625529959861
51.02706789970398,2.527343932073585
51.02932119369507,2.5368735238162903
51.03157305717468,2.532235685853444
51.03382635116577,2.533549372380897
51.0360791683197,2.5349751156538862
51.03833246231079,2.5371781035874013
51.0405855178833,2.5389543222134496
51.04283690452576,2.5396540808265304
51.045090675354004,2.5411328722396935
51.0473427772522,2.5424006631851985
51.049596071243286,2.543598716688003
51.05184817314148,2.543616598083567
51.05410170555115,2.5440982036707642
51.05635690689087,2.5433352641266898
51.05861020088196,2.5427058390028283
51.06086468696594,2.539356653613645
51.063117027282715,2.541809385038541
51.06537079811096,2.5424900701630198
51.067622900009155,2.542457883651004
51.06987690925598,2.542865579469869
51.072128772735596,2.5254914194931293
51.0744194984436,2.5240525631967263
51.076679706573486,2.5237014917971483
51.0789315700531,2.5246432452968652
51.08118724822998,2.5252547890251624
51.08344006538391,2.5259384543822354
51.08569359779358,2.52667635997252
51.087945222854614,2.526965442534142
51.09019875526428,2.5276169213791992
51.09245252609253,2.528435293249523
51.0947048664093,2.5343683402977395
51.09695863723755,2.5232407478381096
51.09921097755432,2.517292203580404
51.10146427154541,2.5342652242499857
51.10371661186218,2.5189152382511186
51.10597014427185,2.5211802150225897
51.10823106765747,2.5228223231819062
51.110482692718506,2.52502590716194
51.112735986709595,2.519796791052436
51.114988803863525,2.534238998203158
51.11724257469177,2.527194920443883
51.11949944496155,2.5247767597170783
51.12175440788269,2.527313533701126
51.124006509780884,2.529526058378942
51.12626075744629,2.5307479537424986
51.12851619720459,2.532092038642411
51.13076853752136,2.5321868100389016
51.13302230834961,2.534098927271238
51.13527488708496,2.5277844104509843
51.137535095214844,2.528839412789275
51.13978934288025,2.5304803288555537
51.14204287528992,2.532875839814644
51.14429569244385,2.534873787745689
51.146547079086304,2.5362512512506545
51.14880132675171,2.5366249724179473
51.15105366706848,2.536896769630524
51.15330672264099,2.5387862370951457
51.15556836128235,2.5392618822171547
51.157822608947754,2.540121381297276
51.16007447242737,2.541212742473214
51.162328004837036,2.5410392929362406
51.16458177566528,2.54021436455421
51.16683316230774,2.539957468504604
51.16908669471741,2.5391194270991595
51.1713387966156,2.5403496671139796
51.17359185218811,2.518652381736324
51.17590308189392,2.477571067520507
51.17823839187622,2.4610081268558655
51.1805055141449,2.4854949099415435
51.182759284973145,2.497621476366696
51.185014486312866,2.490561305351413
51.18726682662964,2.492606340957444
51.189520597457886,2.4951097363364383
51.19177293777466,2.4972501393854785
51.194026708602905,2.498852312428035
51.19628071784973,2.500073015698554
51.198532581329346,2.499936521045747
51.20078635215759,2.4852409941245313
51.203038930892944,2.491791545366233
51.20529246330261,2.4937698237621575
51.207545042037964,2.4955841893654096
51.20979905128479,2.497406303573406
51.21205139160156,2.4986800549840993
51.21430563926697,2.4997237324385324
51.216559648513794,2.5000366568609067
51.218812465667725,2.5023147466557916
51.221065521240234,2.5031641129450932
51.22331762313843,2.50281065735944
51.22557353973389,2.5019761922331085
51.22782588005066,2.500079572210261
51.23007893562317,2.503121197595739
51.23233246803284,2.5033208731795398
51.23458504676819,2.503500283181701
51.236839294433594,2.504439056448824
51.23909115791321,2.5048664218028094
51.241344690322876,2.5002393126773015
51.243611574172974,2.500081956396336
51.24586510658264,2.5062546141451136
51.248117208480835,2.505249679714403
51.2503707408905,2.5057736046044354
51.252625703811646,2.5060901053059226
51.25487804412842,2.5073334583441564
51.2571325302124,2.5075903543937628
51.25938534736633,2.508006394863891
51.26163864135742,2.508073748120516
51.263890981674194,2.490688859306438
51.26619029045105,2.459564502187312
51.26845908164978,2.471294697677457
51.27071261405945,2.4609556747622103
51.273014068603516,2.4790063475377973
51.27526926994324,2.4952962988968252
51.27752470970154,2.4853679520330374
51.27977752685547,2.497642934041373
51.28203201293945,2.491984664438327
51.28428554534912,2.4941924207439925
51.286537885665894,2.499175369641229
51.2887921333313,2.501762807579375
51.29104399681091,2.5044402485418615
51.2932984828949,2.506862581594298
51.295663833618164,2.5038686399303245
51.297926902770996,2.5080600390505836
51.300180196762085,2.5108501328051247
51.30244183540344,2.500458061749704
51.30469584465027,2.503993809699274
51.30694794654846,2.5082400450992637
51.30920100212097,2.5146564858742337
51.3114538192749,2.5140705721462453
51.31370806694031,2.5000867247684866
51.3159601688385,2.5183162114997164
51.31821322441101,2.515641750769824
51.320472717285156,2.5165453572923373
51.32272529602051,2.5341942947142475
51.3249785900116,2.522298398291874
51.32723069190979,2.5367769642802434
51.329484701156616,2.5264003904343117
51.33173727989197,2.52824157813091
51.333990812301636,2.5292822753527493
51.33624505996704,2.5368222638156728
51.3384964466095,2.5343480747161
51.34074950218201,2.5357070607789827
51.34300088882446,2.537250821262696
51.34525394439697,2.5369033261422307
51.34751319885254,2.5354179782173607
51.34976935386658,2.5379946873181685
51.35202169418335,2.5368794842814784
51.3542754650116,2.540687625490144
51.356528520584106,2.54295498644769
51.35878086090088,2.544071381577418
51.361040115356445,2.545538252060205
51.363301277160645,2.546999758124323
51.36555480957031,2.5485232530263966
51.367807388305664,2.5482532439533765
51.37006187438965,2.549572890946018
51.37231469154358,2.5515344800394155
51.374566316604614,2.552910155404825
51.376821756362915,2.5544336503068985
51.379074573516846,2.5558975405570914
51.381327629089355,2.55642325358668
51.38357901573181,2.5576785275552902
51.3858323097229,2.5576934287182604
51.38808488845825,2.5595507096708667
51.39033818244934,2.560634918288579
51.39259147644043,2.5622180178425333
51.39484429359436,2.563265867622598
51.39709734916687,2.563971586700867
51.39934945106506,2.5588336657087405
51.40160274505615,2.566128083005915
51.40385460853577,2.562368817611792
51.406107664108276,2.5523677530727094
51.4083616733551,2.557821578719804
51.41061353683472,2.5575074622043923
51.412867069244385,2.5391295598899792
51.415120124816895,2.5585940550081796
51.41737413406372,2.559720582928727
51.41962552070618,2.557405538249676
51.42192482948303,2.5382182047627215
51.42427968978882,2.5212124015346054
51.42661118507385,2.5047883397088455
51.4289231300354,2.4870112522853915
51.43122744560242,2.4976351854366285
51.43349862098694,2.5043556099361908
51.43575096130371,2.513829769352647
51.43800449371338,2.526060643918591
51.440258264541626,2.5391253875643476
51.442513942718506,2.555439180784128
51.44476819038391,2.570191928171149
51.447019815444946,2.5844517450871165
51.449273347854614,2.6124003663540325
51.45152544975281,2.61503727615324
51.45377779006958,2.6232072857865436
51.456029176712036,2.6337686340533057
51.458282470703125,2.643320875563726
51.46053647994995,2.6529547754472227
51.462788343429565,2.659012992264389
51.465041399002075,2.6646921234955934
51.46729350090027,2.6564923115363492
51.4695508480072,2.6670375665471036
51.471802949905396,2.6687625251725344
51.47405695915222,2.6697036826257325
51.47631216049194,2.666331251422316
51.4785635471344,2.6654771167608637
51.480817556381226,2.6635381774351807
51.48307013511658,2.6573184320114174
51.485323667526245,2.6531019989373683
51.4875750541687,2.6485935030691032
51.48982763290405,2.6435712151016255
51.49207925796509,2.636582569668599
51.494332790374756,2.617301656878192
51.496586084365845,2.622653558570571
51.49883794784546,2.614043070559868
51.501092195510864,2.605772329064885
51.50334405899048,2.5968936201207184
51.50559759140015,2.5886842714171734
51.507853984832764,2.5656732995120644
51.51010751724243,2.56220967319127
51.51236009597778,2.554419345190447
51.514612436294556,2.5392469810541844
51.51686692237854,2.5381967470880444
51.519118309020996,2.525067034371738
51.521379232406616,2.5189468287166155
51.523632526397705,2.512567342825811
51.52588677406311,2.506479919729223
51.52813792228699,2.4976703521812382
51.530391454696655,2.4929967514272633
51.53264498710632,2.4865832908848873
51.53489637374878,2.4795189475439723
51.53715181350708,2.47364371700808
51.539403676986694,2.461152966159936
51.54165720939636,2.462150151985902
51.54390907287598,2.4567076512226644
51.546162843704224,2.451111370457574
51.54841613769531,2.4586400340366406
51.55066776275635,2.4409487773118945
51.55292057991028,2.4351373237535148
51.555171728134155,2.429455808336235
51.557425022125244,2.425282886658059
51.55967664718628,2.4206325317183173
51.56192970275879,2.419493486820875
51.56418180465698,2.4197092556606834
51.56644153594971,2.4061789996837377
51.568695068359375,2.399944949143523
51.57094669342041,2.3956212276960884
51.57320022583008,2.3927810660339675
51.57545208930969,2.3894974457618527
51.57770562171936,2.3830202082419643
51.579957485198975,2.383352802199459
51.58221125602722,2.3816856600863527
51.58446455001831,2.3791316007532597
51.586716413497925,2.378037259344728
51.58897018432617,2.3776408884097204
51.59122109413147,2.3779293749248236
51.59347486495972,2.3787960265631707
51.59572625160217,2.378921792378639
51.59797978401184,2.3806205249572425
51.60023331642151,2.3818322875299796
51.60248517990112,2.384143159883399
51.60473895072937,2.3829945782416555
51.60699129104614,2.389593409251381
51.609243869781494,2.3842373352333706
51.61149501800537,2.3720595088076006
51.613747358322144,2.3820182540438477
51.61599946022034,2.387390421317866
51.618255853652954,2.3934140674369417
51.62051010131836,2.3995485782085155
51.622761964797974,2.4058839566569277
51.6250159740448,2.4119165434737853
51.627267837524414,2.418914725651112
51.629520893096924,2.424360802693463
51.631773233413696,2.431062749750942
51.634026527404785,2.4377420470407065
51.636279344558716,2.443533235017447
51.63853096961975,2.450340086262236
51.64078378677368,2.4566516228498965
51.643036127090454,2.46352642339783
51.64528965950012,2.4694630467251595
51.64754128456116,2.476170358201308
51.64979577064514,2.4816963054771786
51.652047872543335,2.4873164281030213
51.654300689697266,2.4937948577159474
51.65655493736267,2.497594058226831
51.658806562423706,2.5047394638943032
51.661059856414795,2.5099030148867385
51.66331148147583,2.5141760723800743
51.66556429862976,2.5186392687129104
51.667816162109375,2.522999945044511
51.67006969451904,2.52806157208223
51.67232298851013,2.5300249493151843
51.674575090408325,2.5334337393562483
51.67683815956116,2.49858468754109
51.67919874191284,2.4731239644436793
51.68152952194214,2.488740383236454
51.683791160583496,2.4948325747051925
51.68604826927185,2.500297129189626
51.688302755355835,2.5077274450930886
51.69055509567261,2.513275446090155
51.692808628082275,2.518549861735089
51.69506049156189,2.5197675847730143
51.6973135471344,2.527787986730097
51.6995644569397,2.534304563320227
51.701817750930786,2.5366178198597216
51.70407032966614,2.54033953432316
51.706324100494385,2.544250791579579
51.70857858657837,2.547589844177943
51.71082949638367,2.547148173707506
51.71308374404907,2.536011044503575
51.715335845947266,2.543763225527194
51.717588901519775,2.5473025497558774
51.71984124183655,2.5450578385660454
51.722100496292114,2.5491240679173552
51.724355697631836,2.550783461425717
51.72660756111145,2.553018635871248
51.72886109352112,2.555469579156587
51.73111271858215,2.553748792856788
51.73336601257324,2.559497661530693
51.73561763763428,2.55776376220748
51.73788499832153,2.5586846540790384
51.74013710021973,2.5603994799136496
51.74239134788513,2.5614771320196548
51.7446448802948,2.562281198773527
51.7468957901001,2.5756910533536734
51.74915099143982,2.575919339170377
51.75140333175659,2.5621929838887434
51.75365686416626,2.5586971710559334
51.75590944290161,2.558853335243861
51.75816321372986,2.5619509890021073
51.760417222976685,2.56201953435177
51.76266932487488,2.561237521319094
51.764923334121704,2.5611022187593244
51.76717758178711,2.5758245677738865
51.769431591033936,2.55924911013235
51.77168297767639,2.5576689908109893
51.7739372253418,2.555134601013017
51.77619767189026,2.5545576279828106
51.77844977378845,2.5543215935613626
51.7807035446167,2.5524011316777626
51.782955169677734,2.550945586078833
51.78520894050598,2.549438780479286
51.78746056556702,2.5487658439595515
51.78971338272095,2.5478306469715415
51.79196548461914,2.545699184620283
51.79421854019165,2.545339172522923
51.79647183418274,2.542542522256675
51.79886603355408,2.536548082417021
51.80113196372986,2.5368610068393953
51.80338525772095,2.536824051955229
51.805639028549194,2.534367148204702
51.80789089202881,2.533969585176657
51.81014394760132,2.5329443851643068
51.812397718429565,2.536861602885914
51.81464958190918,2.51650899845469
51.81690216064453,2.5184276721987335
51.819153785705566,2.5177374503299537
51.82140803337097,2.5177535435859615
51.82365894317627,2.51896947848433
51.82592153549194,2.5190809391833473
51.82817316055298,2.519290747557968
51.83042883872986,2.518529000106931
51.83268165588379,2.5189146422046
51.8349335193634,2.518441977315185
51.83718681335449,2.518957557553954
51.83943819999695,2.5192329310456434
51.84169101715088,2.519696655237276
51.843942642211914,2.5204882050142534
51.846195459365845,2.5199595117520706
51.848448514938354,2.500271499189317
51.850709199905396,2.51726418939402
51.85296416282654,2.5171408077646267
51.85521650314331,2.5175353905600777
51.85746955871582,2.514909805644727
51.859721183776855,2.518838944296711
51.861974239349365,2.500246465235527
51.864232540130615,2.519836726169196
51.86648368835449,2.520457806641794
51.86873650550842,2.511280478391704
51.870993852615356,2.514704765642257
51.873252630233765,2.500036060814388
51.875505685806274,2.5163963456626353
51.87775921821594,2.5181755445212777
51.88001108169556,2.5178995749830695
51.882264614105225,2.5184586666177116
51.88451886177063,2.518606486154376
51.88677096366882,2.534400526809755
51.88902449607849,2.5217714931692474
51.891277551651,2.5230076936492556
51.89353084564209,2.524242702036226
51.895782470703125,2.525625529959861
51.89803647994995,2.5250521332087676
51.90029048919678,2.5264826448539073
51.90254187583923,2.5196149968641994
51.90479516983032,2.528177205106879
51.9070463180542,2.528839412789275
51.90929937362671,2.534223500993669
51.91155123710632,2.534435693554365
51.91380476951599,2.520275416407039
51.91606068611145,2.5167474170622133
51.918317794799805,2.507980764863582
51.92057156562805,2.507397235321669
51.922826290130615,2.5025942924731126
51.92513060569763,2.4608156038302904
51.92742586135864,2.4598869633539873
51.92969226837158,2.428872278794322
51.932008504867554,2.4001797914719334
51.93432140350342,2.378074810275413
51.93663263320923,2.377004906774152
51.938891649246216,2.376334354440493
51.94114661216736,2.375560090012561
51.94339895248413,2.375439092569243
51.94565463066101,2.3750838488440333
51.94790720939636,2.3752084225664643
51.95016026496887,2.377371475383219
51.95241355895996,2.3791691516839446
51.95466589927673,2.382496283351932
51.9569194316864,2.3862108452571444
51.959171295166016,2.388863252265841
51.96142530441284,2.392273234399943
51.963677167892456,2.395912098397267
51.965930700302124,2.399124193087124
51.96818208694458,2.4035665277918015
51.97044229507446,2.4195220970537776
51.97273588180542,2.415627529099885
51.97498893737793,2.419517328681627
51.97724461555481,2.4235132245437176
51.979496717453,2.4284008059979447
51.981749534606934,2.433787874434933
51.98400163650513,2.4392172621747568
51.98625469207764,2.445015006663204
51.98850870132446,2.456094319354811
51.99076008796692,2.458747918456545
51.99301338195801,2.465515430631093
51.99526500701904,2.4713870848878723
51.997519969940186,2.4766370626255347
51.99977159500122,2.4806407070923693
52.00202488899231,2.49780446264797
52.00427842140198,2.494650184470437
52.00653052330017,2.503403723645654
52.00878405570984,2.525368633910255
52.01103663444519,2.5404921222319747
52.01328992843628,2.556209868932947
52.015541553497314,2.570885130272523
52.017794609069824,2.5838330488005936
52.02004647254944,2.5807759262056265
52.02229976654053,2.5983819482781825
52.02455258369446,2.61124642029362
52.026803970336914,2.6230248955517883
52.029057025909424,2.6320108928693404
52.03130865097046,2.6405099201810263
52.03356218338013,2.648917156328816
52.035813093185425,2.654820997097611
52.03806686401367,2.6626494720756377
52.04032015800476,2.668151577490756
52.042571783065796,2.67331095615756
52.04482555389404,2.6765290113126055
52.047077894210815,2.6777973983046293
52.049331188201904,2.6805678225240497
52.0515832901001,2.690632067994126
52.05383586883545,2.6820281364951297
52.05608773231506,2.6830879072055707
52.058340549468994,2.6831719497647226
52.060593605041504,2.682968697901809
52.0628457069397,2.681048832064728
52.06509828567505,2.678609213663246
52.067349433898926,2.6759967417713098
52.069602489471436,2.6726362314982692
52.07185459136963,2.6606515241445927
52.07414174079895,2.647043782120202
52.07639980316162,2.645111399306226
52.078652143478394,2.6403936911098587
52.08090591430664,2.6364043517594755
52.08315825462341,2.6342794459199244
52.08541226387024,2.6270428451350742
52.08766460418701,2.6237395553278393
52.08992028236389,2.6202771211000826
52.09217190742493,2.6167354126853244
52.09442973136902,2.613830877999172
52.09668254852295,2.6090344916623223
52.098933935165405,2.604635072306999
52.101187229156494,2.6000294208561683
52.10343909263611,2.596218299414909
52.10569190979004,2.5933596603107048
52.107943534851074,2.5903269756230087
52.11019730567932,2.5871303781426405
52.11244988441467,2.5827732780901527
52.11470150947571,2.5784209464098153
52.11695432662964,2.5744441240363267
52.11920619010925,2.5690540753667443
52.12146806716919,2.5518706502760233
52.12372159957886,2.5487199483776033
52.125974893569946,2.539161746401995
52.12823557853699,2.5462344343941727
52.13048768043518,2.5440982036707642
52.132741928100586,2.5420007159710782
52.13499474525452,2.5378325626650526
52.137248516082764,2.536535565440126
52.13949942588806,2.5366237803249096
52.141753911972046,2.5361922426452925
52.1440110206604,2.5367733880011305
52.146275758743286,2.527610960914011
52.14853310585022,2.526045146709102
52.15078592300415,2.536691133581535
52.15303993225098,2.525610628796891
52.15529251098633,2.5256642729835836
52.15754556655884,2.5262865455492194
52.15979790687561,2.523938122265115
52.16205096244812,2.5241449504071416
52.16430449485779,2.5235137371437237
52.1665563583374,2.524289789711212
52.16881036758423,2.523227634814696
52.171061992645264,2.5247195392512727
52.173335552215576,2.5259289176379345
52.17558979988098,2.5271126660242875
52.17784333229065,2.527108493698656
52.180095195770264,2.5263139636890846
52.18235635757446,2.4897769081326615
52.18467903137207,2.458496386825608
52.186997413635254,2.4729183283946905
52.189274072647095,2.479050454980189
52.19152760505676,2.4838218073632485
52.193782329559326,2.4894043790584064
52.19603490829468,2.4933215967800137
52.198288917541504,2.49813467241939
52.20054292678833,2.5038149957436318
52.20279550552368,2.509276569995471
52.20504903793335,2.515240015416147
52.20730185508728,2.536749546140378
52.20955514907837,2.5257387787984347
52.21180748939514,2.5305488742052167
52.21406006813049,2.5342688005290985
52.21631336212158,2.5398924994340537
52.21856498718262,2.5392535375658913
52.22081923484802,2.549178308150567
52.22307085990906,2.5499966800208904
52.22532391548157,2.5408753801435684
52.22757840156555,2.539142076866874
52.229832887649536,2.554886049614674
52.232096672058105,2.559298581993411
52.234349727630615,2.5638714508857072
52.236603021621704,2.5675395211624528
52.23885464668274,2.5722661700566016
52.24110817909241,2.5754359454436235
52.2433602809906,2.5802573657342633
52.24561429023743,2.581445286446248
52.2478666305542,2.583638737635462
52.25011968612671,2.58648545580929
52.252373456954956,2.578288028036121
52.25462579727173,2.5904020774843786
52.256879806518555,2.5932148210066344
52.25913143157959,2.5949862712605323
52.2613844871521,2.5965514894189226
52.2636353969574,2.5967565294213926
52.265888690948486,2.5783148501294675
52.268141746520996,2.595291447078162
52.270395040512085,2.5977602717590655
52.27264857292175,2.612523747983426
52.274900913238525,2.6148733633605676
52.277154207229614,2.6011541606371593
52.27940583229065,2.5987354038638357
52.28165936470032,2.597094487797557
52.28391146659851,2.597354364079757
52.2861647605896,2.5782498810589174
52.28841853141785,2.578344056408889
52.2906711101532,2.5960579629013494
52.29292416572571,2.5960978980181095
52.29517650604248,2.594228696135127
52.29742980003357,2.5929632893756973
52.299681186676025,2.5914153565663525
52.301934480667114,2.590322803297377
52.30433535575867,2.5783279631528813
52.306599140167236,2.5865033372048543
52.3088538646698,2.5855109197510386
52.31110644340515,2.5859835846404535
52.31335926055908,2.584298561131783
52.31561088562012,2.578158089895021
52.317864418029785,2.5824669101794853
52.3201162815094,2.5789979194400217
52.32237458229065,2.57733316151299
52.324628829956055,2.575384089396487
52.32688045501709,2.560531206194306
52.3291335105896,2.5639239029793623
52.331385135650635,2.5633832887868033
52.33363914489746,2.5629201606416894
52.33589053153992,2.5603011322380462
52.338144063949585,2.5617793276046905
52.34039807319641,2.5733915058841115
52.342650175094604,2.567280240926771
52.344903230667114,2.563539452974731
52.34715437889099,2.5634101108801497
52.34940791130066,2.562256164819737
52.351659536361694,2.5627306178487084
52.353912591934204,2.5573328205743815
52.35617208480835,2.5596043538575595
52.358433961868286,2.559705085719238
52.36068773269653,2.5621715262140663
52.36293983459473,2.561553425974062
52.365193128585815,2.561641044812327
52.36744451522827,2.5615689231835512
52.369699239730835,2.560550875729427
52.37195181846619,2.562660284359489
52.374205112457275,2.5630465225036767
52.37645864486694,2.564357228798536
52.37871170043945,2.5642684178672335
52.38096523284912,2.562287755285234
52.383217096328735,2.5608322096863043
52.385470390319824,2.559904761303039
52.38772249221802,2.5614002420187285
52.389975786209106,2.562355704588378
52.39223265647888,2.5625780299398935
52.394484758377075,2.5633296446001106
52.39673900604248,2.5619909241188674
52.398991107940674,2.573296138441102
52.40124464035034,2.559845752697677
52.40349745750427,2.5594422292044436
52.4057502746582,2.559509582461069
52.40800142288208,2.559129900828588
52.41025495529175,2.5596782636258917
52.41250777244568,2.558375901982296
52.41475963592529,2.558415241052537
52.4170126914978,2.5567141242878586
52.41926455497742,2.5554278559002706
52.42151856422424,2.556084699163997
52.423770904541016,2.555681771717283
52.426023960113525,2.554813927985898
52.428277015686035,2.5437340192477724
52.430570125579834,2.5136092321406878
52.432875633239746,2.500669658263881
52.435197591781616,2.4693301283514653
52.437535524368286,2.461024816158392
52.43984794616699,2.461180384299801
52.442105531692505,2.478289303575671
52.444358825683594,2.4825450757199614
52.446611166000366,2.485658226687697
52.44886898994446,2.4888321744003505
52.451125383377075,2.49218314792909
52.45337986946106,2.4958804244852573
52.45563244819641,2.500613033844594
52.45788598060608,2.5041827564457364
52.460137605667114,2.5090798746442644
52.46239161491394,2.5114199532771053
52.46464490890503,2.513876260981114
52.466896772384644,2.515344919603457
52.46914982795715,2.5174000880003082
52.471402168273926,2.5207427168777845
52.473655462265015,2.5233271745833368
52.47590780258179,2.536690537535016
52.47816586494446,2.5274291667257747
52.48042035102844,2.5277528199854875
52.482672691345215,2.5264659555513806
52.48492693901062,2.5261089236866145
52.487178564071655,2.528167668362578
52.48943257331848,2.5298067962893005
52.491684675216675,2.5309839881639467
52.49393939971924,2.534295026575926
52.4961998462677,2.5312551893300044
52.49845314025879,2.5306704676950535
52.50070643424988,2.5306609309507526
52.50295829772949,2.5298908388484525
52.50521183013916,2.530789676998815
52.507463455200195,2.5317201056146748
52.50971698760986,2.531629506543816
52.51196908950806,2.5366804047441964
52.51422309875488,2.529907528150979
52.51647686958313,2.529192868374928
52.51872897148132,2.52745658486564
52.52098226547241,2.523432078770647
52.523236989974976,2.5229546455090817
52.52549171447754,2.5223645594554616
52.527743339538574,2.5219538834040027
52.5299973487854,2.516795100783718
52.53225040435791,2.5018081071148046
52.5345025062561,2.5035974387642668
52.53675699234009,2.502937615267946
52.53900861740112,2.503403723645654
52.54126238822937,2.5034931306234753
52.543513774871826,2.504172027608398
52.545767068862915,2.502289116655483
52.54801917076111,2.5013795496677815
52.550273418426514,2.5004938245408326
52.55252766609192,2.499476373133227
52.554779052734375,2.4953916663398346
52.55703353881836,2.5001278519782844
52.55928659439087,2.499349415224721
52.56153988838196,2.4981597063731797
52.56379199028015,2.4976506826461176
52.5660457611084,2.495350539130037
52.56829881668091,2.4933883539901203
52.570550203323364,2.4932005993366957
52.57280397415161,2.4928435674719296
52.575055837631226,2.4913093437325173
52.577309370040894,2.4914547790831065
52.57956123352051,2.4951735133139508
52.581814765930176,2.4874868974074005
52.58406710624695,2.484894095050585
52.58632016181946,2.4804791784857723
52.58857321739197,2.4807426310470855
52.59082531929016,2.482977805492616
52.59307885169983,2.4822470524605573
52.5953311920166,2.4806055403477596
52.59758496284485,2.4782380435750535
52.59983706474304,2.477282581005404
52.602089643478394,2.4610707117403403
52.60434293746948,2.47496396004724
52.60659408569336,2.4751284688864312
52.608861446380615,2.4737784235213307
52.61111330986023,2.47832983473895
52.61336612701416,2.461193497323215
52.615617513656616,2.469346817653992
52.61787176132202,2.466879185066126
52.6201229095459,2.4649354773682925
52.622376441955566,2.4644377785250877
52.624629735946655,2.463588412235786
52.62688112258911,2.462938721530285
52.62913513183594,2.460478837547164
52.631386041641235,2.4587961982245683
52.63364005088806,2.4431982568738766
52.6358916759491,2.42189674638471
52.638144731521606,2.432626179769776
52.64040207862854,2.4317255534798567
52.642656326293945,2.4337771455975945
52.64491105079651,2.421909263361605
52.647162675857544,2.4325564423270754
52.64941668510437,2.432446173721096
52.651668071746826,2.4319752969712374
52.653921604156494,2.4328979769823524
52.65617346763611,2.4336710493172466
52.65842866897583,2.4341967623468355
52.66068172454834,2.435404352593941
52.66293382644653,2.4340233128098623
52.66518712043762,2.4335786621068314
52.66743803024292,2.433191231869606
52.66969132423401,2.4329808274484668
52.671942710876465,2.433653763968201
52.67419648170471,2.4345686953745718
52.676448822021484,2.434649161654611
52.6787006855011,2.433862380249784
52.68095374107361,2.433408788848971
52.68320608139038,2.4304082906732907
52.68547511100769,2.3892643915729987
52.68779230117798,2.3438480310258902
52.690125703811646,2.3732718674268565
52.692391872406006,2.376998350262445
52.69464612007141,2.380352304023779
52.696900367736816,2.3833146552222555
52.69916319847107,2.387603805971599
52.701417684555054,2.391403006482483
52.703670024871826,2.396128463283594
52.705923557281494,2.3991855858785613
52.70817565917969,2.4170526763263553
52.71043062210083,2.406448412710239
52.71268367767334,2.409441162281175
52.71493482589722,2.4126425281336936
52.71718764305115,2.4163064260848075
52.719438791275024,2.419601967287298
52.7216956615448,2.4157622356131356
52.72394871711731,2.418343713086094
52.726203203201294,2.4223205354595825
52.72845697402954,2.42626278713498
52.730708599090576,2.4289539371673987
52.7329626083374,2.4368259235412983
52.73521399497986,2.421902706849898
52.73746943473816,2.421133210794116
52.73975920677185,2.4260237724809377
52.74202084541321,2.430314711369838
52.74427676200867,2.433726481643496
52.74652981758118,2.4375554844803196
52.74878454208374,2.4412038852219444
52.75103712081909,2.4442294173514147
52.75329113006592,2.4478152332085648
52.75554370880127,2.450716787662123
52.75780010223389,2.4545952623600082
52.76005291938782,2.458496386825608
52.762306213378906,2.461934979192612
52.764559745788574,2.465117867603048
52.76681184768677,2.4612292601143433
52.769065618515015,2.4712613190724038
52.77131795883179,2.474271353992385
52.773571729660034,2.477340993564247
52.77582406997681,2.479706106150878
52.778077602386475,2.482632694558226
52.78033113479614,2.4856099469196735
52.782583713531494,2.4879869804366805
52.78483700752258,2.4807432270936043
52.787089109420776,2.490368186279319
52.78934359550476,2.492742239563732
52.791595458984375,2.4942830198148513
52.79384922981262,2.496490776120517
52.79610085487366,2.498258054048783
52.798354625701904,2.4994215368534967
52.800607442855835,2.500072419652035
52.80285930633545,2.5020805003739
52.80511283874512,2.502126992002367
52.8075430393219,2.4869111164702318
52.80982208251953,2.4673464855368716
52.812076807022095,2.448572212287451
52.81433153152466,2.421927144757169
52.8165967464447,2.434166960020895
52.81884837150574,2.429074338564198
52.821102142333984,2.436671547492927
52.8233540058136,2.4367818160989065
52.825607776641846,2.445679598531675
52.82785964012146,2.449035936479084
52.83011269569397,2.4530324283876928
52.83236622810364,2.456665331919829
52.834617137908936,2.460844214063193
52.836870431900024,2.4638393478202043
52.83912110328674,2.4518278183731814
52.84137439727783,2.459328467765864
52.84362578392029,2.4637147740977734
52.845879554748535,2.4676826557734794
52.84813117980957,2.470660504181445
52.85038423538208,2.4741831391076015
52.85263729095459,2.4770173403045344
52.854888677597046,2.4799093580137916
52.85714149475098,2.476290759598107
52.859400510787964,2.480924425235322
52.86165690422058,2.483599482011733
52.863908767700195,2.497568428226522
52.866164445877075,2.4975767728777853
52.86841893196106,2.4892428504518094
52.87067151069641,2.490216790463542
52.87292432785034,2.4911746372192667
52.875176191329956,2.497710883344517
52.877429485321045,2.4976161119480267
52.87968182563782,2.495900094020378
52.88193655014038,2.4952551716870275
52.88419723510742,2.497729956833119
52.88644981384277,2.49785453055555
52.88870310783386,2.495414912154068
52.89095497131348,2.4983212349797768
52.893208742141724,2.498544156377811
52.89546084403992,2.4953910702933157
52.89771556854248,2.4963960047240263
52.89996838569641,2.4978467819508055
52.90222191810608,2.497406303573406
52.90447545051575,2.4978533384625123
52.90672779083252,2.497571408459116
52.908981800079346,2.497682869158133
52.91123390197754,2.4952021235468536
52.913488149642944,2.4985918400993157
52.915740728378296,2.4981692431174807
52.917994022369385,2.498497068702825
52.92024779319763,2.498012482883034
52.92250370979309,2.4943450086528074
52.924758434295654,2.497562467761334
52.9270122051239,2.495568096109402
52.92926621437073,2.4960008258820565
52.93151807785034,2.4908062804706432
52.93381857872009,2.4723085728059497
52.936115980148315,2.4714115227951434
52.938385248184204,2.4612280680213057
52.94069218635559,2.4286463771636937
52.94300866127014,2.4186494849502425
52.94532895088196,2.4118843569617696
52.94760465621948,2.4221035745267363
52.94986391067505,2.4314120330109636
52.95211672782898,2.4221309926666015
52.95437288284302,2.443825297811663
52.956626892089844,2.450520688357435
52.958879232406616,2.4572041579728316
52.96113348007202,2.4610677315077463
52.96338605880737,2.46978789207791
52.96563959121704,2.4756488174973508
52.967891454696655,2.4952390784310197
52.970144748687744,2.486801443910771
52.97239875793457,2.4975636598543716
52.974650859832764,2.497589885901199
52.97690391540527,2.5030520561995573
52.97915601730347,2.5082936892859564
52.98141431808472,2.512502373755261
52.98366737365723,2.5166478772935723
52.985920429229736,2.520296278035197
52.98817253112793,2.5212708140934486
52.99043846130371,2.5237944750540824
52.992692708969116,2.5285270844134193
52.99494457244873,2.5312617458417113
52.99719786643982,2.5349190872811183
52.999449729919434,2.537635867313846
53.00170373916626,2.5401881385073826
53.003955364227295,2.541976278063807
53.00620889663696,2.544039791111921
53.00846290588379,2.546215360905571
53.010714292526245,2.5478181299946465
53.01296782493591,2.5495818316438
53.015220165252686,2.550480073747644
53.01747441291809,2.5515124263182196
53.019726514816284,2.5518801870203243
53.02197980880737,2.539304797566509
53.02423334121704,2.5524857702834334
53.02648448944092,2.5529387656377276
53.02873706817627,2.5530603591275645
53.030988931655884,2.5392809557057565
53.03324246406555,2.5518801870203243
53.035494327545166,2.5504031837467176
53.037747383117676,2.548907106984509
53.03999948501587,2.539307777799103
53.04225254058838,2.543803756690473
53.04450607299805,2.5301447546654647
53.04675817489624,2.536812727071372
53.04901170730591,2.5317856707317437
53.05126404762268,2.5314661897976625
53.05352210998535,2.5268462332303803
53.05577516555786,2.5269535216037657
53.05802917480469,2.5253203541422313
53.060283184051514,2.5251153141397613
53.06253480911255,2.519665660818298
53.06478762626648,2.5226572182961964
53.067038774490356,2.5209823275783454
53.06929278373718,2.5199076557049342
53.0715434551239,2.5098976504680692
53.07383322715759,2.497571408459116
53.07609009742737,2.4981597063731797
53.07834434509277,2.4982812998630166
53.08059859275818,2.497512399853754
53.082849740982056,2.4958804244852573
53.0851047039032,2.4952605361056968
53.08735680580139,2.4951061600573254
53.08961009979248,2.4945834272603307
53.09186244010925,2.4926206460738953
53.09411692619324,2.4926081290970004
53.096370220184326,2.4915549148982663
53.098623752593994,2.4976858493907272
53.10087728500366,2.4908336986105084
53.103129386901855,2.4900200951123352
53.1053831577301,2.489936648599702
53.10763478279114,2.4896147834795457
53.10988759994507,2.489002047658211
53.11213946342468,2.4881336078803074
53.11439371109009,2.487600742292493
53.11664700508118,2.4860259873898016
53.11889910697937,2.483920155038852
53.12115287780762,2.4765261979730364
53.12340784072876,2.4765756698340975
53.125662326812744,2.476393279599342
53.12791395187378,2.47665434797458
53.13016748428345,2.4758055777317973
53.132426500320435,2.476505336344878
53.13467812538147,2.4744322865524633
53.13693284988403,2.461084420810273
53.139185190200806,2.47449904376257
53.14143919944763,2.47364371700808
53.143691539764404,2.474221286084805
53.14594531059265,2.458241278915558
53.14820456504822,2.462867195948028
53.15045690536499,2.4611386610434844
53.1527099609375,2.464095051776773
53.154961824417114,2.465668018539908
53.15721559524536,2.4666765292497312
53.159467935562134,2.467953856939537
53.16172122955322,2.4687412343908828
53.16397285461426,2.470083531151239
53.166226625442505,2.4611732317415753
53.16848063468933,2.4782404277611287
53.1707329750061,2.461118395461845
53.17298674583435,2.4610522342982573
53.175238609313965,2.4759629340127627
53.177491426467896,2.4611535622064546
53.17974376678467,2.4779513451995068
53.181997776031494,2.478920516839089
53.18425226211548,2.477506694496476
53.18650460243225,2.4611130310431757
53.18875765800476,2.480588254998714
53.19100904464722,2.4609395815062025
53.19332671165466,2.4235442189626957
53.195650577545166,2.4089386950658196
53.1979718208313,2.4204924607863973
53.20024108886719,2.4116489185868404
53.202524185180664,2.417028238419084
53.20478820800781,2.42251186639212
53.20705485343933,2.4303153074163566
53.209312915802,2.436332993070244
53.21156549453735,2.442584925006023
53.21381878852844,2.4473193225049164
53.216071367263794,2.452407175589463
53.21832489967346,2.458424861243351
53.22057819366455,2.4638977603790475
53.22283053398132,2.4699142539398973
53.22508406639099,2.473731335846345
53.22733736038208,2.4794772242876557
53.229591608047485,2.4978622791602945
53.2318434715271,2.489514647664386
53.23409676551819,2.493759094924819
53.236351013183594,2.4982008335829775
53.238603591918945,2.5024583938668243
53.240856647491455,2.5075969109054697
53.24310803413391,2.511343063276179
53.24536108970642,2.515716852631194
53.247612714767456,2.5101551425641944
53.24986720085144,2.509509624184325
53.25212025642395,2.5139763967962736
53.25437545776367,2.5024417045642977
53.25665998458862,2.511368693276488
53.2589168548584,2.514506282151494
53.26117300987244,2.518606486154376
53.26342582702637,2.5197973870989547
53.26568007469177,2.5218203689837897
53.267932653427124,2.5251731306520857
53.270185708999634,2.5343522470417317
53.2724392414093,2.5314071811923005
53.274691581726074,2.533493344008129
53.2769455909729,2.535890047060257
53.279197216033936,2.5373831435898713
53.281450271606445,2.5385251687199077
53.28370237350464,2.534213964249368
53.285956621170044,2.538910214771058
53.288220167160034,2.5403031754855125
53.290472745895386,2.5390973733779636
53.292726278305054,2.541504209220911
53.294978618621826,2.540350859207017
53.29723358154297,2.540947501772344
53.29948544502258,2.540808026886943
53.30173921585083,2.539071743377655
53.303991079330444,2.5410327364245338
53.30624437332153,2.5407323289790544
53.30849814414978,2.5396731543151323
53.31088662147522,2.533204261446507
53.31315350532532,2.5352290314708985
53.31540632247925,2.534876767978283
53.317660093307495,2.534199063086398
53.31991267204285,2.534196082853804
53.322168827056885,2.5266692074142942
53.324424743652344,2.527857128126279
53.32667660713196,2.527838054637677
53.32893085479736,2.527587119053259
53.33118295669556,2.52780169580003
53.33343696594238,2.527313533701126
53.335688829422,2.5245407252956302
53.33796310424805,2.525930705777491
53.3402259349823,2.5198134803549626
53.34247827529907,2.525796595310759
53.34473133087158,2.525943222754386
53.34698271751404,2.5341841619234278
53.34923601150513,2.5230488208590534
53.35148739814758,2.5088408599902223
53.353740215301514,2.5128081456194096
53.355992794036865,2.514370383545206
53.358246088027954,2.5152853149515764
53.36050009727478,2.5108101976883646
53.36275792121887,2.51473337587516
53.36502194404602,2.510270775588843
53.367276668548584,2.510696948849791
53.36953139305115,2.510342897217619
53.37178349494934,2.5116774453732305
53.37403655052185,2.5001707673276385
53.37629008293152,2.513231934694282
53.378541469573975,2.5139454023772956
53.380794525146484,2.515259088904749
53.38304615020752,2.5157991070507895
53.385300636291504,2.516928019157412
53.38755249977112,2.516800465202387
53.389806032180786,2.517776789400195
53.39205813407898,2.5185331724325626
53.39431142807007,2.534211580063293
53.39656448364258,2.5184115789427257
53.398815870285034,2.518908085692893
53.40107011795044,2.519103588951062
53.40332317352295,2.5000938773267123
53.405576944351196,2.519827189424895
53.40782904624939,2.519125046625739
53.41008257865906,2.520132365242525
53.41233587265015,2.520679535946791
53.4145872592926,2.5211563731618374
53.41684031486511,2.5219664003808977
53.419092416763306,2.5222781327102344
53.421345472335815,2.5221136238710433
53.42359757423401,2.5224265482934176
53.42585015296936,2.5219729568926046
53.428101778030396,2.5205376768753145
53.43035531044006,2.5180360696358766
53.43261003494263,2.5184527061525235
53.434861183166504,2.516537608687593
53.43716549873352,2.4909862865193233
53.43946647644043,2.462165649195391
53.4419379234314,2.437834434251122
53.44430994987488,2.4325963774438355
53.44658446311951,2.4426081708202565
53.448843479156494,2.447929078093657
53.451096534729004,2.452804738617508
53.45335054397583,2.4416974117395176
53.4556040763855,2.4522963109369647
53.457862854003906,2.457815701701129
53.46011543273926,2.463374431535534
53.462369441986084,2.4611160112757697
53.46462321281433,2.473755177707097
53.46687626838684,2.4790957545156185
53.469130992889404,2.483707962478156
53.47138333320618,2.487780748341173
53.473637342453,2.4977496263682397
53.475889444351196,2.495881616578295
53.478142738342285,2.4991711973155972
53.48039674758911,2.5030425194552564
53.482648611068726,2.504059970862862
53.48491287231445,2.5056591636728243
53.48716640472412,2.5084993253349452
53.48941993713379,2.500169575234601
53.49167203903198,2.5132504121363652
53.49392557144165,2.5156721491422833
53.49617886543274,2.5161787886832703
53.49843978881836,2.5176909587014866
53.500693798065186,2.5190642498808207
53.5029456615448,2.5197771215173153
53.50519895553589,2.520782055948026
53.50745105743408,2.5172093531142896
53.50970673561096,2.5184395931291097
53.51195931434631,2.518227400568414
53.514212131500244,2.518196406149436
53.51646590232849,2.518606486154376
53.51871705055237,2.518068256147892
53.52097177505493,2.513493599116039
53.52322840690613,2.511719764676066
53.52548336982727,2.512356342358153
53.527735233306885,2.5001612305833376
53.52998924255371,2.5116148604887556
53.532243490219116,2.510376275822672
53.53449559211731,2.510671914896001
53.53675031661987,2.5076106199754022
53.539002895355225,2.5083246837049344
53.54125666618347,2.508872450455719
53.54351878166199,2.5076869139298097
53.54577279090881,2.5068548329895535
53.54802489280701,2.505843938093655
53.550278186798096,2.5051525241318373
53.552531719207764,2.504177392027067
53.554784059524536,2.4952265614541247
53.55703854560852,2.4903079855809196
53.55929112434387,2.4899163830180626
53.56154537200928,2.49086290488993
53.56379795074463,2.4896243202238466
53.56605291366577,2.497693001948953
53.5683069229126,2.4904975283739006
53.570558071136475,2.4905779946539397
53.5728120803833,2.4975946542733496
53.57506775856018,2.4908450234943658
53.57732105255127,2.4906626332596105
53.57957315444946,2.4902030813936094
53.58182621002197,2.4904575932571404
53.58407807350159,2.4904325593033505
53.5863311290741,2.4903330195347095
53.588584661483765,2.4911567558237024
53.590837717056274,2.4914458383853244
53.59309101104736,2.4914202083850157
53.59534239768982,2.4919208874608145
53.59759569168091,2.491261063964494
53.59984731674194,2.491354047221428
53.60210084915161,2.4918404211807754
53.60435509681702,2.4925175300261415
53.60660648345947,2.493261396081614
53.60886025428772,2.4943354719085065
53.61111235618591,2.4948146933096282
53.61336588859558,2.49378353283209
53.615617752075195,2.495523392620491
53.617871046066284,2.496263682396851
53.62012338638306,2.497825920322647
53.622376441955566,2.496108710301961
53.62463045120239,2.497502863109453
53.626882791519165,2.4978002903223384
53.62913680076599,2.4986228345182937
53.631388902664185,2.499441802435136
53.633641958236694,2.4992176889440643
53.63589406013489,2.4994596838307004
53.638147592544556,2.500632703379715
53.640401124954224,2.501356899900067
53.642653703689575,2.500044405465651
53.64490747451782,2.5024399164247413
53.647160053253174,2.5030425194552564
53.64941334724426,2.50224560525961
53.65166449546814,2.5032714013184787
53.65391826629639,2.503611743880718
53.65616965293884,2.5026097896826016
53.65842795372009,2.4816593505930125
53.66068124771118,2.4846026283028877
53.662933349609375,2.487292586242269
53.66519069671631,2.4805894470917518
53.66744351387024,2.491399942803376
53.66969656944275,2.4925151458400663
53.67194890975952,2.4942919605126335
53.67420196533203,2.4963518972816345
53.67645597457886,2.495197951221222
53.67870759963989,2.5003394484924613
53.68096089363098,2.5011995436191015
53.683212757110596,2.503416240622549
53.685467004776,2.5000467896517264
53.68772029876709,2.500101029884938
53.68997383117676,2.495551406806875
53.692312717437744,2.453300649321157
53.69463515281677,2.4494352876466854
53.69692587852478,2.4561861105187073
53.699180126190186,2.464285190616273
53.701436042785645,2.4695214592840027
53.70368838310242,2.4752172798177337
53.705942153930664,2.4802586412738132
53.70820188522339,2.485279141101735
53.71045517921448,2.495120465173777
53.712708473205566,2.4975755807847477
53.71496057510376,2.4986973403331447
53.71721386909485,2.503730357137961
53.719465017318726,2.5002792477940616
53.721718311309814,2.5002244115143313
53.72397541999817,2.5102546823328353
53.72623109817505,2.5146791356419484
53.728485345840454,2.51791924451819
53.73073768615723,2.5215479757246944
53.732991456985474,2.5248721271600876
53.73524451255798,2.5269225271847877
53.73749899864197,2.5295606290770327
53.73975086212158,2.532229129341737
53.74200463294983,2.53462821657994
53.74425745010376,2.536706630791024
53.746509075164795,2.5401637006001114
53.74876260757446,2.5422212531830373
53.75101447105408,2.5448373013540864
53.753268003463745,2.5463774855586867
53.75551962852478,2.5482073483714283
53.75777268409729,2.5493875204786685
53.76002478599548,2.539062206633354
53.76227879524231,2.541246121078267
53.764533281326294,2.539183204076672
53.766785860061646,2.539295260822208
53.769039154052734,2.5453862601979087
53.77129077911377,2.547545736735551
53.77354454994202,2.5483706651175817
53.77579689025879,2.5502023160698792
53.77805042266846,2.550399011421086
53.78030467033386,2.5513729514328185
53.782557249069214,2.5390794919823994
53.78481078147888,2.5517365398092915
53.78706216812134,2.5516590537618464
53.78931665420532,2.5525978270289693
53.791568756103516,2.552256888420211
53.79382276535034,2.5539681379757093
53.796074628829956,2.5517895879494654
53.79832911491394,2.551231688407861
53.80058264732361,2.5500491321145455
53.80283498764038,2.5486722646560986
53.80508804321289,2.5497385918782465
53.807340145111084,2.549227780011628
53.80959439277649,2.5489273725661485
53.811846017837524,2.547549909061183
53.81424808502197,2.5413653303820287
53.81651329994202,2.539211218263056
53.818766832351685,2.5415501048028593
53.821022272109985,2.539282743845313
53.82327461242676,2.539294664775689
53.825528383255005,2.5398162054796463
53.8277804851532,2.5389042543058697
53.83003377914429,2.5342479389009402
53.832287073135376,2.5380417749931543
53.83453917503357,2.538910214771058
53.836793184280396,2.537719909872998
53.83904480934143,2.5344774168106814
53.84129858016968,2.5361713810171342
53.84355068206787,2.535964552875108
53.84580421447754,2.5350859803063845
53.848055839538574,2.5343146961110468
53.850308895111084,2.533046309119023
53.85256242752075,2.5319531598035288
53.85481405258179,2.531241480260072
53.85706830024719,2.5303652918774238
53.8593213558197,2.529982630012349
53.861581802368164,2.5237295059835323
53.863834381103516,2.5002798438405804
53.86609649658203,2.5110062969930524
53.86835193634033,2.510317863263829
53.87060570716858,2.509394587206195
53.872859954833984,2.510016263725312
53.87511324882507,2.509575785347913
53.87736630439758,2.5001093745362013
53.879618883132935,2.5104007137299433
53.88187265396118,2.5100931537262383
53.88412427902222,2.5090792785977456
53.8863787651062,2.5086936365000767
53.888633489608765,2.508369387193845
53.89088487625122,2.5080570588179896
53.89313983917236,2.5087323795237992
53.89539170265198,2.509177626273349
53.89764475822449,2.500086128721968
53.89989638328552,2.5093564402289914
53.90215015411377,2.506984175084135
53.90440392494202,2.5076493629991248
53.90665626525879,2.5075533995095967
53.90890955924988,2.508210838819842
53.91116118431091,2.5079986462591464
53.91341471672058,2.500168979188082
53.915669202804565,2.4967154856581075
53.91792702674866,2.5002524257007153
53.92017984390259,2.4952676886639225
53.922449827194214,2.4928435674719296
53.924710273742676,2.4925234904913296
53.9269642829895,2.4977001545071786
53.92921829223633,2.492802440262132
53.93146991729736,2.493202983522771
53.933725118637085,2.4952307337797563
53.9359769821167,2.4909356225652246
53.93823218345642,2.4884805069542537
53.94053268432617,2.4665644725041953
53.94283127784729,2.4663218815710404
53.94509983062744,2.4678322634497003
53.947378635406494,2.4363711400474477
53.9497447013855,2.4345877688631736
53.95203232765198,2.417660047729021
53.95433568954468,2.4218848254543337
53.95659828186035,2.435742310970105
53.958850145339966,2.4397960233445195
53.9611074924469,2.4452152782935235
53.963358879089355,2.449207001829982
53.965612173080444,2.438426904490817
53.96786403656006,2.4475076732048597
53.97011733055115,2.4524298253571777
53.972371101379395,2.4560609407497576
53.974623918533325,2.462739641993003
53.97687768936157,2.4611535622064546
53.979129791259766,2.471447285586272
53.98138403892517,2.461028392437505
53.98363661766052,2.479047474747595
53.98588967323303,2.4836638550357644
53.98814558982849,2.487227617171719
53.99039936065674,2.4908742297737874
53.99265480041504,2.49767452450687
53.99490666389465,2.4957862491352856
53.99715971946716,2.498016655208666
53.99941325187683,2.501232326177636
54.0016667842865,2.5038990383027837
54.003918409347534,2.5000903010475994
54.0061719417572,2.5089707981313225
54.00842523574829,2.5109711302484428
54.010677099227905,2.50022500756085
54.01293134689331,2.515984477518139
54.015182971954346,2.519184055231101
54.017436027526855,2.5204375410601547
54.01968860626221,2.5228032496933044
54.021941900253296,2.5243660836656194
54.02420139312744,2.5264164836903196
54.02645444869995,2.527695003473163
54.0287070274353,2.5294306909359325
54.03095865249634,2.534313504018009
54.033212184906006,2.532142106549991
54.03546380996704,2.531760040731435
54.037742137908936,2.532530728880254
54.03999471664429,2.534179989597796
54.0422477722168,2.5340238254098684
54.04450178146362,2.5349065703042233
54.04675340652466,2.5366219921853532
54.04900646209717,2.5347903412330557
54.05125856399536,2.5367012663723547
54.05351185798645,2.5353035372857495
54.055763721466064,2.5357571286865626
54.058016538619995,2.5328233877209887
54.060272455215454,2.533651892382132
54.06252431869507,2.533412281681571
54.06477737426758,2.533046309119023
54.06702899932861,2.520116868033036
54.06928205490112,2.518559994525909
54.07153367996216,2.5110659016449333
54.07382273674011,2.4995866417392065
54.076080322265625,2.5017532708350743
54.07833552360535,2.503891289698039
54.080589294433594,2.5002554059333093
54.08284139633179,2.505948842280965
54.085095167160034,2.5053408748317807
54.087348222732544,2.50625640228467
54.08960247039795,2.509155572552153
54.09185433387756,2.5099185120962275
54.09410881996155,2.512340845148664
54.09636211395264,2.5099346053522353
54.09861445426941,2.50019997360706
54.1008677482605,2.5168344398539593
54.10311937332153,2.5189617298795857
54.10537600517273,2.500165998955488
54.1076283454895,2.5196144008176806
54.10988259315491,2.5209537173454426
54.11213517189026,2.5221160080571186
54.11438870429993,2.5230982927201144
54.11664295196533,2.5248280197176958
54.118895530700684,2.5198236131457823
54.12114882469177,2.517192663811763
54.12340688705444,2.5189843796473004
54.12566351890564,2.5195315503515663
54.12791609764099,2.519585790584778
54.13016963005066,2.5201311731494873
54.13242268562317,2.519827189424895
54.134674310684204,2.5000193715118613
54.13692784309387,2.5180265328915756
54.139179944992065,2.518606486154376
54.141433238983154,2.519364061279781
54.14368557929993,2.5193688296519317
54.145939350128174,2.52046495920002
54.148199796676636,2.5207027817610244
54.15045380592346,2.520999016880872
54.15270805358887,2.5214394952582713
54.15496039390564,2.5204637671069823
54.157214403152466,2.521002593159985
54.15946650505066,2.5211909438599283
54.16171979904175,2.5213453199082996
54.16397190093994,2.521353068513044
54.16622519493103,2.520930471531209
54.1684787273407,2.5001558661646683
54.170730113983154,2.504383028076056
54.17298364639282,2.5088396678971847
54.175235748291016,2.5084921727767195
54.17748951911926,2.500017583372305
54.179741859436035,2.509460748369783
54.181994915008545,2.509233654646117
54.18424868583679,2.509410084415684
54.186500549316406,2.509773672792157
54.188753604888916,2.5103601825666644
54.19100594520569,2.5109002007127046
54.1932590007782,2.510904969084855
54.195510387420654,2.510609926058045
54.19776368141174,2.478295860087378
54.20007514953613,2.4430653385001824
54.202407360076904,2.4534454886252273
54.20467495918274,2.4564585037778026
54.206929445266724,2.455597216558125
54.20918583869934,2.4586346696179713
54.21143889427185,2.4612042261605533
54.2136926651001,2.467401321816602
54.21594476699829,2.4712684716306295
54.21819853782654,2.474122342362683
54.220452070236206,2.4777194831036904
54.22270464897156,2.480762896628725
54.224958181381226,2.483897505271137
54.227211713790894,2.4869301899588336
54.2294659614563,2.4905291188393974
54.23171877861023,2.4926683297954
54.23397254943848,2.496593296121752
54.23623323440552,2.498973309871353
54.23848485946655,2.500045597558689
54.24073886871338,2.504749596685123
54.242990255355835,2.507819236256985
54.245243549346924,2.5107923162928003
54.247495889663696,2.5001212954665775
54.24974966049194,2.514664830525497
54.25200152397156,2.5002178550026244
54.254255056381226,2.5194659852344974
54.256508588790894,2.52151519316616
54.258760929107666,2.5233772424909167
54.261013984680176,2.525377574608037
54.26326608657837,2.526980343697112
54.26551961898804,2.5291356479091225
54.26777243614197,2.5296017562868305
54.270026445388794,2.531423870494827
54.27228045463562,2.5182262084753764
54.27453327178955,2.523165049930221
54.27678632736206,2.5248792797183133
54.27903866767883,2.5268462332303803
54.28129243850708,2.5276187095187557
54.28354501724243,2.5281819734790294
54.28579878807068,2.5298878586158584
54.28805088996887,2.531570497938454
54.29030442237854,2.5326529184166096
54.29255747795105,2.534444634252147
54.294809341430664,2.5342819135525123
54.29706883430481,2.535162274260792
54.299320697784424,2.536647026139143
54.301573753356934,2.5357726258960516
54.303826332092285,2.536187474273142
54.30607986450195,2.5371155187029264
54.30833411216736,2.5350680989108203
54.310585737228394,2.536318008460761
54.31283926963806,2.537209694052898
54.315091133117676,2.5367012663723547
54.317482709884644,2.534218136575
54.31974411010742,2.532051507479132
54.322004318237305,2.5277254018456223
54.32426309585571,2.5282290611540152
54.3265163898468,2.5292971765157195
54.32876968383789,2.5299778616401984
54.331021547317505,2.5298407709408726
54.33327579498291,2.5303623116448297
54.3355278968811,2.536694113814129
54.33778238296509,2.5279757413835218
54.340036153793335,2.5289514695348108
54.34229016304016,2.5344488065777786
54.34454393386841,2.536771599861574
54.34679675102234,2.530525628390983
54.34904932975769,2.536902730095712
54.35130071640015,2.5311496890961753
54.35355496406555,2.531644407706786
54.355814933776855,2.5343468826230624
54.358067989349365,2.5330725351658505
54.360321044921875,2.532663647253948
54.36257290840149,2.5330576340028803
54.364826917648315,2.533124391212987
54.36707878112793,2.527141872303709
54.369340896606445,2.528562251158029
54.3715934753418,2.527657452542478
54.373847246170044,2.5343224447157913
54.376099586486816,2.500207126165286
54.378353118896484,2.518531384293006
54.38060665130615,2.519054117090001
54.38285851478577,2.5200769329162758
54.385111570358276,2.52103001129985
54.38736343383789,2.5218525554958053
54.38961720466614,2.522354426664642
54.39186930656433,2.52373069807657
54.39412307739258,2.524597945761436
54.396376848220825,2.5254228741434663
54.39862942695618,2.534196082853804
54.400883197784424,2.527590099285853
54.4031343460083,2.527922097196829
54.40538787841797,2.536774580094168
54.40763974189758,2.5305429137400286
54.40989398956299,2.5308701432788543
54.41214632987976,2.5321862139923828
54.41439914703369,2.5325289407406975
54.41665244102478,2.5335696379625365
54.418904542922974,2.533670369824215
54.42115759849548,2.5358435554317897
54.42340922355652,2.537256185681365
54.42566180229187,2.5383791373227997
54.427913427352905,2.539406721521225
54.43016719818115,2.5404152322310485
54.43242287635803,2.5413444687538704
54.434675455093384,2.5424382141158834
54.43692994117737,2.5439450197154305
54.43918228149414,2.545568054386145
54.44143533706665,2.544661467631038
54.44372534751892,2.526045742755621
54.44603109359741,2.5121590509604275
54.44836163520813,2.492199241185098
54.450663566589355,2.475828227499512
54.45297932624817,2.485481200871611
54.45524048805237,2.4915567030378227
54.45749497413635,2.4972280856642826
54.45974779129028,2.5022336843292337
54.46200180053711,2.5075826057890183
54.46425819396973,2.513664068420418
54.46651005744934,2.500038445000463
54.46876358985901,2.523348632258014
54.47101545333862,2.5195375108167544
54.47326922416687,2.5334772507521213
54.475521087646484,2.5372806235886363
54.47777557373047,2.526822391369628
54.48002791404724,2.5351044577484676
54.48228096961975,2.5399205136204377
54.4845335483551,2.5393435405902314
54.48678517341614,2.545758789272164
54.48903822898865,2.5507447184019947
54.491294860839844,2.5515779914352885
54.493553161621094,2.5538769428583317
54.495805501937866,2.559895224558738
54.49805927276611,2.5628104880822287
54.50031232833862,2.56641060905583
54.502591371536255,2.5697490656076747
54.50484490394592,2.572066494472801
54.50709652900696,2.574540087525855
54.509350299835205,2.576633998946428
54.51160192489624,2.5768277140650406
54.51385569572449,2.5782337878029096
54.51610803604126,2.5808999038815386
54.51836156845093,2.581535289470588
54.520615339279175,2.5785544608300284
54.52287149429321,2.5775054189569255
54.525126934051514,2.5775989982603784
54.52737903594971,2.577742645471411
54.529632806777954,2.578135440127306
54.53188490867615,2.5771364661617833
54.53413796424866,2.5757494659125166
54.53639101982117,2.573980399844694
54.53864288330078,2.5721928563347882
54.54089617729187,2.571140834229092
54.543147563934326,2.5692561351366203
54.545400619506836,2.568359681172333
54.54765200614929,2.5586095522176686
54.5499050617218,2.5653806406713295
54.552157163619995,2.5636091904174316
54.5544171333313,2.562452264124425
54.556671142578125,2.5601753664225777
54.55892324447632,2.557645744996756
54.56117606163025,2.5556209749723644
54.56342816352844,2.5538489286719477
54.56568193435669,2.551110094918024
54.567933320999146,2.549429243734985
54.57018685340881,2.546621864631398
54.57243990898132,2.5452539378707333
54.57469129562378,2.542290394579219
54.57694387435913,2.5393125461712533
54.579195499420166,2.536905114281787
54.581449031829834,2.5070813306667006
54.58370089530945,2.5115928067675597
54.58595395088196,2.511247099786651
54.58820819854736,2.5110527886215195
54.590460538864136,2.510944904201615
54.592713594436646,2.51014739395945
54.59496569633484,2.510091365586682
54.59721922874451,2.5003036857013328
54.59947109222412,2.500166595002007
54.60172438621521,2.5095859181387326
54.6039764881134,2.509155572552153
54.60622978210449,2.510445417218854
54.60848307609558,2.5108197344326655
54.61073422431946,2.511090935598723
54.612988233566284,2.5089839111547363
54.61524057388306,2.507801354861421
54.617494344711304,2.508123816028096
54.61974596977234,2.506684959731693
54.62199854850769,2.507301271832141
54.62425184249878,2.509134114877476
54.626503705978394,2.514817418434312
54.62875723838806,2.5000593066286214
54.631009578704834,2.5112918032755616
54.63326334953308,2.5109866274579318
54.63551449775696,2.5117805614209843
54.637768030166626,2.5002923608174754
54.64001965522766,2.514326276102814
54.64227271080017,2.514788808201409
54.64452576637268,2.516105474961457
54.646777629852295,2.516654433805279
54.649030685424805,2.516484560547419
54.65128231048584,2.516956033343796
54.65353560447693,2.5001779198858642
54.65578818321228,2.518310847081047
54.65804123878479,2.5202080631504136
54.66029500961304,2.521496119677558
54.66254687309265,2.5215908910740485
54.66480088233948,2.5211909438599283
54.66705250740051,2.521083059440024
54.66930603981018,2.5213834668855033
54.671557903289795,2.523041072254309
54.673810958862305,2.524103823197344
54.676063537597656,2.5254091650735337
54.678316593170166,2.5262931020609263
54.68057060241699,2.5236514238895684
54.682822704315186,2.512586416314413
54.685075998306274,2.500087916861524
54.687328577041626,2.5194743298857607
54.68958592414856,2.5213673736294955
54.69183897972107,2.513676585397313
54.694093227386475,2.501396238970308
54.6963472366333,2.491711079086194
54.69860124588013,2.4416109849942904
54.70092725753784,2.3829826573112793
54.703290939331055,2.403235721973863
54.70556378364563,2.4014845373016045
54.70781970024109,2.3997405051875718
54.71007490158081,2.398950743550151
54.712329387664795,2.3828795412635255
54.714582681655884,2.395162867923125
54.71683645248413,2.395172404667426
54.719088315963745,2.3958036179308437
54.721341609954834,2.3902132976309414
54.72359800338745,2.3932817451097663
54.72585368156433,2.3961809153772493
54.728105545043945,2.3989733933178656
54.73035931587219,2.400155949611181
54.73261332511902,2.4035820250012905
54.73486518859863,2.402526426616481
54.73711848258972,2.4086001406431365
54.73937153816223,2.41944580309937
54.74162530899048,2.417858531219784
54.743876934051514,2.4230638054685363
54.74613070487976,2.428070000180006
54.74838447570801,2.4219944980137944
54.75063633918762,2.437734894482481
54.75288963317871,2.4424055150038617
54.75514101982117,2.448150211352135
54.75739359855652,2.453613573743531
54.759644985198975,2.4595043014889124
54.761898040771484,2.4649050789958333
54.76415038108826,2.4610480619726256
54.76641035079956,2.4734404651451665
54.76866412162781,2.4777939889185414
54.77091670036316,2.481669483383832
54.773170709609985,2.4868521078648698
54.77542304992676,2.4986734984723924
54.77767610549927,2.517916264285596
54.779927492141724,2.5324484744606583
54.78218078613281,2.5461146290438923
54.78443431854248,2.5433823518016756
54.78668689727783,2.5588432024530414
54.7889404296875,2.5729373184367796
54.79119253158569,2.5847533446256334
54.79344630241394,2.595474433359436
54.7956976890564,2.6058200127863897
54.797950744628906,2.6143118875398503
54.80020809173584,2.621882274375233
54.80246019363403,2.6287046228295115
54.80471396446228,2.6321062603123497
54.806966066360474,2.642892914163222
54.80921959877014,2.647456842357736
54.81147122383118,2.6522031607870056
54.81372404098511,2.654408532906596
54.81597590446472,2.6554873771056386
54.81822848320007,2.6568767615409805
54.820624589920044,2.6542166059275396
54.82291769981384,2.656554896420824
54.82517218589783,2.6588681529603186
54.8274245262146,2.6563516445579105
54.82967805862427,2.6598385166929384
54.83193016052246,2.658469397839236
54.83418250083923,2.6563927717677083
54.83643555641174,2.653808910108675
54.83868741989136,2.6515099586856317
54.84094047546387,2.651661354501409
54.84319186210632,2.6538536135975854
54.84544539451599,2.653857785923217
54.847697734832764,2.6433161071915756
54.84995126724243,2.638795094346415
54.85220694541931,2.634964303370035
54.854459285736084,2.631567434259347
54.85671281814575,2.6173934480420886
54.858964920043945,2.617255165249725
54.86121916770935,2.6204052711016264
54.863471031188965,2.6145824926593892
54.865724086761475,2.609159661431272
54.86797642707825,2.6123318210043696
54.870229721069336,2.5937119238033204
54.87249040603638,2.539195125007048
54.87481188774109,2.5485447107010737
54.87707853317261,2.5477412399937203
54.879331827163696,2.5459936316005742
54.88158655166626,2.5425973585364052
54.88383889198303,2.5396940159432906
54.88609266281128,2.5281843576651046
54.888346672058105,2.5216498996794106
54.8905987739563,2.5226655629474597
54.892852544784546,2.52106994641661
54.895105600357056,2.521648707586373
54.89735817909241,2.518902125227705
54.89961075782776,2.516738476364431
54.90186357498169,2.5149217265751034
54.90411615371704,2.514587344478052
54.90636920928955,2.5154843944888583
54.90862250328064,2.5001212954665775
54.91087508201599,2.5135764495821533
54.913129568099976,2.512188257239849
54.915382623672485,2.5002822280266557
54.91763615608215,2.5088623176648994
54.91988801956177,2.500038445000463
54.92214274406433,2.5004664064009674
54.92440056800842,2.500023543837493
54.926652669906616,2.5030675534090463
54.928906202316284,2.5042727594700764
54.93115854263306,2.5027254227072504
54.933411836624146,2.5026348236363916
54.93566393852234,2.501551807111717
54.93791723251343,2.500744164078732
54.94017052650452,2.5014886261807234
54.94243359565735,2.5000253319770493
54.94468712806702,2.4994626640632944
54.9469780921936,2.47597425889662
54.94928312301636,2.474849519115629
54.951547384262085,2.4751052230721977
54.95382642745972,2.4427947333806435
54.95614290237427,2.4405482340512554
54.958457231521606,2.422048142200487
54.96076989173889,2.4401774931165567
54.96303057670593,2.4441531233970073
54.965285301208496,2.448206239724903
54.9675407409668,2.4528625551298324
54.9697949886322,2.457200581693719
54.97204661369324,2.4622914150108595
54.974302768707275,2.4646690445743853
54.976560831069946,2.470520433249525
54.978814125061035,2.475810346103948
54.9810688495636,2.479022440793805
54.98332095146179,2.4830576757261364
54.98557472229004,2.487060128099934
54.987826347351074,2.487860618574693
54.990079164505005,2.48054533964936
54.99233293533325,2.488699852073175
54.99458861351013,2.495162784476612
54.99685263633728,2.497620880320177
54.999104499816895,2.4986550210303093
55.001359939575195,2.5026038292174135
55.00361227989197,2.505550683206401
55.00586700439453,2.509973348375958
55.00811839103699,2.514568867035969
55.01037120819092,2.5184521101060047
55.01262450218201,2.5208911324609677
55.01487708091736,2.5222501185238504
55.017130851745605,2.523867192729377
55.0193829536438,2.525514069260844
55.02163648605347,2.5279739532439653
55.02388834953308,2.5320091881762967
55.02614760398865,2.5344184082053194
55.028401136398315,2.5370064421899845
55.03065538406372,2.537632887081252
55.03290843963623,2.538555567092367
55.03516125679016,2.539708917106261
55.03741526603699,2.540417020370605
55.03966736793518,2.5429132631913736
55.04192090034485,2.5438728980866547
55.04417324066162,2.54582077811012
55.046428203582764,2.54661590416621
55.04868149757385,2.5392529415193725
55.05093312263489,2.5450041943793527
55.05318593978882,2.5442531757656544
55.05543804168701,2.54465550716585
55.05769085884094,2.545395200895691
55.059942960739136,2.5453928167096156
55.06219696998596,2.545776670667728
55.06445026397705,2.539111678494415
55.0667028427124,2.5418689896904216
55.06895637512207,2.53975421664169
55.071208477020264,2.5389197515153588
55.07348036766052,2.514326276102814
55.07575249671936,2.5202611112905875
55.07801079750061,2.5206467533882564
55.080265522003174,2.5193694256984505
55.082517862319946,2.517898382890032
55.08477234840393,2.517422737768023
55.08702540397644,2.5147882121548903
55.089279651641846,2.51424819400885
55.0915322303772,2.4982264635832863
55.09378623962402,2.479243574052283
55.096038818359375,2.464060481078682
55.09829378128052,2.4560883588896227
55.1005482673645,2.4333521644296843
55.10280108451843,2.422073772200796
55.10505509376526,2.443395548271602
55.10730743408203,2.448448234611539
55.10956120491028,2.4523189607046794
55.111814975738525,2.4563601561021993
55.11406922340393,2.4587425540378756
55.11632299423218,2.4630311087407004
55.11857557296753,2.464865143879073
55.12082886695862,2.464393671082696
55.12308478355408,2.4676331839124184
55.12533926963806,2.4729368058367736
55.127591133117676,2.477166947980755
55.1298451423645,2.4806174612781358
55.132097005844116,2.4831846336346426
55.13436985015869,2.4615481450019057
55.13667321205139,2.46549695318901
55.138933181762695,2.4684092364799066
55.14119100570679,2.4753800005173683
55.14344382286072,2.479417619635775
55.14569711685181,2.4845257383019614
55.14794898033142,2.489297090685021
55.15020227432251,2.49388366864725
55.15245580673218,2.498435079864869
55.15470862388611,2.5002178550026244
55.15696477890015,2.5068452962452525
55.15921688079834,2.5103852165204543
55.16147017478943,2.509901226747182
55.16372227668762,2.516689600549889
55.16597533226013,2.5204375410601547
55.168232917785645,2.5234302906310906
55.17048501968384,2.5266054304367818
55.17273783683777,2.5290945206993247
55.17498993873596,2.5303593314122357
55.17724370956421,2.5321707167828937
55.179495096206665,2.534690205417896
55.18174862861633,2.536700670325836
55.18400025367737,2.5384488747655003
55.186253786087036,2.5392368482633647
55.188507080078125,2.541603748989552
55.19075870513916,2.5427821329572358
55.19301223754883,2.5329604784203146
55.19526505470276,2.527748647659856
55.19751858711243,2.531790439103894
55.19977068901062,2.532850209814335
55.20202422142029,2.533897463547881
55.204277753829956,2.519740166633149
55.20658826828003,2.4801710224355484
55.20892691612244,2.4738064377077147
55.21121430397034,2.4835208038712504
55.21347522735596,2.4978616831137757
55.215728759765625,2.4897769081326615
55.217984199523926,2.493307887710081
55.220242738723755,2.494812309123553
55.222495555877686,2.4984022973063347
55.224748611450195,2.5015482308326042
55.22700071334839,2.5018885733948437
55.22925591468811,2.500038445000463
55.23150897026062,2.5056955225104716
55.233762979507446,2.50875204905892
55.2360155582428,2.511081994900941
55.23826813697815,2.5128081456194096
55.240522146224976,2.514867486341892
55.24277424812317,2.5163462777550554
55.245028018951416,2.518152298707044
55.24728083610535,2.5195500277936493
55.249534368515015,2.521474662002881
55.25178623199463,2.5227722552743264
55.2540397644043,2.524327340641897
55.25629281997681,2.524541917388668
55.25854516029358,2.5260558755464406
55.26079869270325,2.5264444978767036
55.26305103302002,2.5260320336856883
55.265305042266846,2.5247195392512727
55.26755738258362,2.5253298908865323
55.269811153411865,2.525472942051046
55.27206373214722,2.525923553219265
55.274317264556885,2.5258830220559862
55.27657079696655,2.52520591321062
55.27882218360901,2.536793057536251
55.2810754776001,2.5247195392512727
55.28332781791687,2.524644437389903
55.28558135032654,2.5239655404049803
55.28783321380615,2.524404826689342
55.29008769989014,2.523258033187155
55.29234004020691,2.5228467610891774
55.29459190368652,2.5213208820010284
55.29684495925903,2.500104606164051
55.299097776412964,2.5101336848895173
55.30135130882263,2.510321439542942
55.303603649139404,2.510671914896001
55.30585694313049,2.511062921412339
55.30810856819153,2.5147071498283324
55.310362100601196,2.500041425233057
55.31261587142944,2.5001272559317655
55.3148832321167,2.5102767360540312
55.31713652610779,2.508782447431379
55.31938862800598,2.5001987815140225
55.32164216041565,2.499041855221016
55.32389807701111,2.4976655838090878
55.326277017593384,2.494797407960583
55.32854461669922,2.4964603777480576
55.33079719543457,2.497437894038903
55.333051919937134,2.497431933573715
55.335304260253906,2.497581541249936
55.337557554244995,2.4966600533318584
55.33980941772461,2.49662429054073
55.34206199645996,2.496955692405187
55.34431719779968,2.49408870864972
55.34657049179077,2.4959173793694234
55.34882402420044,2.4957808847166163
55.351075649261475,2.4961599703025783
55.3533296585083,2.496117054953224
55.35558080673218,2.496853768450471
55.357834339141846,2.497552334970514
55.36008548736572,2.4963608379794167
55.36233901977539,2.4963948126309887
55.36459302902222,2.4954167002936245
55.36684560775757,2.4966314430989556
55.36909866333008,2.4963888521658006
55.37135076522827,2.49718934264056
55.37360405921936,2.496974765893789
55.375855684280396,2.4977871772989246
55.378119707107544,2.4922183146737
55.380374908447266,2.493417560269542
55.382628202438354,2.494659721214738
55.38488173484802,2.494286596093964
55.38713359832764,2.4926581970045802
55.389387130737305,2.4938252560884067
55.391639709472656,2.4941650026041273
55.393893241882324,2.494476138886945
55.39614534378052,2.497680484972058
55.39839792251587,2.480563221044924
55.40065264701843,2.480703888023363
55.40290451049805,2.481375036403541
55.40515732765198,2.48259573967406
55.40740895271301,2.4825194457196527
55.40966176986694,2.4832937101475845
55.41191339492798,2.4839594941090932
55.41416692733765,2.4843433480672057
55.416420221328735,2.485211191798591
55.41867256164551,2.485201059007771
55.42092537879944,2.49520391168641
55.42317724227905,2.485599218082335
55.42543268203735,2.4866297825133543
55.427685260772705,2.4868938311211863
55.42993879318237,2.488221226718572
55.4321985244751,2.4889102564943144
55.43445181846619,2.489013968588587
55.436705350875854,2.489421068360933
55.43895649909973,2.4904760706992235
55.44120955467224,2.49072283395801
55.44346070289612,2.491751014202954
55.445714473724365,2.491972147461432
55.4479660987854,2.4926725021210316
55.45021915435791,2.4911501993119956
55.45250844955444,2.469995912312974
55.45480704307556,2.453090840946536
55.4571487903595,2.422070195921683
55.45946955680847,2.4191674493750868
55.461758852005005,2.421958139176147
55.46401333808899,2.433726481643496
55.4662663936615,2.437575750061959
55.468520641326904,2.4429032138470665
55.470773458480835,2.4476787385557577
55.47302961349487,2.451935106746567
55.475282430648804,2.456922824015954
55.47753620147705,2.4609795166229627
55.479788303375244,2.4611410452295597
55.48204183578491,2.4692198597454857
55.48429560661316,2.4729153481620965
55.48654747009277,2.4763557286686573
55.48880100250244,2.4801614856912475
55.491071462631226,2.4835988859652143
55.493324518203735,2.487350998801112
55.49557638168335,2.4896243202238466
55.4978301525116,2.4928286663089594
55.50008678436279,2.4841263871343595
55.502344369888306,2.4796518659176665
55.50459909439087,2.4850288015638355
55.50685119628906,2.497717439856224
55.50910520553589,2.487826643923121
55.511359453201294,2.4919894328104775
55.5136137008667,2.495361864013894
55.515865325927734,2.4971124526396338
55.518117904663086,2.4994286894117224
55.520379066467285,2.4990800021982196
55.522632122039795,2.4981418249776155
55.524887561798096,2.4987104533565585
55.52713942527771,2.5016692282759223
55.529393434524536,2.5037691001616835
55.531644344329834,2.5052854425055315
55.53389763832092,2.507095635783152
55.536149740219116,2.507770360442443
55.538410663604736,2.507795394396233
55.54066443443298,2.5080576548645084
55.54291605949402,2.5100931537262383
55.54516959190369,2.511719168629547
55.5474214553833,2.512924374690577
55.54967379570007,2.5140979902861105
55.55192589759827,2.512125672355374
55.554179430007935,2.5137099640023663
55.55643320083618,2.5000312924422374
55.558685064315796,2.5142875330790915
55.56093978881836,2.514801325178304
55.56319236755371,2.514736356107754
55.56544518470764,2.5155839342574993
55.5676965713501,2.5130322591104814
55.569950342178345,2.514080704937065
55.57220959663391,2.513163985391138
55.574461698532104,2.50010997058272
55.57671499252319,2.513139547483867
55.57896685600281,2.51342803399897
55.58121991157532,2.513546647256213
55.58347153663635,2.513580621907785
55.58572459220886,2.5142380612180304
55.587976694107056,2.5137904302824055
55.590229988098145,2.514919938435547
55.59248423576355,2.513907255400092
55.594736099243164,2.5140288488899287
55.59698963165283,2.5140324251690416
55.59924125671387,2.513580621907785
55.601494550704956,2.5132563726015533
55.60374617576599,2.4925240865378484
55.60599946975708,2.4806645489531216
55.60825300216675,2.490539847676736
55.610504388809204,2.492199241185098
55.61275768280029,2.492764889331447
55.61500930786133,2.4927601209592964
55.617263078689575,2.4940749995797873
55.61951565742493,2.4943634860948904
55.62176966667175,2.4958804244852573
55.624021768569946,2.4976065752037258
55.626275062561035,2.4957308168090364
55.62852883338928,2.4971345063608297
55.6307806968689,2.497564851947409
55.633033752441406,2.4983218310262956
55.63528537750244,2.495150863546236
55.63753890991211,2.4998477101144445
55.639790058135986,2.500292956863994
55.642043590545654,2.5003483891902434
55.644296407699585,2.5008019805910564
55.64654874801636,2.501247227340606
55.648802280426025,2.5015261771114083
55.65105366706848,2.5016692282759223
55.65330719947815,2.5007238984970925
55.65555810928345,2.501073777803633
55.657811403274536,2.5007179380319045
55.66006374359131,2.500781715009417
55.66231894493103,2.5001147389548706
55.66457200050354,2.500834763149591
55.666823625564575,2.500284016166212
55.66907620429993,2.5007387996600627
55.67132759094238,2.5000897050010806
55.67358040809631,2.5004777312848248
55.67583179473877,2.5000211596514177
55.678085803985596,2.5000366568609067
55.68034029006958,2.497861087067257
55.68259239196777,2.499237358479185
55.684845209121704,2.499103248012453
55.68709683418274,2.4967768784495448
55.689350605010986,2.497459947760099
55.6916024684906,2.4971631165937325
55.69385576248169,2.4977937338106315
55.696107625961304,2.497201859617455
55.69836115837097,2.4967768784495448
55.70061469078064,2.497015297057068
55.702866077423096,2.497179805896259
55.705119132995605,2.4977943298571503
55.70738101005554,2.4433383278057965
55.709707498550415,2.4175873300537263
55.7120258808136,2.4323847809296586
55.71430444717407,2.440222792651986
55.71656107902527,2.441137128011838
55.7188138961792,2.4457648331838646
55.721067667007446,2.4459579522559585
55.72332715988159,2.458759839386921
55.72558283805847,2.4556162900467267
55.727835178375244,2.4587306331074994
55.73008918762207,2.4610021663906774
55.732343435287476,2.468293007408739
55.734596252441406,2.47266858490331
55.73684906959534,2.4765858026249172
55.739100217819214,2.460956270808729
55.74135375022888,2.4834331850329856
55.743605613708496,2.487335501591623
55.74585962295532,2.4914762367577836
55.74811148643494,2.495626508668245
55.75036668777466,2.4983283875380025
55.75262141227722,2.5015226008322955
55.75487279891968,2.5052925950637572
55.75712537765503,2.5085321078934797
55.759376764297485,2.511062921412339
55.761630058288574,2.513776721212473
55.76388192176819,2.5000467896517264
55.766135692596436,2.518459858710749
55.768388986587524,2.5196960591907573
55.77064085006714,2.5228622582986664
55.77289390563965,2.525420489957391
55.77514576911926,2.5270137223021654
55.77739858627319,2.528695765578242
55.77965068817139,2.529534403030205
55.78190493583679,2.531274858865125
55.78415632247925,2.534432713321771
55.78641605377197,2.5342157523889246
55.78866982460022,2.5347903412330557
55.79092192649841,2.5362852259022266
55.79317498207092,2.5361111803187346
55.795427322387695,2.537172143122213
55.79768109321594,2.537365262194307
55.799933195114136,2.537697856151802
55.802186727523804,2.538372580811093
55.80444002151489,2.539322678962073
55.80669188499451,2.538418476393041
55.808945655822754,2.522878947601193
55.81119680404663,2.5343158882040844
55.81344962120056,2.5296703016364934
55.81570100784302,2.53081232676653
55.81795382499695,2.531685534916584
55.820207357406616,2.532359067482837
55.82245945930481,2.536669079860339
55.82471251487732,2.5324317851581317
55.826964139938354,2.5327160993476032
55.82935047149658,2.526331845084649
55.83160996437073,2.5291445886069046
55.83386492729187,2.5300672686180197
55.83611750602722,2.5305178797862387
55.83837080001831,2.5305178797862387
55.840625524520874,2.531303469098028
55.842878103256226,2.5318232216624286
55.84513235092163,2.5321874060854204
55.84738373756409,2.5338837544779484
55.849637269973755,2.5349333923975697
55.85188889503479,2.533845011454226
55.8541419506073,2.5348815363504333
55.85639500617981,2.53566831775526
55.858646631240845,2.5363877459034616
55.86090016365051,2.5368455096299063
55.86315202713013,2.5374004289389167
55.865405321121216,2.538744513838829
55.86765742301941,2.5391200231456783
55.86991047859192,2.539614741756289
55.87216234207153,2.5396564650126057
55.874422788619995,2.5416615655018764
55.876676082611084,2.5418439557366317
55.878928422927856,2.5361946268313678
55.881189584732056,2.537222211029793
55.883442640304565,2.538267080577264
55.88569688796997,2.5393584417532016
55.88794922828674,2.5393930124512925
55.89020299911499,2.540121381297276
55.8924560546875,2.54041940455668
55.89470839500427,2.541809385038541
55.89696168899536,2.541551296895897
55.8992133140564,2.5424656322557486
55.90146565437317,2.542539542024081
55.90371799468994,2.539201681518755
55.90597224235535,2.543328111568464
55.90823245048523,2.5439289264594227
55.910484075546265,2.529447976284978
55.91273808479309,2.5322553553885645
55.914989709854126,2.533225719121184
55.91724228858948,2.524969878789172
55.91949796676636,2.5265845688086235
55.92175507545471,2.522876563415118
55.92401051521301,2.524289193664693
55.926265239715576,2.5250121980920075
55.92852020263672,2.5198015594245864
55.93077206611633,2.5247892766939732
55.93302512168884,2.5262454183394216
55.9352765083313,2.527017298581278
55.937530279159546,2.5274547967260834
55.93978238105774,2.5268051060205825
55.94203591346741,2.5279143485920845
55.94429111480713,2.52868682488046
55.94654202461243,2.529653612333967
55.94879651069641,2.530834380487726
55.951048374176025,2.534359995646476
55.953301429748535,2.5293400918650737
55.95559215545654,2.5097724806991195
55.95789813995361,2.5111559046692733
55.96015691757202,2.5028803948021405
55.96248769760132,2.4797919368495864
55.96481370925903,2.4677875599607897
55.96711802482605,2.4697920644035416
55.96939134597778,2.4748232930688014
55.97164487838745,2.480119762434931
55.97389841079712,2.495415508200587
55.976154088974,2.4902179825565796
55.97841739654541,2.4950996035456185
55.98067116737366,2.4995425342968147
55.98292374610901,2.5041106348169606
55.98517680168152,2.508015931608192
55.987427949905396,2.511510552347964
55.989681005477905,2.51555353588504
55.99193239212036,2.5201526308241644
55.99418592453003,2.523184123418823
55.996466398239136,2.5187793396448304
55.99872398376465,2.5233587650488336
56.00097870826721,2.5195547961658
56.00323486328125,2.529820505359233
56.005489110946655,2.534419004251838
56.007741928100586,2.5326940456264073
56.00999879837036,2.536239926366797
56.01225280761719,2.5342467468079026
56.01450562477112,2.529040876512632
56.01675987243652,2.536871139630215
56.019044399261475,2.52346068900355
56.02131199836731,2.5277039441709452
56.023563623428345,2.5311866439803414
56.02581834793091,2.53501326263109
56.028069734573364,2.538483445463591
56.03032374382019,2.540867631538824
56.032577991485596,2.5418141534106913
56.03483009338379,2.544704979026911
56.037084102630615,2.546512788118456
56.03933811187744,2.5491580425689273
56.041592597961426,2.5390818761684746
56.043845415115356,2.5535443489008367
56.0460991859436,2.554951018685224
56.04835271835327,2.556166357537074
56.05060410499573,2.5575164029021744
56.052857637405396,2.5590238045482403
56.05510950088501,2.5567057796365953
56.05736565589905,2.5582805345392865
56.05961847305298,2.5580373475596128
56.061872482299805,2.5587275694283926
56.064125061035156,2.559652037579064
56.06637930870056,2.5597563457198556
56.06863331794739,2.5592777203652526
56.07088565826416,2.5601008606077267
56.073139905929565,2.5351753872842058
56.075424909591675,2.542073433646373
56.0776903629303,2.542877500400245
56.07994198799133,2.5392743991940496
56.08219647407532,2.543446724825707
56.08445072174072,2.5437834911088335
56.08670377731323,2.5390890287267003
56.088958740234375,2.5392505573332973
56.091212034225464,2.5435844115715516
56.09346604347229,2.543859785063241
56.095717430114746,2.5393191026829602
56.097970485687256,2.544002836227755
56.100231647491455,2.5436535529677333
56.10248374938965,2.5432589701722823
56.104737281799316,2.5421682050428633
56.10698843002319,2.542153899926412
56.10924291610718,2.541206185961507
56.11149454116821,2.5407257724673475
56.11374759674072,2.5394448684984288
56.115999698638916,2.5197383784935927
56.118252992630005,2.5270286234651356
56.12050700187683,2.526474300202644
56.1227593421936,2.520585956643338
56.12501668930054,2.515460552628106
56.127307176589966,2.490459381396697
56.1295907497406,2.498932182661555
56.13184666633606,2.498858272893223
56.13410139083862,2.4991789459203417
56.13635540008545,2.4991634487108527
56.13860726356506,2.5000676512798847
56.14086174964905,2.4998632073239335
56.14311337471008,2.5000628829077343
56.14536786079407,2.5025942924731126
56.1476194858551,2.5025627020076158
56.14987254142761,2.5002416968633767
56.152124643325806,2.5045588617991044
56.15437865257263,2.505843938093655
56.15663170814514,2.5002512336076776
56.158883810043335,2.5002852082592497
56.161136865615845,2.5087156902212726
56.16338777542114,2.5147101300609265
56.16564321517944,2.5108376158282297
56.16789484024048,2.5117585076997884
56.17014813423157,2.5115683688602886
56.172401666641235,2.5123354807299947
56.17465257644653,2.5131657735306945
56.17690563201904,2.5001177191874646
56.17915749549866,2.5099399697709046
56.181410789489746,2.5129476205048107
56.18366265296936,2.51292795096969
56.18592309951782,2.512054742819636
56.18817400932312,2.5112268342050115
56.19042944908142,2.511334122578397
56.19268298149109,2.5108048332696953
56.19493508338928,2.509873808607317
56.19718790054321,2.5097295653497653
56.19943952560425,2.5001063943036073
56.201693058013916,2.5001987815140225
56.203946590423584,2.506887615548088
56.20620012283325,2.5066396601962637
56.20845341682434,2.5049868231996086
56.210705041885376,2.501508295715844
56.21299862861633,2.454707319105544
56.21537685394287,2.412548352783722
56.217726945877075,2.365433855704529
56.2200562953949,2.368444486671029
56.222344160079956,2.3795446609907938
56.22460055351257,2.385866926415792
56.226852893829346,2.3911240567116807
56.22910666465759,2.399550366348072
56.231358766555786,2.417231490281998
56.23361158370972,2.419483950076574
56.23586297035217,2.419032742861836
56.23811626434326,2.426174572250196
56.24037003517151,2.432983211634542
56.2426221370697,2.439667277296457
56.24487566947937,2.445347600620699
56.247127294540405,2.458657319385686
56.24938082695007,2.4583908865917787
56.251633167266846,2.464108164800187
56.253886699676514,2.4701908195246243
56.256139039993286,2.4735739795653795
56.25839424133301,2.4797788238261727
56.26064848899841,2.4852523190083886
56.26290154457092,2.4895128595248295
56.26515507698059,2.497671544274276
56.267406702041626,2.4997577070901045
56.269659996032715,2.5044122343554776
56.271912574768066,2.5095579039523486
56.27417707443237,2.5125125065460807
56.27643442153931,2.5168153663653574
56.27868700027466,2.5198295736109704
56.280940771102905,2.5236299662148913
56.283194065093994,2.5267031820658663
56.2854483127594,2.529441419773271
56.28770065307617,2.52868682488046
56.289955377578735,2.532425228646425
56.292216777801514,2.5347170275112423
56.294469594955444,2.536452118927493
56.29672312736511,2.5390419410517144
56.29897618293762,2.5403121161832947
56.30122947692871,2.5426021269085557
56.30348181724548,2.543418114592804
56.30573487281799,2.545506065548189
56.30798697471619,2.5464829857925158
56.310240268707275,2.5474551376646923
56.31249403953552,2.54826158860464
56.314746379852295,2.5486663041909106
56.3170006275177,2.54885167465826
56.319252252578735,2.544353311580814
56.321505546569824,2.534027401688981
56.32375979423523,2.5343999307632363
56.326016664505005,2.5334116856350524
56.32827115058899,2.5335505644739347
56.330522775650024,2.5339016358735127
56.332913398742676,2.5284388695286357
56.33517503738403,2.528807822323778
56.33743071556091,2.528661194880151
56.339683055877686,2.534481589136313
56.341938495635986,2.519716324772397
56.34419894218445,2.529115382327483
56.34645175933838,2.529808584428857
56.34870481491089,2.5286796723222342
56.350955963134766,2.529537979309318
56.35320973396301,2.5297597086143147
56.35546112060547,2.5302448904806245
56.357715129852295,2.530034486059485
56.35996770858765,2.529450956517572
56.362220764160156,2.52857178790233
56.364473819732666,2.529462877447948
56.36672616004944,2.5285449658089836
56.368979692459106,2.5343462865765436
56.37123203277588,2.536713187302731
56.37348508834839,2.5268515976490495
56.375736713409424,2.525635066704162
56.37799024581909,2.525047960883136
56.38024377822876,2.5246945052974827
56.38249588012695,2.5175383707926717
56.38476085662842,2.5180056712634173
56.38701415061951,2.517276110324396
56.38926887512207,2.5169184824131112
56.39152121543884,2.516537608687593
56.39377427101135,2.5163015742661448
56.396026372909546,2.5155022758844225
56.398279905319214,2.515460552628106
56.4005331993103,2.5147876161083715
56.40278506278992,2.5146546977346773
56.405038356781006,2.5139883177266498
56.40729069709778,2.5002244115143313
56.409544229507446,2.51424819400885
56.41179537773132,2.500190436862759
56.41404843330383,2.5146731751767604
56.41630220413208,2.5148531812254404
56.41855478286743,2.513866724236813
56.42080903053284,2.5121650114256155
56.42306041717529,2.4977961179967068
56.425315141677856,2.5004389882611022
56.42756700515747,2.500607669425925
56.42981958389282,2.5010588766406627
56.43207144737244,2.5001248717456903
56.434325218200684,2.50012010337354
56.43657898902893,2.5000467896517264
56.438830614089966,2.500266134770648
56.441083669662476,2.5050207978511807
56.44333553314209,2.5052288180862448
56.44558930397034,2.500073015698554
56.44784140586853,2.5066003211260224
56.45009660720825,2.5072464355524104
56.452370405197144,2.5080576548645084
56.454622983932495,2.5071153053182726
56.45687699317932,2.5057616836740593
56.45917105674744,2.486171422740391
56.46148204803467,2.4724701014125468
56.463804483413696,2.452482277450833
56.46612524986267,2.432958177680752
56.46843719482422,2.4422380259320766
56.47069811820984,2.4561384267972026
56.47295165061951,2.4530610386205955
56.47520446777344,2.457125479832349
56.477458238601685,2.4616393401192833
56.4797146320343,2.465595300864613
56.481969594955444,2.461177404067207
56.4842312335968,2.4781408879924878
56.486483097076416,2.4780240628748014
56.488736629486084,2.4818232633856847
56.490988969802856,2.4858555180854225
56.4932427406311,2.4896004783630943
56.49549460411072,2.492904960263367
56.497748374938965,2.4978312847413164
56.50000023841858,2.5000867247684866
56.502254009246826,2.5042137508647144
56.504507541656494,2.5073304781115624
56.506762981414795,2.5064888604270052
56.509029388427734,2.507620156719703
56.51128339767456,2.500150501745999
56.51353693008423,2.517280282650028
56.515789270401,2.515880765423866
56.51804327964783,2.5181290528928106
56.52029728889465,2.5208857680422985
56.52254891395569,2.520064415939381
56.524808406829834,2.507307232297329
56.527060747146606,2.500091493140637
56.529314041137695,2.5117304935134044
56.53156566619873,2.513807119584932
56.5338191986084,2.5166574140378732
56.53607177734375,2.5191864394171763
56.538326263427734,2.5190934561602423
56.5405809879303,2.519125046625739
56.54283428192139,2.520959081764112
56.545088052749634,2.523446979933617
56.54733920097351,2.534239594249677
56.5495924949646,2.5195518159332058
56.55184459686279,2.5282195244097143
56.55409812927246,2.5300642883854256
56.55635142326355,2.5318172611972405
56.558602809906006,2.534257475645241
56.560855865478516,2.5344607275081548
56.56310772895813,2.5355437440328292
56.56536102294922,2.5360807819462754
56.56761288642883,2.5277689132414953
56.5699028968811,2.43829040983801
56.572277545928955,2.335807363487168
56.57462286949158,2.3016825081923615
56.576956272125244,2.270336421768239
56.57928466796875,2.179150841134887
56.58162212371826,2.16161515255155
56.58395051956177,2.135564939447038
56.58625793457031,2.1145239012865904
56.588581562042236,2.098545682256899
56.590903997421265,2.070377119824543
56.59323692321777,2.06144655483324
56.59553623199463,2.032972816583254
56.59786891937256,2.007522822323182
56.60027551651001,2.003572225996521
56.60265064239502,1.9746872156485575
56.60505032539368,1.9370212479855118
56.607396602630615,1.9532015267850789
56.60972857475281,1.9671633204416419
56.612040519714355,1.9728233781842444
56.61436462402344,1.9870808109141362
56.616684675216675,1.9966104026568416
56.618982553482056,2.018432857803447
56.621312379837036,2.042074446925455
56.623640060424805,2.047478800711489
56.625991106033325,2.0607116294755494
56.6283175945282,2.050422078421364
56.630614280700684,2.069998034238581
56.63293480873108,2.0833309988178015
56.63524866104126,2.104524624887064
56.63757014274597,2.1285250340133945
56.63987469673157,2.1295293723975863
56.64221715927124,2.1133234635977107
56.64455223083496,2.089074503073037
56.64691352844238,2.105617774202558
56.649264335632324,2.1017047288065824
56.65159606933594,2.0704408968020553
56.65392446517944,2.0952161664028366
56.65625309944153,2.106476081189642
56.65854597091675,2.1821501472175298
56.66097116470337,2.2399714279140746
56.663312673568726,2.2992864011867526
56.665597915649414,2.376308724440184
56.667853593826294,2.4487116871728523
56.670109033584595,2.517242731719343
56.67236638069153,2.5782683585010004
56.67462086677551,2.6409611273957645
56.67687511444092,2.701019370677396
56.67912721633911,2.756422490647136
56.68138027191162,2.805713749613017
56.68363285064697,2.8468075808057285
56.6858913898468,2.8858498198807023
56.688143491744995,2.928619733884303
56.6903977394104,2.9639587359379216
56.692652225494385,3.0021808150030154
56.69490432739258,3.031998042106395
56.697157859802246,3.0624840334038774
56.69940996170044,3.084539542739337
56.70166230201721,3.1023362996979116
56.70391535758972,3.1190899752485723
56.70616936683655,3.1369135543004933
56.70842432975769,3.1501010835291248
56.71067714691162,3.159283180151365
56.71293091773987,3.144650238114624
56.71524262428284,3.105491769968482
56.71757912635803,3.1063822634675815
56.71986269950867,3.120202794099187
56.722124099731445,3.1173769375535176
56.724384784698486,3.0993465303595698
56.726659297943115,3.1020728471365984
56.72892189025879,3.086111317409434
56.7311737537384,3.0810920096745504
56.73343014717102,3.0714211549068873
56.73568296432495,3.065847523909512
56.737940073013306,3.06158757943959
56.74020457267761,3.0457989032028796
56.7424590587616,3.0297473704513753
56.74471473693848,3.0201790356849476
56.74696731567383,3.0085787783359024
56.749220848083496,3.0054113871349557
56.75147271156311,2.97927295914566
56.75372576713562,2.962227220800784
56.7559769153595,2.9487357078475602
56.75822997093201,2.932165018578174
56.76048302650452,2.9173186918876994
56.76273488998413,2.8924695125185864
56.764992475509644,2.876746401398945
56.767247676849365,2.8588238786249014
56.76950240135193,2.8428575805255867
56.77175498008728,2.8273508342922726
56.77400875091553,2.8078893194066668
56.77626323699951,2.788950537318055
56.77851486206055,2.772817942239993
56.78076791763306,2.7566036887888536
56.78302073478699,2.737117139949458
56.785274028778076,2.7222755816311337
56.78752589225769,2.704925859561665
56.789780616760254,2.693166457792098
56.7920355796814,2.656113821996906
56.79430913925171,2.6385292575990267
56.79656720161438,2.6253762990684866
56.798818826675415,2.6132205263639126
56.80107522010803,2.600447249465853
56.80332803726196,2.581588933657281
56.80558371543884,2.5622150376099393
56.807838916778564,2.5556948847406966
56.81009364128113,2.5468447860294323
56.812347650527954,2.537253205448771
56.81459927558899,2.5292971765157195
56.81685280799866,2.5188127182498836
56.81910538673401,2.5002083182583235
56.82135891914368,2.500384151981372
56.82361149787903,2.49387353585643
56.825865030288696,2.487880288109814
56.82811713218689,2.4804791784857723
56.830371379852295,2.4790683363757533
56.83262586593628,2.450281673703393
56.83487820625305,2.4525889697776995
56.837138414382935,2.449844175558588
56.83952569961548,2.444465451772863
56.84179139137268,2.443355017108323
56.84404492378235,2.443172626873568
56.84629988670349,2.4433049492007433
56.84855318069458,2.4415025045278673
56.85080552101135,2.4421694805824137
56.853063106536865,2.4305799520707074
56.85531711578369,2.4330088416348508
56.85756993293762,2.436634592608761
56.859822273254395,2.438797645425516
56.86207580566406,2.4219408538271017
56.864331007003784,2.439378790781354
56.86658310890198,2.4390193747305124
56.868836641311646,2.4447646671253045
56.87108826637268,2.44469194945001
56.87334108352661,2.4502924025407316
56.875592947006226,2.4534735028116113
56.877846479415894,2.4586996386885214
56.880098819732666,2.462301547801679
56.882352352142334,2.459238464741524
56.884605884552,2.463383372233316
56.886857986450195,2.466789182041786
56.88911247253418,2.463817890145527
56.89137387275696,2.46863752229661
56.89363384246826,2.469964917893996
56.89588952064514,2.474514540972059
56.89814329147339,2.4795523261490255
56.900397539138794,2.481353578728864
56.90264940261841,2.48062044151073
56.90490388870239,2.4874564990349413
56.90715503692627,2.4940493695794785
56.90940809249878,2.497558891482221
56.91166019439697,2.488218246485978
56.91393184661865,2.4849668127258795
56.916197061538696,2.4902150023239855
56.91845178604126,2.49512880982504
56.92070531845093,2.4991944431298307
56.92295694351196,2.4941870563253232
56.92527174949646,2.5000366568609067
56.9275267124176,2.505836785535429
56.92978096008301,2.50903695929491
56.93203377723694,2.5119623556092208
56.934287786483765,2.502205074096331
56.93654131889343,2.505765855999691
56.93879318237305,2.500078976163742
56.94104743003845,2.5129702702725254
56.94330072402954,2.5103691232644465
56.94555592536926,2.514512242616682
56.947808027267456,2.516430916360726
56.9500617980957,2.5190737866251216
56.95231628417969,2.5175943991654397
56.9545783996582,2.5206837082724225
56.95683407783508,2.525952759498687
56.95908713340759,2.5283989344118756
56.96134090423584,2.536634509162248
56.963592767715454,2.5307086146722573
56.96589517593384,2.4946114414467147
56.96822929382324,2.501098215710904
56.970499992370605,2.5053253776222917
56.97278141975403,2.4663487036643867
56.97509431838989,2.4679991564749666
56.97740173339844,2.4547252005011084
56.97970676422119,2.4610176636001664
56.981977224349976,2.4716159667510946
56.984238386154175,2.478037771944734
56.98649477958679,2.4864855392558027
56.98875856399536,2.4928835025886897
56.991013050079346,2.501297295248186
56.993266344070435,2.505480349717182
56.99551820755005,2.5146940368049187
56.99777173995972,2.518756093830597
57.000022649765015,2.5251606136751907
57.00227665901184,2.5231936601631237
57.00453042984009,2.5299122965231295
57.00678205490112,2.5366243763714285
57.00903606414795,2.5427058390028283
57.011287450790405,2.5473269876631486
57.013545751571655,2.5443181448362044
57.0157995223999,2.5485572276779687
57.01806712150574,2.5518110456241425
57.020323276519775,2.5543215935613626
57.02257561683655,2.555929727069107
57.02483057975769,2.5609591675948105
57.02708315849304,2.5635263399513173
57.02933692932129,2.5588777731511323
57.03158974647522,2.5549373096152914
57.03386163711548,2.547885483251272
57.03611660003662,2.545469706710542
57.03837060928345,2.539121215238716
57.040624380111694,2.5461384709046446
57.042877197265625,2.5423827817896343
57.045133113861084,2.5392773794266437
57.04738736152649,2.5490525423350983
57.04964828491211,2.551933235160498
57.05190134048462,2.550964659567435
57.05415463447571,2.553406066108473
57.05640745162964,2.555380172178766
57.05865931510925,2.539186184309266
57.06091547012329,2.539282743845313
57.0631685256958,2.5518980684158885
57.06542253494263,2.5392004894257174
57.0676748752594,2.5514224232938796
57.06992959976196,2.5564435191683197
57.072181701660156,2.539416854312045
57.074485778808594,2.530026141408222
57.07675552368164,2.533254925400606
57.07901096343994,2.5364688082300195
57.081265687942505,2.5352171105405223
57.083518266677856,2.5354006928683153
57.08577370643616,2.536216084506045
57.08802604675293,2.5369039221887495
57.09027981758118,2.5390628026798727
57.092533826828,2.5256899029838924
57.094794034957886,2.52943188302897
57.097049713134766,2.530333701411927
57.0993013381958,2.531690899335253
57.10155439376831,2.5280353460354026
57.10380744934082,2.5281593237113147
57.10606098175049,2.528655830461482
57.108314037323,2.5333431402853894
57.11056566238403,2.5329700151646155
57.112818479537964,2.5357726258960516
57.11506986618042,2.535059158213038
57.11732268333435,2.5361958189244054
57.1195752620697,2.5357720298495328
57.12182855606079,2.530498806297637
57.124091386795044,2.5195643329101007
57.12635087966919,2.5288596783709143
57.128605127334595,2.530871335371892
57.130858182907104,2.5314882435188584
57.13312292098999,2.5198009633780676
57.13537955284119,2.5266185434601955
57.13763475418091,2.5366279526505413
57.13988900184631,2.5016787650202232
57.14219665527344,2.490692435585551
57.1444935798645,2.4925234904913296
57.14675235748291,2.497310340083878
57.149006843566895,2.4973019954326148
57.151259899139404,2.484437523417178
57.15355944633484,2.4712970818635323
57.15581798553467,2.478339371483251
57.158071756362915,2.4806430912784445
57.16032600402832,2.489145098822725
57.162577867507935,2.4885067330010813
57.16484594345093,2.492314278163228
57.16710376739502,2.496747672170123
57.16935753822327,2.5006464124496475
57.17160987854004,2.504730523196521
57.17386341094971,2.5079116234674004
57.17611813545227,2.513020934226624
57.17837190628052,2.515949310773529
57.180625438690186,2.534295026575926
57.18287754058838,2.5002428889564143
57.185136556625366,2.5186643026667004
57.1873893737793,2.520520987572788
57.1896436214447,2.536793057536251
57.191895723342896,2.536691729628054
57.19415020942688,2.524203362965985
57.19640398025513,2.529600564193793
57.198655128479004,2.5294402276802335
57.20090937614441,2.5321963467832025
57.20316171646118,2.53140241282015
57.205416202545166,2.5348368328615227
57.20766806602478,2.537359301729119
57.20992112159729,2.5390073703536236
57.21217370033264,2.5291600858163936
57.214433431625366,2.530870739325373
57.21668839454651,2.5318911709655727
57.21894025802612,2.5319638886408673
57.22119426727295,2.533183399818349
57.22344636917114,2.5028994682907424
57.22577142715454,2.4650916415562203
57.22809672355652,2.471981343267124
57.230374336242676,2.479274568471261
57.23262929916382,2.480154333133022
57.23488235473633,2.4856874329671186
57.23713660240173,2.488880454168374
57.23938870429993,2.4940285079513203
57.24164152145386,2.4975672361334844
57.24389719963074,2.48259573967406
57.24615263938904,2.4891456948692436
57.24840760231018,2.4903419602324917
57.25065898895264,2.495060860521896
57.25291180610657,2.491270600708795
57.25516414642334,2.4981471893962848
57.25741791725159,2.5021317603745175
57.25967025756836,2.5067964204307103
57.261924505233765,2.509308160460968
57.264177322387695,2.5135877744660107
57.26643896102905,2.513521613302423
57.26869177818298,2.5173738619534807
57.27094388008118,2.5186577461549935
57.273197889328,2.517177762648793
57.27544951438904,2.5223675396880556
57.277703046798706,2.524363699479544
57.27995538711548,2.5344464223917034
57.282209634780884,2.507993281840477
57.28447651863098,2.510208786750887
57.286733865737915,2.5021091106068027
57.28898811340332,2.509310544647043
57.291239976882935,2.51114756001801
57.293495416641235,2.5000771880241857
57.29574942588806,2.517409624744609
57.29800343513489,2.520523371758863
57.30025672912598,2.5207731152502437
57.30250930786133,2.5163587947319503
57.30476403236389,2.5203248882681
57.30701661109924,2.5217208292151487
57.30927228927612,2.522810998298049
57.311524391174316,2.520878019437554
57.31377959251404,2.52124518409314
57.31603121757507,2.521689238749652
57.318283796310425,2.524414363433643
57.320536851882935,2.53433317355313
57.32278823852539,2.534397546577161
57.325048208236694,2.5232157138843196
57.327301025390625,2.525510492981731
57.32955718040466,2.5277867946370596
57.3318088054657,2.53418296983039
57.33406329154968,2.5228562978334783
57.33631730079651,2.523021998765707
57.338568925857544,2.519604268026861
57.34082269668579,2.5233367113276377
57.34307527542114,2.5085917125453605
57.34547781944275,2.49764949055308
57.347742557525635,2.4722102251303464
57.349998474121094,2.456240350751919
57.35225319862366,2.4414929677835664
57.35450553894043,2.436158351440233
57.35675883293152,2.4496462881143435
57.359010457992554,2.456832820991614
57.36126375198364,2.459708149398345
57.36351561546326,2.4636867599113894
57.365769147872925,2.469930943242424
57.36802124977112,2.4759444565706796
57.3702757358551,2.480284867320641
57.37252902984619,2.4951812619186953
57.374781370162964,2.489019929053775
57.37703537940979,2.4968060847289664
57.379287242889404,2.502253949910873
57.38154053688049,2.5077024111392987
57.383792877197266,2.511116565599032
57.386045932769775,2.516452970081922
57.38829970359802,2.5198265933783763
57.39055156707764,2.5267556341595214
57.392805099487305,2.5248721271600876
57.395057678222656,2.5249877601847364
57.39731955528259,2.536905710328306
57.39957284927368,2.5331035295848285
57.40182685852051,2.519803347564143
57.40408945083618,2.500060498721659
57.40634846687317,2.525787654612977
57.40860176086426,2.5291767751189203
57.41085410118103,2.534058992154478
57.41310739517212,2.536977235910563
57.415358781814575,2.5411447931700697
57.417612075805664,2.5431367806359266
57.419864892959595,2.539328639427261
57.42211866378784,2.5418314387597367
57.42437505722046,2.5457903797376606
57.426626443862915,2.5496676623425083
57.428881883621216,2.5392255233795074
57.43113398551941,2.5520321788826204
57.433388471603394,2.5465610678864796
57.435641050338745,2.549357718152728
57.43789529800415,2.5486663041909106
57.440147161483765,2.5504878223523884
57.44243502616882,2.5499877393231083
57.44468879699707,2.550034826998094
57.446940660476685,2.5323829093435894
57.44919395446777,2.535550300544536
57.45144534111023,2.531280819330313
57.4537136554718,2.5275656613785817
57.455965757369995,2.530343238156228
57.458218812942505,2.530379596993875
57.46047282218933,2.5003042817478516
57.462724924087524,2.493852078181753
57.464983224868774,2.48068541058128
57.467235803604126,2.4712184037230496
57.46948981285095,2.4604609561515995
57.47178077697754,2.428694656931717
57.4740891456604,2.4171730777231546
57.47640824317932,2.372436806254006
57.47872233390808,2.349090856205327
57.481040954589844,2.3449125701084816
57.48330593109131,2.3342105548632808
57.48556208610535,2.3377290174638055
57.48782134056091,2.33576623627737
57.49008131027222,2.3340341250937136
57.49233841896057,2.3315706648314793
57.494592905044556,2.335188667200645
57.49684691429138,2.336406986285089
57.49909830093384,2.34033731703011
57.50135159492493,2.3411974121567503
57.50360298156738,2.3434272221836117
57.50585699081421,2.3439273052128917
57.5081090927124,2.351837438563995
57.51036286354065,2.355973405358005
57.5126166343689,2.3520746650784807
57.51486945152283,2.360011024476412
57.517123222351074,2.363320870795354
57.51938033103943,2.3668357571167657
57.52163600921631,2.367239280609999
57.52388834953308,2.367208286191021
57.52614974975586,2.3726466146286267
57.528404235839844,2.378542706792677
57.530656576156616,2.383620427086404
57.53291082382202,2.382980273125204
57.535163164138794,2.3955526823464255
57.53741645812988,2.402172374984309
57.5396683216095,2.405950713867034
57.541921854019165,2.393403338599603
57.544209003448486,2.408822465994652
57.54646944999695,2.4278351578515958
57.54872369766235,2.435593299340403
57.55097484588623,2.4503454506809055
57.55323100090027,2.4610272003444673
57.55548596382141,2.4780294272934706
57.55773973464966,2.4954143161075493
57.55999207496643,2.5091484199939273
57.562246322631836,2.522888484345494
57.56449890136719,2.5355675858935816
57.566750049591064,2.5391784357045215
57.56900382041931,2.5597354840916973
57.571255922317505,2.566143580215404
57.57350993156433,2.573165604253483
57.57576131820679,2.5781342480342686
57.57801604270935,2.590717982139347
57.5802698135376,2.596640300350225
57.58252215385437,2.599374961778517
57.58477520942688,2.6047214990522263
57.58702802658081,2.6108893884288538
57.58928108215332,2.614136053816802
57.59153366088867,2.6184657357294245
57.59378743171692,2.6210907245982558
57.596039056777954,2.623308613694741
57.59829258918762,2.62642474489507
57.60054564476013,2.6265385897801625
57.60279726982117,2.6138261096270217
57.60505414009094,2.61688263617547
57.607306480407715,2.6188567422457627
57.60956001281738,2.6172641059475072
57.611812114715576,2.6133635775284265
57.6140661239624,2.6098057758576605
57.61631941795349,2.608830047706371
57.618571281433105,2.606785608146859
57.620824337005615,2.6056566960402363
57.62307572364807,2.6030710462416464
57.62532925605774,2.6009360076112755
57.627580881118774,2.614943696849787
57.629841566085815,2.595025014284255
57.63209319114685,2.587986300943649
57.63434648513794,2.583350847166878
57.636600494384766,2.582471082505117
57.63885307312012,2.5769779177877803
57.641106367111206,2.5752535552088682
57.643359422683716,2.565649457651312
57.645612478256226,2.5641539769356223
57.64786434173584,2.5610640717821207
57.65011787414551,2.55364269657644
57.65237092971802,2.5342932384363697
57.65462350845337,2.524509730876652
57.65687704086304,2.519787850354654
57.65913248062134,2.5215747978180407
57.661386013031006,2.510528863731487
57.663644313812256,2.49713927473298
57.6658992767334,2.499603331041733
57.668150663375854,2.4976846572976896
57.670411586761475,2.497490942179077
57.672664642333984,2.489041982774971
57.67491793632507,2.4909451593095255
57.6771719455719,2.497777044508105
57.679423332214355,2.4953261012227657
57.68167781829834,2.489194570683786
57.683929443359375,2.4887952195161844
57.68618369102478,2.4804714298810278
57.68844723701477,2.488240300207174
57.690701484680176,2.489114104403747
57.69295525550842,2.480526266160758
57.69520711898804,2.497783601019812
57.69745993614197,2.483381925032368
57.699711561203,2.4844703059757123
57.70196580886841,2.4802425480178054
57.70422887802124,2.4798259115011585
57.706480741500854,2.480787930582515
57.70873427391052,2.4819949247831015
57.71098613739014,2.4826499799072717
57.713239908218384,2.4825295785104724
57.715491771698,2.48429626039222
57.71774506568909,2.483347950380796
57.7199969291687,2.4860021455290493
57.72225069999695,2.4731704560721464
57.724507331848145,2.470253404409099
57.72676372528076,2.448625856474144
57.72908663749695,2.4114629520729722
57.73141431808472,2.409782100889933
57.73369836807251,2.413902570474454
57.735955238342285,2.418328215876605
57.738210916519165,2.424316695251071
57.74046587944031,2.4276646885472166
57.74276280403137,2.4300298011338475
57.745025396347046,2.4366351886552797
57.74728465080261,2.4406036663775046
57.749539852142334,2.4470171269198806
57.751792669296265,2.4444141917722453
57.754050970077515,2.4348017495634258
57.75630712509155,2.4408742714970435
57.758559226989746,2.4482634601907085
57.760815143585205,2.4525138679163296
57.763067960739136,2.453427607229663
57.76532220840454,2.4585404942679996
57.76757454872131,2.4657931883088575
57.76982808113098,2.4706968630190924
57.772080421447754,2.4740645258503586
57.774333477020264,2.479553518242063
57.77659225463867,2.483053503400505
57.778844356536865,2.488811908818711
57.78109812736511,2.4952372902914632
57.78336048126221,2.4723133411781
57.785619258880615,2.477804121709361
57.78787112236023,2.483718095268976
57.7901246547699,2.4977561828799466
57.792378664016724,2.4977186319492617
57.79463219642639,2.4891701327765148
57.79688572883606,2.494802772379252
57.799139976501465,2.4987599252176196
57.80139446258545,2.5016471745547264
57.803645610809326,2.504914701570833
57.80589962005615,2.5067994006633043
57.808152198791504,2.511151136297123
57.81041383743286,2.5111767662974316
57.81266736984253,2.5077840695123754
57.8149209022522,2.510681451640302
57.81717491149902,2.5139954702848755
57.81942701339722,2.514875830993155
57.821680545806885,2.514124812379457
57.82393288612366,2.5171914717187254
57.82618713378906,2.516365947290176
57.82844161987305,2.517080607066227
57.8306941986084,2.5179240128903406
57.83294749259949,2.5143399851727466
57.83519959449768,2.514572443315082
57.837453842163086,2.517255248696238
57.83970499038696,2.516012491704523
57.84195804595947,2.5174459835822565
57.84421944618225,2.5169482847390516
57.84647178649902,2.5179836175422214
57.84872531890869,2.5179865977748155
57.85114550590515,2.496185600302887
57.85343909263611,2.465990479706583
57.85570001602173,2.456298167264243
57.85795521736145,2.422058274991307
57.860209941864014,2.4359765572519967
57.86246299743652,2.437318257965834
57.86473822593689,2.4419990112780345
57.86699151992798,2.4475058850653033
57.869245767593384,2.4503394902157174
57.87149786949158,2.4563196249389203
57.87375211715698,2.4579498121678607
57.876004219055176,2.4627783850167257
57.878257513046265,2.466059025056246
57.88051104545593,2.470555599994135
57.88276290893555,2.4657908041227823
57.88501572608948,2.4720391597794484
57.887267112731934,2.461198861741884
57.88952159881592,2.4785634849743228
57.89177346229553,2.4794009303332483
57.89403009414673,2.4800118780150266
57.8962836265564,2.484508452952916
57.89853596687317,2.48607188297175
57.90078902244568,2.4904176581403803
57.90305256843567,2.4846962076063406
57.905309438705444,2.4883261309058824
57.90756320953369,2.490313349999589
57.90981698036194,2.497727572647044
57.912068128585815,2.4762341351788204
57.91433811187744,2.4783650014835596
57.916595220565796,2.482111153854269
57.91885018348694,2.476057705409253
57.921107053756714,2.4818137266413838
57.92336583137512,2.4741169779440138
57.92563605308533,2.4745586484144506
57.92790651321411,2.471990880011425
57.930166244506836,2.4610671354612275
57.93242168426514,2.47927993288993
57.93467330932617,2.4845197778367734
57.93692684173584,2.4874690160118362
57.93917894363403,2.490530310932435
57.941434383392334,2.4893918620815114
57.943689823150635,2.4903604376745747
57.94594478607178,2.49465376074955
57.94821262359619,2.4953147763389083
57.95046663284302,2.501865923627129
57.952725648880005,2.498973309871353
57.954978942871094,2.5041726236549167
57.95723295211792,2.5002893805848814
57.95948576927185,2.493737637250142
57.961740016937256,2.495169340988319
57.96399211883545,2.500010430814079
57.96624541282654,2.5054571039029483
57.968499183654785,2.5000587105821026
57.970752000808716,2.510856093270313
57.973007678985596,2.4989840387086915
57.975261211395264,2.502739727823702
57.97755217552185,2.485555110639943
57.979851484298706,2.488820849516493
57.98220205307007,2.4849918466796694
57.9844605922699,2.4635812596775604
57.98677158355713,2.452050143724697
57.98907971382141,2.4419811298824703
57.99138379096985,2.441692643367367
57.99365472793579,2.4587801049685605
57.9959077835083,2.4632170752545686
57.99816560745239,2.4610021663906774
58.000420331954956,2.476806935883395
58.00267291069031,2.4747267335327545
58.00492835044861,2.4807086563955134
58.00718116760254,2.4977251884609686
58.009435415267944,2.4978592989277004
58.011687994003296,2.500837743382185
58.01394176483154,2.5056520111145986
58.016202211380005,2.509199679994545
58.018455505371094,2.500172555467195
58.02070951461792,2.5196644687252605
58.02296161651611,2.5251123339071673
58.025219440460205,2.5291010772110316
58.027472257614136,2.533372346564811
58.029725313186646,2.5377556726641264
58.03197693824768,2.536880676374516
58.03425192832947,2.5225695994579316
58.036508560180664,2.52658635694818
58.0387601852417,2.5320097842228155
58.04101371765137,2.5368508740485756
58.04326677322388,2.535696331941644
58.045520067214966,2.539472286638294
58.04777240753174,2.544331853906137
58.050025939941406,2.546156352300209
58.05227971076965,2.549140757219882
58.05453181266785,2.553776807043172
58.056784868240356,2.5554284519467894
58.05903697013855,2.557321495690524
58.061291456222534,2.5407317329325356
58.06354475021362,2.543986742971747
58.06579828262329,2.547894423949054
58.068050384521484,2.5538936321608583
58.07030367851257,2.5515314998068215
58.072558879852295,2.537837927083722
58.07484722137451,2.530050579315493
58.07711410522461,2.5349882286773
58.07936668395996,2.5363072796234225
58.081621170043945,2.5344392698334777
58.08387351036072,2.5381377384826824
58.0861279964447,2.541768257828743
58.08838224411011,2.541147177356145
58.09063410758972,2.5393250631481483
58.09288811683655,2.5368037863735897
58.09514617919922,2.5367948456758076
58.09740328788757,2.5350359123988047
58.09965634346008,2.5356927556625313
58.10191011428833,2.5337466637786226
58.10416388511658,2.5325480142292993
58.106425046920776,2.536545102184427
58.108678340911865,2.5351581019351603
58.1109299659729,2.537148301261461
58.11318325996399,2.536709611023618
58.115434646606445,2.5379070684799037
58.11768841743469,2.5380507156909364
58.119940519332886,2.5387123273268135
58.12219452857971,2.532661263067873
58.12444829940796,2.52756148905295
58.126705169677734,2.5306853688580238
58.128965616226196,2.530246678620181
58.13121843338013,2.531185451887304
58.13347339630127,2.5264593990396738
58.13572549819946,2.536772195908093
58.13797855377197,2.529444996052384
58.14023208618164,2.529895011174084
58.14248538017273,2.529880110011114
58.14474034309387,2.5317588486383973
58.146992683410645,2.536887232886223
58.14924621582031,2.536899749863118
58.151498794555664,2.523848715287294
58.1537663936615,2.514882983551381
58.1560218334198,2.5195714854683264
58.15827775001526,2.520833911995162
58.16053318977356,2.5246182113430753
58.16278529167175,2.5116434707216584
58.16503953933716,2.510918082108269
58.16729140281677,2.514267267497452
58.16954469680786,2.5176671168407343
58.1717963218689,2.5000771880241857
58.17405033111572,2.522767486902176
58.17630386352539,2.52520591321062
58.17855525016785,2.5289306079066525
58.180809020996094,2.5312426723531094
58.18306088447571,2.526427212527658
58.18531394004822,2.5312545932834856
58.187580585479736,2.5333800951695555
58.189833641052246,2.537212674285492
58.19208526611328,2.533798519825759
58.19433879852295,2.5363072796234225
58.19661211967468,2.5233438638858634
58.19887185096741,2.529619041635876
58.20115041732788,2.517158689160191
58.20341110229492,2.5198194408201506
58.205666065216064,2.5258007676363907
58.20791840553284,2.5289920006980897
58.21017098426819,2.5274208220745114
58.212427377700806,2.50010997058272
58.21469020843506,2.5002917647709566
58.21696329116821,2.5197520875635253
58.219215393066406,2.5234803585386705
58.22146916389465,2.5219693806134917
58.22372269630432,2.5232687620244936
58.225977659225464,2.522229852942211
58.2282350063324,2.51979977128503
58.23048710823059,2.527810040451293
58.23274040222168,2.5299873983844994
58.23499250411987,2.5309971011873604
58.23726415634155,2.492761909098853
58.239582777023315,2.466161545057481
58.241915464401245,2.474205788875316
58.24418258666992,2.478708920324912
58.24646067619324,2.4976018068315753
58.24871468544006,2.489918171157619
58.25096607208252,2.493439017944219
58.253220558166504,2.4850466829594
58.255504846572876,2.4951210612202956
58.257771730422974,2.493187486313282
58.26002383232117,2.4983218310262956
58.26227807998657,2.5032231215504552
58.26453232765198,2.5035884980664846
58.26678466796875,2.4954256409914066
58.269038438797,2.504824698546493
58.27129006385803,2.5055339939038745
58.27354884147644,2.5075879702076875
58.27580904960632,2.512971462365563
58.27806234359741,2.519172134300725
58.28031611442566,2.522831859926207
58.282567739486694,2.5067767508955896
58.284834146499634,2.511452139789121
58.287089347839355,2.5180056712634173
58.28934335708618,2.53679365358277
58.29159641265869,2.5254634053067453
58.2938506603241,2.528397742318838
58.29610347747803,2.5311455167705437
58.29835772514343,2.536255423576286
58.3006112575531,2.5400915789713356
58.302863121032715,2.5343468826230624
58.305158615112305,2.539210622216537
58.30741262435913,2.5393614219857956
58.309666872024536,2.5392815517522753
58.311920404434204,2.54450530344311
58.31417512893677,2.5392070459374243
58.316428899765015,2.5485733209339765
58.31868076324463,2.549892371880099
58.32093644142151,2.5392118143095748
58.3231885433197,2.550808495379507
58.32544565200806,2.549783891413676
58.327699184417725,2.539202277565274
58.32995367050171,2.552624053075797
58.33221197128296,2.546488350211185
58.33448791503906,2.5475981888292063
58.33674597740173,2.5538429682067596
58.33899760246277,2.548449939304583
58.341251850128174,2.546307748115986
58.343509674072266,2.536107007993103
58.34576606750488,2.5396600412917185
58.348018169403076,2.5405517268838556
58.350271701812744,2.542461459930117
58.35252547264099,2.5410524059596544
58.354777336120605,2.539276783380125
58.357166051864624,2.5344833772758695
58.359429121017456,2.540594046186691
58.36168336868286,2.5363603277635964
58.36393880844116,2.536862198932433
58.36619234085083,2.534261051924354
58.3684458732605,2.518768610807492
58.37069773674011,2.5221255448014195
58.3729522228241,2.5146600621533466
58.37520432472229,2.520433368734523
58.377458333969116,2.534316484250603
58.37971067428589,2.5240394501733125
58.38196420669556,2.519616785003756
58.384222984313965,2.5265839727621047
58.38647484779358,2.5272813471891102
58.388728857040405,2.529208961630936
58.39098000526428,2.531858984453557
58.3932363986969,2.519793214773323
58.39548897743225,2.530159059781916
58.39774227142334,2.530041042571192
58.39999437332153,2.532831732372252
58.4022479057312,2.514689268432768
58.40451502799988,2.5158771891447533
58.406769037246704,2.5108912600149225
58.409032583236694,2.515729369608089
58.411285400390625,2.517298164045592
58.41354060173035,2.520045342450779
58.4157919883728,2.521859708054031
58.41804504394531,2.523590031098131
58.42029881477356,2.526635232762722
58.42255425453186,2.519138159649153
58.424811363220215,2.5241854815704206
58.427064180374146,2.524980011579992
58.42931795120239,2.5277712974275706
58.43157124519348,2.5254932076326857
58.43382930755615,2.525778117868676
58.436081886291504,2.5260660083372604
58.43833518028259,2.534395162391086
58.44058895111084,2.5279209051037914
58.442840814590454,2.5288090144168156
58.445096492767334,2.529438439540677
58.44734787940979,2.530441585831831
58.44960165023804,2.531585995147943
58.45185708999634,2.5249847799521423
58.454111099243164,2.5260153443831617
58.45636558532715,2.5244906573880503
58.458617210388184,2.525514665307363
58.460870027542114,2.523488107143415
58.463122606277466,2.5100389134930268
58.465381383895874,2.513180078647146
58.467634201049805,2.5106623781517
58.469890832901,2.5027278068933256
58.47214317321777,2.4948319786586737
58.47439694404602,2.4985805152154583
58.476651668548584,2.49880462870653
58.47890329360962,2.5000408291865384
58.481162309646606,2.4951347702902282
58.48346781730652,2.4691584669540485
58.48578214645386,2.454167897006023
58.488104581832886,2.4265989573715876
58.49044179916382,2.4210545326536335
58.49272012710571,2.4219009187103415
58.49497747421265,2.421936085454951
58.49723291397095,2.4364706798160887
58.4994854927063,2.4414184619687154
58.501739263534546,2.445860200626874
58.50399374961853,2.4516937079064496
58.50624704360962,2.4561861105187073
58.508501291275024,2.4628451422268323
58.51075291633606,2.461177404067207
58.51300764083862,2.4661257822663525
58.51526069641113,2.471304234421758
58.51751446723938,2.4773392054246908
58.519766330718994,2.481437621288016
58.52201986312866,2.482910452235991
58.52427363395691,2.4819132664100247
58.526528120040894,2.4864527566972683
58.52878475189209,2.489716707434262
58.53104114532471,2.4926665416558436
58.53329944610596,2.4959084386716412
58.53555202484131,2.5003316998877168
58.53780651092529,2.5002142787235115
58.54005813598633,2.5000533461634333
58.54231405258179,2.4871954306597033
58.54458737373352,2.491922675600371
58.54684281349182,2.4978592989277004
58.54909682273865,2.5006273389610456
58.55134916305542,2.50326067248114
58.55360388755798,2.503509819926002
58.5558557510376,2.508167327423969
58.55810832977295,2.5117805614209843
58.560362100601196,2.5162431617073016
58.56261372566223,2.518565954991097
58.56486701965332,2.536874715909328
58.56712102890015,2.526344362061544
58.56939482688904,2.5265750320643225
58.57164764404297,2.5197049998885395
58.57390236854553,2.500906288731848
58.57615399360657,2.506933511130036
58.5784170627594,2.5100335490743575
58.58067035675049,2.515040935878865
58.58292269706726,2.500129044071322
58.58517622947693,2.5170448442750986
58.58742833137512,2.519231142906087
58.58968210220337,2.5230297473704515
58.59193396568298,2.525472942051046
58.59418749809265,2.5283929739466875
58.59644055366516,2.5319096484076558
58.59869408607483,2.532946769350382
58.60094714164734,2.534827296117222
58.60320210456848,2.53419310262121
58.605457067489624,2.529515925588122
58.60770893096924,2.530374232575206
58.609962701797485,2.5343027751806706
58.61222314834595,2.532200519108834
58.61447596549988,2.534767691465341
58.61672925949097,2.5343552272743257
58.618980884552,2.5376775905701625
58.62123417854309,2.54019946339124
58.623486280441284,2.5412163187523267
58.62574028968811,2.544403379488394
58.62799835205078,2.539353673381051
58.63025188446045,2.5477591213892845
58.63250494003296,2.5402072119959844
58.63475775718689,2.544362848325115
58.637012004852295,2.5440481357631843
58.63926362991333,2.5463011916042793
58.641517877578735,2.544456427628568
58.64376950263977,2.544937437169246
58.64602327346802,2.5456479246196655
58.648277759552,2.546090191136621
58.650529861450195,2.546890681611381
58.6527841091156,2.546485369978591
58.65503549575806,2.5481095967423437
58.65728950500488,2.5474551376646923
58.659542083740234,2.5489714800085403
58.66179537773132,2.5325343051593667
58.66405272483826,2.530050579315493
58.666308879852295,2.529487911401738
58.66856288909912,2.53194243096619
58.670814514160156,2.5309756435126833
58.67306852340698,2.536867563351102
58.675321102142334,2.5154021400692628
58.67757534980774,2.5175479075369727
58.67982745170593,2.519811692215406
58.68208122253418,2.5202706480348884
58.684335231781006,2.5226131108538046
58.6865873336792,2.522276344570678
58.68884038925171,2.5247535139028447
58.69109296798706,2.52151519316616
58.693350076675415,2.519893350588483
58.695602893829346,2.520828547576493
58.69785666465759,2.525272074374208
58.70010828971863,2.52479583320568
58.702361822128296,2.521779241773992
58.70461702346802,2.534189526342097
58.70686888694763,2.5246772199484373
58.70912313461304,2.526455822760561
58.711374044418335,2.5256112248434097
58.71362781524658,2.5280138883607255
58.715879917144775,2.5271526011410477
58.718132972717285,2.5342807214594747
58.72038650512695,2.5291350518626037
58.72263836860657,2.500092089187156
58.72489547729492,2.5176504275382077
58.727152585983276,2.5188753031343585
58.729408502578735,2.519578638026552
58.731661319732666,2.5180396459149894
58.733916997909546,2.5182792566155503
58.73616862297058,2.5185802601075484
58.73845601081848,2.480283675227603
58.74078440666199,2.4538579528162425
58.7431058883667,2.4664118845953804
58.745436906814575,2.4726477232751516
58.74770522117615,2.4789276693973146
58.749961376190186,2.48278587851356
58.7522234916687,2.4816897489654717
58.754477977752686,2.4864777906510582
58.75673270225525,2.4930271497997225
58.7589852809906,2.497127353802604
58.76123905181885,2.5016531350199145
58.76349139213562,2.501924336185972
58.76574468612671,2.5074675688108883
58.767996311187744,2.512350381892965
58.77024984359741,2.5160220284488237
58.77250409126282,2.5190737866251216
58.774757862091064,2.5342598598313164
58.777010917663574,2.520107331288735
58.77926230430603,2.500135600583029
58.78151607513428,2.5001499056994803
58.783777952194214,2.5061801083302626
58.78604006767273,2.5001928210488344
58.788294553756714,2.517789902423609
58.79054617881775,2.5239345459860023
58.792799949645996,2.521887126193896
58.795053005218506,2.5291129981414078
58.79730677604675,2.5366404696274363
58.799559354782104,2.5375691101037394
58.801812410354614,2.5425532510940134
58.80406451225281,2.545224135544793
58.80631756782532,2.550208872581586
58.80857181549072,2.551573223063138
58.81082510948181,2.5565370984717726
58.81307935714722,2.551585143993514
58.815330266952515,2.5572177835962515
58.8175847530365,2.5586101482641874
58.81983709335327,2.5734964100714217
58.822091817855835,2.559503025949362
58.824344873428345,2.5626489594756316
58.826597690582275,2.5658926446309858
58.82885193824768,2.5670895060407526
58.83110308647156,2.5691226207164073
58.833357095718384,2.5680443725638833
58.835608959198,2.5758341045181874
58.83786201477051,2.570780226085213
58.840113162994385,2.573330709139193
58.842365980148315,2.560770816894867
58.84462308883667,2.5642904715884294
58.84687519073486,2.565313883461223
58.849128007888794,2.5660517890515075
58.851380586624146,2.566159673471412
58.85363531112671,2.560873336896102
58.8558874130249,2.5634923652997452
58.85814070701599,2.5734075991401193
58.86039400100708,2.564006157398958
58.86278319358826,2.557648129182831
58.86505150794983,2.5601169538637345
58.86730480194092,2.5391975091931234
58.86956000328064,2.5605729294506228
58.87181258201599,2.5392195629143193
58.87406802177429,2.552704519355836
58.87632155418396,2.552896446334892
58.87857413291931,2.5563225217250016
58.8808274269104,2.5371000214934374
58.88308000564575,2.5343838375072285
58.88533329963684,2.539040152912158
58.887585163116455,2.53962427850059
58.88983941078186,2.5420901229488995
58.892091274261475,2.540403907347191
58.894344329833984,2.5425377538845244
58.89659762382507,2.5421050241118697
58.89884948730469,2.5429853848201494
58.901102781295776,2.537467782195542
58.90336585044861,2.5205901289689696
58.905622243881226,2.522782984111665
58.90787410736084,2.519669237097411
58.910128116607666,2.5268766316028395
58.91238212585449,2.517528834048371
58.914652824401855,2.522226276663098
58.91691207885742,2.52255529434148
58.91916489601135,2.5367209359074754
58.92141771316528,2.5245621829703073
58.92366981506348,2.5272062453277404
58.92592692375183,2.5258639485673844
58.92817974090576,2.528839412789275
58.93044352531433,2.5309565700240815
58.932697772979736,2.525393071817526
58.934951305389404,2.529143396513867
58.93720722198486,2.532763187022589
58.939460039138794,2.534027401688981
58.9417142868042,2.5332209507490338
58.94396924972534,2.5346937816970088
58.94622445106506,2.5379946873181685
58.94847774505615,2.5410464454944663
58.95072937011719,2.542091315041937
58.9529824256897,2.5445261650712685
58.955235958099365,2.546196883463488
58.957489013671875,2.550821608402921
58.95974159240723,2.553950256580145
58.96199417114258,2.5456145460146122
58.964253664016724,2.5474980530140465
58.966506242752075,2.550293511187257
58.968759298324585,2.554264373095557
58.97101068496704,2.556712932194821
58.97326469421387,2.554931945196622
58.975520610809326,2.5538155500668944
58.97777438163757,2.562477298078215
58.98002600669861,2.5643828587988446
58.98228049278259,2.5564929910293808
58.984532833099365,2.554655975658414
58.9867844581604,2.559366531296555
58.989065408706665,2.538863127096072
58.99136471748352,2.5398406433869174
58.99364352226257,2.534652058440692
58.99594306945801,2.495029270056399
58.99829697608948,2.4975922700872744
59.00061368942261,2.484363613648845
59.00288486480713,2.4873682841501576
59.00514888763428,2.4971780177567027
59.007402420043945,2.506542504613698
59.00969099998474,2.5140163319130338
59.01194477081299,2.521819772937271
59.01419734954834,2.5270292195116544
59.01645112037659,2.5350859803063845
59.01870274543762,2.5391200231456783
59.02095627784729,2.545307582057426
59.02320861816406,2.544527357164306
59.02546310424805,2.5520411195804025
59.02771496772766,2.5540027086738
59.02996850013733,2.5625750497072994
59.03222990036011,2.5472363885922897
59.03449535369873,2.5489613472177206
59.03675866127014,2.5544247096091164
59.03901791572571,2.5392958568687267
59.04127526283264,2.575754234284667
59.04352855682373,2.5584074924477926
59.04579496383667,2.5648310857809884
59.04805111885071,2.57324726262656
59.05030560493469,2.5688114844335894
59.05256009101868,2.558666772683474
59.05481481552124,2.575816819169142
59.057069540023804,2.564233251122624
59.05932283401489,2.558635778264496
59.06157732009888,2.5586715410556247
59.06383037567139,2.5757554263777047
59.066086292266846,2.5670549353426617
59.06834053993225,2.5588241289644396
59.07059454917908,2.5682863674505194
59.072850942611694,2.553711241926103
59.075135946273804,2.5491043983822346
59.07740068435669,2.5491240679173552
59.07965302467346,2.5562831826547603
59.08190846443176,2.548851078611741
59.08416199684143,2.5419279982957836
59.086427450180054,2.5327810684181533
59.08868145942688,2.5364312572993346
59.090933084487915,2.5393334077994116
59.09318685531616,2.5259450108939423
59.09544372558594,2.532359067482837
59.09771680831909,2.534466091926824
59.09997272491455,2.5362971468326028
59.10222673416138,2.534681264720114
59.104480266571045,2.537212674285492
59.10673189163208,2.537483279405031
59.108988523483276,2.541507189453505
59.11124110221863,2.5384923861613733
59.11349606513977,2.5382706568563767
59.115748167037964,2.53834397057819
59.11800146102905,2.5399515080394157
59.12025499343872,2.5413325478234943
59.12250638008118,2.534761134953634
59.12476086616516,2.5343844335537473
59.127015352249146,2.5348749798387264
59.12926912307739,2.537626330569545
59.13152098655701,2.536926571956464
59.13377618789673,2.5381007835985163
59.136027336120605,2.53782898638594
59.138280391693115,2.5392618822171547
59.140533447265625,2.5393834757069915
59.14278697967529,2.5297728216377284
59.14504528045654,2.532100979340193
59.14729881286621,2.5203660154778977
59.14959478378296,2.5055256492526112
59.15188241004944,2.493582069108733
59.15416955947876,2.4977537986938714
59.15644025802612,2.4923160663027843
59.15869665145874,2.497648894506561
59.16095018386841,2.4997785687182628
59.1632022857666,2.5044116383089587
59.16545534133911,2.5058230764654965
59.167707443237305,2.5062605746103017
59.16996169090271,2.5086978088257084
59.17222595214844,2.5041201715612615
59.174479484558105,2.508242429285339
59.17673373222351,2.5121560707278334
59.178985357284546,2.5131842509727775
59.181238651275635,2.515072526344362
59.18349075317383,2.513182462833221
59.18574380874634,2.5130108014358044
59.18799543380737,2.501104772222611
59.190250396728516,2.507614792301034
59.19250512123108,2.5002667308171667
59.194756507873535,2.5124236956147783
59.19701099395752,2.5000593066286214
59.199265241622925,2.516632976130602
59.20151972770691,2.5147417205264233
59.20377206802368,2.5146392005251883
59.20602583885193,2.5117048635130956
59.20828413963318,2.5097659241874126
59.21053647994995,2.5120654716569746
59.21278953552246,2.5030425194552564
59.2150444984436,2.5059869892581688
59.21729898452759,2.5092783581350275
59.219550371170044,2.5096270453485303
59.22180390357971,2.5124719753828018
59.22405529022217,2.5134268419059325
59.22630834579468,2.5154534000698803
59.228562355041504,2.517468633349971
59.230814933776855,2.500207126165286
59.23307132720947,2.5112918032755616
59.2353241443634,2.514934839598517
59.23757791519165,2.5002428889564143
59.239829778671265,2.5178310296334065
59.24208354949951,2.516767086597334
59.24433732032776,2.5148782151792304
59.24658918380737,2.499237358479185
59.24890899658203,2.462510760129781
59.25123596191406,2.4610361410422494
59.253520250320435,2.469551857656462
59.25577425956726,2.473640140728967
59.25802826881409,2.4789991949795716
59.260282039642334,2.497842609625174
59.26253390312195,2.4813243724494423
59.26479125022888,2.48586684296928
59.26704382896423,2.4905875313982406
59.26929688453674,2.4976757165999075
59.271549701690674,2.4963399763512584
59.27380442619324,2.4972966310139455
59.27605652809143,2.5000283122096434
59.27831053733826,2.507477105555189
59.28056478500366,2.5115969790931914
59.28281760215759,2.5121375932857504
59.28507089614868,2.5167408605505064
59.28732252120972,2.5184252880126583
59.289575815200806,2.507971228119281
59.29182839393616,2.4976322052040345
59.294100284576416,2.4936917416681936
59.296355962753296,2.4998793005799413
59.29860806465149,2.5026747587531517
59.30086135864258,2.5070193418287445
59.30311322212219,2.503304183877013
59.3053674697876,2.509401739764421
59.30761909484863,2.512785495851695
59.309871673583984,2.5184372089430345
59.31212306022644,2.5196835422138624
59.314377307891846,2.5197920226802855
59.316632986068726,2.524948421114495
59.31888508796692,2.5280705127800123
59.32113862037659,2.5289985572097966
59.3233916759491,2.526498738109915
59.325644969940186,2.519579234073071
59.32790184020996,2.5236758617968396
59.330158710479736,2.536672656139452
59.33241319656372,2.5224211838747483
59.33466577529907,2.5262358815951207
59.33692002296448,2.526243630199865
59.33917164802551,2.5278773937079184
59.341424226760864,2.5282689962707754
59.34367799758911,2.5302204525733534
59.345932483673096,2.5303652918774238
59.348193645477295,2.5322952905053246
59.35044884681702,2.5330200830721954
59.352701902389526,2.51669913729419
59.3549587726593,2.5214633371190236
59.357221603393555,2.522298398291874
59.35947370529175,2.524948421114495
59.36172652244568,2.520716490830957
59.36397981643677,2.519750299423969
59.3663694858551,2.5156077761182516
59.36863398551941,2.518925967088457
59.3708860874176,2.5002917647709566
59.37314009666443,2.5192263745339365
59.3753924369812,2.5211587573479126
59.37764644622803,2.5231012729527085
59.37989854812622,2.524392905758966
59.38215136528015,2.5164607186866665
59.384406328201294,2.5186583422015123
59.38665843009949,2.517202200556064
59.388911724090576,2.5192073010453346
59.39116358757019,2.51416832377533
59.39341640472412,2.4977663156707663
59.395668745040894,2.504991591571759
59.39792251586914,2.507679165325065
59.400174379348755,2.507477105555189
59.402429819107056,2.5086668144067303
59.40468382835388,2.509308160460968
59.40693545341492,2.512502373755261
59.40918850898743,2.513636054234034
59.41143989562988,2.5001344084899912
59.41370344161987,2.4954852456432874
59.41595983505249,2.497612535668914
59.41822648048401,2.4953445786648487
59.42048120498657,2.4957033986691712
59.42273426055908,2.492074667462667
59.424994468688965,2.496633827285031
59.42724680900574,2.5003442168646117
59.429500341415405,2.5001189112805022
59.43175268173218,2.5000163912792672
59.434006452560425,2.5037130717889156
59.43626022338867,2.505976856467349
59.438512086868286,2.5001767277928266
59.44076657295227,2.5084456811482525
59.44301962852478,2.5049909955252403
59.44528126716614,2.500284612212731
59.447532653808594,2.511750163048525
59.44978666305542,2.510326803961611
59.45203733444214,2.507794798349714
59.454291582107544,2.508161366958781
59.45654535293579,2.510811389781402
59.458797454833984,2.5171700140440483
59.46105098724365,2.5151237863449794
59.463303089141846,2.5149330514589607
59.46555685997009,2.518025936845057
59.46780800819397,2.5180169961472747
59.4700608253479,2.5195315503515663
59.47231411933899,2.5001278519782844
59.47466158866882,2.510600985360263
59.476916551589966,2.5125411167789835
59.47916841506958,2.5147035735492196
59.48142147064209,2.5135037319068587
59.483672857284546,2.5087621818497396
59.48592710494995,2.5118669881662115
59.488179445266724,2.5116810216523433
59.49044132232666,2.5109866274579318
59.492740631103516,2.4684652648526746
59.49505686759949,2.4562540598218514
59.497400999069214,2.421884229407815
59.499720335006714,2.4254998475909053
59.50200080871582,2.4275746855228766
59.50426173210144,2.4341872256025345
59.50651478767395,2.442809038497095
59.50878024101257,2.4586620877578365
59.51104402542114,2.4551966732974857
59.513303995132446,2.454837853293163
59.51555609703064,2.4636241750269146
59.51780867576599,2.468332942525499
59.520060777664185,2.4760439963393206
59.52231431007385,2.4801120138301864
59.52456736564636,2.4886956797475435
59.526819705963135,2.4863776548358985
59.52907943725586,2.494271098884475
59.531331062316895,2.497851550322956
59.533604860305786,2.4828615764214486
59.53585982322693,2.4977096912514796
59.53811573982239,2.4940094344627184
59.54038143157959,2.497792541717594
59.54263424873352,2.4951180809877016
59.54489350318909,2.504049838072042
59.54714584350586,2.5089839111547363
59.549399614334106,2.514124812379457
59.551652669906616,2.5001707673276385
59.55390691757202,2.5197604322147886
59.55615830421448,2.5341817777373525
59.558419704437256,2.527024451139504
59.560672998428345,2.530914846767765
59.562925577163696,2.527424994400143
59.5651798248291,2.536647026139143
59.56743049621582,2.533216778423402
59.569685220718384,2.5355437440328292
59.571937799453735,2.5319948830598453
59.57419180870056,2.5350859803063845
59.576446771621704,2.5366213961388344
59.578699588775635,2.539242212682034
59.580952882766724,2.539907400597024
59.58320474624634,2.5391092943083398
59.585458278656006,2.537163202424431
59.58770966529846,2.537520830335716
59.58996248245239,2.5389263080270656
59.592222690582275,2.526327672759017
59.594478368759155,2.528167072316059
59.596733808517456,2.5151923316946423
59.59898591041565,2.497766911717285
59.60123872756958,2.503183782480214
59.603490591049194,2.5018867852552873
59.60574412345886,2.503121197595739
59.6079957485199,2.5065615781023
59.61024856567383,2.506788075779447
59.612502336502075,2.5070372232243088
59.61475491523743,2.508310378588483
59.61700892448425,2.509002984643338
59.61926031112671,2.5097879779086085
59.621514081954956,2.500014007093192
59.62376594543457,2.506630123451963
59.62601971626282,2.5065937646143155
59.628273010253906,2.509590686510883
59.63052439689636,2.5002989173291823
59.63277745246887,2.504314482726393
59.635029315948486,2.5058850653034526
59.637282609939575,2.5071743139236347
59.63953399658203,2.5073149809020734
59.64178657531738,2.5075218090441
59.64403820037842,2.5001934170953533
59.646291971206665,2.5084218392875
59.64854598045349,2.500238120584264
59.650797605514526,2.5078585753272264
59.653056621551514,2.4840697627150727
59.65531277656555,2.4897399532484954
59.65756797790527,2.491665183504246
59.65981936454773,2.492556273049864
59.66207242012024,2.4900075781354403
59.664326429367065,2.489899693715536
59.6665780544281,2.492155729789225
59.66883111000061,2.4931910625923948
59.671082735061646,2.497861087067257
59.673335790634155,2.4948474758681627
59.67558789253235,2.4960663909991254
59.67784094810486,2.4981036780004118
59.68009424209595,2.497618496134102
59.68234872817993,2.4978402254390986
59.68460464477539,2.492997347473782
59.686856508255005,2.494302093303453
59.689109802246094,2.4953886861072405
59.691362619400024,2.496692835890393
59.69361591339111,2.494048177486441
59.69586753845215,2.497646510320486
59.69812059402466,2.497633397297072
59.70037293434143,2.485275564822622
59.70262551307678,2.490530310932435
59.70487856864929,2.497643530087892
59.70712971687317,2.4965688582144807
59.70938515663147,2.498035132650749
59.711636781692505,2.492981850264293
59.71389412879944,2.490971385356353
59.71614623069763,2.4952986830829005
59.71839952468872,2.4972441789202904
59.72065353393555,2.5010845066409715
59.72290515899658,2.4961253996044874
59.72515892982483,2.5024643543320124
59.727412939071655,2.4998328089514743
59.72966933250427,2.5048872834309677
59.731921911239624,2.5072303422964026
59.73417615890503,2.5147071498283324
59.73642945289612,2.514425815871455
59.738680839538574,2.515479626116708
59.74093508720398,2.517965736146657
59.74318981170654,2.512950004690886
59.745444774627686,2.5089177499911486
59.74774885177612,2.4715664948900335
59.75009036064148,2.459402377534196
59.752397298812866,2.467053826696137
59.75465989112854,2.461242373137757
59.756916999816895,2.4797448491746006
59.75917029380798,2.486627994373798
59.76142406463623,2.4913188804768183
59.763675928115845,2.495265900524366
59.765928983688354,2.5012210012937786
59.76819968223572,2.505902946699017
59.770463943481445,2.511940301888025
59.77271771430969,2.508589924405804
59.774970054626465,2.5145855563384956
59.77722406387329,2.517721357073946
59.779475927352905,2.522502842247825
59.781728982925415,2.515688242398291
59.78399062156677,2.5093278299960886
59.78624677658081,2.517248692184531
59.7885000705719,2.516866030319456
59.79075217247009,2.5212457801396586
59.79300594329834,2.522974911090721
59.79525804519653,2.5283643637137847
59.79751396179199,2.5302359497828424
59.79976511001587,2.533997003316522
59.80201840400696,2.5139895098196874
59.80427360534668,2.5197175168654344
59.80652594566345,2.5341907184351347
59.8087842464447,2.5275912913788905
59.81103754043579,2.5293156539578026
59.813292503356934,2.5264593990396738
59.815544843673706,2.5292047893053042
59.81779861450195,2.536722724047032
59.82005214691162,2.5339338223855283
59.82230591773987,2.5367012663723547
59.824559688568115,2.536684577069828
59.82681369781494,2.5367263003261447
59.82906699180603,2.5389739917485703
59.831318855285645,2.5338432233146695
59.83357286453247,2.5326243081837068
59.83582592010498,2.5321313777126524
59.83807969093323,2.533524338427107
59.840333223342896,2.536766235442905
59.84258508682251,2.5220730927077644
59.844841718673706,2.53429800680852
59.84709453582764,2.5233337310950437
59.849347829818726,2.524261775524828
59.851600885391235,2.5228121903910865
59.85385513305664,2.5232604173732303
59.85610747337341,2.52124518409314
59.858360290527344,2.522052231079606
59.86061429977417,2.5202861452443774
59.86286640167236,2.5137594358634274
59.86512064933777,2.5146517175020833
59.86737298965454,2.514835299829876
59.86975979804993,2.5082370648666696
59.87202072143555,2.505656779486749
59.87427735328674,2.504370511099161
59.87653303146362,2.5049212580825397
59.87878489494324,2.505445182972572
59.881038188934326,2.5048229104069364
59.8832905292511,2.505159676690063
59.88554620742798,2.503357232017187
59.887803077697754,2.5044062738902895
59.89005661010742,2.500123083606134
59.89231038093567,2.4948230379608916
59.8945631980896,2.4959132070437917
59.89681649208069,2.497177421710184
59.899068117141724,2.496701180541656
59.90132141113281,2.4943545453971083
59.903586626052856,2.454974943992489
59.90585446357727,2.4404367733522383
59.908108711242676,2.439002089381467
59.91036248207092,2.4298003232241063
59.91261649131775,2.424174240133076
59.91487646102905,2.427762440176301
59.91715407371521,2.4338456909472574
59.919405698776245,2.4197176003119467
59.92169141769409,2.42406218338754
59.92395281791687,2.426281264577063
59.926209926605225,2.4220618512704197
59.92846989631653,2.4334236900119413
59.93072295188904,2.4404641914921035
59.9329776763916,2.4336805860615476
59.93523955345154,2.422151258248241
59.937496185302734,2.4462899501669346
59.939749002456665,2.4508771241756824
59.94200158119202,2.4552074021348242
59.944278717041016,2.460012729169456
59.94653296470642,2.4610796524381224
59.948787450790405,2.4704173172017714
59.9510395526886,2.4755278200540327
59.95329713821411,2.4734869567736335
59.955549478530884,2.461133892671334
59.95780301094055,2.484283743415325
59.960055351257324,2.489157019753101
59.96230959892273,2.4831446985178824
59.9645676612854,2.488290368114754
59.96682000160217,2.4931243053822882
59.96907353401184,2.4967125054255135
59.971325159072876,2.5014945866459115
59.973578214645386,2.4896892892943967
59.97584676742554,2.4966254826337675
59.978105306625366,2.4994036554579324
59.98035907745361,2.505321801343179
59.982611656188965,2.5026848915439714
59.98486590385437,2.5088062892921315
59.98711848258972,2.5117304935134044
59.98937392234802,2.5155642647223786
59.99162673950195,2.516722979154942
59.99388074874878,2.5166228433397824
59.9961462020874,2.495107948196882
59.99847722053528,2.4957391614602997
