time,ax_raw,ay_raw,az_raw,ax,ay,az,gx,gy,gz
0.007170,0.006573,-0.011380,-0.018639,0.006573,-0.011380,-0.018639,0.000000,0.091550,0.061040
0.017140,0.006573,-0.007750,-0.014519,0.006573,-0.007750,-0.014519,0.000000,0.091550,0.061040
0.027310,0.002943,0.000000,-0.006082,0.002943,0.000000,-0.006082,0.000000,0.061040,0.030520
0.037270,-0.001864,-0.003630,-0.007946,-0.001864,-0.003630,-0.007946,0.030520,0.061040,0.000000
0.047520,-0.008437,-0.002354,-0.007259,-0.008437,-0.002354,-0.007259,0.030520,0.061040,0.000000
0.057460,0.001177,-0.001766,-0.020503,0.001177,-0.001766,-0.020503,0.030520,0.000000,0.030520
0.067690,-0.003041,0.001766,-0.021680,-0.003041,0.001766,-0.021680,0.061040,0.030520,0.030520
0.077760,-0.004218,-0.003041,-0.011478,-0.004218,-0.003041,-0.011478,0.030520,0.030520,0.030520
0.087860,-0.005396,-0.006573,-0.007946,-0.005396,-0.006573,-0.007946,0.030520,0.030520,0.030520
0.097950,-0.007259,-0.003630,-0.013244,-0.007259,-0.003630,-0.013244,0.000000,0.091550,0.030520
0.106940,-0.005984,-0.005396,-0.019914,-0.005984,-0.005396,-0.019914,-0.030520,0.061040,0.061040
0.117120,-0.009614,-0.003630,-0.009712,-0.009614,-0.003630,-0.009712,-0.030520,0.061040,0.061040
0.127070,-0.015009,-0.010202,-0.006671,-0.015009,-0.010202,-0.006671,0.000000,0.000000,0.061040
0.137150,-0.017952,-0.015009,-0.008535,-0.017952,-0.015009,-0.008535,0.000000,0.000000,0.061040
0.147240,-0.018639,-0.009025,-0.018050,-0.018639,-0.009025,-0.018050,0.000000,0.030520,0.000000
0.157320,-0.010202,-0.012557,-0.018639,-0.010202,-0.012557,-0.018639,-0.030520,0.000000,0.000000
0.167410,-0.010202,-0.015009,-0.016873,-0.010202,-0.015009,-0.016873,0.030520,0.030520,0.030520
0.177690,-0.010791,-0.010791,-0.011478,-0.010791,-0.010791,-0.011478,0.061040,0.030520,0.030520
0.187680,-0.010791,-0.015009,-0.014519,-0.010791,-0.015009,-0.014519,0.061040,-0.030520,0.030520
0.197800,-0.007848,-0.009614,-0.018639,-0.007848,-0.009614,-0.018639,0.061040,0.000000,0.030520
0.208270,-0.011968,-0.008339,-0.016873,-0.011968,-0.008339,-0.016873,0.061040,-0.030520,0.030520
0.218430,-0.007848,-0.013734,-0.010889,-0.007848,-0.013734,-0.010889,0.091550,-0.030520,0.000000
0.228450,-0.005984,-0.016186,-0.001275,-0.005984,-0.016186,-0.001275,0.061040,-0.030520,0.000000
0.238530,-0.008437,-0.014323,-0.001275,-0.008437,-0.014323,-0.001275,0.061040,0.030520,0.000000
0.248630,-0.005396,-0.011380,0.003434,-0.005396,-0.011380,0.003434,0.061040,0.000000,0.000000
0.258720,-0.007259,-0.011380,-0.004316,-0.007259,-0.011380,-0.004316,0.061040,-0.030520,0.030520
0.268820,-0.009614,-0.012557,-0.001275,-0.009614,-0.012557,-0.001275,0.091550,0.000000,0.030520
0.278910,-0.007848,-0.009025,-0.009123,-0.007848,-0.009025,-0.009123,0.091550,0.000000,0.000000
0.288980,-0.004218,-0.007750,-0.011478,-0.004218,-0.007750,-0.011478,0.000000,-0.030520,-0.030520
0.299170,-0.006671,-0.007750,-0.015696,-0.006671,-0.007750,-0.015696,0.000000,-0.030520,0.000000
0.309810,-0.012655,-0.016775,-0.017462,-0.012655,-0.016775,-0.017462,0.030520,0.030520,0.061040
0.319870,-0.005396,-0.016186,-0.009123,-0.005396,-0.016186,-0.009123,0.030520,0.000000,0.061040
0.329970,-0.008437,-0.013734,-0.004316,-0.008437,-0.013734,-0.004316,0.030520,0.030520,0.000000
0.340070,-0.008437,-0.011380,-0.009712,-0.008437,-0.011380,-0.009712,0.000000,0.030520,0.061040
0.350170,-0.006671,-0.010202,-0.013930,-0.006671,-0.010202,-0.013930,0.030520,0.030520,0.000000
0.360280,-0.005396,-0.013145,-0.009123,-0.005396,-0.013145,-0.009123,0.030520,0.000000,0.000000
0.370360,-0.002453,-0.013734,-0.006082,-0.002453,-0.013734,-0.006082,0.030520,0.030520,0.030520
0.380450,-0.004218,-0.013734,-0.012655,-0.004218,-0.013734,-0.012655,0.030520,0.030520,0.000000
0.390580,-0.003041,-0.011968,-0.007946,-0.003041,-0.011968,-0.007946,0.061040,0.030520,0.000000
0.400730,-0.007848,-0.011968,-0.008535,-0.007848,-0.011968,-0.008535,0.030520,0.061040,0.030520
0.410140,-0.007848,-0.013145,-0.009712,-0.007848,-0.013145,-0.009712,0.030520,0.061040,0.030520
0.420230,-0.007848,-0.012557,-0.007259,-0.007848,-0.012557,-0.007259,0.030520,0.030520,0.000000
0.430320,-0.007259,-0.010202,-0.006082,-0.007259,-0.010202,-0.006082,0.030520,0.030520,0.030520
0.440410,-0.005396,-0.010202,-0.004316,-0.005396,-0.010202,-0.004316,0.030520,0.061040,0.030520
0.450500,-0.006671,-0.013145,-0.016873,-0.006671,-0.013145,-0.016873,0.091550,0.030520,0.000000
0.460590,-0.010202,-0.009025,-0.022857,-0.010202,-0.009025,-0.022857,0.061040,0.030520,0.000000
0.470690,-0.010791,-0.003630,-0.012655,-0.010791,-0.003630,-0.012655,0.061040,0.000000,0.000000
0.480790,-0.010202,-0.005396,-0.013244,-0.010202,-0.005396,-0.013244,0.061040,0.030520,0.000000
0.490870,-0.009025,-0.004218,-0.018639,-0.009025,-0.004218,-0.018639,0.030520,0.030520,0.000000
0.501040,-0.009614,-0.004218,-0.021680,-0.009614,-0.004218,-0.021680,0.030520,0.030520,-0.030520
0.511660,-0.013244,0.000000,-0.023446,-0.013244,0.000000,-0.023446,0.061040,0.030520,0.000000
0.521800,-0.011380,-0.004807,-0.012066,-0.011380,-0.004807,-0.012066,0.030520,0.030520,0.030520
0.531850,-0.010202,-0.005984,-0.010889,-0.010202,-0.005984,-0.010889,0.061040,0.030520,0.030520
0.541950,-0.006671,-0.011380,-0.016873,-0.006671,-0.011380,-0.016873,0.061040,0.061040,0.000000
0.552080,-0.007259,-0.013734,-0.016285,-0.007259,-0.013734,-0.016285,0.061040,0.030520,0.000000
0.562170,0.001766,-0.009025,-0.016285,0.001766,-0.009025,-0.016285,0.061040,0.030520,0.030520
0.572260,-0.001864,-0.007750,-0.004316,-0.001864,-0.007750,-0.004316,0.030520,0.000000,0.030520
0.582360,-0.008437,-0.008339,-0.010301,-0.008437,-0.008339,-0.010301,0.061040,0.000000,0.000000
0.592450,-0.005396,-0.009025,-0.010301,-0.005396,-0.009025,-0.010301,0.030520,-0.030520,0.030520
0.602700,-0.005396,-0.010791,-0.007946,-0.005396,-0.010791,-0.007946,0.061040,0.030520,0.030520
0.612060,-0.015009,-0.007750,-0.009712,-0.015009,-0.007750,-0.009712,0.030520,0.000000,0.030520
0.622430,-0.015009,-0.007750,-0.012655,-0.015009,-0.007750,-0.012655,0.000000,0.000000,0.000000
0.632490,-0.013244,-0.004218,-0.018050,-0.013244,-0.004218,-0.018050,0.030520,0.030520,0.061040
0.642650,-0.007259,-0.010791,-0.021680,-0.007259,-0.010791,-0.021680,0.030520,0.000000,0.061040
0.652820,-0.009614,-0.007750,-0.018639,-0.009614,-0.007750,-0.018639,0.061040,0.030520,0.030520
0.662970,-0.007848,-0.004807,-0.012066,-0.007848,-0.004807,-0.012066,0.030520,0.030520,0.030520
0.673140,-0.010202,0.003041,-0.009712,-0.010202,0.003041,-0.009712,0.030520,0.030520,0.030520
0.683290,-0.013244,-0.001766,-0.010301,-0.013244,-0.001766,-0.010301,0.030520,0.030520,0.030520
0.693240,-0.014421,-0.001766,-0.007259,-0.014421,-0.001766,-0.007259,0.000000,0.000000,0.030520
0.703410,-0.013832,-0.001177,-0.009712,-0.013832,-0.001177,-0.009712,0.061040,0.000000,0.030520
0.712390,-0.007259,-0.006573,-0.014519,-0.007259,-0.006573,-0.014519,0.061040,0.000000,0.000000
0.722460,-0.000589,-0.005984,-0.016873,-0.000589,-0.005984,-0.016873,0.091550,0.061040,0.061040
0.732540,-0.003041,-0.010202,-0.012655,-0.003041,-0.010202,-0.012655,0.030520,0.061040,0.030520
0.742670,-0.004218,-0.011968,-0.013244,-0.004218,-0.011968,-0.013244,0.030520,0.061040,0.030520
0.752710,-0.003630,-0.007750,-0.015107,-0.003630,-0.007750,-0.015107,0.030520,0.030520,0.061040
0.762790,-0.004807,-0.007161,-0.008535,-0.004807,-0.007161,-0.008535,0.030520,0.030520,0.061040
0.772920,-0.000000,-0.004807,-0.005494,-0.000000,-0.004807,-0.005494,0.000000,0.030520,0.061040
0.782950,0.004120,-0.008339,-0.004905,0.004120,-0.008339,-0.004905,0.000000,0.000000,0.030520
0.793030,0.001766,-0.010791,-0.007946,0.001766,-0.010791,-0.007946,0.000000,0.000000,0.030520
0.803190,-0.000589,-0.012557,-0.019326,-0.000589,-0.012557,-0.019326,0.000000,0.030520,0.030520
0.814680,0.007161,-0.006573,-0.013930,0.007161,-0.006573,-0.013930,0.030520,0.030520,0.030520
0.824770,-0.002453,-0.009614,-0.004905,-0.002453,-0.009614,-0.004905,0.000000,0.030520,0.030520
0.834860,-0.003041,-0.016186,-0.009712,-0.003041,-0.016186,-0.009712,0.030520,0.030520,0.030520
0.844960,0.004709,-0.007750,-0.011478,0.004709,-0.007750,-0.011478,0.030520,0.000000,0.030520
0.855070,0.005984,-0.006573,-0.016873,0.005984,-0.006573,-0.016873,0.030520,0.000000,0.000000
0.865160,0.007750,-0.006573,-0.016285,0.007750,-0.006573,-0.016285,0.030520,0.000000,0.030520
0.875310,-0.001275,-0.004218,-0.017462,-0.001275,-0.004218,-0.017462,0.030520,0.000000,0.030520
0.885360,-0.001864,-0.004218,-0.018050,-0.001864,-0.004218,-0.018050,0.030520,0.000000,0.030520
0.895460,-0.001864,-0.004807,-0.016285,-0.001864,-0.004807,-0.016285,0.030520,-0.030520,0.061040
0.905650,-0.001864,-0.005396,-0.018639,-0.001864,-0.005396,-0.018639,0.030520,-0.030520,0.061040
0.915060,0.000589,0.000000,-0.007259,0.000589,0.000000,-0.007259,0.030520,-0.030520,0.000000
0.925140,0.002354,0.000000,-0.005494,0.002354,0.000000,-0.005494,0.061040,-0.030520,-0.030520
0.935230,0.001177,0.001766,-0.000687,0.001177,0.001766,-0.000687,0.061040,0.000000,0.000000
0.945320,-0.000589,-0.004807,-0.000098,-0.000589,-0.004807,-0.000098,0.030520,0.030520,0.000000
0.955410,0.004120,-0.003630,-0.000687,0.004120,-0.003630,-0.000687,0.030520,0.030520,0.030520
0.965540,0.007161,0.000000,-0.001962,0.007161,0.000000,-0.001962,0.000000,0.000000,0.000000
0.975590,0.002354,-0.003630,0.004709,0.002354,-0.003630,0.004709,0.030520,0.000000,0.030520
0.985680,-0.001275,-0.004807,-0.001962,-0.001275,-0.004807,-0.001962,0.030520,-0.030520,0.061040
0.995770,0.000589,-0.003630,-0.003728,0.000589,-0.003630,-0.003728,0.061040,-0.061040,0.061040
1.005940,0.001766,0.001766,-0.011478,0.001766,0.001766,-0.011478,0.030520,-0.030520,0.061040
1.016560,0.001766,0.000589,-0.007259,0.001766,0.000589,-0.007259,0.030520,0.000000,0.061040
1.026660,0.003532,0.000000,-0.005494,0.003532,0.000000,-0.005494,0.030520,0.030520,0.091550
1.036750,0.000589,0.000000,-0.009123,0.000589,0.000000,-0.009123,0.061040,0.030520,0.091550
1.047130,0.004120,0.002354,-0.009123,0.004120,0.002354,-0.009123,0.061040,0.030520,0.091550
1.057040,0.001177,0.000000,-0.004905,0.001177,0.000000,-0.004905,0.030520,0.000000,0.030520
1.067060,-0.000589,-0.003630,-0.004905,-0.000589,-0.003630,-0.004905,0.061040,0.000000,0.000000
1.077210,0.004709,-0.001766,-0.006082,0.004709,-0.001766,-0.006082,0.061040,0.000000,0.030520
1.087260,0.007750,0.005984,-0.012066,0.007750,0.005984,-0.012066,0.061040,0.000000,0.000000
1.097350,0.001766,0.002354,-0.015107,0.001766,0.002354,-0.015107,0.061040,0.030520,0.000000
1.107490,-0.006671,0.003630,-0.009123,-0.006671,0.003630,-0.009123,0.061040,0.000000,0.000000
1.116940,-0.002453,-0.001177,-0.003728,-0.002453,-0.001177,-0.003728,0.061040,0.000000,-0.030520
1.127470,0.004120,0.002354,-0.005494,0.004120,0.002354,-0.005494,0.061040,0.030520,-0.030520
1.137530,0.004709,0.003041,-0.004905,0.004709,0.003041,-0.004905,0.030520,0.000000,-0.030520
1.147560,0.006573,0.001177,-0.003728,0.006573,0.001177,-0.003728,0.030520,-0.030520,0.000000
1.157820,0.001766,0.000000,-0.005494,0.001766,0.000000,-0.005494,0.030520,0.000000,-0.030520
1.167700,-0.005396,0.002354,-0.004905,-0.005396,0.002354,-0.004905,0.030520,0.000000,-0.030520
1.177770,-0.006671,0.003630,-0.003728,-0.006671,0.003630,-0.003728,0.000000,0.000000,0.000000
1.187850,-0.006671,0.001766,-0.007259,-0.006671,0.001766,-0.007259,0.030520,0.000000,0.000000
1.197950,-0.004807,0.001177,-0.012655,-0.004807,0.001177,-0.012655,0.061040,0.030520,0.000000
1.208080,-0.001864,0.000589,-0.009712,-0.001864,0.000589,-0.009712,0.061040,0.030520,0.000000
1.218130,-0.001275,-0.003630,-0.000687,-0.001275,-0.003630,-0.000687,0.061040,0.030520,-0.030520
1.228220,0.004120,-0.003041,0.005886,0.004120,-0.003041,0.005886,0.061040,0.030520,0.000000
1.238310,0.000589,0.001766,0.004120,0.000589,0.001766,0.004120,0.030520,0.000000,0.030520
1.248390,-0.001864,-0.005984,-0.009712,-0.001864,-0.005984,-0.009712,0.030520,0.000000,0.000000
1.258520,-0.002453,-0.007750,-0.007259,-0.002453,-0.007750,-0.007259,0.000000,0.000000,0.000000
1.268600,-0.009025,-0.004218,0.000491,-0.009025,-0.004218,0.000491,0.030520,-0.030520,0.000000
1.278750,-0.005396,-0.012557,0.003434,-0.005396,-0.012557,0.003434,0.061040,-0.030520,0.000000
1.288800,-0.005984,-0.005984,0.002845,-0.005984,-0.005984,0.002845,0.091550,0.000000,0.030520
1.298890,-0.005396,-0.006573,0.001079,-0.005396,-0.006573,0.001079,0.091550,0.030520,0.061040
1.309010,-0.007259,-0.003041,0.001668,-0.007259,-0.003041,0.001668,0.122070,0.061040,0.000000
1.319070,-0.009025,-0.003041,-0.006671,-0.009025,-0.003041,-0.006671,0.122070,0.030520,0.030520
1.329160,-0.009614,-0.003041,-0.018050,-0.009614,-0.003041,-0.018050,0.091550,0.030520,0.030520
1.339250,-0.002453,-0.003630,-0.018050,-0.002453,-0.003630,-0.018050,0.122070,0.000000,0.061040
1.349340,-0.001275,-0.001766,-0.020503,-0.001275,-0.001766,-0.020503,0.122070,0.000000,0.061040
1.359420,-0.003630,-0.006573,-0.025898,-0.003630,-0.006573,-0.025898,0.091550,0.030520,0.061040
1.369550,-0.001864,-0.006573,-0.024035,-0.001864,-0.006573,-0.024035,0.061040,0.000000,0.061040
1.379610,-0.007848,-0.007161,-0.017462,-0.007848,-0.007161,-0.017462,0.061040,0.061040,0.061040
1.389700,-0.012655,-0.013734,-0.015107,-0.012655,-0.013734,-0.015107,0.061040,0.061040,0.061040
1.399780,-0.008437,-0.009614,-0.028253,-0.008437,-0.009614,-0.028253,0.091550,0.061040,0.061040
1.409970,-0.009614,0.000589,-0.029430,-0.009614,0.000589,-0.029430,0.061040,0.030520,0.061040
1.420570,-0.006671,0.005984,-0.008535,-0.006671,0.005984,-0.008535,0.030520,0.030520,0.030520
1.430670,-0.006671,0.020993,-0.005494,-0.006671,0.020993,-0.005494,0.061040,0.000000,0.061040
1.440760,-0.003041,0.015598,-0.015696,-0.003041,0.015598,-0.015696,0.030520,0.000000,0.061040
1.450860,-0.001864,0.011380,-0.024623,-0.001864,0.011380,-0.024623,0.061040,0.030520,0.030520
1.460960,-0.006671,0.004807,-0.006082,-0.006671,0.004807,-0.006082,0.061040,0.030520,0.030520
1.471140,-0.002453,0.000000,-0.002551,-0.002453,0.000000,-0.002551,0.030520,0.030520,0.030520
1.481160,-0.008437,0.004807,-0.009712,-0.008437,0.004807,-0.009712,0.030520,0.000000,0.030520
1.491240,-0.010202,-0.001766,-0.016285,-0.010202,-0.001766,-0.016285,0.030520,0.030520,0.000000
1.501340,-0.008437,-0.000589,-0.018639,-0.008437,-0.000589,-0.018639,0.061040,0.000000,0.061040
1.511530,-0.007848,0.003630,-0.010889,-0.007848,0.003630,-0.010889,0.061040,-0.030520,0.030520
1.520950,-0.001864,0.007750,-0.006671,-0.001864,0.007750,-0.006671,0.061040,-0.030520,0.000000
1.531020,-0.011968,0.004218,-0.001962,-0.011968,0.004218,-0.001962,0.061040,-0.030520,0.030520
1.541110,-0.007848,0.007750,-0.004316,-0.007848,0.007750,-0.004316,0.030520,-0.030520,0.000000
1.551210,-0.006671,0.003630,-0.015107,-0.006671,0.003630,-0.015107,0.000000,0.000000,0.000000
1.561290,-0.006671,-0.004218,-0.012655,-0.006671,-0.004218,-0.012655,0.030520,0.000000,0.000000
1.571390,0.001766,-0.005984,-0.008535,0.001766,-0.005984,-0.008535,0.061040,0.000000,0.000000
1.581520,-0.000589,-0.006573,-0.009712,-0.000589,-0.006573,-0.009712,0.091550,0.000000,0.000000
1.591570,-0.005396,-0.013145,-0.015107,-0.005396,-0.013145,-0.015107,0.091550,-0.030520,0.000000
1.601660,-0.002453,-0.013734,-0.009123,-0.002453,-0.013734,-0.009123,0.091550,-0.061040,0.000000
1.611820,-0.002453,-0.007161,-0.004905,-0.002453,-0.007161,-0.004905,0.091550,-0.061040,0.030520
1.622450,-0.010791,-0.004807,-0.009712,-0.010791,-0.004807,-0.009712,0.061040,-0.030520,0.000000
1.632540,-0.009025,-0.004807,-0.015696,-0.009025,-0.004807,-0.015696,0.091550,0.000000,-0.030520
1.642640,-0.009614,0.000000,-0.014519,-0.009614,0.000000,-0.014519,0.061040,0.030520,-0.061040
1.652730,-0.009614,0.001766,-0.020503,-0.009614,0.001766,-0.020503,0.061040,0.030520,-0.061040
1.662830,-0.013244,0.004218,-0.012066,-0.013244,0.004218,-0.012066,0.030520,0.030520,-0.030520
1.672980,-0.005984,0.005984,-0.007946,-0.005984,0.005984,-0.007946,0.030520,0.030520,-0.030520
1.683020,-0.004218,0.005396,-0.006082,-0.004218,0.005396,-0.006082,0.000000,0.030520,-0.030520
1.693120,0.007161,0.005984,-0.008535,0.007161,0.005984,-0.008535,0.030520,0.030520,0.000000
1.703220,0.008927,0.004218,-0.017462,0.008927,0.004218,-0.017462,0.030520,0.030520,-0.030520
1.713400,0.008339,-0.000589,-0.006671,0.008339,-0.000589,-0.006671,0.000000,0.061040,-0.030520
1.722810,-0.000589,-0.002354,-0.010301,-0.000589,-0.002354,-0.010301,-0.030520,0.061040,0.000000
1.732900,-0.000000,-0.004218,-0.011478,-0.000000,-0.004218,-0.011478,0.030520,0.030520,0.000000
1.744420,0.001766,-0.007750,-0.021680,0.001766,-0.007750,-0.021680,0.030520,0.000000,0.000000
1.758110,-0.002453,-0.004218,-0.028253,-0.002453,-0.004218,-0.028253,0.030520,0.000000,0.000000
1.764470,-0.003041,-0.005396,-0.021680,-0.003041,-0.005396,-0.021680,0.030520,0.000000,0.030520
1.774520,-0.003041,-0.002354,-0.018639,-0.003041,-0.002354,-0.018639,0.030520,0.000000,0.030520
1.784480,-0.004218,-0.003041,-0.017462,-0.004218,-0.003041,-0.017462,0.030520,0.000000,0.000000
1.794740,-0.007259,-0.005984,-0.022269,-0.007259,-0.005984,-0.022269,0.030520,0.000000,0.000000
1.804680,-0.014421,-0.007750,-0.019326,-0.014421,-0.007750,-0.019326,0.061040,0.030520,0.030520
1.814860,-0.014421,-0.005984,-0.015696,-0.014421,-0.005984,-0.015696,0.030520,0.030520,0.030520
1.822430,-0.011380,-0.007161,-0.008535,-0.011380,-0.007161,-0.008535,0.061040,0.000000,-0.030520
1.832510,-0.011968,-0.005396,-0.008535,-0.011968,-0.005396,-0.008535,0.030520,0.000000,-0.061040
1.842630,-0.015009,-0.002354,-0.018050,-0.015009,-0.002354,-0.018050,0.030520,0.030520,0.000000
1.852610,-0.011380,-0.002354,-0.014519,-0.011380,-0.002354,-0.014519,0.030520,0.030520,0.000000
1.862570,-0.016775,-0.002354,-0.010301,-0.016775,-0.002354,-0.010301,0.000000,0.030520,-0.030520
1.872690,-0.016186,-0.005396,-0.015696,-0.016186,-0.005396,-0.015696,0.030520,0.000000,0.000000
1.882710,-0.016186,-0.009025,-0.024623,-0.016186,-0.009025,-0.024623,0.030520,0.000000,0.000000
1.892780,-0.014421,-0.009614,-0.025310,-0.014421,-0.009614,-0.025310,0.000000,0.030520,0.030520
1.902840,-0.015009,-0.007750,-0.004316,-0.015009,-0.007750,-0.004316,0.000000,0.030520,0.061040
1.912920,-0.013244,-0.010202,0.007063,-0.013244,-0.010202,0.007063,-0.030520,0.030520,0.061040
1.922980,-0.011968,-0.009025,-0.004316,-0.011968,-0.009025,-0.004316,0.000000,0.000000,0.091550
1.933040,-0.009614,-0.012557,-0.009712,-0.009614,-0.012557,-0.009712,0.000000,-0.061040,0.061040
1.943110,-0.017952,-0.008339,-0.003728,-0.017952,-0.008339,-0.003728,0.000000,0.000000,0.061040
1.953200,-0.014421,-0.009025,0.000491,-0.014421,-0.009025,0.000491,-0.030520,-0.030520,0.030520
1.963250,-0.009614,-0.010791,0.002256,-0.009614,-0.010791,0.002256,0.000000,0.030520,0.061040
1.973310,-0.008437,-0.010791,-0.013930,-0.008437,-0.010791,-0.013930,0.030520,0.061040,0.030520
1.983380,-0.005396,-0.009025,-0.016873,-0.005396,-0.009025,-0.016873,0.000000,0.061040,0.030520
1.993450,-0.012655,-0.005984,-0.011478,-0.012655,-0.005984,-0.011478,0.061040,0.030520,0.030520
2.003510,-0.016775,-0.003630,-0.007946,-0.016775,-0.003630,-0.007946,0.061040,0.000000,0.030520
2.013580,-0.011968,0.000589,-0.013244,-0.011968,0.000589,-0.013244,0.061040,0.030520,0.000000
2.023640,-0.015009,0.000589,-0.015696,-0.015009,0.000589,-0.015696,0.091550,0.030520,0.000000
2.033710,-0.015009,-0.005984,-0.016285,-0.015009,-0.005984,-0.016285,0.091550,0.000000,0.061040
2.043910,-0.015598,-0.005984,-0.012655,-0.015598,-0.005984,-0.012655,0.091550,-0.030520,0.061040
2.053870,-0.016186,-0.013145,-0.019326,-0.016186,-0.013145,-0.019326,0.061040,0.000000,0.091550
2.063910,-0.014421,-0.010791,-0.012066,-0.014421,-0.010791,-0.012066,0.061040,0.030520,0.030520
2.074040,-0.017364,-0.007161,-0.006082,-0.017364,-0.007161,-0.006082,0.061040,0.000000,0.030520
2.084040,-0.019816,-0.008339,-0.010301,-0.019816,-0.008339,-0.010301,0.061040,0.030520,0.030520
2.094110,-0.020405,-0.007750,-0.018050,-0.020405,-0.007750,-0.018050,0.030520,0.030520,0.030520
2.104180,-0.022759,-0.007750,-0.018050,-0.022759,-0.007750,-0.018050,0.030520,0.000000,0.030520
2.114330,-0.015598,-0.015009,-0.005494,-0.015598,-0.015009,-0.005494,0.061040,0.000000,0.000000
2.124470,-0.013832,-0.013734,-0.006082,-0.013832,-0.013734,-0.006082,0.030520,0.000000,0.030520
2.134550,-0.013832,-0.017364,-0.015107,-0.013832,-0.017364,-0.015107,0.061040,0.030520,-0.030520
2.144510,-0.014421,-0.013734,-0.019914,-0.014421,-0.013734,-0.019914,0.030520,0.000000,0.000000
2.154580,-0.013832,-0.008339,-0.010301,-0.013832,-0.008339,-0.010301,0.030520,0.000000,0.000000
2.164730,-0.014421,-0.007750,-0.004905,-0.014421,-0.007750,-0.004905,0.000000,0.000000,0.030520
2.174730,-0.013832,-0.012557,-0.009123,-0.013832,-0.012557,-0.009123,0.030520,0.030520,0.061040
2.184790,-0.015598,-0.013145,-0.015107,-0.015598,-0.013145,-0.015107,0.030520,0.000000,0.091550
2.194850,-0.010791,-0.013145,-0.019326,-0.010791,-0.013145,-0.019326,0.030520,0.030520,0.091550
2.204920,-0.007848,-0.010791,-0.003728,-0.007848,-0.010791,-0.003728,0.030520,0.030520,0.091550
2.214980,-0.008437,-0.007161,-0.002551,-0.008437,-0.007161,-0.002551,0.061040,0.030520,0.091550
2.225050,-0.005984,-0.004218,-0.018050,-0.005984,-0.004218,-0.018050,0.091550,0.030520,0.030520
2.235250,-0.012655,-0.003041,-0.024623,-0.012655,-0.003041,-0.024623,0.061040,0.061040,0.030520
2.245340,-0.009025,-0.001177,-0.022269,-0.009025,-0.001177,-0.022269,0.030520,0.061040,0.030520
2.255300,-0.008437,-0.006573,-0.011478,-0.008437,-0.006573,-0.011478,0.030520,0.030520,0.030520
2.265360,-0.005984,-0.006573,-0.015696,-0.005984,-0.006573,-0.015696,0.061040,0.061040,0.030520
2.275520,-0.007259,-0.005396,-0.019326,-0.007259,-0.005396,-0.019326,0.061040,0.061040,0.030520
2.285520,-0.010791,-0.005396,-0.018050,-0.010791,-0.005396,-0.018050,0.061040,0.091550,0.000000
2.295580,-0.012655,-0.004218,-0.014519,-0.012655,-0.004218,-0.014519,0.061040,0.030520,0.000000
2.305630,-0.007848,-0.005396,-0.015696,-0.007848,-0.005396,-0.015696,0.030520,0.030520,0.000000
2.315700,-0.010791,-0.006573,-0.013930,-0.010791,-0.006573,-0.013930,0.030520,0.061040,0.030520
2.325760,-0.017952,-0.010202,-0.013930,-0.017952,-0.010202,-0.013930,0.030520,0.030520,0.061040
2.335830,-0.018639,-0.008339,-0.009712,-0.018639,-0.008339,-0.009712,0.000000,0.030520,0.030520
2.345890,-0.006671,-0.006573,-0.025898,-0.006671,-0.006573,-0.025898,0.000000,0.000000,0.061040
2.355960,-0.009614,-0.005984,-0.024035,-0.009614,-0.005984,-0.024035,0.030520,-0.030520,0.030520
2.366030,-0.020993,-0.003630,-0.010889,-0.020993,-0.003630,-0.010889,0.030520,0.000000,0.030520
2.376090,-0.019228,-0.007750,-0.002551,-0.019228,-0.007750,-0.002551,0.061040,-0.030520,0.030520
2.386160,-0.016775,-0.007750,-0.012655,-0.016775,-0.007750,-0.012655,0.152590,-0.091550,0.030520
2.396230,-0.032373,-0.022171,-0.013244,-0.032373,-0.022171,-0.013244,0.244140,-0.183110,0.030520
2.406290,-0.028743,-0.017952,0.002256,-0.028743,-0.017952,0.002256,0.579830,-0.457760,0.091550
2.416360,0.004709,0.008339,-0.025310,0.004709,0.008339,-0.025310,1.098630,-0.854490,0.061040
2.426420,0.028743,0.038946,-0.041987,0.028743,0.038946,-0.041987,0.671390,-0.457760,0.030520
2.436490,-0.019816,-0.006573,-0.001962,-0.019816,-0.006573,-0.001962,-0.366210,0.366210,0.000000
2.446550,-0.011380,-0.017364,-0.005494,-0.011380,-0.017364,-0.005494,-0.305180,0.274660,0.000000
2.456610,-0.066512,-0.080834,0.056211,-0.066512,-0.080834,0.056211,1.556400,-1.159670,0.152590
2.466680,0.014911,0.020993,-0.016873,0.014911,0.020993,-0.016873,1.831050,-1.403810,0.152590
2.476770,-0.005396,-0.001177,-0.007946,-0.005396,-0.001177,-0.007946,1.556400,-1.190190,0.122070
2.486840,-0.003041,0.008339,-0.001962,-0.003041,0.008339,-0.001962,1.983640,-1.525880,0.152590
2.496890,-0.011380,-0.006573,0.008829,-0.011380,-0.006573,0.008829,2.014160,-1.556400,0.183110
2.506950,-0.009614,-0.000589,0.014224,-0.009614,-0.000589,0.014224,2.807620,-2.166750,0.244140
2.517040,-0.004218,0.003041,0.013047,-0.004218,0.003041,0.013047,3.234860,-2.563480,0.274660
2.527090,0.008339,0.016775,0.011281,0.008339,0.016775,0.011281,3.814700,-3.051760,0.396730
2.537160,-0.011380,0.026978,0.007652,-0.011380,0.026978,0.007652,3.662110,-2.807620,0.579830
2.547220,-0.063471,0.009614,0.008829,-0.063471,0.009614,0.008829,3.662110,-2.807620,1.007080
2.557290,-0.116837,0.038357,-0.012066,-0.116837,0.038357,-0.012066,3.753660,-2.716060,1.983640
2.567350,-0.163533,0.040123,0.025604,-0.163533,0.040123,0.025604,3.936770,-2.868650,2.349850
2.577420,-0.337170,0.105359,-0.037278,-0.337170,0.105359,-0.037278,5.157470,-3.875730,2.838130
2.587490,-0.428108,0.158039,-0.048658,-0.428108,0.158039,-0.048658,4.058840,-2.807620,3.234860
2.597550,-0.498152,0.281449,-0.057585,-0.498152,0.281449,-0.057585,2.502440,-1.251220,5.401610
2.607620,-0.615577,0.082012,0.001079,-0.615577,0.082012,0.001079,1.953120,-0.549320,5.828860
2.617690,-0.616755,0.108989,-0.021680,-0.616755,0.108989,-0.021680,1.495360,-0.030520,6.774900
2.627760,-0.412609,0.067689,0.007063,-0.412609,0.067689,0.007063,0.976560,0.244140,7.080080
2.637820,-0.376606,0.118505,0.033452,-0.376606,0.118505,0.033452,0.946040,0.091550,6.866460
2.647880,-0.551518,0.322160,-0.055819,-0.551518,0.322160,-0.055819,0.457760,0.549320,8.178710
2.657950,-0.533566,0.216114,-0.040810,-0.533566,0.216114,-0.040810,0.488280,0.183110,7.568360
2.668020,-0.626369,0.258690,0.004709,-0.626369,0.258690,0.004709,0.732420,0.396730,7.843020
2.678100,-0.434092,0.052091,0.047186,-0.434092,0.052091,0.047186,0.579830,0.549320,6.652830
2.688160,-0.426931,0.071809,0.023838,-0.426931,0.071809,0.023838,0.274660,0.549320,5.950930
2.698220,-0.476668,0.206599,0.047775,-0.476668,0.206599,0.047775,0.152590,0.610350,6.500240
2.708280,-0.468820,0.120369,-0.012066,-0.468820,0.120369,-0.012066,0.213620,0.671390,6.683350
2.718360,-0.474804,0.047873,0.071123,-0.474804,0.047873,0.071123,0.427250,0.335690,6.103520
2.728420,-0.513750,0.142539,-0.009712,-0.513750,0.142539,-0.009712,0.061040,0.671390,6.469730
2.738480,-0.456852,0.149112,0.014224,-0.456852,0.149112,0.014224,0.305180,0.762940,6.744380
2.748550,-0.344920,0.177267,-0.008535,-0.344920,0.177267,-0.008535,0.335690,0.854490,8.178710
2.758620,-0.345508,0.074262,0.033452,-0.345508,0.074262,0.033452,0.213620,1.068120,8.392330
2.768730,-0.540139,0.089860,0.023838,-0.540139,0.089860,0.023838,0.366210,0.488280,7.751460
2.778790,-0.576632,0.026389,0.063961,-0.576632,0.026389,0.063961,0.000000,0.762940,6.927490
2.788850,-0.670023,0.076027,-0.037278,-0.670023,0.076027,-0.037278,0.366210,0.305180,4.638670
2.798920,-0.514927,-0.123312,0.086132,-0.514927,-0.123312,0.086132,-0.061040,0.640870,4.333500
2.808980,-0.661096,0.087996,-0.061214,-0.661096,0.087996,-0.061214,-0.030520,0.152590,4.058840
2.819050,-0.611359,0.061705,-0.041987,-0.611359,0.061705,-0.041987,0.000000,0.518800,4.547120
2.829120,-0.561034,0.073085,-0.061214,-0.561034,0.073085,-0.061214,0.152590,0.518800,5.432130
2.839180,-0.686210,0.118505,-0.004316,-0.686210,0.118505,-0.004316,0.000000,0.701900,6.195070
2.849500,-0.786762,0.102416,0.086132,-0.786762,0.102416,0.086132,0.305180,0.701900,6.103520
2.859800,-1.008370,0.200615,-0.004316,-1.008370,0.200615,-0.004316,0.091550,0.335690,4.638670
2.869660,-1.034661,0.177267,0.058566,-1.034661,0.177267,0.058566,0.671390,0.457760,3.509520
2.879730,-0.935874,0.045518,0.104084,-0.935874,0.045518,0.104084,0.030520,0.366210,0.488280
2.889780,-0.901147,0.041889,-0.051601,-0.901147,0.041889,-0.051601,-0.030520,-0.061040,-0.427250
2.899840,-0.902912,-0.098787,0.031000,-0.902912,-0.098787,0.031000,-0.640870,0.305180,-1.495360
2.909910,-0.699944,0.138910,0.087898,-0.699944,0.138910,0.087898,0.335690,-0.274660,-2.380370
2.919990,-0.614989,0.041889,-0.083974,-0.614989,0.041889,-0.083974,0.000000,-0.366210,-2.563480
2.930040,-0.602432,0.046696,0.081325,-0.602432,0.046696,0.081325,-0.274660,-0.213620,-1.983640
2.940230,-0.689839,0.023936,0.154311,-0.689839,0.023936,0.154311,-0.366210,0.030520,-2.014160
2.950230,-0.720937,0.076027,0.002256,-0.720937,0.076027,0.002256,0.183110,-0.732420,-3.662110
2.960290,-0.522775,0.013145,-0.016285,-0.522775,0.013145,-0.016285,-0.061040,-0.488280,-4.486080
2.970360,-0.635884,0.118505,0.093882,-0.635884,0.118505,0.093882,0.061040,-0.610350,-5.493160
2.980430,-0.406036,0.189824,0.090939,-0.406036,0.189824,0.090939,-0.152590,-0.274660,-6.134030
2.990490,-0.175501,0.176678,0.009418,-0.175501,0.176678,0.009418,-0.518800,-0.244140,-4.913330
3.000560,-0.064746,0.264674,-0.135476,-0.064746,0.264674,-0.135476,-0.671390,0.488280,-1.525880
3.010630,-0.012655,0.322160,0.002845,-0.012655,0.322160,0.002845,-1.342770,1.159670,0.427250
3.020690,-0.134201,0.183251,-0.034826,-0.134201,0.183251,-0.034826,-2.746580,2.685550,2.471920
3.030760,-0.513161,0.081423,-0.004905,-0.513161,0.081423,-0.004905,-2.563480,2.502440,1.525880
3.040820,-0.565252,0.101141,-0.138419,-0.565252,0.101141,-0.138419,-2.563480,1.770020,-0.762940
3.050990,-0.347961,-0.089173,-0.211504,-0.347961,-0.089173,-0.211504,-1.403810,0.274660,-5.493160
3.060970,-0.247310,0.113207,0.047775,-0.247310,0.113207,0.047775,-0.946040,0.366210,-8.117680
3.071030,-0.165299,-0.047284,-0.043262,-0.165299,-0.047284,-0.043262,-1.220700,0.061040,-9.490970
3.081120,0.170596,0.009025,0.149602,0.170596,0.009025,0.149602,-1.373290,0.671390,-9.643550
3.091170,0.208953,0.220333,0.140577,0.208953,0.220333,0.140577,-2.258300,0.976560,-6.530760
3.101230,0.254471,0.032962,-0.024623,0.254471,0.032962,-0.024623,-2.502440,1.617430,-5.462650
3.111300,0.156862,-0.084464,0.069945,0.156862,-0.084464,0.069945,-2.655030,2.075200,-4.577640
3.121450,-0.207776,0.058075,0.150780,-0.207776,0.058075,0.150780,-2.746580,1.922610,-6.408690
3.131570,-0.122134,-0.292240,-0.228867,-0.122134,-0.292240,-0.228867,-2.899170,1.403810,-8.544920
3.141520,-0.098787,0.046696,0.080736,-0.098787,0.046696,0.080736,-1.770020,0.549320,-13.244630
3.151580,0.113109,-0.080246,-0.043851,0.113109,-0.080246,-0.043851,-2.258300,-0.213620,-14.251710
3.161720,0.207776,0.007750,-0.010301,0.207776,0.007750,-0.010301,-1.739500,-0.335690,-15.716550
3.171750,0.415454,0.040712,0.117818,0.415454,0.040712,0.117818,-1.953120,-0.183110,-14.404300
3.181820,0.442431,-0.010791,0.014813,0.442431,-0.010791,0.014813,-2.227780,0.518800,-12.542720
3.191890,0.382001,0.026978,0.073575,0.382001,0.026978,0.073575,-2.258300,1.373290,-8.483890
3.201940,0.274778,-0.105948,-0.073183,0.274778,-0.105948,-0.073183,-2.746580,1.098630,-7.354740
3.212030,0.049050,0.028155,0.170498,0.049050,0.028155,0.170498,-2.563480,1.129150,-8.178710
3.222070,0.089173,-0.104182,0.098689,0.089173,-0.104182,0.098689,-2.258300,0.823970,-9.582520
3.232140,0.140087,-0.060430,-0.016873,0.140087,-0.060430,-0.016873,-1.647950,0.305180,-11.474610
3.242210,0.231712,-0.034727,0.048363,0.231712,-0.034727,0.048363,-0.793460,-0.671390,-13.671880
3.252270,0.250842,0.041300,0.004120,0.250842,0.041300,0.004120,-1.037600,-0.396730,-13.824460
3.262340,0.335306,0.031098,-0.065433,0.335306,0.031098,-0.065433,-0.915530,-0.488280,-12.817380
3.272410,0.353847,0.085053,-0.012655,0.353847,0.085053,-0.012655,-0.793460,-0.518800,-11.657710
3.282600,0.438899,-0.006573,-0.131258,0.438899,-0.006573,-0.131258,-0.610350,-0.366210,-9.857180
3.292660,0.135869,-0.089860,-0.027664,0.135869,-0.089860,-0.027664,-0.915530,-0.152590,-9.490970
3.302630,0.059252,-0.079657,0.010693,0.059252,-0.079657,0.010693,-0.579830,-0.427250,-10.101320
3.312690,0.082600,-0.135869,0.077695,0.082600,-0.135869,0.077695,-0.213620,-0.915530,-11.962890
3.322760,0.179033,-0.126353,-0.126451,0.179033,-0.126353,-0.126451,0.061040,-1.098630,-13.183590
3.332830,0.217291,-0.002354,-0.029430,0.217291,-0.002354,-0.029430,-0.915530,-0.549320,-13.549800
3.342890,0.222098,0.029332,-0.045028,0.222098,0.029332,-0.045028,-0.457760,-1.220700,-13.275150
3.352960,0.201105,0.051503,-0.027664,0.201105,0.051503,-0.027664,-0.457760,-1.098630,-12.878420
3.363030,0.269383,0.026978,-0.014519,0.269383,0.026978,-0.014519,0.213620,-1.220700,-13.061520
3.373090,0.174226,-0.004218,0.053170,0.174226,-0.004218,0.053170,-0.305180,-1.037600,-12.817380
3.383150,0.122134,0.035316,0.054936,0.122134,0.035316,0.054936,-0.274660,-1.068120,-13.000490
3.393220,0.075439,0.119780,0.109480,0.075439,0.119780,0.109480,0.213620,-1.342770,-13.916020
3.403280,0.156862,-0.080246,-0.001962,0.156862,-0.080246,-0.001962,-0.244140,-1.159670,-15.411380
3.413350,0.112521,0.008339,0.060920,0.112521,0.008339,0.060920,-0.610350,-1.220700,-15.625000
3.423420,0.174226,0.023348,0.028645,0.174226,0.023348,0.028645,-0.701900,-1.434330,-16.082760
3.433500,0.186782,0.056898,0.072300,0.186782,0.056898,0.072300,-0.366210,-1.617430,-15.960690
3.443570,0.215526,0.052091,-0.083385,0.215526,0.052091,-0.083385,-0.640870,-1.373290,-15.380860
3.453620,0.237108,0.074850,-0.010301,0.237108,0.074850,-0.010301,-0.335690,-0.946040,-14.160160
3.463680,0.072398,0.023348,0.169321,0.072398,0.023348,0.169321,-0.335690,-0.732420,-13.336180
3.473770,0.186194,0.167064,-0.032471,0.186194,0.167064,-0.032471,-0.152590,-0.946040,-12.329100
3.483830,0.147837,0.098787,-0.005494,0.147837,0.098787,-0.005494,-0.183110,-0.976560,-11.871340
3.493890,0.084366,0.029332,0.080736,0.084366,0.029332,0.080736,-0.183110,-0.854490,-11.108400
3.503950,0.208364,-0.004807,-0.048069,0.208364,-0.004807,-0.048069,0.030520,-1.068120,-10.894780
3.514020,0.082012,0.091625,0.070534,0.082012,0.091625,0.070534,-0.213620,-0.793460,-10.498050
3.524090,0.187960,0.019130,0.053759,0.187960,0.019130,0.053759,-0.305180,-0.732420,-9.307860
3.534150,0.200516,0.055721,0.023250,0.200516,0.055721,0.023250,-0.152590,-0.793460,-9.246830
3.544220,0.187960,0.169419,0.012459,0.187960,0.169419,0.012459,0.000000,-0.793460,-7.568360
3.554280,0.228083,-0.036493,0.004709,0.228083,-0.036493,0.004709,-0.396730,-0.610350,-6.347660
3.564350,0.175991,0.087407,-0.051012,0.175991,0.087407,-0.051012,-0.183110,-0.610350,-5.187990
3.574420,0.035905,-0.048461,0.086720,0.035905,-0.048461,0.086720,-0.061040,-0.518800,-5.432130
3.584480,0.026879,-0.022759,-0.049246,0.026879,-0.022759,-0.049246,-0.244140,-0.854490,-5.920410
3.594550,0.060430,0.081423,-0.037278,0.060430,0.081423,-0.037278,-0.091550,-0.762940,-7.781980
3.604620,0.043066,0.022759,0.045420,0.043066,0.022759,0.045420,-0.183110,-0.396730,-8.514400
3.614680,0.220333,0.177855,-0.005494,0.220333,0.177855,-0.005494,0.000000,-0.762940,-8.209230
3.624750,0.272424,0.174814,-0.002551,0.272424,0.174814,-0.002551,-0.091550,-0.488280,-7.995610
3.634810,0.216114,0.210719,-0.057585,0.216114,0.210719,-0.057585,-0.030520,-0.457760,-6.744380
3.644880,0.168830,0.129296,0.026781,0.168830,0.129296,0.026781,-0.152590,-0.457760,-6.317140
3.654940,0.086819,0.045518,-0.004905,0.086819,0.045518,-0.004905,-0.152590,-0.427250,-6.286620
3.665010,0.032864,0.038946,0.007063,0.032864,0.038946,0.007063,0.152590,-0.671390,-6.988530
3.675090,-0.017952,0.012557,-0.049835,-0.017952,0.012557,-0.049835,-0.061040,-0.427250,-7.690430
3.685140,-0.017364,-0.029332,0.011281,-0.017364,-0.029332,0.011281,0.030520,-0.671390,-8.544920
3.695210,-0.025800,0.032962,0.063961,-0.025800,0.032962,0.063961,0.030520,-0.823970,-8.911130
3.705270,-0.054544,-0.021582,0.048363,-0.054544,-0.021582,0.048363,-0.061040,-0.640870,-7.904050
3.715340,0.055034,0.019130,-0.007946,0.055034,0.019130,-0.007946,-0.122070,-0.518800,-7.232670
3.725400,0.061018,0.092803,0.074752,0.061018,0.092803,0.074752,0.061040,-0.518800,-6.195070
3.735470,0.039436,-0.022171,-0.030705,0.039436,-0.022171,-0.030705,0.091550,-0.274660,-3.112790
3.745530,0.049050,0.028743,-0.066610,0.049050,0.028743,-0.066610,0.244140,-0.457760,-1.861570
3.755600,-0.062294,-0.048461,0.065727,-0.062294,-0.048461,0.065727,-0.183110,0.091550,-0.030520
3.765680,-0.114385,-0.188646,-0.066610,-0.114385,-0.188646,-0.066610,0.152590,-0.091550,0.152590
3.775730,-0.202969,-0.160492,0.008240,-0.202969,-0.160492,0.008240,0.457760,-0.488280,-0.701900
3.785800,-0.150878,-0.217390,0.032765,-0.150878,-0.217390,0.032765,1.068120,-0.946040,-1.464840
3.795870,-0.183251,-0.240149,-0.028253,-0.183251,-0.240149,-0.028253,1.617430,-1.708980,-2.136230
3.805930,-0.088094,-0.121546,0.159707,-0.088094,-0.121546,0.159707,2.593990,-2.624510,-1.739500
3.816000,-0.031784,-0.128119,0.053759,-0.031784,-0.128119,0.053759,4.028320,-3.723140,-1.647950
3.826060,0.025702,-0.099375,-0.000098,0.025702,-0.099375,-0.000098,6.988530,-6.042480,-0.305180
3.836130,-0.182074,-0.022759,0.022661,-0.182074,-0.022759,0.022661,7.781980,-6.622310,-0.518800
3.846190,-0.270658,-0.066414,0.045420,-0.270658,-0.066414,0.045420,7.507320,-6.286620,-2.441410
3.856260,-0.271247,-0.085641,-0.115071,-0.271247,-0.085641,-0.115071,5.859380,-5.310060,-4.241940
3.866330,-0.291651,0.080246,0.017854,-0.291651,0.080246,0.017854,3.723140,-3.875730,-6.774900
3.876400,-0.028155,0.017952,-0.129492,-0.028155,0.017952,-0.129492,-1.434330,0.091550,-10.314940
3.886460,0.043066,0.201792,-0.155783,0.043066,0.201792,-0.155783,-3.601070,2.136230,-11.077880
3.896520,0.193944,0.154508,0.016088,0.193944,0.154508,0.016088,-5.004880,3.234860,-11.291500
3.906590,0.240051,0.120957,0.062195,0.240051,0.120957,0.062195,-4.516600,2.807620,-10.528560
3.916650,0.213760,0.094568,-0.020503,0.213760,0.094568,-0.020503,-2.899170,1.922610,-9.460450
3.926720,0.207089,0.182662,-0.013930,0.207089,0.182662,-0.013930,-2.075200,1.037600,-8.148190
3.936790,0.338249,0.042477,-0.016285,0.338249,0.042477,-0.016285,-1.251220,0.305180,-6.286620
3.946850,0.376606,0.128707,-0.005494,0.376606,0.128707,-0.005494,0.366210,-0.427250,-3.295900
3.956940,0.191589,0.201792,0.051404,0.191589,0.201792,0.051404,0.579830,-0.305180,-3.112790
3.966990,0.245446,0.150878,-0.037278,0.245446,0.150878,-0.037278,0.305180,-0.061040,-1.892090
3.977050,0.264576,0.003041,-0.016873,0.264576,0.003041,-0.016873,-0.183110,0.213620,-1.770020
3.987120,0.249076,-0.064648,-0.109087,0.249076,-0.064648,-0.109087,-1.983640,1.617430,-2.197270
3.997180,0.086230,-0.070632,-0.046794,0.086230,-0.070632,-0.046794,-2.258300,1.495360,-2.685550
4.007250,0.027468,-0.044930,0.177071,0.027468,-0.044930,0.177071,-2.166750,2.166750,-3.356930
4.017320,0.148425,-0.137144,-0.063569,0.148425,-0.137144,-0.063569,-1.953120,1.434330,-2.868650
4.027380,0.090939,-0.110755,0.050816,0.090939,-0.110755,0.050816,-1.861570,1.190190,-2.746580
4.037450,0.105359,0.057487,0.135770,0.105359,0.057487,0.135770,-0.610350,0.701900,-1.098630
4.047660,0.123312,0.008339,-0.000098,0.123312,0.008339,-0.000098,-0.671390,0.579830,-0.213620
4.057610,0.108302,0.025114,0.070534,0.108302,0.025114,0.070534,-0.671390,0.854490,1.129150
4.067680,0.057487,0.017364,-0.016873,0.057487,0.017364,-0.016873,-1.281740,1.312260,1.312260
4.077760,-0.058762,-0.063471,0.068768,-0.058762,-0.063471,0.068768,-1.281740,1.403810,0.701900
4.087810,-0.107223,-0.223962,0.027468,-0.107223,-0.223962,0.027468,-1.953120,1.403810,-1.068120
4.097870,-0.084464,-0.041889,0.270560,-0.084464,-0.041889,0.270560,-0.366210,0.244140,-2.838130
4.107940,-0.080834,-0.093391,0.004120,-0.080834,-0.093391,0.004120,-0.396730,-0.091550,-5.279540
4.118000,-0.070043,0.004807,-0.079755,-0.070043,0.004807,-0.079755,-0.976560,0.183110,-5.981450
4.128260,0.046107,0.004807,0.048363,0.046107,0.004807,0.048363,-0.946040,0.152590,-5.981450
4.138160,0.061018,0.091037,0.085543,0.061018,0.091037,0.085543,-0.366210,0.061040,-5.523680
4.148220,0.105359,-0.004807,0.072300,0.105359,-0.004807,0.072300,-0.518800,0.000000,-5.004880
4.158290,0.135869,0.021582,-0.077990,0.135869,0.021582,-0.077990,-0.305180,0.152590,-3.112790
4.168350,0.151466,0.177855,0.131650,0.151466,0.177855,0.131650,0.335690,0.000000,-2.349850
4.178420,0.159216,0.121546,-0.085151,0.159216,0.121546,-0.085151,-0.213620,-0.030520,-0.854490
4.188480,-0.051503,-0.054446,0.023838,-0.051503,-0.054446,0.023838,-0.366210,0.305180,-0.854490
4.198610,0.031098,0.026389,0.037572,0.031098,0.026389,0.037572,-0.427250,0.183110,-3.173830
4.208620,-0.044341,-0.039534,-0.068376,-0.044341,-0.039534,-0.068376,-0.823970,0.366210,-3.692630
4.218690,-0.021582,-0.093391,-0.049835,-0.021582,-0.093391,-0.049835,-0.579830,0.122070,-3.906250
4.228750,0.061018,0.035316,0.020797,0.061018,0.035316,0.020797,0.762940,-0.885010,-3.997800
4.238820,0.048461,0.063471,-0.012655,0.048461,0.063471,-0.012655,0.946040,-0.854490,-3.479000
4.248920,0.089173,0.083777,-0.002551,0.089173,0.083777,-0.002551,0.366210,0.122070,-0.244140
4.258960,0.117328,0.083189,-0.026487,0.117328,0.083189,-0.026487,0.579830,-0.122070,0.457760
4.269020,0.195710,0.209542,0.093882,0.195710,0.209542,0.093882,0.701900,0.000000,2.441410
4.279100,0.177757,-0.039534,-0.040221,0.177757,-0.039534,-0.040221,1.159670,-0.427250,5.920410
4.289150,0.061018,-0.047284,-0.021092,0.061018,-0.047284,-0.021092,1.525880,-0.518800,6.378170
4.299270,0.159805,0.041300,0.101632,0.159805,0.041300,0.101632,3.265380,-1.770020,8.056640
4.309290,-0.058075,0.015009,0.060332,-0.058075,0.015009,0.060332,4.882810,-3.021240,8.453370
4.319470,0.020895,-0.237108,0.030411,0.020895,-0.237108,0.030411,8.087160,-5.706790,9.460450
4.329570,-0.044930,-0.113207,0.094470,-0.044930,-0.113207,0.094470,9.979250,-7.537840,8.605960
4.339520,-0.021582,0.053857,-0.240247,-0.021582,0.053857,-0.240247,9.582520,-7.110600,6.317140
4.349580,0.093980,-0.256237,0.006475,0.093980,-0.256237,0.006475,5.065920,-3.662110,4.455570
4.359640,0.211307,-0.080246,0.009418,0.211307,-0.080246,0.009418,3.814700,-2.685550,2.502440
4.369720,0.355024,0.135280,0.109480,0.355024,0.135280,0.109480,1.770020,-1.068120,-1.464840
4.379780,0.481965,-0.034727,-0.065433,0.481965,-0.034727,-0.065433,1.251220,-1.434330,-3.295900
4.389850,0.645989,0.176678,0.019620,0.645989,0.176678,0.019620,1.403810,-1.464840,-6.530760
4.399910,0.842973,0.322160,0.031000,0.842973,0.322160,0.031000,1.159670,-1.525880,-7.507320
4.409980,1.042999,0.190412,-0.074360,1.042999,0.190412,-0.074360,0.915530,-1.739500,-7.385250
4.420040,1.123245,0.267617,-0.077401,1.123245,0.267617,-0.077401,0.610350,-1.342770,-7.476810
4.430110,1.190934,0.268794,-0.065433,1.190934,0.268794,-0.065433,0.213620,-1.098630,-7.263180
4.440170,1.340537,0.198162,0.034629,1.340537,0.198162,0.034629,0.335690,-0.793460,-6.073000
4.450240,1.299825,0.383767,-0.077401,1.299825,0.383767,-0.077401,0.793460,-1.373290,-5.645750
4.460300,1.329157,0.280174,-0.051012,1.329157,0.280174,-0.051012,0.366210,-0.793460,-4.089360
4.470370,1.242338,0.272424,-0.055819,1.242338,0.272424,-0.055819,0.427250,-0.762940,-3.936770
4.480500,1.196231,0.185017,-0.039044,1.196231,0.185017,-0.039044,-0.030520,-0.396730,-3.173830
4.490520,1.138843,0.125764,-0.025898,1.138843,0.125764,-0.025898,0.000000,-0.305180,-2.624510
4.500570,1.099897,0.135280,-0.003139,1.099897,0.135280,-0.003139,0.183110,-0.335690,-2.166750
4.510640,1.046629,0.112521,-0.026487,1.046629,0.112521,-0.026487,0.305180,-0.274660,-1.159670
4.520710,0.884371,0.106537,-0.024035,0.884371,0.106537,-0.024035,0.274660,-0.183110,-0.793460
4.530770,0.702887,0.108989,-0.015107,0.702887,0.108989,-0.015107,-0.061040,0.152590,-0.457760
4.540840,0.443608,0.090448,-0.006082,0.443608,0.090448,-0.006082,-0.152590,0.244140,-0.366210
4.550900,0.370033,0.080246,-0.001962,0.370033,0.080246,-0.001962,-0.152590,0.213620,-0.244140
4.560970,0.228083,0.074850,0.003434,0.228083,0.074850,0.003434,0.061040,0.122070,-0.030520
4.571040,0.187371,0.089173,0.000491,0.187371,0.089173,0.000491,0.183110,0.061040,0.000000
4.581100,0.141853,0.089173,-0.011478,0.141853,0.089173,-0.011478,0.122070,0.091550,0.061040
4.591170,0.117916,0.085053,-0.010301,0.117916,0.085053,-0.010301,0.091550,0.091550,0.122070
4.601230,0.095157,0.089860,-0.004316,0.095157,0.089860,-0.004316,0.183110,0.030520,0.183110
4.611300,0.082012,0.092214,0.004120,0.082012,0.092214,0.004120,0.213620,-0.030520,0.152590
4.621360,0.084366,0.092214,-0.000098,0.084366,0.092214,-0.000098,0.244140,-0.030520,0.152590
4.631430,0.079559,0.088584,-0.019914,0.079559,0.088584,-0.019914,0.122070,0.000000,0.091550
4.641510,0.076027,0.091037,-0.018639,0.076027,0.091037,-0.018639,0.000000,0.091550,0.061040
4.651560,0.064648,0.087407,0.002845,0.064648,0.087407,0.002845,-0.091550,0.152590,0.061040
4.661630,0.062195,0.087996,0.004120,0.062195,0.087996,0.004120,-0.061040,0.122070,0.061040
4.671690,0.062882,0.083777,-0.000687,0.062882,0.083777,-0.000687,0.122070,-0.030520,0.061040
4.681770,0.058075,0.086819,-0.004905,0.058075,0.086819,-0.004905,0.183110,-0.091550,0.091550
4.691830,0.055623,0.083189,0.000491,0.055623,0.083189,0.000491,0.274660,-0.152590,0.091550
4.701890,0.063471,0.086230,0.010693,0.063471,0.086230,0.010693,0.366210,-0.274660,0.091550
4.711950,0.068866,0.085641,0.010104,0.068866,0.085641,0.010104,0.396730,-0.305180,0.091550
4.722020,0.067591,0.093391,-0.003728,0.067591,0.093391,-0.003728,0.366210,-0.213620,0.030520
4.732090,0.072986,0.093980,-0.009712,0.072986,0.093980,-0.009712,0.305180,-0.122070,0.061040
4.742150,0.077793,0.088584,-0.008535,0.077793,0.088584,-0.008535,0.091550,0.061040,0.000000
4.752220,0.068180,0.079657,0.004709,0.068180,0.079657,0.004709,0.000000,0.091550,0.000000
4.762280,0.064648,0.071221,0.003434,0.064648,0.071221,0.003434,-0.061040,0.091550,0.000000
4.772350,0.055034,0.071221,0.003434,0.055034,0.071221,0.003434,-0.030520,0.091550,0.030520
4.782420,0.049639,0.079657,-0.000098,0.049639,0.079657,-0.000098,-0.030520,0.091550,0.000000
4.792480,0.046696,0.082600,-0.004316,0.046696,0.082600,-0.004316,0.000000,0.000000,0.030520
4.802550,0.052680,0.084464,0.000491,0.052680,0.084464,0.000491,0.030520,0.000000,0.000000
4.812610,0.057487,0.089860,0.002845,0.057487,0.089860,0.002845,0.091550,-0.030520,0.000000
4.822680,0.064059,0.093391,-0.001275,0.064059,0.093391,-0.001275,0.091550,-0.061040,-0.030520
4.832750,0.064648,0.086819,-0.004905,0.064648,0.086819,-0.004905,0.152590,-0.061040,-0.061040
4.842810,0.069455,0.087996,0.007652,0.069455,0.087996,0.007652,0.183110,-0.061040,-0.030520
4.852880,0.070632,0.085641,0.013636,0.070632,0.085641,0.013636,0.152590,-0.030520,0.030520
4.862940,0.061607,0.082012,0.010104,0.061607,0.082012,0.010104,0.152590,-0.030520,0.030520
4.873010,0.058664,0.084464,0.010104,0.058664,0.084464,0.010104,0.152590,-0.061040,0.030520
4.883080,0.053268,0.086819,0.002845,0.053268,0.086819,0.002845,0.183110,-0.091550,0.091550
4.893140,0.058075,0.092803,0.009418,0.058075,0.092803,0.009418,0.183110,-0.061040,0.061040
4.903210,0.058664,0.091037,0.008240,0.058664,0.091037,0.008240,0.183110,-0.061040,0.030520
4.913270,0.062882,0.092803,-0.000098,0.062882,0.092803,-0.000098,0.122070,-0.030520,0.030520
4.923340,0.062195,0.090448,-0.004905,0.062195,0.090448,-0.004905,0.061040,0.000000,0.061040
4.933400,0.062195,0.090448,-0.000687,0.062195,0.090448,-0.000687,0.061040,0.000000,0.030520
4.943470,0.066414,0.085053,-0.002551,0.066414,0.085053,-0.002551,0.061040,0.000000,0.030520
4.953530,0.062882,0.087407,0.000491,0.062882,0.087407,0.000491,0.000000,0.030520,0.061040
4.963600,0.059252,0.084464,0.004120,0.059252,0.084464,0.004120,0.000000,0.030520,0.061040
4.973680,0.058075,0.082012,0.009418,0.058075,0.082012,0.009418,0.000000,0.061040,0.061040
4.983730,0.061018,0.072496,0.002256,0.061018,0.072496,0.002256,0.000000,0.122070,0.061040
4.993800,0.055034,0.066414,0.001668,0.055034,0.066414,0.001668,0.030520,0.122070,0.152590
5.003860,0.067591,0.076027,0.007652,0.067591,0.076027,0.007652,0.061040,0.091550,0.488280
5.013930,0.069455,0.082012,0.005886,0.069455,0.082012,0.005886,0.091550,0.091550,0.457760
5.024000,0.063471,0.087996,0.009418,0.063471,0.087996,0.009418,0.091550,0.061040,0.335690
5.034060,0.065825,0.087996,-0.007259,0.065825,0.087996,-0.007259,0.091550,0.061040,0.244140
5.044130,0.064648,0.086819,-0.010889,0.064648,0.086819,-0.010889,0.091550,0.061040,0.244140
5.054300,0.057487,0.086819,-0.001962,0.057487,0.086819,-0.001962,0.061040,0.061040,0.152590
5.064270,0.056211,0.091625,0.004709,0.056211,0.091625,0.004709,0.030520,0.091550,0.152590
5.074340,0.064059,0.090448,-0.002551,0.064059,0.090448,-0.002551,0.000000,0.091550,0.091550
5.084410,0.064648,0.085053,-0.001962,0.064648,0.085053,-0.001962,0.000000,0.091550,0.091550
5.094470,0.064648,0.083777,0.005297,0.064648,0.083777,0.005297,0.000000,0.091550,0.061040
5.104530,0.067002,0.079657,0.004709,0.067002,0.079657,0.004709,0.000000,0.061040,0.000000
5.114610,0.061607,0.079657,0.000491,0.061607,0.079657,0.000491,0.061040,0.061040,-0.030520
5.124800,0.057487,0.079069,-0.003139,0.057487,0.079069,-0.003139,0.030520,0.061040,-0.030520
5.134860,0.059841,0.083189,0.002845,0.059841,0.083189,0.002845,0.030520,0.030520,-0.030520
5.144830,0.058075,0.087407,0.002845,0.058075,0.087407,0.002845,0.000000,0.030520,0.000000
5.154890,0.052091,0.086819,-0.004905,0.052091,0.086819,-0.004905,0.000000,0.061040,0.000000
5.164960,0.058664,0.086819,-0.003139,0.058664,0.086819,-0.003139,0.000000,0.030520,0.061040
5.175030,0.058075,0.081423,-0.011478,0.058075,0.081423,-0.011478,0.030520,0.061040,0.061040
5.185110,0.055623,0.082012,-0.007259,0.055623,0.082012,-0.007259,0.000000,0.061040,0.061040
5.195160,0.055034,0.078480,-0.001275,0.055034,0.078480,-0.001275,0.030520,0.091550,0.030520
5.205220,0.058664,0.082600,-0.001962,0.058664,0.082600,-0.001962,0.030520,0.091550,0.061040
5.215290,0.053857,0.084464,-0.000098,0.053857,0.084464,-0.000098,0.030520,0.030520,0.000000
5.225360,0.050816,0.079657,-0.007259,0.050816,0.079657,-0.007259,0.030520,0.030520,0.000000
5.235420,0.051503,0.076616,-0.005494,0.051503,0.076616,-0.005494,0.030520,0.030520,0.061040
5.245500,0.049639,0.070632,-0.003139,0.049639,0.070632,-0.003139,0.061040,0.030520,0.061040
5.255550,0.052680,0.071221,-0.001275,0.052680,0.071221,-0.001275,0.030520,0.061040,0.091550
5.265670,0.056211,0.070043,-0.000098,0.056211,0.070043,-0.000098,0.000000,0.030520,0.122070
5.275710,0.056211,0.073085,-0.000098,0.056211,0.073085,-0.000098,0.000000,0.030520,0.152590
5.285760,0.055034,0.076616,0.002256,0.055034,0.076616,0.002256,0.000000,0.030520,0.183110
5.295820,0.047284,0.072496,-0.006671,0.047284,0.072496,-0.006671,0.000000,0.030520,0.183110
5.305890,0.049639,0.079069,-0.006082,0.049639,0.079069,-0.006082,-0.030520,0.030520,0.152590
5.315980,0.049050,0.077793,-0.000687,0.049050,0.077793,-0.000687,0.030520,0.000000,0.183110
5.326020,0.043066,0.073673,-0.004905,0.043066,0.073673,-0.004905,0.061040,0.000000,0.152590
5.336090,0.052680,0.073673,-0.007946,0.052680,0.073673,-0.007946,0.000000,0.061040,0.183110
5.346150,0.059252,0.071221,-0.001962,0.059252,0.071221,-0.001962,-0.030520,0.091550,0.213620
5.356220,0.063471,0.067689,-0.001275,0.063471,0.067689,-0.001275,0.030520,0.091550,0.213620
5.366280,0.057487,0.072496,-0.003139,0.057487,0.072496,-0.003139,0.030520,0.061040,0.213620
5.376350,0.056211,0.073085,-0.006082,0.056211,0.073085,-0.006082,0.061040,0.061040,0.183110
5.386600,0.054446,0.080834,-0.007259,0.054446,0.080834,-0.007259,0.061040,0.061040,0.183110
5.396600,0.047873,0.079657,-0.000687,0.047873,0.079657,-0.000687,0.091550,0.061040,0.183110
5.406610,0.042477,0.077205,-0.006082,0.042477,0.077205,-0.006082,0.061040,0.061040,0.152590
5.416670,0.038848,0.077205,-0.015107,0.038848,0.077205,-0.015107,0.061040,0.030520,0.152590
5.426730,0.042477,0.085053,-0.019914,0.042477,0.085053,-0.019914,0.061040,0.030520,0.091550
5.436800,0.043066,0.080834,-0.015696,0.043066,0.080834,-0.015696,0.061040,0.030520,0.091550
5.446860,0.043066,0.081423,-0.007946,0.043066,0.081423,-0.007946,0.030520,0.061040,0.091550
5.456930,0.041889,0.067100,-0.010301,0.041889,0.067100,-0.010301,0.091550,0.061040,0.061040
5.467000,0.047873,0.071809,-0.012655,0.047873,0.071809,-0.012655,0.122070,0.091550,0.061040
5.477090,0.055034,0.077205,-0.007946,0.055034,0.077205,-0.007946,0.122070,0.061040,0.061040
5.487160,0.064059,0.082600,-0.000098,0.064059,0.082600,-0.000098,0.091550,0.030520,0.091550
5.497200,0.065825,0.086819,0.007652,0.065825,0.086819,0.007652,0.091550,0.061040,0.183110
5.507270,0.056800,0.079657,0.005297,0.056800,0.079657,0.005297,0.091550,0.061040,0.274660
5.517330,0.059252,0.080834,-0.006082,0.059252,0.080834,-0.006082,0.061040,0.091550,0.274660
5.527400,0.062195,0.083777,-0.002551,0.062195,0.083777,-0.002551,0.000000,0.091550,0.213620
5.537470,0.059841,0.088584,0.005886,0.059841,0.088584,0.005886,0.030520,0.061040,0.183110
5.547540,0.058664,0.091037,0.013047,0.058664,0.091037,0.013047,0.030520,0.061040,0.213620
5.557600,0.055034,0.091037,0.001668,0.055034,0.091037,0.001668,0.061040,0.030520,0.183110
5.567670,0.058075,0.093980,-0.003139,0.058075,0.093980,-0.003139,0.091550,0.000000,0.183110
5.577740,0.065825,0.089860,0.005297,0.065825,0.089860,0.005297,0.091550,-0.030520,0.183110
5.587800,0.062195,0.087996,0.007652,0.062195,0.087996,0.007652,0.061040,0.000000,0.213620
5.597870,0.066414,0.086819,-0.010889,0.066414,0.086819,-0.010889,0.091550,0.000000,0.244140
5.607940,0.062195,0.091625,-0.008535,0.062195,0.091625,-0.008535,0.061040,0.061040,0.274660
5.618000,0.054446,0.086230,0.004709,0.054446,0.086230,0.004709,0.000000,0.122070,0.305180
5.628070,0.044832,0.077793,0.004120,0.044832,0.077793,0.004120,0.000000,0.152590,0.305180
5.638130,0.040712,0.071809,-0.009123,0.040712,0.071809,-0.009123,-0.030520,0.091550,0.244140
5.648200,0.043066,0.063471,-0.005494,0.043066,0.063471,-0.005494,0.000000,0.091550,0.183110
5.658260,0.046107,0.067100,0.002256,0.046107,0.067100,0.002256,0.000000,0.091550,0.183110
5.668330,0.046696,0.060430,0.013047,0.046696,0.060430,0.013047,0.030520,0.030520,0.122070
5.678400,0.046107,0.067100,-0.000687,0.046107,0.067100,-0.000687,0.030520,0.000000,0.091550
5.688460,0.053268,0.063471,-0.009123,0.053268,0.063471,-0.009123,0.122070,-0.030520,0.122070
5.698520,0.056211,0.072496,0.002845,0.056211,0.072496,0.002845,0.091550,0.000000,0.091550
5.708590,0.057487,0.079069,0.007063,0.057487,0.079069,0.007063,0.061040,0.030520,0.091550
5.718660,0.061607,0.073085,-0.010889,0.061607,0.073085,-0.010889,0.061040,0.000000,0.091550
5.728730,0.062195,0.071221,-0.014519,0.062195,0.071221,-0.014519,0.030520,0.000000,0.091550
5.738790,0.059841,0.072496,0.008829,0.059841,0.072496,0.008829,0.061040,0.000000,0.122070
5.748860,0.054446,0.073085,0.008240,0.054446,0.073085,0.008240,0.061040,-0.030520,0.122070
5.758920,0.055034,0.077205,-0.005494,0.055034,0.077205,-0.005494,0.122070,-0.030520,0.152590
5.768990,0.053268,0.074850,-0.001962,0.053268,0.074850,-0.001962,0.091550,0.000000,0.152590
5.779050,0.055623,0.077205,-0.000098,0.055623,0.077205,-0.000098,0.061040,0.030520,0.183110
5.789120,0.052091,0.080246,0.002256,0.052091,0.080246,0.002256,0.061040,0.000000,0.213620
5.799190,0.056800,0.075439,0.002256,0.056800,0.075439,0.002256,0.061040,0.000000,0.274660
5.809250,0.060430,0.080246,-0.005494,0.060430,0.080246,-0.005494,0.061040,0.030520,0.305180
5.819320,0.055623,0.078480,-0.003139,0.055623,0.078480,-0.003139,0.061040,0.030520,0.305180
5.829380,0.061018,0.079069,-0.000687,0.061018,0.079069,-0.000687,0.061040,0.000000,0.274660
5.839450,0.067002,0.078480,-0.001275,0.067002,0.078480,-0.001275,0.091550,0.030520,0.244140
5.849520,0.070632,0.079069,0.001668,0.070632,0.079069,0.001668,0.061040,0.030520,0.122070
5.859590,0.098198,0.080834,0.002845,0.098198,0.080834,0.002845,0.061040,0.000000,0.091550
5.869650,0.100553,0.082600,0.012459,0.100553,0.082600,0.012459,0.030520,0.000000,0.061040
5.879720,0.132337,0.076027,0.011281,0.132337,0.076027,0.011281,0.091550,-0.030520,0.030520
5.889780,0.149014,0.081423,0.001668,0.149014,0.081423,0.001668,0.122070,-0.122070,0.030520
5.899840,0.164023,0.090448,-0.003728,0.164023,0.090448,-0.003728,0.152590,-0.183110,-0.061040
5.909910,0.196985,0.101141,-0.006671,0.196985,0.101141,-0.006671,0.122070,-0.122070,0.030520
5.919970,0.181976,0.067689,0.004709,0.181976,0.067689,0.004709,0.061040,-0.030520,0.122070
5.930040,0.176580,0.101141,-0.001962,0.176580,0.101141,-0.001962,-0.061040,0.091550,0.183110
5.940110,0.166378,0.131160,0.001079,0.166378,0.131160,0.001079,-0.122070,0.091550,0.518800
5.950170,0.248487,0.128707,-0.003728,0.248487,0.128707,-0.003728,-0.122070,0.335690,2.838130
5.960260,0.212485,0.194042,0.005297,0.212485,0.194042,0.005297,-0.091550,0.213620,2.990720
5.970310,0.186194,0.005984,0.022661,0.186194,0.005984,0.022661,-0.030520,0.549320,3.753660
5.980370,0.102318,0.050325,-0.003139,0.102318,0.050325,-0.003139,0.030520,0.488280,3.173830
5.990440,0.055034,0.009025,0.011870,0.055034,0.009025,0.011870,0.061040,0.274660,2.655030
6.000500,0.065825,0.158039,0.001668,0.065825,0.158039,0.001668,0.122070,0.152590,2.929690
6.010570,0.032275,0.036493,0.032765,0.032275,0.036493,0.032765,0.183110,0.183110,3.173830
6.020640,-0.116150,0.039534,0.001668,-0.116150,0.039534,0.001668,0.061040,0.213620,2.441410
6.030700,-0.098198,0.027566,0.004709,-0.098198,0.027566,0.004709,0.061040,0.183110,2.258300
6.040770,-0.078480,0.023348,-0.000687,-0.078480,0.023348,-0.000687,0.122070,0.091550,1.800540
6.050940,-0.074262,0.023936,0.003434,-0.074262,0.023936,0.003434,0.183110,0.061040,1.556400
6.060910,-0.077891,0.040712,-0.004316,-0.077891,0.040712,-0.004316,0.183110,0.061040,1.037600
6.070980,-0.035316,0.049737,0.002256,-0.035316,0.049737,0.002256,0.061040,0.091550,0.793460
6.081070,-0.022759,0.056898,-0.001962,-0.022759,0.056898,-0.001962,0.000000,0.152590,0.549320
6.091110,-0.010202,0.070043,-0.001962,-0.010202,0.070043,-0.001962,-0.061040,0.091550,0.152590
6.101170,0.003532,0.079069,-0.003139,0.003532,0.079069,-0.003139,-0.061040,0.091550,-0.152590
6.111250,0.064059,0.085053,0.013047,0.064059,0.085053,0.013047,0.030520,0.000000,-0.854490
6.121370,0.097610,0.086819,0.007652,0.097610,0.086819,0.007652,0.061040,-0.061040,-1.281740
6.131540,0.141264,0.083777,-0.000687,0.141264,0.083777,-0.000687,-0.030520,-0.091550,-1.983640
6.141460,0.207089,0.074850,0.002256,0.207089,0.074850,0.002256,-0.030520,-0.183110,-2.258300
6.151630,0.223864,0.087407,0.008240,0.223864,0.087407,0.008240,-0.030520,-0.183110,-2.532960
6.161680,0.316078,0.076616,0.001079,0.316078,0.076616,0.001079,-0.183110,-0.122070,-3.234860
6.171690,0.320296,0.065825,-0.011478,0.320296,0.065825,-0.011478,-0.366210,-0.030520,-3.448490
6.181750,0.261044,0.073085,-0.037278,0.261044,0.073085,-0.037278,-1.190190,0.793460,-3.265380
6.191810,0.239462,0.134103,-0.046205,0.239462,0.134103,-0.046205,-2.075200,1.556400,-2.990720
6.201880,0.268205,0.107223,-0.015696,0.268205,0.107223,-0.015696,-3.936770,3.204350,-2.349850
6.211940,0.382001,0.072496,-0.004905,0.382001,0.072496,-0.004905,-4.425050,3.479000,-2.288820
6.222010,0.440077,0.142539,-0.007946,0.440077,0.142539,-0.007946,-4.486080,3.509520,-2.075200
6.232070,0.529838,0.128707,0.026781,0.529838,0.128707,0.026781,-3.692630,3.173830,-0.793460
6.242140,0.523265,0.079657,0.048952,0.523265,0.079657,0.048952,-2.868650,2.441410,-0.518800
6.252210,0.519636,0.192767,0.007063,0.519636,0.192767,0.007063,-2.014160,1.739500,0.335690
6.262270,0.468820,0.029332,0.010693,0.468820,0.029332,0.010693,-1.037600,0.732420,-0.213620
6.272340,0.493345,0.027566,0.022072,0.493345,0.027566,0.022072,0.152590,0.213620,0.946040
6.282430,0.376017,0.029921,0.022661,0.376017,0.029921,0.022661,0.000000,0.457760,1.220700
6.292470,0.372976,0.145482,-0.038455,0.372976,0.145482,-0.038455,-0.579830,0.579830,0.823970
6.302540,0.453222,0.092803,-0.015696,0.453222,0.092803,-0.015696,-2.075200,2.288820,2.563480
6.312600,0.404761,-0.004218,0.004120,0.404761,-0.004218,0.004120,-2.380370,2.441410,2.685550
6.322670,0.346685,0.046107,0.008240,0.346685,0.046107,0.008240,-2.716060,2.624510,3.204350
6.332740,0.366404,0.004807,0.020209,0.366404,0.004807,0.020209,-2.685550,2.655030,3.265380
6.342900,0.340015,-0.028743,0.054936,0.340015,-0.028743,0.054936,-2.136230,2.166750,2.838130
6.352890,0.318531,0.083189,0.071711,0.318531,0.083189,0.071711,-1.708980,2.166750,3.295900
6.362950,0.384356,0.073673,0.038161,0.384356,0.073673,0.038161,-0.518800,1.007080,2.746580
6.373020,0.385533,0.066414,-0.023446,0.385533,0.066414,-0.023446,-0.152590,0.457760,3.234860
6.383080,0.383179,0.040123,0.055525,0.383179,0.040123,0.055525,-0.335690,0.854490,4.211430
6.393170,0.426833,-0.018541,0.047186,0.426833,-0.018541,0.047186,-0.305180,0.976560,5.035400
6.403220,0.345999,-0.071809,0.040025,0.345999,-0.071809,0.040025,-0.457760,1.068120,5.065920
6.413280,0.316078,-0.013734,0.048952,0.316078,-0.013734,0.048952,-0.305180,0.946040,5.432130
6.423350,0.292142,-0.108401,0.041202,0.292142,-0.108401,0.041202,0.000000,0.732420,5.645750
6.433420,0.354435,0.024525,-0.043851,0.354435,0.024525,-0.043851,0.213620,0.305180,5.157470
6.443490,0.412511,0.009025,-0.076126,0.412511,0.009025,-0.076126,1.525880,-0.762940,4.455570
6.453550,0.396913,0.003041,0.053759,0.396913,0.003041,0.053759,1.922610,-1.037600,4.516600
6.463770,0.378960,-0.076027,0.047186,0.378960,-0.076027,0.047186,1.770020,-1.129150,4.333500
6.473830,0.482554,0.004807,-0.025310,0.482554,0.004807,-0.025310,1.434330,-0.518800,5.462650
6.483850,0.439488,0.034727,-0.005494,0.439488,0.034727,-0.005494,0.732420,0.000000,5.371090
6.493860,0.402897,0.037082,0.012459,0.402897,0.037082,0.012459,0.488280,-0.030520,5.889890
6.503920,0.409469,0.047873,-0.016285,0.409469,0.047873,-0.016285,0.213620,0.457760,6.469730
6.513990,0.408292,-0.041889,0.011870,0.408292,-0.041889,0.011870,-0.152590,0.640870,6.591800
6.524050,0.352081,0.132926,0.074164,0.352081,0.132926,0.074164,0.061040,0.366210,6.439210
6.534190,0.408292,0.088584,-0.007946,0.408292,0.088584,-0.007946,0.244140,0.274660,5.859380
6.544240,0.308917,-0.001766,-0.036689,0.308917,-0.001766,-0.036689,0.488280,-0.091550,5.279540
6.554310,0.250842,0.030509,0.035218,0.250842,0.030509,0.035218,0.732420,-0.061040,5.126950
6.564380,0.289199,-0.191001,-0.072005,0.289199,-0.191001,-0.072005,0.549320,-0.213620,3.967290
6.574440,0.164023,-0.034139,0.035807,0.164023,-0.034139,0.035807,0.671390,-0.274660,3.082280
6.584510,0.204146,-0.055721,0.027468,0.204146,-0.055721,0.027468,0.488280,0.091550,2.929690
6.594570,0.165200,-0.049737,0.005886,0.165200,-0.049737,0.005886,0.396730,-0.061040,2.655030
6.604650,0.142441,0.097021,-0.031883,0.142441,0.097021,-0.031883,0.183110,0.091550,2.868650
6.614700,0.026291,0.082012,0.119584,0.026291,0.082012,0.119584,0.610350,0.091550,3.051760
6.624770,0.056800,0.010202,0.050129,0.056800,0.010202,0.050129,0.488280,-0.366210,2.777100
6.634840,0.054446,-0.023348,-0.017462,0.054446,-0.023348,-0.017462,0.305180,-0.335690,2.227780
6.644900,-0.000000,0.001177,0.038161,-0.000000,0.001177,0.038161,0.335690,0.061040,2.166750
6.654970,0.002354,-0.008339,0.016088,0.002354,-0.008339,0.016088,-0.427250,0.488280,1.403810
6.665040,-0.049148,-0.041300,0.091527,-0.049148,-0.041300,0.091527,-0.915530,0.762940,0.946040
6.675100,0.069455,-0.051503,-0.095942,0.069455,-0.051503,-0.095942,-1.770020,1.037600,-1.098630
6.685180,0.008339,-0.071809,0.028057,0.008339,-0.071809,0.028057,-1.373290,0.671390,-2.105710
6.695230,0.067002,-0.074850,0.102220,0.067002,-0.074850,0.102220,-0.793460,0.244140,-4.028320
6.705300,0.234067,0.092803,-0.135476,0.234067,0.092803,-0.135476,-1.464840,0.823970,-5.981450
6.715370,0.269383,0.195808,0.005886,0.269383,0.195808,0.005886,-1.922610,1.159670,-6.011960
6.725430,0.278408,0.211405,0.062195,0.278408,0.211405,0.062195,-2.655030,2.166750,-3.051760
6.735500,0.287335,0.152055,0.030411,0.287335,0.152055,0.030411,-2.532960,2.136230,-1.403810
6.745560,0.302933,0.179621,-0.065433,0.302933,0.179621,-0.065433,-1.098630,1.098630,0.976560
6.755640,0.178346,0.056309,0.003434,0.178346,0.056309,0.003434,-1.007080,0.915530,1.861570
6.765700,0.128707,-0.017364,-0.031883,0.128707,-0.017364,-0.031883,-0.579830,0.946040,2.380370
6.775760,-0.051503,-0.075439,0.122036,-0.051503,-0.075439,0.122036,0.274660,0.183110,1.770020
6.785830,-0.026978,-0.220333,0.041791,-0.026978,-0.220333,0.041791,0.457760,-0.305180,1.220700
6.795890,-0.116837,-0.213760,0.163337,-0.116837,-0.213760,0.163337,0.000000,0.122070,-0.671390
6.805960,0.090350,-0.322749,-0.026487,0.090350,-0.322749,-0.026487,-0.213620,0.091550,-1.342770
6.817090,0.173637,-0.164612,-0.064746,0.173637,-0.164612,-0.064746,-0.427250,0.213620,-2.655030
6.829380,0.193355,-0.038946,0.109480,0.193355,-0.038946,0.109480,-0.427250,0.183110,-2.410890
6.839470,0.311271,0.010202,-0.004905,0.311271,0.010202,-0.004905,-0.244140,0.061040,-0.793460
6.849620,0.405349,-0.002354,0.026781,0.405349,-0.002354,0.026781,0.122070,-0.091550,0.701900
6.859680,0.380726,0.113207,0.035218,0.380726,0.113207,0.035218,0.335690,0.122070,2.166750
6.869790,0.199928,-0.002354,0.150191,0.199928,-0.002354,0.150191,-0.122070,0.518800,4.730220
6.879870,0.232889,0.074850,-0.041398,0.232889,0.074850,-0.041398,0.091550,0.549320,5.737300
6.889960,0.218469,0.035316,0.011281,0.218469,0.035316,0.011281,0.000000,0.701900,6.622310
6.900050,0.187371,0.025114,0.084857,0.187371,0.025114,0.084857,0.152590,0.732420,6.805420
6.910150,0.204735,0.021582,-0.094765,0.204735,0.021582,-0.094765,0.152590,0.457760,6.408690
6.920080,0.091527,-0.010202,0.041791,0.091527,-0.010202,0.041791,0.030520,0.793460,6.774900
6.929830,0.138321,-0.032962,-0.048658,0.138321,-0.032962,-0.048658,-0.244140,0.854490,7.080080
6.939910,0.022072,-0.013145,0.044832,0.022072,-0.013145,0.044832,-0.213620,0.823970,6.927490
6.950000,0.026879,-0.060430,-0.000098,0.026879,-0.060430,-0.000098,-0.061040,0.823970,6.835940
6.960090,0.019130,0.029921,0.022661,0.019130,0.029921,0.022661,0.335690,0.671390,7.110600
6.970180,0.080246,-0.021582,-0.050423,0.080246,-0.021582,-0.050423,0.091550,0.823970,7.293700
6.980270,-0.010202,0.068866,0.018443,-0.010202,0.068866,0.018443,0.152590,0.518800,7.965090
6.990370,0.002943,0.062294,-0.055230,0.002943,0.062294,-0.055230,0.000000,0.701900,8.422850
7.000450,-0.085053,0.049737,0.081914,-0.085053,0.049737,0.081914,-0.183110,0.915530,8.789060
7.010550,-0.193453,0.097021,0.008240,-0.193453,0.097021,0.008240,0.000000,0.885010,8.178710
7.021000,-0.282626,0.119192,0.022072,-0.282626,0.119192,0.022072,0.396730,0.762940,7.659910
7.031400,-0.376017,0.114385,-0.029430,-0.376017,0.114385,-0.029430,0.030520,0.732420,6.317140
7.041550,-0.356299,0.196985,0.065727,-0.356299,0.196985,0.065727,0.396730,0.732420,6.195070
7.051740,-0.200615,0.107812,-0.097708,-0.200615,0.107812,-0.097708,0.305180,0.549320,5.401610
7.061710,-0.280272,0.105359,-0.013244,-0.280272,0.105359,-0.013244,0.366210,0.671390,5.981450
7.071800,-0.267126,0.121546,0.062784,-0.267126,0.121546,0.062784,0.335690,0.701900,6.530760
7.081920,-0.338936,0.023348,0.017854,-0.338936,0.023348,0.017854,0.671390,0.610350,7.965090
7.091990,-0.346097,0.024525,-0.053366,-0.346097,0.024525,-0.053366,0.305180,0.671390,7.995610
7.102130,-0.345508,0.028743,-0.039044,-0.345508,0.028743,-0.039044,0.366210,0.549320,7.904050
7.112240,-0.370033,-0.005396,0.032765,-0.370033,-0.005396,0.032765,0.366210,0.823970,8.209230
7.122140,-0.355122,0.056309,-0.005494,-0.355122,0.056309,-0.005494,0.213620,0.854490,6.835940
7.132070,-0.359242,-0.058075,-0.016873,-0.359242,-0.058075,-0.016873,0.122070,0.823970,5.920410
7.141960,-0.372486,-0.138321,-0.051012,-0.372486,-0.138321,-0.051012,0.122070,0.610350,5.096440
7.152020,-0.252117,-0.180210,-0.009712,-0.252117,-0.180210,-0.009712,0.152590,0.152590,3.204350
7.162380,-0.287433,-0.126941,-0.006671,-0.287433,-0.126941,-0.006671,0.030520,0.335690,1.831050
7.172260,-0.176090,-0.091625,0.068180,-0.176090,-0.091625,0.068180,0.518800,0.030520,0.396730
7.182330,-0.100651,-0.099964,0.007063,-0.100651,-0.099964,0.007063,0.152590,-0.274660,0.183110
7.192420,-0.069455,-0.116150,0.027468,-0.069455,-0.116150,0.027468,0.091550,-0.030520,1.495360
7.202510,0.069455,-0.122134,0.023250,0.069455,-0.122134,0.023250,0.183110,0.000000,1.892090
7.212600,0.047284,-0.230535,0.002845,0.047284,-0.230535,0.002845,0.213620,0.091550,2.685550
7.223080,0.047284,-0.202969,0.061509,0.047284,-0.202969,0.061509,0.335690,0.091550,2.960210
7.233540,0.191589,-0.139498,0.019031,0.191589,-0.139498,0.019031,0.213620,0.091550,2.807620
7.243590,0.199928,-0.011968,0.017266,0.199928,-0.011968,0.017266,0.091550,0.244140,3.112790
7.253680,0.221510,0.004807,-0.012655,0.221510,0.004807,-0.012655,-0.152590,0.335690,4.028320
7.263770,0.232301,0.095157,0.017854,0.232301,0.095157,0.017854,0.091550,0.488280,5.828860
7.273880,0.208364,0.070632,-0.041987,0.208364,0.070632,-0.041987,0.061040,0.610350,6.652830
7.283990,0.147248,0.157450,0.036395,0.147248,0.157450,0.036395,0.244140,0.610350,8.422850
7.294170,0.164023,0.174226,-0.044439,0.164023,0.174226,-0.044439,0.335690,0.579830,8.911130
7.304180,0.134103,0.110166,-0.079167,0.134103,0.110166,-0.079167,0.122070,0.793460,9.643550
7.314290,0.024525,0.116739,0.011870,0.024525,0.116739,0.011870,0.183110,0.823970,10.467530
7.324200,0.019130,0.052091,-0.010889,0.019130,0.052091,-0.010889,0.305180,0.671390,10.833740
7.333950,-0.081423,0.017364,0.001079,-0.081423,0.017364,0.001079,0.396730,0.671390,10.467530
7.344050,-0.137144,0.015598,0.096236,-0.137144,0.015598,0.096236,0.244140,0.793460,10.070800
7.354140,-0.183839,0.019718,0.029234,-0.183839,0.019718,0.029234,0.183110,0.823970,9.063720
7.364220,-0.173637,-0.027566,-0.001962,-0.173637,-0.027566,-0.001962,0.000000,0.701900,8.361820
7.374320,-0.180896,0.022171,0.000491,-0.180896,0.022171,0.000491,0.183110,0.671390,7.720950
7.384400,-0.169517,-0.109578,0.016088,-0.169517,-0.109578,0.016088,0.061040,0.457760,6.988530
7.394500,-0.165299,-0.079657,0.007652,-0.165299,-0.079657,0.007652,0.213620,0.610350,7.263180
7.404590,-0.164710,-0.048461,0.020797,-0.164710,-0.048461,0.020797,0.457760,0.457760,6.805420
7.414740,-0.205421,-0.131748,0.051404,-0.205421,-0.131748,0.051404,0.335690,0.427250,6.378170
7.425150,-0.213760,-0.140675,0.050129,-0.213760,-0.140675,0.050129,0.061040,0.335690,4.852290
7.435560,-0.170105,-0.146071,0.029234,-0.170105,-0.146071,0.029234,0.305180,0.213620,4.760740
7.445660,-0.211994,-0.076616,0.118407,-0.211994,-0.076616,0.118407,0.000000,0.274660,4.089360
7.456340,-0.146758,-0.078480,0.010104,-0.146758,-0.078480,0.010104,-0.152590,0.091550,2.563480
7.465870,-0.085641,-0.119780,0.014224,-0.085641,-0.119780,0.014224,0.030520,0.061040,2.075200
7.475950,-0.092803,-0.107812,-0.025310,-0.092803,-0.107812,-0.025310,0.274660,0.122070,1.190190
7.486090,-0.035316,-0.152644,-0.007946,-0.035316,-0.152644,-0.007946,0.244140,0.122070,0.854490
7.496140,-0.001275,-0.089860,-0.007259,-0.001275,-0.089860,-0.007259,0.000000,0.122070,0.427250
7.506250,-0.032962,-0.021582,0.009418,-0.032962,-0.021582,0.009418,-0.152590,0.000000,0.122070
7.516330,-0.013832,0.023936,-0.028253,-0.013832,0.023936,-0.028253,0.061040,-0.061040,0.000000
7.526440,0.058075,0.106537,0.010104,0.058075,0.106537,0.010104,0.152590,0.061040,0.213620
7.536900,0.073575,0.185017,-0.004905,0.073575,0.185017,-0.004905,0.091550,0.152590,0.488280
7.546990,0.090939,0.161080,-0.055819,0.090939,0.161080,-0.055819,0.213620,0.091550,1.708980
7.556930,0.025702,0.175403,-0.051012,0.025702,0.175403,-0.051012,0.671390,-0.091550,1.983640
7.567010,-0.091037,0.128119,0.045420,-0.091037,0.128119,0.045420,0.244140,-0.030520,1.800540
7.577100,-0.041987,0.082012,-0.088781,-0.041987,0.082012,-0.088781,0.366210,-0.183110,1.617430
7.587190,-0.052091,0.111932,-0.080933,-0.052091,0.111932,-0.080933,0.488280,-0.091550,2.044680
7.597280,-0.003630,-0.001766,0.023838,-0.003630,-0.001766,0.023838,0.427250,-0.061040,1.892090
7.607380,-0.043753,0.076616,-0.001962,-0.043753,0.076616,-0.001962,0.457760,0.030520,1.983640
7.617460,-0.019228,-0.013734,0.053170,-0.019228,-0.013734,0.053170,0.061040,0.091550,2.593990
7.627600,0.014323,0.038357,-0.066610,0.014323,0.038357,-0.066610,0.030520,0.091550,2.441410
7.637680,0.035316,0.004807,-0.015696,0.035316,0.004807,-0.015696,0.274660,0.183110,2.746580
7.647770,0.052680,0.000589,0.093293,0.052680,0.000589,0.093293,0.244140,0.091550,2.655030
7.657860,0.056800,-0.026389,0.026193,0.056800,-0.026389,0.026193,0.152590,0.335690,2.502440
7.667940,0.104771,-0.034727,0.014813,0.104771,-0.034727,0.014813,-0.061040,0.335690,2.532960
7.678040,0.214937,-0.029921,-0.010301,0.214937,-0.029921,-0.010301,0.274660,0.122070,2.838130
7.688140,0.212485,0.025702,0.050129,0.212485,0.025702,0.050129,0.122070,0.427250,3.204350
7.698210,0.195121,-0.005984,0.044832,0.195121,-0.005984,0.044832,-0.030520,0.427250,3.570560
7.708300,0.217291,-0.004807,-0.019326,0.217291,-0.004807,-0.019326,0.213620,0.396730,4.211430
7.718390,0.167064,0.029332,0.011281,0.167064,0.029332,0.011281,0.183110,0.213620,4.302980
7.728850,0.149014,0.098198,0.028057,0.149014,0.098198,0.028057,-0.091550,0.366210,4.638670
7.739260,0.101730,0.070043,0.036984,0.101730,0.070043,0.036984,0.213620,0.274660,4.425050
7.749360,0.019718,0.104182,0.008240,0.019718,0.104182,0.008240,0.305180,0.274660,4.364010
7.759460,0.149701,0.138321,-0.030705,0.149701,0.138321,-0.030705,0.213620,0.213620,4.150390
7.769600,0.141264,0.076027,-0.035414,0.141264,0.076027,-0.035414,0.213620,0.213620,4.516600
7.779660,0.119093,0.053268,0.011281,0.119093,0.053268,0.011281,0.427250,0.366210,6.042480
7.789780,0.072986,0.007750,-0.022857,0.072986,0.007750,-0.022857,0.305180,0.579830,6.622310
7.799850,-0.034727,0.049050,0.069945,-0.034727,0.049050,0.069945,0.244140,0.579830,7.934570
7.809950,0.001177,-0.024525,0.008829,0.001177,-0.024525,0.008829,-0.061040,0.823970,8.666990
7.820040,0.017952,-0.024525,0.014224,0.017952,-0.024525,0.014224,0.518800,0.579830,9.216310
7.829970,-0.074850,-0.052680,0.005297,-0.074850,-0.052680,0.005297,0.366210,0.640870,8.728030
7.839700,-0.135967,-0.052680,-0.009123,-0.135967,-0.052680,-0.009123,0.183110,0.640870,8.850100
7.849800,-0.109578,-0.113796,0.023838,-0.109578,-0.113796,0.023838,0.152590,0.793460,7.934570
7.859890,-0.038357,-0.108989,-0.027664,-0.038357,-0.108989,-0.027664,0.244140,0.579830,7.415770
7.869980,-0.031196,-0.167064,-0.089369,-0.031196,-0.167064,-0.089369,0.091550,0.549320,6.561280
7.880070,-0.074850,-0.070632,-0.016285,-0.074850,-0.070632,-0.016285,0.305180,0.427250,6.225590
7.890160,-0.056898,-0.032962,0.071123,-0.056898,-0.032962,0.071123,0.488280,0.305180,5.706790
7.900240,-0.013244,-0.071221,-0.003139,-0.013244,-0.071221,-0.003139,0.427250,0.335690,5.279540
7.910340,-0.011380,-0.013145,-0.004316,-0.011380,-0.013145,-0.004316,0.335690,0.366210,5.096440
7.920430,-0.003630,-0.103594,-0.027076,-0.003630,-0.103594,-0.027076,0.244140,0.335690,5.035400
7.930880,-0.064059,-0.003041,0.001079,-0.064059,-0.003041,0.001079,0.183110,0.488280,5.126950
7.941370,-0.009614,-0.026978,-0.014519,-0.009614,-0.026978,-0.014519,0.366210,0.335690,4.669190
7.951390,0.023348,-0.011968,-0.004316,0.023348,-0.011968,-0.004316,0.335690,0.427250,4.516600
7.961550,-0.014421,0.011380,0.029822,-0.014421,0.011380,0.029822,0.610350,0.457760,4.364010
7.971580,0.072398,0.001766,0.004709,0.072398,0.001766,0.004709,0.549320,0.549320,4.699710
7.981670,0.084955,0.028743,0.026193,0.084955,0.028743,0.026193,0.366210,0.457760,4.913330
7.991770,0.104182,-0.040712,0.063373,0.104182,-0.040712,0.063373,0.488280,0.762940,6.073000
8.001870,0.153821,-0.181387,-0.018639,0.153821,-0.181387,-0.018639,0.274660,0.640870,6.286620
8.011960,0.191001,-0.097610,0.051993,0.191001,-0.097610,0.051993,0.518800,0.610350,6.439210
8.022060,0.277819,-0.089860,0.028645,0.277819,-0.089860,0.028645,0.671390,0.762940,6.866460
8.032010,0.286746,-0.079069,0.013636,0.286746,-0.079069,0.013636,0.152590,0.579830,7.263180
8.041780,0.252607,0.050914,0.102220,0.252607,0.050914,0.102220,0.091550,0.793460,7.598880
8.052060,0.336483,0.042477,-0.044439,0.336483,0.042477,-0.044439,0.152590,0.640870,8.392330
8.061970,0.227494,0.109578,0.036984,0.227494,0.109578,0.036984,0.274660,0.701900,8.575440
8.072050,0.276544,0.081423,-0.022269,0.276544,0.081423,-0.022269,0.366210,0.885010,8.850100
8.082170,0.229848,0.097610,-0.009712,0.229848,0.097610,-0.009712,0.244140,0.915530,9.155270
8.092250,0.191589,0.122723,0.050129,0.191589,0.122723,0.050129,0.488280,0.793460,9.216310
8.102320,0.179033,0.070043,-0.019914,0.179033,0.070043,-0.019914,0.335690,1.007080,9.521480
8.112420,0.124489,0.092803,0.052582,0.124489,0.092803,0.052582,0.152590,0.823970,9.552000
8.123440,0.011380,0.038946,0.008829,0.011380,0.038946,0.008829,0.244140,0.854490,10.131840
8.133720,-0.030607,0.077793,0.005297,-0.030607,0.077793,0.005297,0.335690,1.281740,10.528560
8.142840,-0.067689,0.019718,-0.018050,-0.067689,0.019718,-0.018050,0.488280,1.159670,10.620120
8.152870,-0.088094,-0.038357,-0.084562,-0.088094,-0.038357,-0.084562,0.213620,1.068120,10.559080
8.162960,-0.196985,-0.043753,0.046598,-0.196985,-0.043753,0.046598,0.305180,1.373290,10.711670
8.173040,-0.101239,-0.013145,-0.109676,-0.101239,-0.013145,-0.109676,0.366210,1.251220,11.566160
8.183150,-0.192276,0.010202,0.041202,-0.192276,0.010202,0.041202,0.335690,1.403810,11.810300
8.193230,-0.214349,-0.049050,0.031588,-0.214349,-0.049050,0.031588,0.335690,1.281740,11.840820
8.203320,-0.275465,0.015009,-0.041398,-0.275465,0.015009,-0.041398,0.427250,1.129150,11.688230
8.213410,-0.292829,-0.013734,-0.035414,-0.292829,-0.013734,-0.035414,0.366210,1.190190,11.810300
8.223500,-0.299990,0.015009,0.002256,-0.299990,0.015009,0.002256,0.152590,1.281740,12.176510
8.233640,-0.351492,0.052680,0.040025,-0.351492,0.052680,0.040025,0.427250,1.495360,12.359620
8.243720,-0.369445,-0.177267,-0.019914,-0.369445,-0.177267,-0.019914,0.457760,1.129150,12.878420
8.253810,-0.461070,-0.038946,-0.002551,-0.461070,-0.038946,-0.002551,0.152590,1.312260,12.817380
8.263900,-0.568882,-0.079657,-0.009123,-0.568882,-0.079657,-0.009123,0.274660,1.281740,12.146000
8.273990,-0.632941,-0.053857,-0.015107,-0.632941,-0.053857,-0.015107,0.030520,1.129150,11.138920
8.284100,-0.635884,-0.088584,0.073575,-0.635884,-0.088584,0.073575,0.030520,0.976560,9.979250
8.294210,-0.573002,-0.180798,0.046598,-0.573002,-0.180798,0.046598,0.213620,0.732420,7.202150
8.304280,-0.522186,-0.190412,0.077695,-0.522186,-0.190412,0.077695,0.122070,0.732420,5.950930
8.314370,-0.498839,-0.085053,0.036395,-0.498839,-0.085053,0.036395,-0.122070,0.244140,3.906250
8.324460,-0.391027,-0.081423,0.029822,-0.391027,-0.081423,0.029822,0.061040,0.274660,3.570560
8.334920,-0.277231,-0.005984,0.012459,-0.277231,-0.005984,0.012459,0.183110,-0.030520,2.319340
8.345340,-0.340701,0.035316,0.002256,-0.340701,0.035316,0.002256,-0.061040,0.152590,2.288820
8.355430,-0.314411,-0.082012,0.065138,-0.314411,-0.082012,0.065138,-0.152590,0.396730,2.593990
8.365610,-0.271247,0.044341,0.013636,-0.271247,0.044341,0.013636,0.427250,0.183110,2.349850
8.375630,-0.188058,0.028743,-0.009123,-0.188058,0.028743,-0.009123,0.488280,0.091550,1.953120
8.385720,-0.179621,-0.031686,0.014813,-0.179621,-0.031686,0.014813,0.335690,-0.030520,1.373290
8.395820,-0.171871,-0.079069,-0.012066,-0.171871,-0.079069,-0.012066,0.091550,0.152590,1.831050
8.405920,-0.147935,0.003630,0.032765,-0.147935,0.003630,0.032765,0.030520,0.122070,1.464840
8.416010,-0.186292,0.013145,-0.022857,-0.186292,0.013145,-0.022857,0.335690,-0.061040,0.976560
8.426140,-0.246722,-0.011380,0.035218,-0.246722,-0.011380,0.035218,0.000000,0.152590,0.823970
8.436020,-0.180896,-0.008339,0.001079,-0.180896,-0.008339,0.001079,0.183110,-0.183110,-0.274660
8.445800,-0.209640,-0.041300,0.085543,-0.209640,-0.041300,0.085543,0.305180,-0.183110,-0.610350
8.455860,-0.239560,0.008339,0.005886,-0.239560,0.008339,0.005886,0.183110,-0.244140,-1.586910
8.465950,-0.243680,0.064059,0.076518,-0.243680,0.064059,0.076518,0.671390,-0.457760,-1.495360
8.476080,-0.138910,0.040712,-0.037867,-0.138910,0.040712,-0.037867,0.244140,-0.244140,-1.434330
8.486520,-0.232988,0.116150,0.062195,-0.232988,0.116150,0.062195,0.396730,-0.335690,-1.312260
8.496260,-0.302442,0.046696,0.036395,-0.302442,0.046696,0.036395,0.457760,-0.366210,-1.251220
8.506340,-0.347961,0.134103,-0.066021,-0.347961,0.134103,-0.066021,0.823970,-0.335690,-0.244140
8.516430,-0.381413,0.135869,-0.039044,-0.381413,0.135869,-0.039044,0.640870,-0.091550,0.122070
8.526520,-0.480788,0.142539,-0.021680,-0.480788,0.142539,-0.021680,-0.305180,0.335690,0.152590
8.536740,-0.465288,0.097610,-0.003139,-0.465288,0.097610,-0.003139,-0.152590,0.152590,0.793460
8.546770,-0.566429,0.088584,-0.008535,-0.566429,0.088584,-0.008535,0.091550,0.091550,1.281740
8.556860,-0.677871,0.015009,-0.020503,-0.677871,0.015009,-0.020503,0.122070,-0.030520,0.976560
8.566950,-0.717896,0.077793,-0.025310,-0.717896,0.077793,-0.025310,-0.061040,-0.030520,0.000000
8.577040,-0.775382,0.027566,-0.014519,-0.775382,0.027566,-0.014519,0.152590,-0.061040,-0.427250
8.587130,-0.872403,0.008339,0.012459,-0.872403,0.008339,0.012459,0.427250,-0.183110,-1.251220
8.597220,-0.847878,0.054446,-0.009123,-0.847878,0.054446,-0.009123,0.488280,-0.457760,-3.204350
8.607600,-0.834733,0.065237,-0.011478,-0.834733,0.065237,-0.011478,0.274660,-0.396730,-3.570560
8.617680,-0.731728,0.028743,-0.006082,-0.731728,0.028743,-0.006082,0.152590,-0.427250,-3.997800
8.627550,-0.615577,0.011380,-0.009123,-0.615577,0.011380,-0.009123,-0.061040,-0.396730,-4.272460
8.637670,-0.487459,-0.032962,0.000491,-0.487459,-0.032962,0.000491,0.000000,-0.457760,-4.333500
8.647750,-0.453909,-0.004807,-0.001275,-0.453909,-0.004807,-0.001275,0.091550,-0.488280,-4.119870
8.657850,-0.471272,0.022759,-0.000098,-0.471272,0.022759,-0.000098,0.152590,-0.488280,-3.692630
8.667930,-0.423400,0.031098,0.001079,-0.423400,0.031098,0.001079,0.152590,-0.396730,-2.624510
8.678030,-0.361695,0.026978,0.004120,-0.361695,0.026978,0.004120,0.305180,-0.488280,-2.075200
8.688140,-0.248487,0.007161,0.020797,-0.248487,0.007161,0.020797,0.915530,-0.885010,-1.220700
8.698200,-0.198260,0.001766,0.019620,-0.198260,0.001766,0.019620,1.342770,-1.190190,-0.915530
8.708290,-0.156273,-0.001766,0.016088,-0.156273,-0.001766,0.016088,2.105710,-1.800540,-0.427250
8.718390,-0.089860,0.004807,0.007652,-0.089860,0.004807,0.007652,2.380370,-2.014160,-0.274660
8.728510,-0.064059,0.017364,-0.000098,-0.064059,0.017364,-0.000098,2.563480,-2.166750,-0.152590
8.738960,-0.016186,0.041889,-0.017462,-0.016186,0.041889,-0.017462,2.258300,-1.892090,0.030520
8.749370,-0.009614,0.044341,-0.018639,-0.009614,0.044341,-0.018639,1.861570,-1.525880,0.030520
8.759460,0.017364,0.049737,-0.016873,0.017364,0.049737,-0.016873,0.915530,-0.732420,0.030520
8.769610,0.020895,0.048461,-0.021092,0.020895,0.048461,-0.021092,0.457760,-0.335690,0.000000
8.779660,0.020895,0.042477,-0.024623,0.020895,0.042477,-0.024623,-0.366210,0.366210,-0.061040
8.789780,0.012557,0.032373,-0.003728,0.012557,0.032373,-0.003728,-0.610350,0.579830,-0.061040
8.799850,0.006573,0.030509,-0.000687,0.006573,0.030509,-0.000687,-0.732420,0.701900,-0.061040
8.809950,0.002943,0.017952,-0.011478,0.002943,0.017952,-0.011478,-0.885010,0.793460,-0.091550
8.820040,0.003532,0.018541,-0.010889,0.003532,0.018541,-0.010889,-0.976560,0.885010,-0.061040
8.830150,0.004120,0.016775,0.008829,0.004120,0.016775,0.008829,-1.159670,1.007080,-0.091550
8.840060,0.011968,0.018541,0.016677,0.011968,0.018541,0.016677,-1.159670,1.007080,-0.152590
8.849800,0.016088,0.016775,0.019620,0.016088,0.016775,0.019620,-0.854490,0.671390,-0.579830
8.859890,-0.000000,-0.001177,0.012459,-0.000000,-0.001177,0.012459,-0.549320,0.457760,-0.854490
8.869980,-0.009025,-0.008339,0.008240,-0.009025,-0.008339,0.008240,-0.274660,0.183110,-0.946040
8.880080,-0.016775,0.005396,0.011281,-0.016775,0.005396,0.011281,0.274660,-0.274660,-1.007080
8.890160,-0.006671,0.012557,0.013047,-0.006671,0.012557,0.013047,0.396730,-0.396730,-1.007080
8.900240,0.007161,0.019130,-0.007259,0.007161,0.019130,-0.007259,0.488280,-0.457760,-1.037600
8.910340,0.015500,0.024525,-0.018050,0.015500,0.024525,-0.018050,0.274660,-0.274660,-1.068120
8.920420,0.011380,0.024525,-0.023446,0.011380,0.024525,-0.023446,-0.274660,0.183110,-1.159670
8.930520,0.007161,0.013734,-0.012066,0.007161,0.013734,-0.012066,-0.518800,0.396730,-1.159670
8.940970,-0.002453,0.004218,-0.007259,-0.002453,0.004218,-0.007259,-0.671390,0.518800,-1.159670
8.951370,-0.007259,-0.001766,-0.005494,-0.007259,-0.001766,-0.005494,-0.579830,0.457760,-1.159670
8.961470,-0.015009,-0.007750,0.001079,-0.015009,-0.007750,0.001079,-0.457760,0.335690,-1.220700
8.971570,-0.012655,-0.002354,-0.009123,-0.012655,-0.002354,-0.009123,-0.335690,0.244140,-1.190190
8.981670,-0.022171,-0.005984,0.001079,-0.022171,-0.005984,0.001079,-0.366210,0.335690,-1.068120
8.991780,-0.026389,-0.013145,0.015402,-0.026389,-0.013145,0.015402,-0.518800,0.488280,-0.640870
9.001860,-0.025800,-0.017364,0.012459,-0.025800,-0.017364,0.012459,-0.457760,0.457760,-0.518800
9.011950,-0.026389,-0.020405,0.013636,-0.026389,-0.020405,0.013636,-0.213620,0.213620,-0.335690
9.022050,-0.015598,-0.004807,0.007063,-0.015598,-0.004807,0.007063,-0.091550,0.091550,-0.244140
9.032150,-0.019228,0.002354,0.010104,-0.019228,0.002354,0.010104,-0.030520,0.061040,-0.152590
9.042070,-0.011380,0.000000,0.005886,-0.011380,0.000000,0.005886,0.030520,0.030520,-0.061040
9.052590,-0.011380,0.005396,0.002256,-0.011380,0.005396,0.002256,0.000000,0.091550,-0.030520
9.062090,-0.006671,-0.002354,0.008240,-0.006671,-0.002354,0.008240,-0.030520,0.091550,-0.030520
9.072170,-0.003041,0.003630,-0.004905,-0.003041,0.003630,-0.004905,-0.061040,0.122070,0.000000
9.082280,0.002354,0.009025,-0.004316,0.002354,0.009025,-0.004316,-0.305180,0.305180,0.000000
9.092350,-0.007848,-0.000589,0.009418,-0.007848,-0.000589,0.009418,-0.274660,0.244140,-0.030520
9.102470,-0.016186,-0.003041,0.011870,-0.016186,-0.003041,0.011870,-0.213620,0.183110,-0.030520
9.112540,-0.018639,0.000000,-0.002551,-0.018639,0.000000,-0.002551,-0.091550,0.122070,0.000000
9.122620,-0.015009,0.002354,-0.000687,-0.015009,0.002354,-0.000687,-0.061040,0.091550,0.000000
9.133060,-0.019816,-0.009025,0.020209,-0.019816,-0.009025,0.020209,0.152590,-0.061040,0.000000
9.142940,-0.020405,-0.005984,0.027468,-0.020405,-0.005984,0.027468,0.396730,-0.244140,0.061040
9.152980,-0.019816,-0.003041,0.016677,-0.019816,-0.003041,0.016677,0.762940,-0.579830,0.122070
9.163070,-0.016775,-0.001177,0.012459,-0.016775,-0.001177,0.012459,0.915530,-0.701900,0.122070
9.173160,-0.017364,0.000589,0.009418,-0.017364,0.000589,0.009418,1.068120,-0.854490,0.152590
9.183250,-0.009025,-0.002354,0.023250,-0.009025,-0.002354,0.023250,1.525880,-1.281740,0.213620
9.193350,-0.000589,0.000589,0.022072,-0.000589,0.000589,0.022072,1.739500,-1.434330,0.213620
9.203430,0.011968,0.026978,-0.007259,0.011968,0.026978,-0.007259,1.861570,-1.525880,0.183110
9.213560,0.017364,0.035905,-0.013244,0.017364,0.035905,-0.013244,1.647950,-1.312260,0.152590
9.223620,0.023348,0.034727,-0.019326,0.023348,0.034727,-0.019326,0.915530,-0.701900,0.091550
9.233710,0.025702,0.030509,-0.015107,0.025702,0.030509,-0.015107,0.518800,-0.366210,0.061040
9.244170,0.027468,0.028743,-0.017462,0.027468,0.028743,-0.017462,0.122070,-0.061040,0.030520
9.254580,0.015500,0.017952,-0.008535,0.015500,0.017952,-0.008535,-0.366210,0.335690,-0.030520
9.264670,0.009516,0.014323,-0.004905,0.009516,0.014323,-0.004905,-0.366210,0.427250,-0.030520
9.274770,0.001177,0.008339,-0.006082,0.001177,0.008339,-0.006082,-0.366210,0.366210,0.000000
9.284890,-0.003041,0.005396,0.000491,-0.003041,0.005396,0.000491,-0.274660,0.274660,0.000000
9.295100,-0.005396,0.009614,0.001079,-0.005396,0.009614,0.001079,-0.061040,0.122070,0.000000
9.305070,-0.007848,0.007750,0.008240,-0.007848,0.007750,0.008240,0.000000,0.061040,0.030520
9.315180,-0.005396,0.008339,0.005886,-0.005396,0.008339,0.005886,0.244140,-0.091550,0.030520
9.325320,0.012557,0.022759,-0.006671,0.012557,0.022759,-0.006671,0.152590,-0.061040,0.030520
9.335380,0.004709,0.023348,0.001668,0.004709,0.023348,0.001668,0.061040,0.000000,0.000000
9.345310,-0.005984,0.016775,0.017854,-0.005984,0.016775,0.017854,0.244140,-0.213620,0.000000
9.355060,-0.001864,0.023348,0.010104,-0.001864,0.023348,0.010104,0.427250,-0.335690,0.000000
9.365150,0.005396,0.023348,0.006475,0.005396,0.023348,0.006475,0.579830,-0.488280,0.030520
9.375240,-0.001864,0.016775,0.010104,-0.001864,0.016775,0.010104,0.732420,-0.579830,0.030520
9.385330,-0.005396,0.015009,0.017266,-0.005396,0.015009,0.017266,1.190190,-0.946040,0.030520
9.395420,0.010104,0.023936,0.019031,0.010104,0.023936,0.019031,1.403810,-1.098630,0.061040
9.405550,0.023348,0.031098,0.009418,0.023348,0.031098,0.009418,1.495360,-1.159670,0.091550
9.415700,0.054446,0.051503,-0.021092,0.054446,0.051503,-0.021092,1.190190,-0.915530,0.091550
9.425800,0.059841,0.054446,-0.029430,0.059841,0.054446,-0.029430,0.732420,-0.549320,0.061040
9.435860,0.043066,0.056898,-0.017462,0.043066,0.056898,-0.017462,-0.335690,0.335690,-0.030520
9.446300,0.031686,0.050325,-0.009123,0.031686,0.050325,-0.009123,-0.762940,0.732420,-0.030520
9.456710,0.016775,0.044930,-0.001962,0.016775,0.044930,-0.001962,-1.098630,1.068120,-0.061040
9.466810,0.006573,0.021582,0.010104,0.006573,0.021582,0.010104,-1.129150,1.068120,-0.061040
9.476900,0.002354,0.015009,0.017266,0.002354,0.015009,0.017266,-1.007080,0.946040,-0.061040
9.487030,-0.003630,-0.003630,0.029822,-0.003630,-0.003630,0.029822,-0.457760,0.427250,-0.030520
9.497100,-0.003041,-0.005984,0.025604,-0.003041,-0.005984,0.025604,-0.122070,0.091550,0.000000
9.507190,0.011380,0.009025,0.010693,0.011380,0.009025,0.010693,0.396730,-0.366210,0.030520
9.517290,0.013734,0.016186,0.004709,0.013734,0.016186,0.004709,0.579830,-0.457760,0.061040
9.527390,0.022759,0.026978,-0.002551,0.022759,0.026978,-0.002551,0.579830,-0.457760,0.091550
9.537620,0.027468,0.047873,-0.003728,0.027468,0.047873,-0.003728,0.427250,-0.335690,0.061040
9.547470,0.025114,0.041889,-0.000098,0.025114,0.041889,-0.000098,0.183110,-0.122070,0.030520
9.557190,0.019130,0.044341,-0.000098,0.019130,0.044341,-0.000098,-0.213620,0.244140,0.000000
9.567280,0.018541,0.042477,-0.003139,0.018541,0.042477,-0.003139,-0.396730,0.396730,-0.030520
9.577370,0.012557,0.027566,0.015402,0.012557,0.027566,0.015402,-0.671390,0.671390,-0.030520
9.587540,0.008339,0.013145,0.022661,0.008339,0.013145,0.022661,-0.640870,0.610350,-0.030520
9.597580,0.002943,0.013734,0.026781,0.002943,0.013734,0.026781,-0.335690,0.305180,-0.030520
9.607660,0.011968,0.019130,0.020209,0.011968,0.019130,0.020209,-0.152590,0.152590,0.000000
9.617760,0.011968,0.016775,0.018443,0.011968,0.016775,0.018443,0.000000,0.061040,-0.030520
9.627840,0.023348,0.023936,0.017266,0.023348,0.023936,0.017266,0.152590,-0.091550,0.000000
9.637960,0.029332,0.024525,0.019620,0.029332,0.024525,0.019620,0.152590,-0.122070,0.030520
9.648050,0.028743,0.038946,0.014224,0.028743,0.038946,0.014224,0.122070,-0.091550,0.030520
9.658960,0.026879,0.032373,0.008829,0.026879,0.032373,0.008829,0.091550,0.000000,0.061040
9.668520,0.019718,0.031098,0.011870,0.019718,0.031098,0.011870,0.030520,0.030520,0.061040
9.678380,0.026291,0.033550,0.016677,0.026291,0.033550,0.016677,0.061040,0.030520,0.030520
9.688480,0.023936,0.035905,0.019620,0.023936,0.035905,0.019620,0.030520,0.091550,0.030520
9.698540,0.023348,0.026389,0.011870,0.023348,0.026389,0.011870,-0.030520,0.091550,0.030520
9.708640,0.022072,0.029332,0.011870,0.022072,0.029332,0.011870,0.000000,0.091550,0.030520
9.718720,0.023936,0.029921,0.014813,0.023936,0.029921,0.014813,0.152590,0.000000,0.030520
9.728820,0.022072,0.026389,0.022661,0.022072,0.026389,0.022661,0.213620,0.000000,0.061040
9.738910,0.017364,0.013145,0.022072,0.017364,0.013145,0.022072,0.335690,-0.152590,0.061040
9.749040,0.013734,0.012557,0.022072,0.013734,0.012557,0.022072,0.457760,-0.274660,0.091550
9.759130,0.008927,0.016186,0.017854,0.008927,0.016186,0.017854,0.610350,-0.427250,0.122070
9.769220,-0.004807,0.011380,0.008829,-0.004807,0.011380,0.008829,0.701900,-0.518800,0.122070
9.779310,0.001177,0.021582,0.006475,0.001177,0.021582,0.006475,0.885010,-0.640870,0.152590
9.789400,0.006573,0.028743,0.005886,0.006573,0.028743,0.005886,1.007080,-0.823970,0.152590
9.799490,0.003532,0.029921,0.011870,0.003532,0.029921,0.011870,1.007080,-0.823970,0.122070
9.809580,0.011380,0.044341,-0.002551,0.011380,0.044341,-0.002551,0.976560,-0.732420,0.122070
9.819670,0.021484,0.049050,-0.013930,0.021484,0.049050,-0.013930,0.793460,-0.610350,0.122070
9.829760,0.019130,0.049050,-0.012066,0.019130,0.049050,-0.012066,0.274660,-0.183110,0.061040
9.839850,0.016088,0.039534,-0.003728,0.016088,0.039534,-0.003728,0.000000,0.000000,0.030520
9.850320,0.017952,0.044930,-0.003139,0.017952,0.044930,-0.003139,-0.183110,0.183110,0.000000
9.860720,0.010104,0.037769,-0.009712,0.010104,0.037769,-0.009712,-0.488280,0.427250,-0.030520
9.870820,0.017952,0.040123,-0.006082,0.017952,0.040123,-0.006082,-0.549320,0.518800,-0.030520
9.880920,0.014323,0.023936,0.007063,0.014323,0.023936,0.007063,-0.549320,0.579830,-0.030520
9.891020,0.011380,0.019130,0.009418,0.011380,0.019130,0.009418,-0.457760,0.488280,-0.030520
9.901100,0.007750,0.013734,0.008240,0.007750,0.013734,0.008240,-0.274660,0.274660,0.000000
9.911200,0.006573,0.017952,0.004120,0.006573,0.017952,0.004120,-0.122070,0.183110,0.000000
9.921300,0.008927,0.014323,0.010693,0.008927,0.014323,0.010693,0.000000,0.091550,0.000000
9.931440,0.011380,0.025702,0.008240,0.011380,0.025702,0.008240,0.091550,0.030520,0.030520
9.941560,0.014911,0.030509,0.004709,0.014911,0.030509,0.004709,0.030520,0.091550,0.000000
9.951450,0.017364,0.034139,0.000491,0.017364,0.034139,0.000491,-0.122070,0.244140,-0.030520
9.961210,0.020895,0.033550,0.005297,0.020895,0.033550,0.005297,-0.213620,0.305180,-0.061040
9.971280,0.018541,0.029921,0.007063,0.018541,0.029921,0.007063,-0.183110,0.274660,-0.030520
9.981370,0.014323,0.016775,0.008240,0.014323,0.016775,0.008240,-0.091550,0.122070,0.000000
9.991460,0.016088,0.009614,0.011281,0.016088,0.009614,0.011281,0.061040,0.030520,0.061040
10.001580,0.011968,0.005396,0.011281,0.011968,0.005396,0.011281,0.549320,-0.366210,0.061040
10.011640,0.008927,-0.000589,0.008829,0.008927,-0.000589,0.008829,0.823970,-0.640870,0.091550
10.021760,0.009516,0.006573,0.007652,0.009516,0.006573,0.007652,1.342770,-1.068120,0.152590
10.031820,0.019130,0.017364,0.007063,0.019130,0.017364,0.007063,1.525880,-1.220700,0.152590
10.041920,0.025114,0.022171,0.001668,0.025114,0.022171,0.001668,1.586910,-1.312260,0.183110
10.052900,0.033452,0.041889,-0.010301,0.033452,0.041889,-0.010301,1.525880,-1.190190,0.152590
10.062740,0.041300,0.045518,-0.016873,0.041300,0.045518,-0.016873,1.068120,-0.793460,0.122070
10.072810,0.035905,0.046107,-0.010301,0.035905,0.046107,-0.010301,0.793460,-0.579830,0.122070
10.082950,0.033452,0.043066,-0.003139,0.033452,0.043066,-0.003139,0.549320,-0.335690,0.091550
10.092980,0.033452,0.046696,-0.007259,0.033452,0.046696,-0.007259,0.061040,0.091550,0.061040
10.103070,0.033452,0.043753,-0.004316,0.033452,0.043753,-0.004316,-0.244140,0.305180,0.061040
10.113240,0.020307,0.040123,0.003434,0.020307,0.040123,0.003434,-0.427250,0.427250,0.030520
10.123280,0.018541,0.041889,0.007652,0.018541,0.041889,0.007652,-0.366210,0.396730,0.000000
10.133360,0.027468,0.041300,0.017266,0.027468,0.041300,0.017266,-0.274660,0.244140,0.030520
10.143460,0.019718,0.040123,0.016677,0.019718,0.040123,0.016677,-0.183110,0.152590,0.000000
10.153630,0.018541,0.038946,0.014813,0.018541,0.038946,0.014813,0.000000,0.061040,0.000000
10.163680,0.020307,0.032962,0.011281,0.020307,0.032962,0.011281,0.427250,-0.305180,0.091550
10.173810,0.027468,0.038357,0.011870,0.027468,0.038357,0.011870,0.579830,-0.396730,0.091550
10.184060,0.031686,0.044930,0.005886,0.031686,0.044930,0.005886,0.610350,-0.457760,0.091550
10.194150,0.038259,0.048461,0.004120,0.038259,0.048461,0.004120,0.579830,-0.518800,0.061040
10.204080,0.043654,0.050325,0.005886,0.043654,0.050325,0.005886,0.488280,-0.335690,0.030520
10.214170,0.043066,0.056309,0.003434,0.043066,0.056309,0.003434,0.396730,-0.244140,0.030520
10.224260,0.043066,0.050325,0.005297,0.043066,0.050325,0.005297,0.366210,-0.213620,0.030520
10.234350,0.034139,0.043066,0.005886,0.034139,0.043066,0.005886,0.427250,-0.305180,0.030520
10.244430,0.032864,0.041300,0.007652,0.032864,0.041300,0.007652,0.518800,-0.366210,0.030520
10.254580,0.037670,0.049050,0.002256,0.037670,0.049050,0.002256,0.671390,-0.457760,0.061040
10.264660,0.042477,0.056309,-0.001275,0.042477,0.056309,-0.001275,0.640870,-0.457760,0.030520
10.274750,0.046696,0.064059,-0.002551,0.046696,0.064059,-0.002551,0.396730,-0.244140,0.061040
10.284930,0.048461,0.056309,0.005886,0.048461,0.056309,0.005886,0.244140,-0.122070,0.030520
10.294920,0.044243,0.049737,0.007652,0.044243,0.049737,0.007652,0.183110,-0.061040,0.000000
10.305010,0.040712,0.048461,0.005886,0.040712,0.048461,0.005886,0.305180,-0.122070,0.030520
10.315100,0.035905,0.048461,0.004709,0.035905,0.048461,0.004709,0.396730,-0.183110,0.030520
10.325200,0.048461,0.058075,0.001079,0.048461,0.058075,0.001079,0.427250,-0.213620,0.030520
10.335280,0.062195,0.072496,-0.003728,0.062195,0.072496,-0.003728,0.274660,-0.061040,0.000000
10.345370,0.066414,0.079069,-0.011478,0.066414,0.079069,-0.011478,-0.549320,0.640870,-0.030520
10.355500,0.047284,0.068278,-0.008535,0.047284,0.068278,-0.008535,-0.976560,0.946040,-0.061040
10.365620,0.046107,0.062882,-0.003139,0.046107,0.062882,-0.003139,-1.342770,1.220700,-0.091550
10.375680,0.032864,0.055132,0.006475,0.032864,0.055132,0.006475,-1.464840,1.312260,-0.122070
10.385800,0.025114,0.047873,0.015402,0.025114,0.047873,0.015402,-1.525880,1.373290,-0.122070
10.395860,-0.000000,0.033550,0.023250,-0.000000,0.033550,0.023250,-1.190190,1.098630,-0.061040
10.405950,0.004709,0.027566,0.026193,0.004709,0.027566,0.026193,-0.885010,0.823970,-0.030520
10.416040,0.008339,0.023936,0.020209,0.008339,0.023936,0.020209,-0.152590,0.152590,0.000000
10.426130,0.009516,0.025114,0.023838,0.009516,0.025114,0.023838,0.152590,-0.122070,0.030520
10.436220,0.018541,0.031098,0.022072,0.018541,0.031098,0.022072,0.579830,-0.457760,0.030520
10.446320,0.023348,0.044930,0.004709,0.023348,0.044930,0.004709,0.610350,-0.518800,0.030520
10.456780,0.028743,0.046696,0.003434,0.028743,0.046696,0.003434,0.518800,-0.396730,0.030520
10.467190,0.015500,0.038357,0.007652,0.015500,0.038357,0.007652,0.396730,-0.335690,0.000000
10.477280,0.008339,0.033550,0.011281,0.008339,0.033550,0.011281,0.488280,-0.427250,0.000000
10.487440,-0.019228,0.037769,0.014224,-0.019228,0.037769,0.014224,0.823970,-0.732420,0.122070
10.497570,-0.077303,0.053268,0.004120,-0.077303,0.053268,0.004120,0.946040,-0.823970,0.152590
10.507580,-0.135967,0.056898,0.002256,-0.135967,0.056898,0.002256,0.976560,-0.762940,0.366210
10.517680,-0.147935,0.074262,-0.010301,-0.147935,0.074262,-0.010301,0.823970,-0.701900,0.335690
10.527780,-0.151565,0.074262,0.001668,-0.151565,0.074262,0.001668,0.762940,-0.610350,0.396730
10.537870,-0.149112,0.077205,0.001668,-0.149112,0.077205,0.001668,0.885010,-0.610350,0.335690
10.547960,-0.127530,0.076616,-0.000687,-0.127530,0.076616,-0.000687,1.007080,-0.701900,0.274660
10.557920,-0.091037,0.075439,-0.004316,-0.091037,0.075439,-0.004316,1.159670,-0.854490,0.183110
10.567650,-0.117426,0.089173,0.003434,-0.117426,0.089173,0.003434,1.159670,-0.854490,0.305180
10.577770,-0.135967,0.142539,-0.011478,-0.135967,0.142539,-0.011478,1.312260,-0.732420,1.068120
10.587830,-0.028155,0.061116,0.025604,-0.028155,0.061116,0.025604,1.495360,-0.549320,1.281740
10.597920,-0.067689,0.077205,-0.007259,-0.067689,0.077205,-0.007259,1.617430,-0.854490,0.885010
10.608100,-0.031784,0.032373,0.017266,-0.031784,0.032373,0.017266,0.885010,-0.549320,0.427250
10.618140,-0.056898,0.042477,0.014813,-0.056898,0.042477,0.014813,0.518800,-0.488280,0.091550
10.628220,-0.150289,0.107812,0.014813,-0.150289,0.107812,0.014813,0.335690,-0.640870,-0.854490
10.638310,-0.194630,0.155685,0.015402,-0.194630,0.155685,0.015402,0.305180,-0.610350,-1.281740
10.648400,-0.171871,0.136555,-0.009712,-0.171871,0.136555,-0.009712,0.366210,-0.610350,-1.922610
10.658960,-0.080246,0.055721,0.001668,-0.080246,0.055721,0.001668,0.305180,-0.488280,-1.953120
10.669320,-0.025212,0.070043,0.009418,-0.025212,0.070043,0.009418,0.762940,-0.732420,-2.197270
10.679420,-0.058762,0.046696,0.028645,-0.058762,0.046696,0.028645,1.251220,-0.946040,-1.892090
10.689680,0.045518,0.025702,0.028645,0.045518,0.025702,0.028645,1.586910,-1.220700,-1.342770
10.699620,-0.052680,0.083189,-0.005494,-0.052680,0.083189,-0.005494,1.129150,-1.068120,-0.976560
10.709720,-0.069455,0.096432,-0.021092,-0.069455,0.096432,-0.021092,0.671390,-0.732420,-1.159670
10.719810,-0.161080,0.140675,-0.018639,-0.161080,0.140675,-0.018639,-0.183110,0.030520,-1.342770
10.730130,-0.083287,0.104182,-0.021092,-0.083287,0.104182,-0.021092,-0.366210,0.457760,-0.732420
10.740210,-0.003041,0.055721,0.031000,-0.003041,0.055721,0.031000,-0.213620,0.244140,-0.366210
10.750150,-0.314411,0.140087,-0.001962,-0.314411,0.140087,-0.001962,0.091550,0.061040,-0.549320
10.760100,-0.298224,0.092214,0.000491,-0.298224,0.092214,0.000491,0.396730,-0.030520,-0.823970
10.769840,-0.279095,0.046696,0.048952,-0.279095,0.046696,0.048952,0.976560,-0.579830,-1.434330
10.779930,-0.252706,0.081423,0.041202,-0.252706,0.081423,0.041202,1.434330,-1.159670,-0.915530
10.790020,-0.298813,0.080246,-0.033060,-0.298813,0.080246,-0.033060,1.159670,-0.823970,-0.152590
10.800110,-0.346685,0.128119,0.002845,-0.346685,0.128119,0.002845,0.518800,-0.183110,-0.213620
10.810200,-0.314411,0.206010,0.007652,-0.314411,0.206010,0.007652,-0.366210,0.152590,-0.091550
10.820290,-0.426931,0.077205,-0.031294,-0.426931,0.077205,-0.031294,-0.457760,0.427250,-0.152590
10.830380,-0.451456,0.146071,-0.019326,-0.451456,0.146071,-0.019326,-1.037600,0.793460,0.366210
10.840470,-0.432327,0.198162,0.065138,-0.432327,0.198162,0.065138,-1.525880,1.861570,0.579830
10.850560,-0.326379,0.057487,0.005297,-0.326379,0.057487,0.005297,-1.922610,1.800540,0.701900
10.861010,-0.547300,0.192178,0.012459,-0.547300,0.192178,0.012459,-1.037600,0.640870,-0.579830
10.871420,-0.413786,0.004807,-0.028841,-0.413786,0.004807,-0.028841,-0.823970,0.549320,-0.061040
10.881700,-0.362283,0.179621,0.013047,-0.362283,0.179621,0.013047,-1.800540,1.434330,-0.640870
10.891660,-0.353945,0.123900,0.028645,-0.353945,0.123900,0.028645,-1.861570,1.464840,-1.007080
10.901720,-0.321572,0.168241,-0.014519,-0.321572,0.168241,-0.014519,-2.014160,1.464840,-0.885010
10.911830,-0.325202,0.133514,-0.009712,-0.325202,0.133514,-0.009712,-2.288820,1.708980,-1.678470
10.921920,-0.342565,0.105359,-0.047382,-0.342565,0.105359,-0.047382,-2.471920,1.770020,-2.166750
10.932020,-0.389849,0.104182,-0.030019,-0.389849,0.104182,-0.030019,-3.051760,2.288820,-3.875730
10.942120,-0.303619,0.086230,-0.122821,-0.303619,0.086230,-0.122821,-3.601070,2.624510,-4.333500
10.952210,-0.370622,0.171283,-0.061803,-0.370622,0.171283,-0.061803,-4.028320,2.899170,-5.554200
10.962160,-0.091037,0.107812,-0.013244,-0.091037,0.107812,-0.013244,-3.936770,2.807620,-6.103520
10.971900,-0.175501,0.138910,0.005886,-0.175501,0.138910,0.005886,-3.814700,2.655030,-6.469730
10.981990,0.042477,0.043066,0.019031,0.042477,0.043066,0.019031,-2.563480,1.556400,-5.859380
10.992080,-0.026389,0.144305,-0.019326,-0.026389,0.144305,-0.019326,-1.708980,0.793460,-6.073000
11.002180,-0.100062,-0.015009,0.140577,-0.100062,-0.015009,0.140577,-1.403810,0.793460,-5.310060
11.012260,-0.009025,0.022759,-0.018050,-0.009025,0.022759,-0.018050,-1.129150,0.335690,-5.035400
11.022350,-0.114385,0.004218,0.023838,-0.114385,0.004218,0.023838,-0.488280,0.122070,-4.150390
11.032440,-0.136555,-0.019718,0.066904,-0.136555,-0.019718,0.066904,-0.427250,0.152590,-4.425050
11.042540,-0.161080,-0.008339,0.035218,-0.161080,-0.008339,0.035218,-0.488280,0.122070,-4.028320
11.052910,-0.117426,-0.143128,0.038848,-0.117426,-0.143128,0.038848,-0.427250,-0.152590,-3.814700
11.063170,-0.201792,-0.046696,0.062195,-0.201792,-0.046696,0.062195,-0.183110,-0.335690,-4.272460
11.073590,-0.216212,-0.067100,0.014224,-0.216212,-0.067100,0.014224,0.213620,-0.457760,-5.187990
11.083660,-0.173637,-0.129884,0.024427,-0.173637,-0.129884,0.024427,0.091550,-0.457760,-4.913330
11.093730,-0.135378,-0.033550,-0.038455,-0.135378,-0.033550,-0.038455,-0.213620,-0.305180,-4.699710
11.103910,-0.147935,-0.034139,0.027468,-0.147935,-0.034139,0.027468,0.000000,-0.335690,-4.547120
11.113940,-0.152153,0.075439,-0.032471,-0.152153,0.075439,-0.032471,-0.213620,-0.030520,-2.410890
11.124030,-0.095255,0.072496,-0.075537,-0.095255,0.072496,-0.075537,0.091550,-0.152590,-1.739500
11.134170,-0.091037,0.046107,0.053170,-0.091037,0.046107,0.053170,0.457760,-0.732420,-0.915530
11.144240,-0.312547,0.111344,0.032765,-0.312547,0.111344,0.032765,-0.091550,0.152590,-0.274660
11.154550,-0.243092,0.006573,-0.001962,-0.243092,0.006573,-0.001962,0.061040,-0.122070,-0.549320
11.164420,-0.293417,-0.001177,0.013636,-0.293417,-0.001177,0.013636,-0.274660,0.152590,-2.471920
11.174940,-0.116150,-0.082600,-0.052778,-0.116150,-0.082600,-0.052778,-0.244140,-0.274660,-2.655030
11.184510,-0.228769,0.003041,0.028057,-0.228769,0.003041,0.028057,-0.183110,-0.335690,-3.417970
11.194310,-0.150878,0.015598,0.073575,-0.150878,0.015598,0.073575,-0.091550,-0.091550,-3.326420
11.204370,-0.105457,0.151466,0.046598,-0.105457,0.151466,0.046598,0.183110,-0.396730,-3.295900
11.214470,-0.017364,0.008339,-0.028841,-0.017364,0.008339,-0.028841,-0.061040,-0.091550,-1.953120
11.224560,-0.057487,0.034727,-0.041398,-0.057487,0.034727,-0.041398,-0.396730,0.213620,-1.068120
11.234640,-0.135378,0.077793,0.031588,-0.135378,0.077793,0.031588,-0.091550,0.152590,-0.335690
11.244730,-0.114973,0.025702,0.035807,-0.114973,0.025702,0.035807,-0.213620,0.061040,-0.640870
11.254820,-0.173637,0.103594,0.025604,-0.173637,0.103594,0.025604,0.061040,-0.335690,-1.678470
11.264960,-0.149701,0.018541,-0.020503,-0.149701,0.018541,-0.020503,0.061040,-0.335690,-3.112790
11.275050,-0.127530,0.099375,-0.025898,-0.127530,0.099375,-0.025898,0.000000,-0.396730,-3.326420
11.285160,-0.146169,0.101828,0.108302,-0.146169,0.101828,0.108302,-0.091550,-0.671390,-4.547120
11.295260,-0.044341,-0.012557,-0.019326,-0.044341,-0.012557,-0.019326,0.000000,-0.610350,-5.187990
11.305330,-0.009025,0.043753,-0.012066,-0.009025,0.043753,-0.012066,-0.061040,-0.579830,-5.035400
11.315420,0.074850,0.026389,-0.020503,0.074850,0.026389,-0.020503,-0.183110,-0.457760,-4.394530
11.325550,0.110755,0.019130,-0.000687,0.110755,0.019130,-0.000687,0.000000,-0.488280,-3.753660
11.335600,0.049050,0.082600,0.034629,0.049050,0.082600,0.034629,0.030520,-0.518800,-3.448490
11.345700,0.004120,0.119780,0.016088,0.004120,0.119780,0.016088,0.122070,-0.549320,-3.448490
11.355790,-0.019816,-0.073085,0.028057,-0.019816,-0.073085,0.028057,-0.061040,-0.366210,-3.570560
11.366450,0.012557,-0.003630,-0.018050,0.012557,-0.003630,-0.018050,-0.122070,-0.335690,-4.241940
11.376660,-0.061116,0.018541,0.001079,-0.061116,0.018541,0.001079,0.030520,-0.610350,-4.394530
11.386770,-0.072496,0.006573,-0.014519,-0.072496,0.006573,-0.014519,-0.122070,-0.488280,-4.699710
11.397030,-0.110853,-0.041300,0.084857,-0.110853,-0.041300,0.084857,-0.061040,-0.427250,-4.669190
11.406970,-0.049737,0.020405,-0.150976,-0.049737,0.020405,-0.150976,0.091550,-0.488280,-4.760740
11.417050,-0.077891,-0.011968,-0.028253,-0.077891,-0.011968,-0.028253,-0.030520,-0.457760,-4.669190
11.427150,-0.155096,0.077793,0.056211,-0.155096,0.077793,0.056211,0.213620,-0.335690,-4.821780
11.437240,-0.152742,-0.076027,0.036395,-0.152742,-0.076027,0.036395,0.061040,-0.396730,-4.608150
11.447340,-0.212583,-0.032373,-0.011478,-0.212583,-0.032373,-0.011478,0.396730,-0.762940,-6.103520
11.457430,-0.274288,-0.082600,0.072888,-0.274288,-0.082600,0.072888,0.457760,-0.701900,-6.744380
11.467380,-0.253294,-0.077205,0.080148,-0.253294,-0.077205,0.080148,0.640870,-0.701900,-8.544920
11.477120,-0.188058,0.028743,0.071123,-0.188058,0.028743,0.071123,0.671390,-0.823970,-9.216310
11.487520,-0.111442,-0.038946,-0.075537,-0.111442,-0.038946,-0.075537,-0.366210,-0.854490,-9.399410
11.497320,-0.103594,-0.064648,0.031000,-0.103594,-0.064648,0.031000,0.061040,-0.732420,-9.429930
11.507410,-0.050914,0.038357,0.047186,-0.050914,0.038357,0.047186,0.335690,-0.701900,-9.552000
11.517530,-0.070730,-0.006573,0.135770,-0.070730,-0.006573,0.135770,0.000000,-0.732420,-9.704590
11.527580,-0.038946,0.000589,0.020797,-0.038946,0.000589,0.020797,0.122070,-1.007080,-9.674070
11.537670,0.084955,0.068866,0.043556,0.084955,0.068866,0.043556,0.061040,-0.823970,-8.575440
11.547750,0.080834,0.024525,-0.013244,0.080834,0.024525,-0.013244,-0.213620,-0.732420,-8.331300
11.557850,0.032275,0.038357,-0.006082,0.032275,0.038357,-0.006082,0.000000,-0.671390,-7.751460
11.568310,0.181976,0.050325,0.004709,0.181976,0.050325,0.004709,0.366210,-0.762940,-6.683350
11.578710,0.072986,0.148523,-0.011478,0.072986,0.148523,-0.011478,0.000000,-0.549320,-5.889890
11.588810,0.055034,0.132337,0.010693,0.055034,0.132337,0.010693,-0.335690,-0.457760,-5.310060
11.598910,-0.041398,0.022171,0.036395,-0.041398,0.022171,0.036395,0.091550,-0.457760,-5.371090
11.609040,0.000589,0.003041,0.000491,0.000589,0.003041,0.000491,-0.183110,-0.305180,-5.249020
11.619110,-0.062294,0.043753,-0.040810,-0.062294,0.043753,-0.040810,0.152590,-0.396730,-5.554200
11.629200,-0.024623,0.102416,0.041202,-0.024623,0.102416,0.041202,0.488280,-0.396730,-5.798340
11.639520,0.032275,-0.111932,0.036984,0.032275,-0.111932,0.036984,-0.213620,-0.274660,-5.767820
11.649440,-0.003630,-0.026978,-0.067787,-0.003630,-0.026978,-0.067787,-0.061040,-0.579830,-5.584720
11.659540,0.040712,-0.089860,-0.035414,0.040712,-0.089860,-0.035414,-0.152590,-0.427250,-4.608150
11.669510,-0.067100,0.065237,0.166966,-0.067100,0.065237,0.166966,0.274660,-0.396730,-5.065920
11.679220,0.008927,-0.031686,-0.148033,0.008927,-0.031686,-0.148033,0.366210,-0.640870,-3.936770
11.689360,-0.130571,0.095844,0.197475,-0.130571,0.095844,0.197475,0.152590,-0.335690,-3.692630
11.699390,-0.108989,-0.020405,-0.001962,-0.108989,-0.020405,-0.001962,-0.305180,-0.305180,-4.425050
11.709820,-0.113207,0.052680,-0.057585,-0.113207,0.052680,-0.057585,-0.244140,-0.579830,-5.432130
11.719950,-0.158726,0.077205,0.025016,-0.158726,0.077205,0.025016,0.091550,-0.640870,-7.110600
11.729930,-0.134201,0.150289,-0.025898,-0.134201,0.150289,-0.025898,-0.091550,-0.579830,-7.659910
11.739970,-0.132926,0.068866,-0.078578,-0.132926,0.068866,-0.078578,-0.122070,-0.793460,-7.690430
11.750110,-0.078480,-0.008339,0.025016,-0.078480,-0.008339,0.025016,0.823970,-1.190190,-7.965090
11.760160,-0.167064,0.101141,-0.082110,-0.167064,0.101141,-0.082110,-0.152590,-0.762940,-7.629390
11.770290,-0.179621,0.095157,0.089663,-0.179621,0.095157,0.089663,-0.091550,-0.244140,-7.263180
11.780370,-0.182074,0.074262,0.096923,-0.182074,0.074262,0.096923,-0.488280,-0.488280,-7.202150
11.790460,-0.274288,0.066414,-0.104280,-0.274288,0.066414,-0.104280,-0.030520,-0.396730,-6.774900
11.800550,-0.330597,0.032373,0.029234,-0.330597,0.032373,0.029234,-0.152590,-0.549320,-6.774900
11.810640,-0.387986,-0.000589,-0.021680,-0.387986,-0.000589,-0.021680,0.122070,-0.671390,-6.622310
11.820730,-0.329910,-0.083189,0.022661,-0.329910,-0.083189,0.022661,0.213620,-0.610350,-7.019040
11.830820,-0.473627,0.027566,-0.000687,-0.473627,0.027566,-0.000687,-0.213620,-0.579830,-7.141110
11.840910,-0.376606,0.073673,0.027468,-0.376606,0.073673,0.027468,0.000000,-0.518800,-6.958010
11.851000,-0.300578,-0.043066,0.090252,-0.300578,-0.043066,0.090252,-0.366210,-0.427250,-6.591800
11.861090,-0.221608,-0.064648,-0.060037,-0.221608,-0.064648,-0.060037,-0.122070,-0.427250,-6.683350
11.871560,-0.295870,-0.040123,0.016088,-0.295870,-0.040123,0.016088,-0.061040,-0.488280,-6.134030
11.881960,-0.168928,-0.025114,-0.072594,-0.168928,-0.025114,-0.072594,0.244140,-0.762940,-5.859380
11.892080,-0.185017,-0.054446,0.000491,-0.185017,-0.054446,0.000491,0.030520,-0.518800,-5.554200
11.902160,-0.107812,-0.084464,-0.000687,-0.107812,-0.084464,-0.000687,-0.244140,-0.366210,-5.401610
11.912250,-0.101239,-0.025114,-0.018639,-0.101239,-0.025114,-0.018639,0.122070,-0.366210,-5.218510
11.922350,-0.026978,0.014323,0.004120,-0.026978,0.014323,0.004120,0.030520,-0.518800,-4.943850
11.932450,-0.031196,-0.017952,-0.019914,-0.031196,-0.017952,-0.019914,0.091550,-0.488280,-4.943850
11.942590,-0.048560,-0.010202,0.023250,-0.048560,-0.010202,0.023250,-0.030520,-0.427250,-4.791260
11.952640,0.048461,-0.049737,-0.030019,0.048461,-0.049737,-0.030019,-0.030520,-0.305180,-4.394530
11.962760,0.040712,-0.104182,0.014813,0.040712,-0.104182,0.014813,0.244140,-0.488280,-4.608150
11.972720,0.017364,-0.007750,-0.022269,0.017364,-0.007750,-0.022269,0.305180,-0.427250,-4.943850
11.982460,0.079559,-0.035316,-0.031883,0.079559,-0.035316,-0.031883,0.000000,-0.274660,-4.882810
11.992550,0.093980,-0.053857,-0.014519,0.093980,-0.053857,-0.014519,-0.274660,-0.244140,-5.126950
12.002640,0.074850,-0.055721,0.020209,0.074850,-0.055721,0.020209,-0.091550,-0.427250,-5.950930
12.012730,0.089762,-0.052680,-0.022857,0.089762,-0.052680,-0.022857,-0.183110,-0.366210,-6.469730
12.022820,0.146071,0.023348,-0.100160,0.146071,0.023348,-0.100160,-0.061040,-0.579830,-6.958010
12.032910,0.205323,0.053857,0.018443,0.205323,0.053857,0.018443,0.122070,-0.671390,-7.049560
12.043000,0.191589,0.077205,-0.022857,0.191589,0.077205,-0.022857,0.183110,-0.671390,-7.110600
12.053270,0.208953,0.099964,-0.025310,0.208953,0.099964,-0.025310,0.183110,-0.610350,-6.347660
12.063220,0.181387,0.022759,-0.110264,0.181387,0.022759,-0.110264,0.061040,-0.610350,-6.408690
12.073340,0.084366,0.110755,-0.075537,0.084366,0.110755,-0.075537,0.061040,-0.549320,-6.744380
12.083450,0.113109,0.101141,-0.053366,0.113109,0.101141,-0.053366,0.061040,-0.671390,-7.141110
12.093570,0.149701,0.051503,-0.101337,0.149701,0.051503,-0.101337,0.274660,-0.701900,-7.263180
12.104010,0.148425,0.044930,-0.094078,0.148425,0.044930,-0.094078,0.213620,-0.823970,-8.636470
12.114290,0.120957,-0.021582,-0.003728,0.120957,-0.021582,-0.003728,0.244140,-0.610350,-8.483890
12.124260,0.140087,-0.029332,0.081914,0.140087,-0.029332,0.081914,-0.152590,-0.732420,-8.972170
12.134250,0.164023,-0.085641,0.051404,0.164023,-0.085641,0.051404,0.030520,-0.793460,-8.972170
12.144330,0.186194,-0.038357,0.013636,0.186194,-0.038357,0.013636,0.122070,-0.762940,-8.544920
12.154460,0.161669,-0.003041,0.053170,0.161669,-0.003041,0.053170,0.091550,-0.762940,-8.026120
12.164520,0.179621,-0.071221,0.017266,0.179621,-0.071221,0.017266,0.000000,-0.579830,-6.622310
12.175120,0.225140,-0.073673,-0.017462,0.225140,-0.073673,-0.017462,0.061040,-0.671390,-6.164550
12.185910,0.193355,-0.032373,-0.000687,0.193355,-0.032373,-0.000687,0.122070,-0.640870,-5.584720
12.194830,0.173048,-0.072496,0.055525,0.173048,-0.072496,0.055525,0.000000,-0.396730,-3.936770
12.204910,0.234067,-0.076616,0.128609,0.234067,-0.076616,0.128609,0.091550,-0.274660,-3.082280
12.215000,0.238874,-0.083189,0.054936,0.238874,-0.083189,0.054936,0.122070,0.061040,-1.159670
12.225090,0.313135,0.001766,0.002256,0.313135,0.001766,0.002256,0.091550,-0.030520,0.366210
12.235190,0.290376,-0.007161,-0.101926,0.290376,-0.007161,-0.101926,0.030520,0.488280,3.021240
12.245270,0.140087,-0.037082,0.001668,0.140087,-0.037082,0.001668,0.152590,0.396730,4.150390
12.255360,0.074164,-0.093980,-0.034826,0.074164,-0.093980,-0.034826,0.457760,0.488280,4.272460
12.265450,-0.061705,0.003630,0.084268,-0.061705,0.003630,0.084268,-0.122070,0.701900,3.875730
12.275600,-0.019816,-0.081423,0.034041,-0.019816,-0.081423,0.034041,-0.091550,0.305180,2.807620
12.285770,-0.071319,-0.101141,0.072300,-0.071319,-0.101141,0.072300,-0.061040,0.152590,0.488280
12.295780,-0.073085,-0.064059,-0.002551,-0.073085,-0.064059,-0.002551,-0.061040,-0.152590,-0.610350
12.305860,-0.061705,-0.032962,0.034629,-0.061705,-0.032962,0.034629,-0.091550,-0.305180,-2.044680
12.315950,-0.040123,0.000589,0.080148,-0.040123,0.000589,0.080148,-0.152590,-0.244140,-2.746580
12.326040,0.006573,0.038357,0.010104,0.006573,0.038357,0.010104,-0.061040,-0.274660,-3.173830
12.336170,0.100553,0.064059,0.002256,0.100553,0.064059,0.002256,0.030520,-0.274660,-3.173830
12.346240,0.090350,0.015009,-0.011478,0.090350,0.015009,-0.011478,-0.061040,-0.274660,-3.234860
12.356330,-0.000589,0.029921,0.069357,-0.000589,0.029921,0.069357,-0.152590,-0.366210,-4.028320
12.366430,0.007161,-0.021582,-0.021092,0.007161,-0.021582,-0.021092,-0.244140,-0.427250,-4.516600
12.376890,0.019130,-0.124587,-0.053366,0.019130,-0.124587,-0.053366,0.061040,-0.518800,-5.157470
12.387300,0.059841,0.012557,-0.017462,0.059841,0.012557,-0.017462,-0.213620,-0.427250,-5.462650
12.397400,0.032864,-0.132337,-0.031294,0.032864,-0.132337,-0.031294,-0.183110,-0.579830,-5.279540
12.407490,0.125078,-0.035316,0.023250,0.125078,-0.035316,0.023250,-0.366210,-0.488280,-5.310060
12.417680,0.087996,0.055132,0.048363,0.087996,0.055132,0.048363,-0.244140,-0.366210,-5.065920
12.427690,0.134103,0.100553,-0.024623,0.134103,0.100553,-0.024623,-0.061040,-0.366210,-4.364010
12.437790,0.167064,0.005396,-0.036003,0.167064,0.005396,-0.036003,-0.061040,-0.427250,-3.875730
12.447890,0.055034,-0.174226,0.098689,0.055034,-0.174226,0.098689,-0.244140,-0.274660,-2.593990
12.457980,0.140675,-0.063471,-0.065433,0.140675,-0.063471,-0.065433,0.061040,-0.305180,-2.532960
12.468080,0.078970,-0.056309,0.004709,0.078970,-0.056309,0.004709,0.488280,-0.671390,-2.197270
12.478000,0.084366,0.120957,0.106439,0.084366,0.120957,0.106439,0.366210,-0.152590,-1.586910
12.487760,0.214349,0.013734,-0.018050,0.214349,0.013734,-0.018050,-0.122070,-0.091550,-0.579830
12.497830,0.053268,0.120957,-0.027076,0.053268,0.120957,-0.027076,-0.274660,0.091550,-0.335690
12.507920,-0.001864,0.073085,0.021484,-0.001864,0.073085,0.021484,-0.274660,0.152590,-0.366210
12.518010,-0.122821,0.029921,0.059154,-0.122821,0.029921,0.059154,0.183110,-0.061040,-0.823970
12.528100,-0.149112,-0.038946,0.041202,-0.149112,-0.038946,0.041202,-0.213620,-0.091550,-0.885010
12.538190,-0.183839,-0.124587,-0.066021,-0.183839,-0.124587,-0.066021,1.129150,-0.701900,-2.532960
12.548280,-0.115562,-0.088584,-0.047382,-0.115562,-0.088584,-0.047382,1.068120,-1.159670,-3.112790
12.558370,-0.168241,-0.071809,-0.103692,-0.168241,-0.071809,-0.103692,0.183110,-0.305180,-4.364010
12.568460,-0.119192,-0.083189,0.073575,-0.119192,-0.083189,0.073575,-0.366210,-0.213620,-5.401610
12.578920,-0.096432,-0.031098,0.062784,-0.096432,-0.031098,0.062784,-0.457760,-0.152590,-5.523680
12.589320,-0.103005,0.110166,0.074752,-0.103005,0.110166,0.074752,0.152590,-0.579830,-5.645750
12.599420,-0.037769,-0.010202,0.069945,-0.037769,-0.010202,0.069945,0.274660,-0.488280,-4.913330
12.609570,0.027468,-0.045518,-0.139596,0.027468,-0.045518,-0.139596,0.213620,-0.701900,-4.425050
12.619620,-0.025800,0.037082,0.084268,-0.025800,0.037082,0.084268,0.030520,-0.427250,-3.875730
12.629720,0.001177,-0.183251,-0.039044,0.001177,-0.183251,-0.039044,-0.061040,-0.549320,-4.699710
12.639810,-0.017952,0.019130,0.016677,-0.017952,0.019130,0.016677,0.122070,-0.457760,-5.554200
12.649910,-0.011968,0.271835,0.144207,-0.011968,0.271835,0.144207,0.579830,-0.305180,-5.554200
12.660000,0.056211,0.150289,-0.040221,0.056211,0.150289,-0.040221,-0.396730,-0.091550,-4.882810
12.670280,0.105359,0.075439,0.072300,0.105359,0.075439,0.072300,-0.396730,-0.030520,-4.272460
12.680090,0.111344,0.059841,-0.020503,0.111344,0.059841,-0.020503,-0.427250,-0.091550,-3.936770
12.689860,0.080246,0.011968,0.032177,0.080246,0.011968,0.032177,-0.335690,0.000000,-4.333500
12.699920,0.019130,0.019718,0.043556,0.019130,0.019718,0.043556,-0.030520,-0.152590,-4.425050
12.710020,0.060430,0.013145,0.042968,0.060430,0.013145,0.042968,0.274660,-0.427250,-5.126950
12.720100,0.089173,-0.043753,0.003434,0.089173,-0.043753,0.003434,0.213620,-0.488280,-5.920410
12.730200,0.078382,0.007161,0.013636,0.078382,0.007161,0.013636,0.274660,-0.671390,-6.774900
12.740570,0.093980,-0.000589,-0.079755,0.093980,-0.000589,-0.079755,-0.335690,-0.488280,-7.232670
12.750830,0.086819,-0.022759,0.081914,0.086819,-0.022759,0.081914,-0.091550,-0.518800,-8.026120
12.760710,0.175403,-0.014323,0.004120,0.175403,-0.014323,0.004120,0.000000,-0.579830,-7.751460
12.770800,0.114287,-0.000589,-0.067199,0.114287,-0.000589,-0.067199,0.396730,-0.854490,-7.904050
12.781030,0.113109,0.204146,0.024427,0.113109,0.204146,0.024427,1.129150,-1.159670,-7.354740
12.791110,0.144305,-0.064059,0.036984,0.144305,-0.064059,0.036984,1.190190,-1.586910,-6.683350
12.801190,0.136457,0.084464,0.017266,0.136457,0.084464,0.017266,0.610350,-1.037600,-5.340580
12.811280,0.146659,0.045518,-0.086328,0.146659,0.045518,-0.086328,-0.244140,-0.213620,-4.974370
12.821370,0.087996,-0.028155,0.022072,0.087996,-0.028155,0.022072,-0.793460,0.335690,-4.486080
12.831460,0.106537,0.053857,-0.053366,0.106537,0.053857,-0.053366,-0.732420,0.091550,-4.455570
12.841590,0.235832,0.116739,-0.018639,0.235832,0.116739,-0.018639,-0.213620,0.030520,-4.821780
12.851650,0.071221,0.035905,0.054347,0.071221,0.035905,0.054347,-0.213620,0.030520,-4.638670
12.861770,0.163435,-0.044930,0.039436,0.163435,-0.044930,0.039436,0.061040,-0.213620,-4.028320
12.871830,0.098787,-0.064648,-0.002551,0.098787,-0.064648,-0.002551,-0.091550,-0.030520,-3.417970
12.882300,0.093391,0.010791,0.032177,0.093391,0.010791,0.032177,0.000000,0.122070,-3.265380
12.892760,0.058664,0.009025,0.001079,0.058664,0.009025,0.001079,-0.091550,0.030520,-3.265380
12.902820,0.041300,-0.000589,0.080148,0.041300,-0.000589,0.080148,0.274660,-0.061040,-2.960210
12.912910,0.114287,-0.103005,-0.070142,0.114287,-0.103005,-0.070142,0.427250,-0.701900,-3.326420
12.923010,0.069455,0.012557,-0.026487,0.069455,0.012557,-0.026487,-0.305180,-0.091550,-3.326420
12.933110,0.085543,0.023348,-0.010889,0.085543,0.023348,-0.010889,-0.488280,0.030520,-3.356930
12.943390,0.144305,-0.115562,0.026193,0.144305,-0.115562,0.026193,-0.091550,0.030520,-3.051760
12.953360,0.116150,-0.004807,0.083679,0.116150,-0.004807,0.083679,-0.152590,-0.091550,-2.807620
12.963450,0.104182,-0.021582,0.023838,0.104182,-0.021582,0.023838,0.091550,-0.030520,-1.708980
12.973570,0.031098,-0.153232,0.017266,0.031098,-0.153232,0.017266,-0.366210,-0.061040,-1.464840
12.983500,-0.004218,0.003041,-0.004905,-0.004218,0.003041,-0.004905,-0.122070,-0.091550,-1.831050
12.993240,-0.085053,-0.070632,0.025016,-0.085053,-0.070632,0.025016,-0.274660,0.030520,-2.532960
13.003330,-0.098787,-0.070632,0.004709,-0.098787,-0.070632,0.004709,-0.396730,0.091550,-3.265380
13.013420,-0.021582,-0.091037,0.027468,-0.021582,-0.091037,0.027468,-0.366210,-0.274660,-5.371090
13.023560,-0.013244,0.025702,0.019620,-0.013244,0.025702,0.019620,-0.396730,-0.396730,-6.378170
13.033650,0.189137,0.157450,-0.019326,0.189137,0.157450,-0.019326,0.152590,-0.610350,-7.446290
13.043730,0.214937,0.022171,0.012459,0.214937,0.022171,0.012459,-0.518800,-0.488280,-7.995610
13.054000,0.212485,0.080246,-0.025310,0.212485,0.080246,-0.025310,-0.030520,-0.671390,-8.544920
13.063950,0.230437,-0.047873,0.041202,0.230437,-0.047873,0.041202,-0.488280,-0.610350,-8.422850
13.074040,0.242503,-0.020993,0.010693,0.242503,-0.020993,0.010693,-0.518800,-0.640870,-8.789060
13.084170,0.232301,-0.101828,-0.018050,0.232301,-0.101828,-0.018050,-0.274660,-0.793460,-9.307860
13.094300,0.303521,0.227494,0.005297,0.303521,0.227494,0.005297,0.213620,-1.007080,-9.002690
13.104440,0.245446,0.027566,-0.024035,0.245446,0.027566,-0.024035,-0.335690,-0.732420,-9.216310
13.114730,0.273012,0.039534,-0.034237,0.273012,0.039534,-0.034237,-0.366210,-0.671390,-8.697510
13.124660,0.357378,-0.001766,-0.017462,0.357378,-0.001766,-0.017462,-0.244140,-0.701900,-7.843020
13.134680,0.278408,0.024525,-0.037278,0.278408,0.024525,-0.037278,-0.183110,-0.701900,-6.774900
13.144750,0.320885,0.101828,-0.020503,0.320885,0.101828,-0.020503,0.091550,-0.549320,-5.615230
13.154830,0.278996,-0.046696,-0.007259,0.278996,-0.046696,-0.007259,-0.152590,-0.549320,-4.913330
13.164920,0.261044,0.004807,-0.012066,0.261044,0.004807,-0.012066,-0.091550,-0.549320,-4.302980
13.175080,0.285569,0.088584,-0.030019,0.285569,0.088584,-0.030019,0.152590,-0.366210,-3.875730
13.185350,0.177757,0.118505,-0.038455,0.177757,0.118505,-0.038455,0.274660,-0.366210,-3.936770
13.195280,0.239462,-0.028155,-0.021680,0.239462,-0.028155,-0.021680,-0.274660,-0.091550,-3.326420
13.205360,0.271835,0.020405,-0.026487,0.271835,0.020405,-0.026487,-0.122070,-0.122070,-3.234860
13.215440,0.287335,-0.004807,0.020797,0.287335,-0.004807,0.020797,0.152590,-0.274660,-3.631590
13.225580,0.263987,0.039534,0.004709,0.263987,0.039534,0.004709,0.549320,-0.366210,-3.021240
13.235640,0.352081,0.054446,-0.035414,0.352081,0.054446,-0.035414,0.457760,-0.427250,-2.655030
13.245720,0.378960,0.107223,-0.045028,0.378960,0.107223,-0.045028,0.396730,-0.274660,-1.708980
13.255800,0.319708,0.044341,0.004120,0.319708,0.044341,0.004120,-0.213620,-0.030520,-1.373290
13.265890,0.307740,-0.011968,0.004120,0.307740,-0.011968,0.004120,-0.152590,0.000000,-1.647950
13.275990,0.376606,0.015598,-0.004316,0.376606,0.015598,-0.004316,-0.152590,0.030520,-2.014160
13.286520,0.427520,0.058075,-0.010889,0.427520,0.058075,-0.010889,0.152590,-0.213620,-2.563480
13.296880,0.378960,0.047284,0.017854,0.378960,0.047284,0.017854,0.366210,-0.366210,-3.082280
13.306970,0.458029,0.033550,-0.032471,0.458029,0.033550,-0.032471,0.488280,-0.518800,-2.624510
13.317070,0.534645,0.056898,-0.005494,0.534645,0.056898,-0.005494,0.000000,-0.213620,-2.380370
13.327170,0.534056,0.042477,0.010104,0.534056,0.042477,0.010104,0.030520,-0.213620,-2.044680
13.337260,0.506490,0.043753,-0.005494,0.506490,0.043753,-0.005494,-0.030520,-0.183110,-1.434330
13.347360,0.477158,0.018541,0.001668,0.477158,0.018541,0.001668,-0.061040,-0.122070,-0.946040
13.357460,0.471763,0.006573,0.002256,0.471763,0.006573,0.002256,-0.030520,0.000000,-0.183110
13.367560,0.416140,-0.018541,0.011281,0.416140,-0.018541,0.011281,0.000000,0.030520,0.061040
13.377660,0.351394,-0.031098,0.011281,0.351394,-0.031098,0.011281,0.000000,0.030520,0.122070
13.387590,0.209542,-0.026389,0.013636,0.209542,-0.026389,0.013636,0.000000,0.030520,0.122070
13.397330,0.160393,-0.034727,0.010104,0.160393,-0.034727,0.010104,0.122070,-0.030520,0.122070
13.407420,0.068866,-0.049737,0.029822,0.068866,-0.049737,0.029822,0.396730,-0.183110,0.091550
13.417540,0.046696,-0.035905,0.022072,0.046696,-0.035905,0.022072,0.854490,-0.549320,0.152590
13.427600,0.049639,-0.009025,0.004709,0.049639,-0.009025,0.004709,0.885010,-0.640870,0.152590
13.437690,0.015500,-0.013145,0.008829,0.015500,-0.013145,0.008829,0.793460,-0.549320,0.152590
13.447830,0.016775,-0.007750,0.000491,0.016775,-0.007750,0.000491,0.793460,-0.549320,0.122070
13.457890,0.004120,-0.005984,-0.003139,0.004120,-0.005984,-0.003139,0.549320,-0.305180,0.091550
13.467980,-0.010202,-0.015598,0.007063,-0.010202,-0.015598,0.007063,0.518800,-0.305180,0.122070
13.478220,-0.010202,-0.015598,-0.003139,-0.010202,-0.015598,-0.003139,0.610350,-0.396730,0.091550
13.488370,-0.015009,-0.012557,-0.001962,-0.015009,-0.012557,-0.001962,0.640870,-0.396730,0.061040
13.498410,-0.013832,-0.005984,0.003434,-0.013832,-0.005984,0.003434,0.823970,-0.549320,0.122070
13.508500,-0.007259,0.001766,-0.003139,-0.007259,0.001766,-0.003139,0.793460,-0.518800,0.122070
13.518590,-0.002453,0.008339,-0.004905,-0.002453,0.008339,-0.004905,0.549320,-0.305180,0.152590
13.528680,-0.005984,0.008339,-0.010889,-0.005984,0.008339,-0.010889,0.396730,-0.183110,0.122070
13.538770,-0.000000,0.009614,-0.011478,-0.000000,0.009614,-0.011478,0.213620,-0.061040,0.091550
13.548930,-0.001864,0.010202,-0.000098,-0.001864,0.010202,-0.000098,-0.030520,0.091550,0.061040
13.558980,-0.002453,0.010202,0.001079,-0.002453,0.010202,0.001079,-0.152590,0.122070,0.030520
13.569050,-0.006671,0.007161,0.007652,-0.006671,0.007161,0.007652,-0.274660,0.305180,0.030520
13.579130,-0.009025,0.001177,0.008240,-0.009025,0.001177,0.008240,-0.305180,0.335690,0.061040
13.589590,-0.015009,-0.005396,0.013047,-0.015009,-0.005396,0.013047,-0.244140,0.213620,0.030520
13.600000,-0.020405,-0.013145,-0.000687,-0.020405,-0.013145,-0.000687,-0.152590,0.152590,0.061040
13.610130,-0.018639,-0.007750,-0.004316,-0.018639,-0.007750,-0.004316,-0.091550,0.122070,0.061040
13.620200,-0.012655,-0.003041,0.010104,-0.012655,-0.003041,0.010104,-0.061040,0.091550,0.061040
13.630330,-0.009614,-0.001177,0.008829,-0.009614,-0.001177,0.008829,-0.091550,0.091550,0.030520
13.640400,-0.006671,-0.002354,-0.013930,-0.006671,-0.002354,-0.013930,-0.305180,0.274660,0.000000
13.650500,-0.015598,-0.004807,-0.014519,-0.015598,-0.004807,-0.014519,-0.396730,0.396730,-0.030520
13.660590,-0.017364,-0.009614,-0.006671,-0.017364,-0.009614,-0.006671,-0.457760,0.457760,-0.030520
13.670690,-0.024035,-0.023348,0.013636,-0.024035,-0.023348,0.013636,-0.396730,0.427250,0.030520
13.680780,-0.021582,-0.022171,0.010104,-0.021582,-0.022171,0.010104,-0.244140,0.305180,0.030520
13.690570,-0.017364,-0.018541,0.014813,-0.017364,-0.018541,0.014813,0.152590,0.030520,0.061040
13.700370,-0.013832,-0.007161,0.010104,-0.013832,-0.007161,0.010104,0.213620,-0.030520,0.061040
13.710630,-0.001864,0.007161,0.010104,-0.001864,0.007161,0.010104,0.000000,0.091550,0.000000
13.720580,-0.004218,0.005984,0.002845,-0.004218,0.005984,0.002845,-0.152590,0.244140,0.000000
13.730670,-0.001864,0.004807,0.001668,-0.001864,0.004807,0.001668,-0.366210,0.427250,0.030520
13.740750,-0.009025,-0.004807,0.011281,-0.009025,-0.004807,0.011281,-0.396730,0.427250,0.030520
13.750850,-0.017364,-0.010202,0.013047,-0.017364,-0.010202,0.013047,-0.366210,0.366210,0.030520
13.760940,-0.017952,-0.020993,0.018443,-0.017952,-0.020993,0.018443,-0.183110,0.152590,-0.030520
13.771030,-0.017952,-0.019718,0.023838,-0.017952,-0.019718,0.023838,-0.030520,0.030520,-0.030520
13.781290,-0.016186,-0.013145,0.010104,-0.016186,-0.013145,0.010104,0.122070,-0.091550,0.000000
13.791370,-0.017364,-0.007161,0.003434,-0.017364,-0.007161,0.003434,0.091550,0.000000,0.000000
13.801330,-0.020993,-0.007161,-0.000098,-0.020993,-0.007161,-0.000098,-0.183110,0.152590,0.030520
13.811410,-0.022759,-0.022171,0.014813,-0.022759,-0.022171,0.014813,-0.183110,0.152590,0.061040
13.821550,-0.019816,-0.017952,0.016677,-0.019816,-0.017952,0.016677,-0.091550,0.122070,0.061040
13.831600,-0.015009,-0.020993,0.014813,-0.015009,-0.020993,0.014813,0.030520,0.061040,0.091550
13.841690,-0.024623,-0.018541,0.016088,-0.024623,-0.018541,0.016088,0.183110,-0.061040,0.091550
13.851780,-0.006671,0.002354,-0.005494,-0.006671,0.002354,-0.005494,0.244140,-0.061040,0.091550
13.861870,-0.005396,0.001766,-0.001962,-0.005396,0.001766,-0.001962,0.061040,0.091550,0.061040
13.871960,-0.016186,-0.001177,0.003434,-0.016186,-0.001177,0.003434,-0.152590,0.152590,0.030520
13.882050,-0.017952,-0.003041,0.007063,-0.017952,-0.003041,0.007063,-0.122070,0.122070,0.061040
13.892600,-0.020993,-0.008339,0.001668,-0.020993,-0.008339,0.001668,-0.122070,0.122070,0.061040
13.902840,-0.017952,-0.016186,0.007652,-0.017952,-0.016186,0.007652,-0.061040,0.091550,0.061040
13.912940,-0.015009,-0.010791,0.013047,-0.015009,-0.010791,0.013047,-0.030520,0.091550,0.061040
13.923040,-0.019228,-0.005396,0.014813,-0.019228,-0.005396,0.014813,-0.030520,0.061040,0.030520
13.933130,-0.024623,-0.003630,0.011870,-0.024623,-0.003630,0.011870,-0.030520,0.061040,0.030520
13.943240,-0.030607,-0.003041,0.007652,-0.030607,-0.003041,0.007652,-0.061040,0.061040,0.061040
13.953330,-0.031196,-0.004218,0.013636,-0.031196,-0.004218,0.013636,-0.061040,0.030520,0.030520
13.963460,-0.028743,-0.010202,0.021484,-0.028743,-0.010202,0.021484,-0.061040,0.030520,0.030520
13.973600,-0.025212,-0.010202,0.021484,-0.025212,-0.010202,0.021484,0.000000,0.061040,0.030520
13.983630,-0.026978,-0.009614,0.019620,-0.026978,-0.009614,0.019620,0.030520,0.061040,0.061040
13.993790,-0.020405,-0.013145,0.021484,-0.020405,-0.013145,0.021484,0.061040,0.030520,0.061040
14.003860,-0.018639,-0.007161,0.017854,-0.018639,-0.007161,0.017854,0.091550,0.000000,0.030520
14.013960,-0.017952,-0.005396,0.022072,-0.017952,-0.005396,0.022072,0.061040,0.030520,0.030520
14.024050,-0.015009,-0.004218,0.014813,-0.015009,-0.004218,0.014813,0.030520,0.030520,0.061040
14.034150,-0.016775,-0.002354,0.014813,-0.016775,-0.002354,0.014813,0.061040,0.030520,0.030520
14.044250,-0.019228,0.007750,0.019031,-0.019228,0.007750,0.019031,0.030520,0.000000,0.030520
14.054600,-0.017364,0.001177,0.014224,-0.017364,0.001177,0.014224,0.000000,0.000000,0.030520
14.064460,-0.025212,0.000589,0.019620,-0.025212,0.000589,0.019620,0.030520,0.030520,0.030520
14.074580,-0.024623,-0.001177,0.018443,-0.024623,-0.001177,0.018443,0.030520,0.000000,0.061040
14.084640,-0.025212,-0.006573,0.013636,-0.025212,-0.006573,0.013636,0.152590,-0.091550,0.061040
14.094810,-0.028743,-0.013145,0.027468,-0.028743,-0.013145,0.027468,0.244140,-0.152590,0.061040
14.104920,-0.023348,-0.007161,0.024427,-0.023348,-0.007161,0.024427,0.549320,-0.396730,0.091550
14.115050,-0.007259,0.006573,0.026193,-0.007259,0.006573,0.026193,0.579830,-0.366210,0.091550
14.125080,-0.009025,0.004807,0.023250,-0.009025,0.004807,0.023250,0.549320,-0.366210,0.122070
14.135180,-0.009025,0.009025,0.015402,-0.009025,0.009025,0.015402,0.488280,-0.305180,0.091550
14.145280,-0.009025,0.011968,0.016088,-0.009025,0.011968,0.016088,0.396730,-0.274660,0.061040
14.155370,-0.015598,0.009025,0.005886,-0.015598,0.009025,0.005886,0.305180,-0.244140,0.030520
14.165470,-0.013832,0.011380,0.007652,-0.013832,0.011380,0.007652,0.274660,-0.213620,-0.030520
14.175570,-0.010202,0.015598,0.011870,-0.010202,0.015598,0.011870,0.183110,-0.122070,-0.030520
14.185950,-0.000589,0.020993,0.018443,-0.000589,0.020993,0.018443,0.122070,-0.061040,-0.030520
14.195580,-0.003041,0.015598,0.020209,-0.003041,0.015598,0.020209,0.061040,0.000000,0.000000
14.205300,-0.000589,0.013734,0.022072,-0.000589,0.013734,0.022072,0.000000,0.091550,0.000000
14.215400,-0.007259,0.003630,0.028057,-0.007259,0.003630,0.028057,-0.061040,0.091550,0.030520
14.225520,-0.005984,0.000000,0.034629,-0.005984,0.000000,0.034629,0.091550,0.000000,0.030520
14.235570,-0.007259,0.000589,0.028057,-0.007259,0.000589,0.028057,0.152590,-0.061040,0.030520
14.245670,-0.009025,0.002354,0.022661,-0.009025,0.002354,0.022661,0.213620,-0.091550,0.061040
14.255750,-0.001275,0.005984,0.008829,-0.001275,0.005984,0.008829,0.183110,-0.030520,0.061040
14.265840,0.002354,0.005984,0.010693,0.002354,0.005984,0.010693,0.091550,0.030520,0.061040
14.275930,-0.001275,0.010791,0.031000,-0.001275,0.010791,0.031000,0.000000,0.091550,0.061040
14.286030,-0.000000,0.011968,0.029234,-0.000000,0.011968,0.029234,0.000000,0.061040,0.000000
14.296720,-0.001864,-0.003630,0.023838,-0.001864,-0.003630,0.023838,0.152590,-0.061040,0.030520
14.306840,0.000589,0.000589,0.028057,0.000589,0.000589,0.028057,0.335690,-0.183110,0.000000
14.316890,0.001177,0.009025,0.031588,0.001177,0.009025,0.031588,0.610350,-0.366210,0.030520
14.326990,0.003532,0.011380,0.024427,0.003532,0.011380,0.024427,0.579830,-0.366210,0.061040
14.337080,-0.000589,0.010791,0.012459,-0.000589,0.010791,0.012459,0.579830,-0.305180,0.122070
14.347180,-0.009025,0.017952,0.019031,-0.009025,0.017952,0.019031,0.671390,-0.396730,0.183110
14.357280,-0.010202,0.017364,0.033452,-0.010202,0.017364,0.033452,0.793460,-0.518800,0.274660
14.367370,-0.004218,0.012557,0.035218,-0.004218,0.012557,0.035218,1.129150,-0.854490,0.671390
14.377470,0.004120,0.016186,0.024427,0.004120,0.016186,0.024427,1.251220,-0.885010,0.915530
14.387570,0.005984,0.026389,0.016088,0.005984,0.026389,0.016088,1.342770,-0.885010,1.037600
14.397160,0.010693,0.023348,0.008829,0.010693,0.023348,0.008829,1.251220,-0.854490,0.946040
14.407160,0.008339,0.029332,0.016088,0.008339,0.029332,0.016088,0.823970,-0.518800,0.579830
14.417240,0.006573,0.025702,0.010693,0.006573,0.025702,0.010693,0.640870,-0.366210,0.488280
14.427340,0.008339,0.029332,0.013047,0.008339,0.029332,0.013047,0.488280,-0.274660,0.366210
14.437430,0.010693,0.031686,0.020797,0.010693,0.031686,0.020797,0.244140,-0.030520,0.244140
14.447520,0.006573,0.016775,0.023838,0.006573,0.016775,0.023838,0.183110,0.030520,0.152590
14.457610,-0.000000,0.010791,0.031588,-0.000000,0.010791,0.031588,0.427250,-0.213620,0.152590
14.467700,0.002354,0.003630,0.030411,0.002354,0.003630,0.030411,0.640870,-0.427250,0.152590
14.477790,0.007750,0.005984,0.033452,0.007750,0.005984,0.033452,1.129150,-0.823970,0.183110
14.487890,0.019130,0.020993,0.016088,0.019130,0.020993,0.016088,1.159670,-0.823970,0.183110
14.498680,0.025114,0.033550,0.002845,0.025114,0.033550,0.002845,0.976560,-0.701900,0.152590
14.508690,0.006573,0.037769,0.008829,0.006573,0.037769,0.008829,0.549320,-0.335690,0.152590
14.518780,0.004709,0.035316,0.017266,0.004709,0.035316,0.017266,0.427250,-0.244140,0.152590
14.528870,0.013734,0.032373,0.027468,0.013734,0.032373,0.027468,0.366210,-0.183110,0.305180
14.538970,0.016088,0.029921,0.024427,0.016088,0.029921,0.024427,0.396730,-0.183110,0.366210
14.549070,0.011968,0.030509,0.016677,0.011968,0.030509,0.016677,0.366210,-0.213620,0.274660
14.559160,0.009516,0.032962,0.025604,0.009516,0.032962,0.025604,0.366210,-0.244140,0.244140
14.569260,0.008339,0.032962,0.031588,0.008339,0.032962,0.031588,0.457760,-0.305180,0.213620
14.579360,0.014911,0.041300,0.024427,0.014911,0.041300,0.024427,0.488280,-0.427250,0.213620
14.589450,0.025702,0.034727,0.013047,0.025702,0.034727,0.013047,0.427250,-0.335690,0.152590
14.599400,0.026879,0.049737,0.021484,0.026879,0.049737,0.021484,0.091550,-0.061040,0.091550
14.609120,0.025114,0.049050,0.026781,0.025114,0.049050,0.026781,-0.122070,0.091550,0.091550
14.619210,0.019718,0.040123,0.028057,0.019718,0.040123,0.028057,-0.366210,0.274660,0.091550
14.629310,0.010693,0.037082,0.017266,0.010693,0.037082,0.017266,-0.366210,0.335690,0.091550
14.639400,0.008339,0.034727,0.020209,0.008339,0.034727,0.020209,-0.366210,0.335690,0.091550
14.649520,0.000589,0.025702,0.030411,0.000589,0.025702,0.030411,-0.213620,0.152590,0.122070
14.659580,0.003532,0.025702,0.038161,0.003532,0.025702,0.038161,-0.061040,0.061040,0.122070
14.669670,0.002943,0.026978,0.025016,0.002943,0.026978,0.025016,0.244140,-0.213620,0.152590
14.679760,0.003532,0.031098,0.019031,0.003532,0.031098,0.019031,0.305180,-0.244140,0.152590
14.689880,0.004709,0.031098,0.016677,0.004709,0.031098,0.016677,0.305180,-0.244140,0.091550
14.700290,0.006573,0.029921,0.011281,0.006573,0.029921,0.011281,0.183110,-0.122070,0.061040
14.710700,0.007161,0.020405,0.019620,0.007161,0.020405,0.019620,0.152590,-0.030520,0.091550
14.720790,0.004709,0.015598,0.026193,0.004709,0.015598,0.026193,0.305180,-0.183110,0.030520
14.730890,0.004709,0.017364,0.031000,0.004709,0.017364,0.031000,0.518800,-0.335690,0.091550
14.740990,0.005984,0.021582,0.018443,0.005984,0.021582,0.018443,0.915530,-0.701900,0.122070
14.751090,0.010693,0.030509,0.017854,0.010693,0.030509,0.017854,1.098630,-0.854490,0.122070
14.761340,0.016775,0.036493,0.025016,0.016775,0.036493,0.025016,1.251220,-0.946040,0.091550
14.771370,0.029921,0.058664,0.010104,0.029921,0.058664,0.010104,1.098630,-0.823970,0.061040
14.781460,0.037670,0.064059,0.002845,0.037670,0.064059,0.002845,0.488280,-0.305180,0.000000
14.791560,0.037670,0.059252,0.006475,0.037670,0.059252,0.006475,0.152590,-0.030520,-0.030520
14.801550,0.028743,0.052680,0.017266,0.028743,0.052680,0.017266,-0.122070,0.122070,-0.030520
14.811250,0.014911,0.033550,0.035807,0.014911,0.033550,0.035807,-0.122070,0.183110,-0.030520
14.821330,0.013145,0.026389,0.038848,0.013145,0.026389,0.038848,0.030520,0.061040,-0.030520
14.831750,0.011380,0.035316,0.038848,0.011380,0.035316,0.038848,0.549320,-0.366210,0.030520
14.841720,0.026291,0.047873,0.020797,0.026291,0.047873,0.020797,0.732420,-0.518800,0.091550
14.851640,0.032275,0.063471,0.004709,0.032275,0.063471,0.004709,0.518800,-0.366210,0.091550
14.861720,0.040123,0.079069,0.007063,0.040123,0.079069,0.007063,0.244140,-0.122070,0.030520
14.871810,0.040123,0.074850,0.007652,0.040123,0.074850,0.007652,-0.091550,0.122070,0.000000
14.881900,0.029921,0.057487,0.017266,0.029921,0.057487,0.017266,-0.518800,0.488280,-0.030520
14.892020,0.023348,0.049050,0.025016,0.023348,0.049050,0.025016,-0.549320,0.549320,-0.030520
14.902120,0.020307,0.031686,0.036395,0.020307,0.031686,0.036395,-0.335690,0.305180,0.000000
14.912200,0.016775,0.029332,0.037572,0.016775,0.029332,0.037572,-0.122070,0.122070,0.030520
14.922290,0.020307,0.031686,0.036984,0.020307,0.031686,0.036984,0.183110,-0.122070,0.061040
14.932380,0.020895,0.038946,0.008829,0.020895,0.038946,0.008829,0.274660,-0.152590,0.061040
14.942510,0.029332,0.044930,0.000491,0.029332,0.044930,0.000491,0.213620,-0.091550,0.122070
14.952590,0.032275,0.054446,0.013636,0.032275,0.054446,0.013636,-0.061040,0.091550,0.152590
14.962680,0.028743,0.053857,0.022072,0.028743,0.053857,0.022072,-0.183110,0.183110,0.152590
14.972770,0.019130,0.050325,0.019620,0.019130,0.050325,0.019620,-0.244140,0.244140,0.061040
14.982860,0.018541,0.043066,0.023838,0.018541,0.043066,0.023838,-0.183110,0.183110,0.091550
14.992950,0.011968,0.034727,0.023250,0.011968,0.034727,0.023250,0.091550,0.000000,0.061040
15.003410,0.011380,0.029921,0.023838,0.011380,0.029921,0.023838,0.305180,-0.152590,0.061040
15.013820,0.010104,0.018541,0.025016,0.010104,0.018541,0.025016,0.488280,-0.305180,0.091550
15.023920,0.016775,0.032373,0.017266,0.016775,0.032373,0.017266,0.762940,-0.549320,0.091550
15.034020,0.017364,0.037082,0.011870,0.017364,0.037082,0.011870,0.823970,-0.610350,0.091550
15.044110,0.023348,0.043753,0.010693,0.023348,0.043753,0.010693,0.762940,-0.579830,0.061040
15.054350,0.025702,0.047284,0.006475,0.025702,0.047284,0.006475,0.640870,-0.488280,0.030520
15.064320,0.032275,0.050325,-0.001962,0.032275,0.050325,-0.001962,0.335690,-0.244140,0.000000
15.074410,0.032275,0.057487,0.005297,0.032275,0.057487,0.005297,0.122070,-0.091550,0.030520
15.084500,0.019130,0.055721,0.004709,0.019130,0.055721,0.004709,-0.061040,0.061040,0.030520
15.094620,0.017364,0.047284,0.004709,0.017364,0.047284,0.004709,-0.244140,0.274660,0.000000
15.104580,0.019130,0.050914,0.002256,0.019130,0.050914,0.002256,-0.366210,0.335690,0.000000
15.114290,0.013145,0.055132,0.005297,0.013145,0.055132,0.005297,-0.427250,0.427250,-0.030520
15.124430,0.013734,0.051503,0.001668,0.013734,0.051503,0.001668,-0.518800,0.488280,-0.030520
15.134520,0.016088,0.051503,0.001668,0.016088,0.051503,0.001668,-0.701900,0.640870,-0.061040
15.144600,0.016775,0.043066,-0.003139,0.016775,0.043066,-0.003139,-0.854490,0.762940,-0.061040
15.154690,0.013145,0.043753,-0.000098,0.013145,0.043753,-0.000098,-0.946040,0.793460,-0.030520
15.164780,0.011380,0.037082,0.017266,0.011380,0.037082,0.017266,-0.946040,0.885010,-0.091550
15.174870,0.013734,0.035905,0.013636,0.013734,0.035905,0.013636,-0.885010,0.823970,-0.091550
15.185220,0.010104,0.028743,0.015402,0.010104,0.028743,0.015402,-0.793460,0.732420,-0.091550
15.195190,0.010693,0.024525,0.011281,0.010693,0.024525,0.011281,-0.732420,0.640870,-0.061040
15.205250,0.016088,0.023348,0.018443,0.016088,0.023348,0.018443,-0.579830,0.579830,-0.061040
15.215330,0.021484,0.025114,0.020797,0.021484,0.025114,0.020797,-0.610350,0.579830,-0.091550
15.225410,0.036493,0.026978,0.022661,0.036493,0.026978,0.022661,-0.518800,0.518800,-0.061040
15.235510,0.053268,0.019718,0.011870,0.053268,0.019718,0.011870,-0.488280,0.457760,-0.091550
15.245620,0.054446,0.024525,0.013636,0.054446,0.024525,0.013636,-0.488280,0.457760,-0.122070
15.255690,0.056800,0.024525,0.023838,0.056800,0.024525,0.023838,-0.579830,0.549320,-0.213620
15.265800,0.058075,0.019718,0.014224,0.058075,0.019718,0.014224,-0.701900,0.671390,-0.244140
15.275860,0.043066,0.015598,0.006475,0.043066,0.015598,0.006475,-0.946040,0.854490,-0.366210
15.285960,0.028057,0.013734,0.007652,0.028057,0.013734,0.007652,-1.068120,0.915530,-0.396730
15.296070,0.011968,0.009614,0.018443,0.011968,0.009614,0.018443,-1.037600,0.915530,-0.366210
15.306530,-0.016186,-0.006573,0.025016,-0.016186,-0.006573,0.025016,-0.915530,0.762940,-0.366210
15.316930,-0.012655,-0.010202,0.026781,-0.012655,-0.010202,0.026781,-0.732420,0.640870,-0.335690
15.327020,-0.026389,-0.006573,0.023838,-0.026389,-0.006573,0.023838,-0.305180,0.244140,-0.335690
15.337130,-0.024623,0.008339,0.017854,-0.024623,0.008339,0.017854,-0.091550,0.091550,-0.366210
15.347220,0.005396,0.023348,0.009418,0.005396,0.023348,0.009418,-0.030520,0.000000,-0.396730
15.357310,0.005396,0.035905,0.009418,0.005396,0.035905,0.009418,-0.122070,0.091550,-0.396730
15.367410,0.009516,0.033550,0.013636,0.009516,0.033550,0.013636,-0.427250,0.335690,-0.396730
15.377620,0.011968,0.027566,0.019620,0.011968,0.027566,0.019620,-0.610350,0.488280,-0.366210
15.387610,0.005984,0.019130,0.022072,0.005984,0.019130,0.022072,-0.732420,0.579830,-0.366210
15.397700,0.005984,0.004218,0.019620,0.005984,0.004218,0.019620,-0.701900,0.518800,-0.305180
15.407620,0.007750,-0.000589,0.025604,0.007750,-0.000589,0.025604,-0.518800,0.396730,-0.244140
15.417360,0.071809,0.010791,0.021484,0.071809,0.010791,0.021484,-0.213620,0.091550,-0.152590
15.427450,0.076027,0.022759,0.014813,0.076027,0.022759,0.014813,-0.274660,0.183110,-0.122070
15.437570,0.075439,0.028155,0.001079,0.075439,0.028155,0.001079,-0.701900,0.610350,-0.030520
15.447630,0.053857,0.019130,0.022072,0.053857,0.019130,0.022072,-1.037600,0.885010,-0.091550
15.457750,0.047284,0.007161,0.035218,0.047284,0.007161,0.035218,-0.915530,0.701900,-0.274660
15.467810,0.111932,0.003630,0.025016,0.111932,0.003630,0.025016,-0.610350,0.396730,-0.854490
15.477910,0.120271,0.003630,0.012459,0.120271,0.003630,0.012459,-0.427250,0.274660,-1.342770
15.487990,0.184428,0.017364,-0.000687,0.184428,0.017364,-0.000687,-0.305180,0.091550,-2.075200
15.498180,0.202969,0.016775,0.006475,0.202969,0.016775,0.006475,-0.305180,0.030520,-2.288820
15.508600,0.225728,0.040712,0.014224,0.225728,0.040712,0.014224,-0.213620,-0.030520,-2.777100
15.519010,0.230437,-0.009614,0.014813,0.230437,-0.009614,0.014813,-0.213620,-0.091550,-2.777100
15.529110,0.201105,0.001177,0.014224,0.201105,0.001177,0.014224,-0.244140,-0.152590,-3.143310
15.539200,0.181976,0.053268,0.002845,0.181976,0.053268,0.002845,-0.061040,-0.244140,-3.112790
15.549300,0.249076,0.037769,0.006475,0.249076,0.037769,0.006475,-0.091550,-0.274660,-3.204350
15.559390,0.327458,0.071809,0.004709,0.327458,0.071809,0.004709,0.061040,-0.274660,-2.044680
15.569530,0.296949,0.111344,0.020209,0.296949,0.111344,0.020209,-0.061040,-0.152590,-1.708980
15.579590,0.271835,0.129296,0.016088,0.271835,0.129296,0.016088,0.030520,-0.213620,-1.739500
15.589690,0.439488,0.155685,-0.004316,0.439488,0.155685,-0.004316,0.335690,-0.305180,-1.800540
15.599780,0.454399,-0.047284,0.014224,0.454399,-0.047284,0.014224,0.366210,-0.213620,-1.770020
15.609700,0.507079,0.167064,-0.018639,0.507079,0.167064,-0.018639,0.335690,-0.122070,-1.373290
15.619450,0.492756,0.085053,0.043556,0.492756,0.085053,0.043556,0.122070,0.061040,-1.342770
15.629570,0.508354,0.214349,0.032177,0.508354,0.214349,0.032177,-0.091550,0.061040,-0.061040
15.639630,0.497563,0.137144,-0.013244,0.497563,0.137144,-0.013244,-0.030520,0.091550,0.854490
15.649720,0.402897,0.148523,-0.002551,0.402897,0.148523,-0.002551,0.274660,0.183110,1.617430
15.659810,0.359242,-0.004807,0.057977,0.359242,-0.004807,0.057977,0.427250,-0.244140,0.549320
15.669900,0.196396,0.039534,0.079559,0.196396,0.039534,0.079559,-0.183110,0.274660,1.220700
15.679980,0.246623,0.096432,0.018443,0.246623,0.096432,0.018443,0.152590,0.152590,1.342770
15.690090,0.238874,0.060430,0.004120,0.238874,0.060430,0.004120,0.061040,0.183110,1.098630
15.700160,0.089173,-0.146659,0.039436,0.089173,-0.146659,0.039436,0.274660,0.152590,0.976560
15.710600,0.059841,-0.035905,0.003434,0.059841,-0.035905,0.003434,0.030520,0.091550,0.640870
15.721010,0.061607,-0.138910,0.054347,0.061607,-0.138910,0.054347,0.366210,0.000000,-0.030520
15.731110,0.061018,0.004807,-0.000687,0.061018,0.004807,-0.000687,-0.091550,-0.061040,-0.701900
15.741200,0.103594,-0.007161,0.015402,0.103594,-0.007161,0.015402,0.366210,-0.091550,0.244140
15.751300,0.103594,0.029921,0.020797,0.103594,0.029921,0.020797,0.335690,-0.030520,0.152590
15.761390,0.159216,0.038357,0.020209,0.159216,0.038357,0.020209,0.396730,0.030520,0.671390
15.771490,0.211307,0.008339,0.012459,0.211307,0.008339,0.012459,0.335690,0.000000,0.579830
15.781590,0.232889,0.008339,0.001079,0.232889,0.008339,0.001079,0.457760,-0.030520,0.915530
15.791680,0.226905,-0.021582,0.005297,0.226905,-0.021582,0.005297,0.244140,0.122070,1.281740
15.801780,0.292730,0.035905,0.027468,0.292730,0.035905,0.027468,0.579830,0.030520,1.129150
15.811690,0.289787,0.038357,0.027468,0.289787,0.038357,0.027468,0.061040,0.061040,1.159670
15.821620,0.284981,0.001177,0.082502,0.284981,0.001177,0.082502,0.213620,0.091550,1.495360
15.831570,0.324515,0.105359,0.026193,0.324515,0.105359,0.026193,0.122070,0.091550,1.281740
15.841650,0.315490,0.015598,0.056800,0.315490,0.015598,0.056800,0.122070,0.061040,1.129150
15.851740,0.330499,0.037082,-0.006671,0.330499,0.037082,-0.006671,0.427250,0.091550,1.647950
15.861840,0.383767,0.050914,0.012459,0.383767,0.050914,0.012459,0.305180,0.091550,2.105710
15.871920,0.357378,0.077793,0.025016,0.357378,0.077793,0.025016,0.244140,0.091550,2.014160
15.882020,0.337660,0.032962,0.004709,0.337660,0.032962,0.004709,0.610350,-0.030520,1.861570
15.892390,0.389751,0.033550,-0.046205,0.389751,0.033550,-0.046205,0.274660,0.152590,1.647950
15.902380,0.325103,0.068278,0.048363,0.325103,0.068278,0.048363,0.305180,0.122070,1.373290
15.912360,0.286158,-0.041889,0.028057,0.286158,-0.041889,0.028057,-0.152590,0.091550,0.854490
15.922480,0.298126,0.040712,-0.008535,0.298126,0.040712,-0.008535,0.274660,0.030520,0.396730
15.932540,0.297537,0.025114,0.007063,0.297537,0.025114,0.007063,-0.213620,0.000000,-0.946040
15.942620,0.311958,-0.006573,-0.048069,0.311958,-0.006573,-0.048069,-0.030520,-0.122070,-0.701900
15.952710,0.298126,0.044341,0.041202,0.298126,0.044341,0.041202,0.122070,-0.213620,0.000000
15.962820,0.332853,0.031686,-0.031883,0.332853,0.031686,-0.031883,0.091550,-0.091550,0.732420
15.972890,0.288610,-0.001177,-0.042673,0.288610,-0.001177,-0.042673,0.000000,0.091550,0.915530
15.982980,0.224453,0.009025,-0.006082,0.224453,0.009025,-0.006082,0.244140,-0.091550,1.037600
15.993060,0.138910,0.017952,0.040613,0.138910,0.017952,0.040613,0.152590,0.000000,1.068120
16.003150,0.018541,0.043066,0.101632,0.018541,0.043066,0.101632,-0.030520,-0.030520,0.457760
16.013610,0.089173,0.028155,-0.022269,0.089173,0.028155,-0.022269,-0.061040,-0.091550,0.183110
16.024030,-0.062882,0.074850,0.044145,-0.062882,0.074850,0.044145,0.305180,-0.122070,-1.098630
16.034120,-0.064059,-0.032962,0.029822,-0.064059,-0.032962,0.029822,0.152590,-0.244140,-1.586910
16.044220,-0.041987,0.025114,0.017854,-0.041987,0.025114,0.017854,0.122070,-0.305180,-1.556400
16.054460,0.029332,0.099964,-0.035414,0.029332,0.099964,-0.035414,-0.244140,-0.274660,-1.586910
16.064430,0.064648,0.060430,-0.017462,0.064648,0.060430,-0.017462,0.793460,-0.305180,-0.946040
16.074520,0.040712,0.023936,-0.088094,0.040712,0.023936,-0.088094,0.091550,0.030520,-0.427250
16.084620,0.005984,0.055721,0.068768,0.005984,0.055721,0.068768,0.152590,0.091550,0.396730
16.094740,0.011380,0.024525,0.099277,0.011380,0.024525,0.099277,-0.091550,0.030520,1.098630
16.104840,0.037670,0.020993,0.008240,0.037670,0.020993,0.008240,-0.030520,0.122070,1.556400
16.114770,0.093391,0.004218,-0.016285,0.093391,0.004218,-0.016285,0.244140,0.061040,2.746580
16.124550,0.064059,-0.042477,-0.095353,0.064059,-0.042477,-0.095353,0.091550,0.244140,3.051760
16.134610,-0.074850,0.068866,0.104084,-0.074850,0.068866,0.104084,0.396730,0.122070,3.051760
16.144740,0.002354,0.010791,0.053170,0.002354,0.010791,0.053170,0.061040,0.152590,0.762940
16.155050,0.031098,-0.011380,0.005297,0.031098,-0.011380,0.005297,-0.183110,0.122070,-0.457760
16.165100,0.142441,-0.070043,-0.084562,0.142441,-0.070043,-0.084562,0.030520,-0.244140,-1.098630
16.175060,0.162257,0.025114,0.001079,0.162257,0.025114,0.001079,0.274660,-0.091550,-0.976560
16.185360,0.238285,0.000000,-0.137242,0.238285,0.000000,-0.137242,0.427250,-0.091550,-0.976560
16.195480,0.115562,0.026389,0.190314,0.115562,0.026389,0.190314,0.213620,-0.091550,-0.030520
16.205420,0.188548,0.046107,0.149014,0.188548,0.046107,0.149014,0.549320,-0.030520,0.305180
16.215600,0.289199,-0.029921,-0.063569,0.289199,-0.029921,-0.063569,0.213620,0.030520,1.281740
16.225690,0.199339,0.077793,-0.009123,0.199339,0.077793,-0.009123,-0.183110,0.183110,2.197270
16.235780,0.244858,0.089860,-0.108499,0.244858,0.089860,-0.108499,0.000000,0.122070,3.326420
16.245870,0.122134,0.023348,-0.035414,0.122134,0.023348,-0.035414,0.030520,0.244140,2.838130
16.255950,0.043066,0.037082,0.035218,0.043066,0.037082,0.035218,0.030520,0.091550,1.556400
16.266050,0.034727,-0.000589,-0.026487,0.034727,-0.000589,-0.026487,0.061040,0.030520,1.342770
16.276130,0.008339,-0.106537,0.017266,0.008339,-0.106537,0.017266,0.122070,0.152590,1.159670
16.286230,-0.004807,-0.044341,0.030411,-0.004807,-0.044341,0.030411,1.281740,-0.518800,0.701900
16.296340,-0.028743,-0.042477,-0.046794,-0.028743,-0.042477,-0.046794,0.091550,-0.091550,1.281740
16.306410,-0.100062,0.110755,0.036984,-0.100062,0.110755,0.036984,-0.091550,0.427250,4.180910
16.316870,-0.088094,0.032962,0.020797,-0.088094,0.032962,0.020797,0.152590,0.366210,5.523680
16.327290,-0.161669,0.068866,0.085543,-0.161669,0.068866,0.085543,-0.061040,0.976560,7.080080
16.337380,-0.180308,-0.013145,-0.021092,-0.180308,-0.013145,-0.021092,-0.061040,0.762940,6.835940
16.347480,-0.285079,-0.022759,0.081914,-0.285079,-0.022759,0.081914,0.885010,-0.091550,5.340580
16.357700,-0.216801,0.004807,0.035218,-0.216801,0.004807,0.035218,0.885010,-0.244140,4.089360
16.367680,-0.216801,-0.097610,0.027468,-0.216801,-0.097610,0.027468,0.885010,-0.183110,3.662110
16.377780,-0.152153,-0.080246,-0.055819,-0.152153,-0.080246,-0.055819,0.000000,0.457760,3.845210
16.387870,-0.133514,-0.157450,-0.018050,-0.133514,-0.157450,-0.018050,-0.183110,0.701900,3.936770
16.397970,-0.101828,-0.063471,0.011281,-0.101828,-0.063471,0.011281,-0.061040,0.549320,4.486080
16.408060,-0.107812,-0.040712,-0.072594,-0.107812,-0.040712,-0.072594,-0.244140,0.854490,4.760740
16.417990,-0.086230,-0.055132,0.053170,-0.086230,-0.055132,0.053170,0.152590,0.579830,5.065920
16.427720,0.003532,-0.068278,-0.033060,0.003532,-0.068278,-0.033060,0.549320,0.274660,5.004880
16.437820,0.008927,-0.068866,0.015402,0.008927,-0.068866,0.015402,0.885010,-0.183110,4.943850
16.447900,-0.010791,-0.110166,0.086132,-0.010791,-0.110166,0.086132,0.762940,0.122070,5.676270
16.458000,0.078382,0.001766,-0.058173,0.078382,0.001766,-0.058173,0.640870,0.213620,5.981450
16.468080,0.043654,0.083189,0.030411,0.043654,0.083189,0.030411,-0.061040,0.701900,5.828860
16.478180,0.043066,0.026978,0.081914,0.043066,0.026978,0.081914,-0.183110,0.915530,5.859380
16.488270,0.101730,0.010202,-0.046794,0.101730,0.010202,-0.046794,0.976560,0.091550,5.249020
16.498480,0.152055,-0.071809,0.070534,0.152055,-0.071809,0.070534,1.434330,-0.518800,4.821780
16.508520,0.220921,-0.002354,-0.088781,0.220921,-0.002354,-0.088781,1.403810,-0.640870,4.852290
16.518970,0.268794,-0.019718,0.028645,0.268794,-0.019718,0.028645,1.586910,-0.610350,5.493160
16.529370,0.300578,-0.001766,-0.018050,0.300578,-0.001766,-0.018050,1.525880,-0.335690,6.042480
16.539610,0.409469,0.043753,-0.082796,0.409469,0.043753,-0.082796,0.610350,0.335690,7.202150
16.549690,0.428697,0.091625,0.022072,0.428697,0.091625,0.022072,0.793460,0.335690,7.965090
16.559780,0.423302,0.114385,0.027468,0.423302,0.114385,0.027468,0.671390,0.701900,8.422850
16.569880,0.292142,0.096432,0.059154,0.292142,0.096432,0.059154,0.701900,0.396730,8.422850
16.579970,0.279585,-0.046696,0.013047,0.279585,-0.046696,0.013047,0.640870,0.183110,8.056640
16.590080,0.180210,-0.110755,0.114875,0.180210,-0.110755,0.114875,1.007080,0.061040,8.117680
16.600170,0.262810,-0.046107,-0.065433,0.262810,-0.046107,-0.065433,1.495360,-0.579830,7.934570
16.610300,0.154998,-0.041300,0.043556,0.154998,-0.041300,0.043556,1.464840,-0.640870,7.232670
16.620200,0.129296,0.025702,0.031588,0.129296,0.025702,0.031588,2.746580,-1.495360,6.591800
16.629940,0.201792,0.002354,0.017854,0.201792,0.002354,0.017854,2.258300,-1.251220,6.530760
16.640030,0.191589,0.059252,-0.000098,0.191589,0.059252,-0.000098,2.288820,-1.037600,6.530760
16.650120,0.177169,0.016775,0.040025,0.177169,0.016775,0.040025,2.227780,-0.976560,6.805420
16.660210,0.087407,0.073085,0.068768,0.087407,0.073085,0.068768,1.586910,-0.823970,6.103520
16.670310,0.086819,0.013734,-0.092901,0.086819,0.013734,-0.092901,1.678470,-0.823970,6.713870
16.680390,0.052091,0.087407,-0.158235,0.052091,0.087407,-0.158235,1.617430,-0.854490,6.286620
16.690520,-0.072496,0.134691,0.035218,-0.072496,0.134691,0.035218,1.159670,-0.244140,6.225590
16.700600,-0.006671,0.105948,-0.087505,-0.006671,0.105948,-0.087505,0.213620,0.579830,6.378170
16.710680,-0.091625,0.025702,-0.062392,-0.091625,0.025702,-0.062392,-0.885010,1.373290,6.317140
16.721130,-0.097610,0.010202,-0.009712,-0.097610,0.010202,-0.009712,-1.251220,1.739500,5.340580
16.731540,-0.146758,0.017364,-0.025310,-0.146758,0.017364,-0.025310,-1.159670,1.861570,5.096440
16.741640,-0.129394,0.074850,0.028645,-0.129394,0.074850,0.028645,-0.915530,1.434330,4.547120
16.751750,-0.118014,0.105359,0.102907,-0.118014,0.105359,0.102907,-0.457760,1.007080,4.364010
16.761830,-0.013244,0.052091,-0.127039,-0.013244,0.052091,-0.127039,-0.762940,1.129150,4.943850
16.771930,-0.005984,0.082012,-0.154606,-0.005984,0.082012,-0.154606,-1.281740,1.739500,5.950930
16.782020,-0.032962,0.165887,-0.066021,-0.032962,0.165887,-0.066021,-1.342770,1.617430,6.134030
16.792120,-0.064059,0.140675,-0.086328,-0.064059,0.140675,-0.086328,-1.434330,2.044680,7.171630
16.802220,-0.010791,0.136555,-0.049835,-0.010791,0.136555,-0.049835,-1.403810,1.953120,7.598880
16.812310,-0.120957,0.131748,0.102907,-0.120957,0.131748,0.102907,-1.495360,2.227780,7.995610
16.822240,-0.122821,0.117328,-0.043262,-0.122821,0.117328,-0.043262,-1.098630,1.647950,8.087160
16.831980,-0.178444,0.017364,0.080736,-0.178444,0.017364,0.080736,-1.037600,1.708980,8.087160
16.842080,-0.187469,0.024525,-0.063569,-0.187469,0.024525,-0.063569,-0.640870,0.854490,7.354740
16.852210,-0.157549,0.053268,-0.077990,-0.157549,0.053268,-0.077990,0.030520,0.732420,7.232670
16.862280,-0.260456,-0.019130,0.118995,-0.260456,-0.019130,0.118995,0.366210,0.152590,5.493160
16.872500,-0.183839,0.012557,0.028057,-0.183839,0.012557,0.028057,0.427250,0.122070,5.035400
16.882540,-0.115562,-0.029921,-0.052778,-0.115562,-0.029921,-0.052778,0.579830,-0.030520,4.577640
16.892640,-0.158726,0.064059,-0.032471,-0.158726,0.064059,-0.032471,1.159670,-0.366210,3.662110
16.902720,-0.045518,0.065237,-0.031294,-0.045518,0.065237,-0.031294,0.854490,-0.457760,3.295900
16.912800,-0.059939,-0.002354,0.071123,-0.059939,-0.002354,0.071123,0.610350,-0.427250,2.197270
16.922930,-0.043753,0.084464,0.039436,-0.043753,0.084464,0.039436,0.488280,-0.244140,2.746580
16.933020,0.038259,0.129296,-0.067199,0.038259,0.129296,-0.067199,-0.244140,0.732420,4.364010
16.943400,0.040123,-0.003041,-0.045028,0.040123,-0.003041,-0.045028,-1.007080,0.946040,4.272460
16.953900,0.052680,0.076616,-0.101337,0.052680,0.076616,-0.101337,-0.579830,1.312260,5.798340
16.963360,-0.058762,0.024525,0.062195,-0.058762,0.024525,0.062195,-0.671390,1.037600,5.950930
16.973440,-0.089860,0.025702,0.044832,-0.089860,0.025702,0.044832,0.213620,0.732420,6.225590
16.983530,-0.100651,-0.031098,0.079559,-0.100651,-0.031098,0.079559,1.312260,-0.213620,5.798340
16.993630,-0.088094,0.101828,-0.038455,-0.088094,0.101828,-0.038455,1.525880,-0.732420,5.584720
17.003710,-0.016186,0.092214,0.008240,-0.016186,0.092214,0.008240,1.037600,-0.091550,5.950930
17.013800,0.007750,-0.032962,0.012459,0.007750,-0.032962,0.012459,0.823970,0.000000,5.371090
17.023940,-0.034727,0.110166,0.081325,-0.034727,0.110166,0.081325,0.915530,0.396730,5.249020
17.034020,0.150289,-0.065825,-0.165397,0.150289,-0.065825,-0.165397,0.122070,0.396730,6.042480
17.044110,0.143030,-0.085641,-0.024035,0.143030,-0.085641,-0.024035,0.579830,0.457760,6.591800
17.054410,0.196985,-0.076027,-0.162355,0.196985,-0.076027,-0.162355,0.762940,0.091550,6.958010
17.064320,0.168241,-0.074850,-0.199535,0.168241,-0.074850,-0.199535,0.549320,0.183110,8.300780
17.074410,0.162846,-0.064648,0.050816,0.162846,-0.064648,0.050816,0.122070,1.037600,10.192870
17.084500,0.096334,0.088584,-0.011478,0.096334,0.088584,-0.011478,0.732420,0.762940,10.131840
17.094610,0.074164,0.109578,-0.071417,0.074164,0.109578,-0.071417,1.007080,0.335690,10.284420
17.104760,0.051503,0.291553,0.026193,0.051503,0.291553,0.026193,1.281740,0.244140,9.948730
17.114820,0.136457,0.092803,-0.036003,0.136457,0.092803,-0.036003,1.129150,0.091550,10.070800
17.125100,0.116150,0.271835,-0.027076,0.116150,0.271835,-0.027076,0.976560,0.518800,9.887700
17.135160,0.095157,0.167653,-0.059351,0.095157,0.167653,-0.059351,0.183110,1.037600,10.131840
17.145130,0.037670,0.250253,-0.070142,0.037670,0.250253,-0.070142,-0.457760,1.892090,9.826660
17.155230,-0.080246,0.230535,0.143618,-0.080246,0.230535,0.143618,-0.762940,2.227780,9.948730
17.165300,0.061018,0.154508,-0.068964,0.061018,0.154508,-0.068964,-0.915530,1.983640,10.345460
17.175390,-0.039534,0.128119,0.000491,-0.039534,0.128119,0.000491,-0.854490,1.708980,9.918210
17.185790,-0.064059,0.108401,0.018443,-0.064059,0.108401,0.018443,-0.518800,1.495360,10.253910
17.195750,-0.089860,0.060430,-0.068964,-0.089860,0.060430,-0.068964,-0.549320,1.464840,10.345460
17.205780,-0.097610,0.072496,-0.008535,-0.097610,0.072496,-0.008535,-0.061040,1.403810,10.406490
17.215830,-0.085641,0.003041,-0.079755,-0.085641,0.003041,-0.079755,0.152590,0.701900,10.162350
17.225960,-0.132926,-0.020993,0.048952,-0.132926,-0.020993,0.048952,0.854490,0.488280,10.620120
17.236050,-0.084464,-0.028743,0.002845,-0.084464,-0.028743,0.002845,0.854490,0.000000,10.345460
17.246140,-0.072496,0.085641,-0.056407,-0.072496,0.085641,-0.056407,1.281740,-0.091550,10.559080
17.256230,-0.115562,0.006573,-0.030019,-0.115562,0.006573,-0.030019,1.831050,-0.427250,10.070800
17.266320,-0.073673,0.040712,-0.044439,-0.073673,0.040712,-0.044439,2.258300,-1.007080,9.399410
17.276400,-0.036591,0.037769,-0.088781,-0.036591,0.037769,-0.088781,2.471920,-1.098630,8.972170
17.286530,0.012557,0.081423,0.012459,0.012557,0.081423,0.012459,3.021240,-1.800540,7.629390
17.296620,-0.098787,0.059841,0.147150,-0.098787,0.059841,0.147150,3.112790,-1.586910,7.385250
17.306680,0.062195,0.039534,-0.010889,0.062195,0.039534,-0.010889,4.638670,-3.356930,6.011960
17.316770,0.084955,0.103594,-0.108499,0.084955,0.103594,-0.108499,4.180910,-2.838130,5.249020
17.327250,-0.029332,-0.102416,-0.031883,-0.029332,-0.102416,-0.031883,2.746580,-1.861570,4.547120
17.337650,-0.018639,0.103005,-0.036689,-0.018639,0.103005,-0.036689,1.831050,-1.129150,4.180910
17.347740,0.019718,0.156862,-0.041398,0.019718,0.156862,-0.041398,1.342770,-0.671390,4.577640
17.357840,0.036493,0.122723,-0.043851,0.036493,0.122723,-0.043851,0.793460,-0.061040,6.256100
17.367940,-0.037769,0.144894,-0.027664,-0.037769,0.144894,-0.027664,1.037600,0.122070,7.202150
17.378040,-0.078480,0.173048,-0.083385,-0.078480,0.173048,-0.083385,0.579830,0.396730,7.263180
17.388130,-0.238972,0.118505,-0.021092,-0.238972,0.118505,-0.021092,0.274660,0.762940,8.178710
17.398230,-0.258101,0.085053,0.101632,-0.258101,0.085053,0.101632,0.823970,0.732420,8.911130
17.408320,-0.292829,-0.107223,0.054936,-0.292829,-0.107223,0.054936,0.396730,1.159670,9.826660
17.418430,-0.262319,-0.016775,0.013636,-0.262319,-0.016775,0.013636,0.640870,1.007080,9.857180
17.428550,-0.171871,-0.111932,-0.081521,-0.171871,-0.111932,-0.081521,0.274660,0.640870,9.857180
17.438640,-0.246133,-0.084464,0.178934,-0.246133,-0.084464,0.178934,0.091550,1.251220,10.070800
17.448740,-0.105457,-0.091625,0.026781,-0.105457,-0.091625,0.026781,0.274660,0.762940,10.223390
17.458840,-0.132337,0.015009,0.042379,-0.132337,0.015009,0.042379,0.183110,0.854490,10.437010
17.468930,-0.104182,0.109578,-0.041987,-0.104182,0.109578,-0.041987,0.549320,0.793460,9.246830
17.479040,-0.170694,0.099964,-0.029430,-0.170694,0.099964,-0.029430,0.274660,0.610350,8.728030
17.489130,-0.192276,0.167653,0.060920,-0.192276,0.167653,0.060920,-0.213620,1.068120,7.843020
17.499600,-0.022171,0.129884,0.024427,-0.022171,0.129884,0.024427,0.579830,0.366210,6.011960
17.509630,-0.031784,0.170694,0.042968,-0.031784,0.170694,0.042968,0.305180,0.579830,5.798340
17.519720,0.112521,0.232301,-0.061214,0.112521,0.232301,-0.061214,0.335690,0.427250,5.676270
17.529660,0.089762,0.252706,0.006475,0.089762,0.252706,0.006475,0.274660,0.518800,5.554200
17.539390,0.112521,0.284392,-0.052189,0.112521,0.284392,-0.052189,0.549320,0.396730,5.554200
17.549560,0.144894,0.252706,-0.095942,0.144894,0.252706,-0.095942,0.122070,0.335690,5.828860
17.559580,0.134691,0.192178,-0.012066,0.134691,0.192178,-0.012066,-0.213620,0.793460,6.225590
17.569670,0.202969,0.174226,-0.061214,0.202969,0.174226,-0.061214,0.518800,0.579830,6.896970
17.579760,0.146659,0.085641,0.021484,0.146659,0.085641,0.021484,0.518800,1.007080,6.530760
17.589850,0.060430,0.314901,0.025604,0.060430,0.314901,0.025604,0.396730,0.549320,6.439210
17.599930,0.140087,0.117328,-0.021680,0.140087,0.117328,-0.021680,-0.274660,1.007080,6.622310
17.610030,0.027468,-0.079069,0.157352,0.027468,-0.079069,0.157352,0.610350,0.366210,6.347660
17.620110,0.149014,0.173637,-0.041398,0.149014,0.173637,-0.041398,0.244140,0.579830,6.866460
17.630590,0.168241,0.059841,-0.047382,0.168241,0.059841,-0.047382,0.030520,0.732420,7.080080
17.640960,0.153232,0.165299,-0.122233,0.153232,0.165299,-0.122233,0.610350,0.427250,7.812500
17.651060,0.055623,0.108989,-0.073183,0.055623,0.108989,-0.073183,0.579830,0.305180,7.934570
17.661160,-0.116837,0.061116,0.064550,-0.116837,0.061116,0.064550,0.244140,0.946040,7.476810
17.671260,-0.047971,0.042477,0.055525,-0.047971,0.042477,0.055525,0.091550,0.640870,7.049560
17.681350,-0.118603,0.022171,0.178934,-0.118603,0.022171,0.178934,0.061040,0.854490,6.378170
17.691450,0.030509,0.104182,-0.005494,0.030509,0.104182,-0.005494,0.152590,0.244140,6.561280
17.701600,-0.023348,0.146071,0.025016,-0.023348,0.146071,0.025016,0.549320,0.610350,7.080080
17.711640,-0.085641,0.006573,-0.012066,-0.085641,0.006573,-0.012066,0.579830,0.640870,7.385250
17.721740,-0.127530,-0.001766,0.022072,-0.127530,-0.001766,0.022072,0.427250,0.579830,6.988530
17.731670,-0.248487,0.042477,-0.027664,-0.248487,0.042477,-0.027664,0.366210,0.305180,5.737300
17.741510,-0.382688,0.045518,0.118407,-0.382688,0.045518,0.118407,0.457760,0.640870,5.126950
17.751510,-0.298224,0.026978,-0.033648,-0.298224,0.026978,-0.033648,0.396730,0.366210,4.150390
17.761620,-0.257512,0.029921,-0.048658,-0.257512,0.029921,-0.048658,0.549320,0.122070,3.509520
17.771690,-0.317354,0.077793,0.043556,-0.317354,0.077793,0.043556,0.244140,0.488280,2.960210
17.781810,-0.407802,0.154508,-0.039044,-0.407802,0.154508,-0.039044,0.366210,-0.030520,2.227780
17.791870,-0.366502,0.056309,-0.057585,-0.366502,0.056309,-0.057585,0.274660,0.244140,2.716060
17.801970,-0.396422,0.016186,0.105850,-0.396422,0.016186,0.105850,-0.183110,0.305180,1.892090
17.812050,-0.335306,0.101828,-0.040221,-0.335306,0.101828,-0.040221,0.061040,-0.091550,1.770020
17.822150,-0.376606,0.059841,0.027468,-0.376606,0.059841,0.027468,0.213620,0.244140,1.892090
17.832590,-0.389261,0.137732,0.017854,-0.389261,0.137732,0.017854,0.030520,0.152590,1.739500
17.843000,-0.379647,0.186194,-0.021092,-0.379647,0.186194,-0.021092,0.122070,-0.061040,1.831050
17.853100,-0.419181,0.229946,0.009418,-0.419181,0.229946,0.009418,0.000000,0.091550,1.708980
17.863200,-0.448513,0.149701,0.047775,-0.448513,0.149701,0.047775,-0.213620,0.457760,1.525880
17.873290,-0.462247,0.207187,-0.025310,-0.462247,0.207187,-0.025310,-0.213620,0.091550,0.793460
17.883390,-0.394656,0.180210,-0.010889,-0.394656,0.180210,-0.010889,-0.122070,0.061040,0.671390
17.893540,-0.387986,0.168241,-0.031883,-0.387986,0.168241,-0.031883,0.091550,0.000000,-0.152590
17.903590,-0.414374,0.078480,0.017854,-0.414374,0.078480,0.017854,0.152590,0.152590,-0.579830
17.913750,-0.409568,0.144305,-0.009123,-0.409568,0.144305,-0.009123,-0.213620,0.061040,-1.800540
17.923970,-0.281449,0.143128,-0.007946,-0.281449,0.143128,-0.007946,-0.244140,-0.152590,-2.655030
17.933790,-0.301167,0.079069,0.031000,-0.301167,0.079069,0.031000,-0.244140,-0.061040,-2.655030
17.943620,-0.317942,0.137732,-0.007259,-0.317942,0.137732,-0.007259,-0.122070,-0.244140,-2.624510
17.953640,-0.305974,0.087407,0.016088,-0.305974,0.087407,0.016088,-0.030520,-0.122070,-2.441410
17.963720,-0.386808,0.051503,0.006475,-0.386808,0.051503,0.006475,-0.030520,-0.091550,-3.112790
17.973850,-0.454497,0.043066,0.016677,-0.454497,0.043066,0.016677,-0.122070,-0.091550,-3.234860
17.983900,-0.454497,0.044930,0.017854,-0.454497,0.044930,0.017854,-0.152590,-0.122070,-2.502440
17.994210,-0.345508,0.049050,0.014224,-0.345508,0.049050,0.014224,-0.152590,-0.122070,-2.105710
18.004560,-0.341879,0.058664,0.008829,-0.341879,0.058664,0.008829,0.030520,-0.183110,-1.159670
18.014230,-0.288610,0.070043,0.017266,-0.288610,0.070043,0.017266,0.091550,-0.152590,-0.854490
18.024310,-0.210228,0.069455,0.012459,-0.210228,0.069455,0.012459,0.152590,-0.152590,-0.671390
18.034500,-0.097021,0.075439,-0.001275,-0.097021,0.075439,-0.001275,0.244140,-0.213620,-0.366210
18.044530,-0.056309,0.077793,-0.007259,-0.056309,0.077793,-0.007259,0.274660,-0.213620,-0.274660
18.055170,-0.000589,0.090448,0.004120,-0.000589,0.090448,0.004120,0.213620,-0.152590,-0.152590
18.064980,0.014323,0.093391,0.001668,0.014323,0.093391,0.001668,0.152590,-0.122070,-0.122070
18.075070,0.030509,0.093391,0.004709,0.030509,0.093391,0.004709,0.061040,0.030520,-0.091550
18.085160,0.047284,0.088584,-0.003139,0.047284,0.088584,-0.003139,0.030520,0.061040,-0.091550
18.095270,0.051503,0.082012,0.001079,0.051503,0.082012,0.001079,-0.030520,0.091550,-0.030520
18.105560,0.055034,0.079069,0.004709,0.055034,0.079069,0.004709,-0.030520,0.122070,-0.030520
18.115440,0.052091,0.077205,0.004120,0.052091,0.077205,0.004120,0.000000,0.122070,-0.030520
18.125560,0.051503,0.074850,0.002845,0.051503,0.074850,0.002845,0.061040,0.091550,-0.030520
18.135660,0.058075,0.074262,0.001079,0.058075,0.074262,0.001079,0.091550,0.091550,-0.030520
18.145770,0.061018,0.076616,0.005886,0.061018,0.076616,0.005886,0.061040,0.030520,0.000000
18.155830,0.056800,0.076027,0.008829,0.056800,0.076027,0.008829,0.030520,0.061040,0.000000
18.165930,0.062195,0.076027,0.002256,0.062195,0.076027,0.002256,0.000000,0.061040,0.000000
18.178820,0.064648,0.078480,0.005886,0.064648,0.078480,0.005886,0.000000,0.061040,0.030520
18.189130,0.062195,0.077205,0.010693,0.062195,0.077205,0.010693,0.000000,0.030520,0.030520
18.198860,0.057487,0.080834,0.008829,0.057487,0.080834,0.008829,0.061040,0.000000,0.030520
18.208890,0.050816,0.082600,0.007063,0.050816,0.082600,0.007063,0.061040,0.000000,0.030520
18.218990,0.065237,0.083777,0.001668,0.065237,0.083777,0.001668,0.122070,-0.030520,0.030520
18.229080,0.066414,0.084464,0.000491,0.066414,0.084464,0.000491,0.122070,-0.030520,0.030520
18.238880,0.071221,0.083189,0.002845,0.071221,0.083189,0.002845,0.061040,0.000000,0.030520
18.248490,0.071221,0.086230,0.007652,0.071221,0.086230,0.007652,0.061040,0.000000,0.030520
18.258570,0.070632,0.087996,0.010693,0.070632,0.087996,0.010693,0.061040,0.000000,0.000000
18.268650,0.064648,0.086230,0.006475,0.064648,0.086230,0.006475,0.030520,0.030520,0.030520
18.278740,0.062195,0.092214,0.001079,0.062195,0.092214,0.001079,0.030520,0.030520,0.030520
18.288820,0.066414,0.086230,0.002845,0.066414,0.086230,0.002845,0.030520,0.000000,0.030520
18.298950,0.065237,0.087996,0.007063,0.065237,0.087996,0.007063,0.030520,0.000000,0.061040
18.308990,0.070043,0.084464,-0.003728,0.070043,0.084464,-0.003728,0.061040,-0.030520,0.030520
18.319070,0.066414,0.081423,-0.001275,0.066414,0.081423,-0.001275,0.030520,0.000000,0.000000
18.329150,0.065825,0.079069,-0.001275,0.065825,0.079069,-0.001275,0.091550,0.000000,0.030520
18.340000,0.066414,0.076616,0.007063,0.066414,0.076616,0.007063,0.122070,0.000000,0.030520
18.350860,0.064059,0.081423,0.009418,0.064059,0.081423,0.009418,0.091550,0.000000,0.030520
18.360960,0.068866,0.086230,0.010693,0.068866,0.086230,0.010693,0.091550,-0.061040,0.030520
18.371060,0.068180,0.085053,0.004709,0.068180,0.085053,0.004709,0.122070,-0.030520,0.061040
18.381160,0.067002,0.081423,0.004709,0.067002,0.081423,0.004709,0.122070,-0.030520,0.000000
18.391260,0.063471,0.086230,0.010693,0.063471,0.086230,0.010693,0.122070,-0.061040,0.000000
18.401350,0.059252,0.086819,0.005297,0.059252,0.086819,0.005297,0.122070,-0.061040,0.030520
18.411450,0.059252,0.087407,0.002256,0.059252,0.087407,0.002256,0.122070,-0.061040,0.000000
18.421590,0.057487,0.085053,0.001079,0.057487,0.085053,0.001079,0.061040,0.000000,0.030520
18.431650,0.066414,0.087996,-0.001275,0.066414,0.087996,-0.001275,0.061040,0.030520,0.030520
18.441720,0.071809,0.080246,-0.001275,0.071809,0.080246,-0.001275,0.061040,0.000000,0.030520
18.451310,0.068866,0.084464,0.007652,0.068866,0.084464,0.007652,0.091550,0.000000,-0.030520
18.461400,0.069455,0.089173,0.008240,0.069455,0.089173,0.008240,0.091550,-0.030520,-0.030520
18.471500,0.064648,0.089173,0.004709,0.064648,0.089173,0.004709,0.061040,0.000000,0.000000
18.481610,0.064648,0.086230,-0.001275,0.064648,0.086230,-0.001275,0.061040,-0.030520,0.000000
18.491670,0.072398,0.087407,-0.008535,0.072398,0.087407,-0.008535,0.122070,-0.030520,-0.030520
18.501840,0.070043,0.089860,0.005886,0.070043,0.089860,0.005886,0.122070,-0.030520,-0.030520
18.511850,0.067002,0.086230,0.006475,0.067002,0.086230,0.006475,0.061040,0.000000,-0.030520
18.521960,0.065825,0.086819,0.006475,0.065825,0.086819,0.006475,0.000000,0.000000,0.000000
18.532050,0.071809,0.089173,0.011281,0.071809,0.089173,0.011281,0.000000,0.030520,0.030520
18.542170,0.071809,0.091625,0.002256,0.071809,0.091625,0.002256,0.030520,0.061040,0.000000
18.552250,0.078382,0.090448,0.002256,0.078382,0.090448,0.002256,0.000000,0.061040,0.030520
18.562360,0.078382,0.088584,0.002845,0.078382,0.088584,0.002845,0.000000,0.030520,0.000000
18.572460,0.073575,0.089860,0.008829,0.073575,0.089860,0.008829,0.000000,0.030520,0.000000
18.582530,0.068180,0.085641,0.004709,0.068180,0.085641,0.004709,0.000000,0.030520,-0.030520
18.592620,0.064059,0.086819,0.004709,0.064059,0.086819,0.004709,0.061040,0.000000,0.030520
18.602710,0.065237,0.085053,-0.000687,0.065237,0.085053,-0.000687,0.061040,0.000000,0.030520
18.612800,0.066414,0.088584,-0.000098,0.066414,0.088584,-0.000098,0.000000,0.061040,-0.030520
18.622890,0.064648,0.091037,-0.003139,0.064648,0.091037,-0.003139,0.000000,0.030520,0.000000
18.633000,0.067002,0.095157,-0.006671,0.067002,0.095157,-0.006671,-0.091550,0.091550,0.000000
18.643440,0.065825,0.097021,0.002845,0.065825,0.097021,0.002845,-0.122070,0.091550,0.030520
18.653850,0.067002,0.095844,0.002845,0.067002,0.095844,0.002845,-0.091550,0.091550,0.030520
18.663950,0.062882,0.086230,0.004709,0.062882,0.086230,0.004709,-0.061040,0.091550,0.030520
18.674040,0.065825,0.083189,0.002845,0.065825,0.083189,0.002845,-0.030520,0.091550,0.000000
18.684140,0.058664,0.075439,-0.000687,0.058664,0.075439,-0.000687,0.000000,0.030520,0.030520
18.694300,0.058075,0.077205,0.004120,0.058075,0.077205,0.004120,0.000000,0.030520,0.030520
18.704330,0.058664,0.080246,0.006475,0.058664,0.080246,0.006475,0.061040,0.030520,0.061040
18.714430,0.062882,0.081423,0.000491,0.062882,0.081423,0.000491,0.030520,0.061040,0.061040
18.724530,0.060430,0.090448,-0.000098,0.060430,0.090448,-0.000098,0.061040,0.091550,0.030520
18.734630,0.053857,0.089860,-0.003139,0.053857,0.089860,-0.003139,0.030520,0.091550,0.030520
18.744550,0.054446,0.087996,0.005297,0.054446,0.087996,0.005297,0.000000,0.061040,0.030520
18.754300,0.056800,0.085053,0.001079,0.056800,0.085053,0.001079,0.030520,0.061040,0.000000
18.764390,0.058075,0.083189,0.004120,0.058075,0.083189,0.004120,0.030520,0.061040,0.000000
18.774510,0.056211,0.084464,0.007652,0.056211,0.084464,0.007652,0.061040,0.000000,0.030520
18.784600,0.056800,0.085053,0.004709,0.056800,0.085053,0.004709,0.091550,-0.030520,0.000000
18.794690,0.064648,0.087407,0.007652,0.064648,0.087407,0.007652,0.030520,0.030520,0.000000
18.804780,0.064059,0.085641,0.004709,0.064059,0.085641,0.004709,0.030520,0.030520,-0.030520
18.814870,0.061607,0.077793,0.001079,0.061607,0.077793,0.001079,-0.030520,0.091550,-0.030520
18.824960,0.065825,0.073673,-0.000687,0.065825,0.073673,-0.000687,-0.061040,0.061040,-0.030520
18.835050,0.061018,0.076027,-0.003728,0.061018,0.076027,-0.003728,-0.061040,0.091550,0.000000
18.845550,0.055034,0.073085,0.008829,0.055034,0.073085,0.008829,0.000000,0.061040,0.000000
18.855920,0.058075,0.072496,0.005886,0.058075,0.072496,0.005886,0.030520,0.030520,0.030520
18.866010,0.056800,0.070632,0.008240,0.056800,0.070632,0.008240,0.091550,0.000000,0.030520
18.876100,0.058664,0.080246,0.004709,0.058664,0.080246,0.004709,0.122070,0.030520,0.061040
18.886200,0.066414,0.080834,0.004120,0.066414,0.080834,0.004120,0.122070,0.030520,0.061040
18.896380,0.060430,0.073085,-0.002551,0.060430,0.073085,-0.002551,0.091550,0.030520,0.030520
18.906390,0.061018,0.077205,0.000491,0.061018,0.077205,0.000491,0.091550,0.000000,0.000000
18.916480,0.061018,0.074850,0.001668,0.061018,0.074850,0.001668,0.030520,0.000000,0.030520
18.926580,0.068180,0.073673,-0.004905,0.068180,0.073673,-0.004905,0.030520,0.030520,0.030520
18.936840,0.065825,0.068278,-0.004905,0.065825,0.068278,-0.004905,0.030520,0.030520,0.000000
18.946620,0.062882,0.073673,0.007652,0.062882,0.073673,0.007652,0.030520,0.030520,0.030520
18.956560,0.064648,0.074262,0.008829,0.064648,0.074262,0.008829,0.061040,0.030520,0.030520
18.966470,0.066414,0.075439,0.000491,0.066414,0.075439,0.000491,0.030520,0.000000,0.000000
18.976550,0.065825,0.077793,-0.001962,0.065825,0.077793,-0.001962,0.061040,0.030520,0.030520
18.986790,0.067002,0.077793,-0.003728,0.067002,0.077793,-0.003728,0.091550,-0.030520,0.030520
18.996760,0.065825,0.075439,-0.007259,0.065825,0.075439,-0.007259,0.091550,0.000000,0.061040
19.006850,0.068180,0.080246,-0.010301,0.068180,0.080246,-0.010301,0.061040,0.000000,0.061040
19.016940,0.065825,0.070043,-0.012655,0.065825,0.070043,-0.012655,0.061040,0.000000,0.091550
19.027030,0.070043,0.076616,-0.010889,0.070043,0.076616,-0.010889,0.091550,0.000000,0.061040
19.037120,0.061018,0.078480,-0.004905,0.061018,0.078480,-0.004905,0.091550,-0.030520,0.061040
19.047250,0.056211,0.076027,-0.007946,0.056211,0.076027,-0.007946,0.122070,-0.030520,0.061040
19.057710,0.056800,0.076616,-0.013244,0.056800,0.076616,-0.013244,0.152590,-0.061040,0.030520
19.068110,0.059841,0.073085,-0.009712,0.059841,0.073085,-0.009712,0.152590,-0.061040,0.030520
19.077650,0.059252,0.074850,-0.009123,0.059252,0.074850,-0.009123,0.152590,-0.061040,0.061040
19.087690,0.058075,0.079069,-0.009712,0.058075,0.079069,-0.009712,0.152590,-0.030520,0.091550
19.098310,0.064648,0.075439,-0.002551,0.064648,0.075439,-0.002551,0.030520,0.000000,0.091550
19.108440,0.063471,0.075439,0.001079,0.063471,0.075439,0.001079,0.030520,0.030520,0.061040
19.118520,0.068866,0.075439,-0.003728,0.068866,0.075439,-0.003728,0.061040,0.030520,0.091550
19.128560,0.077793,0.074262,-0.001962,0.077793,0.074262,-0.001962,0.030520,0.091550,0.061040
19.138650,0.080246,0.080834,0.007063,0.080246,0.080834,0.007063,0.030520,0.091550,0.061040
19.148790,0.073575,0.076027,0.016088,0.073575,0.076027,0.016088,0.030520,0.061040,0.030520
19.158870,0.070632,0.070632,0.015402,0.070632,0.070632,0.015402,0.030520,0.061040,0.061040
19.168960,0.068180,0.072496,0.010693,0.068180,0.072496,0.010693,0.091550,0.061040,0.061040
19.179500,0.061018,0.070043,0.005297,0.061018,0.070043,0.005297,0.091550,0.000000,0.030520
19.189580,0.059841,0.072496,0.012459,0.059841,0.072496,0.012459,0.091550,0.030520,0.061040
19.199390,0.064059,0.082012,0.011870,0.064059,0.082012,0.011870,0.122070,0.030520,0.030520
19.209470,0.065237,0.082600,0.011281,0.065237,0.082600,0.011281,0.122070,0.030520,0.030520
19.219570,0.067591,0.089173,0.007063,0.067591,0.089173,0.007063,0.152590,0.030520,0.030520
19.229660,0.070043,0.088584,0.001668,0.070043,0.088584,0.001668,0.122070,0.061040,0.030520
19.239740,0.069455,0.090448,0.004120,0.069455,0.090448,0.004120,0.091550,0.030520,0.061040
19.249880,0.070043,0.092803,0.004120,0.070043,0.092803,0.004120,0.030520,0.000000,0.061040
19.259960,0.071221,0.089860,0.003434,0.071221,0.089860,0.003434,0.122070,-0.030520,0.122070
19.270050,0.071809,0.088584,0.000491,0.071809,0.088584,0.000491,0.091550,-0.030520,0.122070
19.280140,0.071221,0.090448,0.000491,0.071221,0.090448,0.000491,0.061040,-0.061040,0.091550
19.290240,0.062882,0.087407,0.002845,0.062882,0.087407,0.002845,0.091550,-0.091550,0.091550
19.300480,0.066414,0.085641,0.000491,0.066414,0.085641,0.000491,0.091550,-0.061040,0.061040
19.310430,0.067591,0.086819,0.001079,0.067591,0.086819,0.001079,0.061040,0.030520,0.061040
19.320510,0.064648,0.080834,-0.000098,0.064648,0.080834,-0.000098,0.030520,0.000000,0.030520
19.330600,0.061018,0.080834,-0.003139,0.061018,0.080834,-0.003139,0.030520,0.030520,0.030520
19.340700,0.064059,0.082600,0.003434,0.064059,0.082600,0.003434,0.030520,0.000000,0.061040
19.350820,0.067002,0.085053,0.002256,0.067002,0.085053,0.002256,0.061040,0.030520,0.061040
19.360910,0.072986,0.086819,0.006475,0.072986,0.086819,0.006475,0.061040,0.000000,0.091550
19.371000,0.070632,0.082012,0.003434,0.070632,0.082012,0.003434,0.061040,0.000000,0.091550
19.381120,0.072986,0.080246,0.006475,0.072986,0.080246,0.006475,0.091550,0.000000,0.030520
19.391180,0.074164,0.081423,0.011870,0.074164,0.081423,0.011870,0.091550,0.030520,0.030520
19.401280,0.071809,0.079657,0.014224,0.071809,0.079657,0.014224,0.061040,0.000000,0.000000
19.411360,0.070043,0.079069,0.009418,0.070043,0.079069,0.009418,0.030520,0.000000,0.000000
19.421450,0.066414,0.083777,0.011870,0.066414,0.083777,0.011870,0.030520,0.030520,0.000000
19.431540,0.061018,0.080246,-0.000098,0.061018,0.080246,-0.000098,0.030520,0.030520,0.030520
19.441640,0.064648,0.079657,-0.001962,0.064648,0.079657,-0.001962,0.061040,0.030520,0.030520
19.452100,0.058664,0.078480,-0.000687,0.058664,0.078480,-0.000687,0.061040,0.000000,0.000000
19.462560,0.064059,0.076027,-0.003728,0.064059,0.076027,-0.003728,0.091550,-0.030520,0.000000
19.472600,0.061018,0.073673,-0.007259,0.061018,0.073673,-0.007259,0.152590,-0.030520,0.030520
19.482700,0.066414,0.076616,-0.004905,0.066414,0.076616,-0.004905,0.122070,0.000000,-0.030520
19.492790,0.059841,0.079069,0.004709,0.059841,0.079069,0.004709,0.061040,0.030520,-0.030520
19.502950,0.016775,0.077793,0.005886,0.016775,0.077793,0.005886,-0.030520,0.061040,-0.061040
19.513010,0.021484,0.089860,0.005297,0.021484,0.089860,0.005297,-0.061040,0.091550,-0.213620
19.523110,0.074164,0.083777,-0.008535,0.074164,0.083777,-0.008535,-0.091550,0.091550,-0.274660
19.533200,0.077793,0.087996,-0.009123,0.077793,0.087996,-0.009123,-0.061040,0.091550,-0.213620
19.543300,0.078382,0.079069,0.008829,0.078382,0.079069,0.008829,0.030520,0.000000,-0.122070
19.553250,0.074164,0.089173,-0.000098,0.074164,0.089173,-0.000098,0.000000,0.000000,-0.091550
19.562990,0.073575,0.086819,-0.006082,0.073575,0.086819,-0.006082,0.030520,0.030520,-0.061040
19.573080,0.067591,0.083189,0.003434,0.067591,0.083189,0.003434,0.000000,0.061040,-0.030520
19.583170,0.067002,0.085053,-0.000098,0.067002,0.085053,-0.000098,0.061040,0.000000,-0.030520
19.593260,0.061607,0.091037,0.004709,0.061607,0.091037,0.004709,0.061040,-0.030520,0.000000
19.603350,0.053268,0.090448,0.001668,0.053268,0.090448,0.001668,0.061040,-0.030520,0.000000
19.613440,0.037670,0.095844,-0.004316,0.037670,0.095844,-0.004316,0.061040,-0.030520,0.061040
19.623540,0.046107,0.095844,0.007652,0.046107,0.095844,0.007652,0.030520,-0.030520,0.091550
19.633630,0.052680,0.096432,0.002845,0.052680,0.096432,0.002845,0.030520,-0.030520,0.091550
19.643720,0.074850,0.095157,-0.001962,0.074850,0.095157,-0.001962,0.000000,-0.030520,0.091550
19.654170,0.077205,0.095844,-0.003728,0.077205,0.095844,-0.003728,0.000000,0.030520,0.091550
19.664570,0.077793,0.093391,0.008240,0.077793,0.093391,0.008240,-0.030520,0.061040,0.061040
19.674670,0.078382,0.089860,0.007652,0.078382,0.089860,0.007652,-0.030520,0.091550,0.061040
19.684770,0.075439,0.087407,0.004709,0.075439,0.087407,0.004709,-0.030520,0.091550,0.030520
19.694910,0.079559,0.085641,0.002256,0.079559,0.085641,0.002256,0.000000,0.091550,0.000000
19.705000,0.079559,0.080246,-0.000687,0.079559,0.080246,-0.000687,0.030520,0.030520,-0.030520
19.715110,0.072398,0.079657,-0.000098,0.072398,0.079657,-0.000098,0.000000,0.061040,-0.030520
19.725160,0.070043,0.081423,-0.006082,0.070043,0.081423,-0.006082,-0.030520,0.091550,0.000000
19.735260,0.070043,0.082600,0.003434,0.070043,0.082600,0.003434,0.030520,0.091550,0.030520
19.745360,0.064059,0.076616,0.010104,0.064059,0.076616,0.010104,0.030520,0.091550,0.030520
19.755300,0.065237,0.079069,0.007063,0.065237,0.079069,0.007063,0.030520,0.061040,0.030520
19.765030,0.067591,0.083777,0.000491,0.067591,0.083777,0.000491,0.030520,0.061040,0.000000
19.775120,0.067002,0.077793,-0.000687,0.067002,0.077793,-0.000687,0.091550,0.091550,0.030520
19.785210,0.068866,0.078480,-0.005494,0.068866,0.078480,-0.005494,0.061040,0.030520,0.000000
19.795300,0.071221,0.073673,0.008240,0.071221,0.073673,0.008240,0.091550,0.000000,0.030520
19.805390,0.070043,0.082012,0.003434,0.070043,0.082012,0.003434,0.122070,-0.030520,0.030520
19.815480,0.068180,0.082012,0.001079,0.068180,0.082012,0.001079,0.122070,-0.030520,0.061040
19.825580,0.074850,0.082012,-0.001275,0.074850,0.082012,-0.001275,0.061040,0.030520,0.061040
19.835660,0.070632,0.082012,0.008829,0.070632,0.082012,0.008829,0.061040,0.030520,0.061040
19.845760,0.070632,0.083189,0.009418,0.070632,0.083189,0.009418,0.030520,0.030520,0.030520
19.856200,0.071809,0.080246,-0.001275,0.071809,0.080246,-0.001275,0.030520,0.030520,0.000000
19.866600,0.074164,0.074262,-0.005494,0.074164,0.074262,-0.005494,0.030520,0.061040,0.000000
19.876690,0.064648,0.070043,-0.002551,0.064648,0.070043,-0.002551,0.030520,0.061040,0.061040
19.886790,0.067591,0.069455,0.003434,0.067591,0.069455,0.003434,0.030520,0.000000,0.091550
19.896940,0.062195,0.079069,0.000491,0.062195,0.079069,0.000491,0.000000,0.030520,0.030520
19.906980,0.059252,0.079069,-0.001275,0.059252,0.079069,-0.001275,-0.030520,0.061040,0.030520
19.917080,0.059252,0.079069,-0.001275,0.059252,0.079069,-0.001275,-0.030520,0.061040,0.000000
19.927180,0.062195,0.083189,0.001668,0.062195,0.083189,0.001668,-0.030520,0.091550,0.000000
19.937270,0.062195,0.089173,-0.000687,0.062195,0.089173,-0.000687,0.000000,0.061040,-0.030520
19.947370,0.059252,0.089173,-0.001962,0.059252,0.089173,-0.001962,-0.030520,0.091550,-0.122070
19.957330,0.061018,0.087996,-0.003139,0.061018,0.087996,-0.003139,0.030520,0.000000,-0.122070
19.967340,0.061607,0.081423,-0.001962,0.061607,0.081423,-0.001962,0.091550,-0.030520,-0.122070
19.977120,0.064648,0.073673,-0.009123,0.064648,0.073673,-0.009123,0.122070,-0.061040,-0.122070
19.987220,0.065825,0.077205,-0.001275,0.065825,0.077205,-0.001275,0.122070,-0.061040,-0.152590
19.997310,0.070632,0.076027,-0.001275,0.070632,0.076027,-0.001275,0.122070,-0.030520,-0.122070
20.007400,0.068180,0.079657,-0.004905,0.068180,0.079657,-0.004905,0.122070,-0.030520,-0.091550
20.017520,0.061607,0.082600,-0.001275,0.061607,0.082600,-0.001275,0.091550,-0.061040,-0.122070
20.027580,0.051503,0.082012,0.002256,0.051503,0.082012,0.002256,0.091550,-0.091550,-0.152590
20.037670,0.058075,0.073673,0.004120,0.058075,0.073673,0.004120,0.091550,-0.061040,-0.183110
20.047900,0.077205,0.073085,-0.000687,0.077205,0.073085,-0.000687,0.061040,-0.061040,-0.183110
20.058080,0.072398,0.077793,0.000491,0.072398,0.077793,0.000491,0.030520,0.000000,-0.152590
20.068040,0.080834,0.079069,0.008829,0.080834,0.079069,0.008829,0.061040,0.000000,-0.091550
20.078130,0.080246,0.077205,0.002845,0.080246,0.077205,0.002845,0.000000,0.030520,-0.030520
20.088220,0.070632,0.079657,0.002845,0.070632,0.079657,0.002845,0.000000,0.030520,-0.030520
20.098370,0.066414,0.077205,0.007063,0.066414,0.077205,0.007063,0.000000,0.000000,-0.061040
20.108440,0.058664,0.076616,0.007652,0.058664,0.076616,0.007652,0.000000,0.030520,-0.030520
20.119050,0.059841,0.077205,-0.000098,0.059841,0.077205,-0.000098,0.000000,0.000000,-0.061040
20.129420,0.061018,0.078480,0.004120,0.061018,0.078480,0.004120,0.030520,0.030520,-0.061040
20.139290,0.059252,0.083189,0.010104,0.059252,0.083189,0.010104,0.061040,0.030520,0.000000
20.149350,0.058664,0.082600,0.009418,0.058664,0.082600,0.009418,0.030520,0.000000,0.030520
20.159490,0.068180,0.089860,-0.001275,0.068180,0.089860,-0.001275,-0.030520,0.061040,0.030520
20.169590,0.075439,0.087996,-0.002551,0.075439,0.087996,-0.002551,-0.091550,0.122070,0.030520
20.179670,0.071809,0.085053,-0.005494,0.071809,0.085053,-0.005494,-0.366210,0.305180,0.000000
20.189760,0.064059,0.076616,-0.000687,0.064059,0.076616,-0.000687,-0.427250,0.366210,-0.030520
20.199850,0.053857,0.060430,-0.001275,0.053857,0.060430,-0.001275,-0.305180,0.244140,-0.030520
20.209940,0.049050,0.058664,-0.000098,0.049050,0.058664,-0.000098,-0.183110,0.152590,-0.030520
20.220030,0.045518,0.059841,-0.003728,0.045518,0.059841,-0.003728,0.122070,-0.061040,-0.030520
20.230130,0.057487,0.067689,-0.017462,0.057487,0.067689,-0.017462,0.122070,-0.122070,-0.030520
20.240210,0.058664,0.074262,-0.012655,0.058664,0.074262,-0.012655,0.091550,-0.091550,-0.030520
20.250300,0.065237,0.076616,-0.009712,0.065237,0.076616,-0.009712,-0.183110,0.122070,-0.030520
20.260770,0.057487,0.074850,-0.005494,0.057487,0.074850,-0.005494,-0.213620,0.183110,-0.030520
20.271180,0.062195,0.080834,-0.015696,0.062195,0.080834,-0.015696,-0.244140,0.213620,0.000000
20.281270,0.048461,0.065825,-0.000687,0.048461,0.065825,-0.000687,-0.274660,0.183110,0.000000
20.291380,0.037670,0.059841,0.019620,0.037670,0.059841,0.019620,0.793460,-0.610350,0.030520
20.301590,0.063471,0.099375,-0.004905,0.063471,0.099375,-0.004905,0.762940,-0.549320,0.000000
20.311580,0.047284,0.079069,-0.003139,0.047284,0.079069,-0.003139,0.549320,-0.427250,-0.213620
20.321680,0.059841,0.076616,-0.015107,0.059841,0.076616,-0.015107,0.366210,-0.305180,-0.274660
20.331770,0.059252,0.076027,-0.007259,0.059252,0.076027,-0.007259,0.305180,-0.244140,-0.274660
20.341870,0.050227,0.076027,0.009418,0.050227,0.076027,0.009418,0.274660,-0.183110,-0.244140
20.351970,0.047873,0.077793,-0.000687,0.047873,0.077793,-0.000687,0.274660,-0.213620,-0.305180
20.361920,0.046696,0.031686,0.002256,0.046696,0.031686,0.002256,0.122070,-0.183110,-0.701900
20.371640,0.053268,0.032962,-0.000687,0.053268,0.032962,-0.000687,0.061040,-0.244140,-1.281740
20.381760,0.070043,0.052680,0.008829,0.070043,0.052680,0.008829,-0.122070,-0.274660,-2.136230
20.391830,0.058075,0.022759,0.001079,0.058075,0.022759,0.001079,-0.152590,-0.305180,-2.532960
20.401920,0.047284,-0.017952,0.002256,0.047284,-0.017952,0.002256,-0.152590,-0.366210,-3.387450
20.412010,0.074164,0.082012,-0.001962,0.074164,0.082012,-0.001962,-0.152590,-0.579830,-5.218510
20.422100,0.073575,0.093391,-0.001275,0.073575,0.093391,-0.001275,-0.183110,-0.549320,-5.249020
20.432190,0.075439,0.104771,-0.002551,0.075439,0.104771,-0.002551,-0.335690,-0.305180,-5.462650
20.442280,0.107714,0.157450,-0.026487,0.107714,0.157450,-0.026487,-0.640870,-0.091550,-5.218510
20.452370,0.127530,0.166476,-0.033060,0.127530,0.166476,-0.033060,-1.892090,1.098630,-4.119870
20.462880,0.104771,0.114973,-0.030705,0.104771,0.114973,-0.030705,-2.685550,1.770020,-3.875730
20.473260,0.082600,0.104771,-0.018050,0.082600,0.104771,-0.018050,-3.265380,2.319340,-3.845210
20.483360,0.087407,0.120957,-0.021680,0.087407,0.120957,-0.021680,-3.692630,2.838130,-2.777100
20.493450,0.073575,0.097610,-0.010889,0.073575,0.097610,-0.010889,-3.875730,3.051760,-2.197270
20.503640,0.028743,0.050325,0.020797,0.028743,0.050325,0.020797,-3.723140,2.990720,-1.434330
20.513680,0.017364,0.042477,0.016088,0.017364,0.042477,0.016088,-3.265380,2.685550,-1.159670
20.523760,0.017952,0.029332,0.008240,0.017952,0.029332,0.008240,-2.349850,1.983640,-0.701900
20.533860,0.011968,0.025114,0.030411,0.011968,0.025114,0.030411,-1.922610,1.617430,-0.579830
20.543960,0.009516,0.017952,0.040025,0.009516,0.017952,0.040025,-1.464840,1.251220,-0.427250
20.554060,0.029332,0.025114,0.023838,0.029332,0.025114,0.023838,-0.701900,0.610350,-0.274660
20.564010,0.032864,0.028743,0.011870,0.032864,0.028743,0.011870,-0.518800,0.488280,-0.183110
20.573770,0.023936,0.023348,0.001668,0.023936,0.023348,0.001668,-0.488280,0.457760,-0.122070
20.583840,0.022759,0.019718,0.008240,0.022759,0.019718,0.008240,-0.518800,0.427250,-0.061040
20.593930,0.020307,0.022171,0.019031,0.020307,0.022171,0.019031,-0.366210,0.305180,-0.030520
20.604010,0.007750,0.020993,0.022661,0.007750,0.020993,0.022661,-0.213620,0.122070,-0.030520
20.614110,0.017952,0.015009,0.012459,0.017952,0.015009,0.012459,-0.030520,0.000000,-0.030520
20.624200,0.024525,0.035316,0.001668,0.024525,0.035316,0.001668,0.091550,-0.061040,0.000000
20.634290,0.029921,0.037082,-0.001275,0.029921,0.037082,-0.001275,-0.061040,0.061040,0.000000
20.644380,0.016775,0.032962,0.008829,0.016775,0.032962,0.008829,-0.427250,0.274660,-0.061040
20.654500,0.007750,0.020993,0.017266,0.007750,0.020993,0.017266,-0.488280,0.366210,-0.061040
20.664910,0.008339,0.020993,0.016677,0.008339,0.020993,0.016677,-0.366210,0.305180,-0.030520
20.675310,0.005984,0.017952,-0.000098,0.005984,0.017952,-0.000098,-0.305180,0.274660,0.000000
20.685410,0.005396,0.009614,0.008829,0.005396,0.009614,0.008829,-0.122070,0.122070,0.000000
20.695550,0.010104,0.007750,0.009418,0.010104,0.007750,0.009418,0.000000,0.030520,0.030520
20.705670,0.013145,0.012557,0.007063,0.013145,0.012557,0.007063,0.061040,-0.030520,0.030520
20.715740,0.025114,0.022759,-0.002551,0.025114,0.022759,-0.002551,-0.061040,0.030520,0.000000
20.725830,0.022072,0.022759,0.004709,0.022072,0.022759,0.004709,-0.152590,0.091550,0.000000
20.735930,0.007161,0.015598,0.019620,0.007161,0.015598,0.019620,-0.122070,0.091550,0.000000
20.746080,0.004709,0.010791,0.014224,0.004709,0.010791,0.014224,0.000000,0.000000,0.030520
20.756140,0.011380,0.015598,0.008240,0.011380,0.015598,0.008240,0.091550,-0.030520,0.030520
20.766100,0.008927,0.038946,0.001079,0.008927,0.038946,0.001079,-0.030520,0.091550,0.000000
20.775840,0.002943,0.037082,0.002256,0.002943,0.037082,0.002256,-0.152590,0.152590,-0.030520
20.785940,0.009516,0.028743,0.014224,0.009516,0.028743,0.014224,-0.213620,0.183110,-0.061040
20.796020,0.014323,0.030509,0.017854,0.014323,0.030509,0.017854,-0.213620,0.183110,-0.030520
20.806110,0.010104,0.016186,0.017854,0.010104,0.016186,0.017854,-0.244140,0.183110,-0.030520
20.816200,0.010693,0.016186,0.014813,0.010693,0.016186,0.014813,-0.152590,0.152590,-0.030520
20.826300,0.012557,0.020405,0.015402,0.012557,0.020405,0.015402,-0.061040,0.061040,0.000000
20.836380,0.014911,0.023348,0.021484,0.014911,0.023348,0.021484,0.000000,0.000000,0.000000
20.846510,0.013145,0.023348,0.015402,0.013145,0.023348,0.015402,0.000000,0.000000,0.030520
20.856630,0.015500,0.023348,0.013636,0.015500,0.023348,0.013636,-0.061040,0.061040,0.030520
20.866990,0.015500,0.023936,0.014224,0.015500,0.023936,0.014224,-0.091550,0.091550,0.030520
20.877390,0.008339,0.028743,0.014224,0.008339,0.028743,0.014224,0.000000,0.000000,0.030520
20.887490,0.011380,0.034727,0.008240,0.011380,0.034727,0.008240,0.030520,-0.030520,0.000000
20.897590,0.007161,0.038357,0.004120,0.007161,0.038357,0.004120,-0.061040,0.061040,0.061040
20.907680,0.013145,0.033550,0.002256,0.013145,0.033550,0.002256,-0.122070,0.122070,0.030520
20.917780,0.009516,0.026978,0.002845,0.009516,0.026978,0.002845,-0.152590,0.152590,0.030520
20.927870,0.011380,0.019718,0.016677,0.011380,0.019718,0.016677,-0.183110,0.152590,0.000000
20.937970,0.013734,0.020405,0.019031,0.013734,0.020405,0.019031,-0.122070,0.122070,-0.030520
20.948070,0.011380,0.020405,0.011870,0.011380,0.020405,0.011870,-0.091550,0.061040,0.030520
20.958170,0.014323,0.017364,0.008829,0.014323,0.017364,0.008829,-0.030520,0.061040,0.030520
20.968090,0.016088,0.018541,0.004120,0.016088,0.018541,0.004120,0.030520,-0.030520,0.030520
20.977840,0.022072,0.019130,0.001668,0.022072,0.019130,0.001668,0.000000,-0.030520,0.000000
20.987920,0.026291,0.016186,0.002845,0.026291,0.016186,0.002845,0.000000,0.030520,0.030520
20.998010,0.014911,0.017952,0.005297,0.014911,0.017952,0.005297,-0.061040,0.030520,0.030520
21.008100,0.014911,0.009614,0.004120,0.014911,0.009614,0.004120,-0.030520,0.000000,0.061040
21.018190,0.010693,0.011968,0.010104,0.010693,0.011968,0.010104,0.000000,0.030520,0.030520
