time,ax_raw,ay_raw,az_raw,ax,ay,az,gx,gy,gz
0.006680,0.013832,-0.000687,-0.002943,0.013832,-0.000687,-0.002943,0.030520,-0.030520,-0.305180
0.016800,0.011478,-0.001864,-0.007750,0.011478,-0.001864,-0.007750,0.061040,-0.030520,-0.305180
0.026730,0.000098,-0.007259,-0.001079,0.000098,-0.007259,-0.001079,0.030520,-0.061040,-0.274660
0.036910,-0.008240,-0.007259,-0.005886,-0.008240,-0.007259,-0.005886,-0.030520,-0.061040,-0.274660
0.046700,-0.009516,-0.007848,-0.005886,-0.009516,-0.007848,-0.005886,0.000000,-0.061040,-0.213620
0.055880,-0.002256,-0.006082,-0.010693,-0.002256,-0.006082,-0.010693,0.030520,-0.030520,-0.213620
0.065960,0.000098,-0.008437,-0.006475,0.000098,-0.008437,-0.006475,0.000000,-0.030520,-0.244140
0.076170,0.003139,-0.002453,0.005494,0.003139,-0.002453,0.005494,0.000000,-0.030520,-0.274660
0.086320,0.001864,-0.007259,0.000687,0.001864,-0.007259,0.000687,0.030520,-0.030520,-0.244140
0.096270,0.002551,0.004709,-0.007750,0.002551,0.004709,-0.007750,0.000000,-0.030520,-0.244140
0.106540,-0.004120,0.005886,-0.002354,-0.004120,0.005886,-0.002354,0.000000,0.000000,-0.244140
0.116530,-0.004709,0.001079,0.004218,-0.004709,0.001079,0.004218,0.030520,-0.030520,-0.213620
0.126570,-0.004120,-0.001275,0.004905,-0.004120,-0.001275,0.004905,0.000000,0.000000,-0.244140
0.136650,-0.007652,0.001766,0.004905,-0.007652,0.001766,0.004905,0.000000,-0.030520,-0.244140
0.147210,-0.006475,-0.002453,0.007259,-0.006475,-0.002453,0.007259,0.030520,-0.030520,-0.213620
0.157520,-0.004120,-0.007848,0.007848,-0.004120,-0.007848,0.007848,0.000000,-0.030520,-0.274660
0.167510,0.003728,-0.008437,-0.007161,0.003728,-0.008437,-0.007161,0.030520,0.000000,-0.274660
0.177600,-0.002256,-0.003630,-0.004709,-0.002256,-0.003630,-0.004709,0.061040,0.000000,-0.274660
0.187690,-0.005886,-0.005494,-0.006475,-0.005886,-0.005494,-0.006475,0.061040,0.030520,-0.305180
0.197780,-0.006475,-0.004316,-0.004709,-0.006475,-0.004316,-0.004709,0.061040,0.000000,-0.305180
0.207870,-0.007652,-0.000687,-0.009516,-0.007652,-0.000687,-0.009516,0.091550,0.000000,-0.274660
0.217980,-0.002845,-0.004905,-0.017854,-0.002845,-0.004905,-0.017854,0.061040,0.000000,-0.305180
0.228510,-0.005297,-0.006082,-0.008339,-0.005297,-0.006082,-0.008339,0.030520,0.000000,-0.335690
0.238340,0.004316,-0.004316,-0.003532,0.004316,-0.004316,-0.003532,0.030520,-0.030520,-0.305180
0.248310,-0.001079,-0.004905,-0.004709,-0.001079,-0.004905,-0.004709,0.030520,-0.030520,-0.335690
0.258400,0.000098,-0.000687,-0.007750,0.000098,-0.000687,-0.007750,0.030520,0.000000,-0.335690
0.268480,-0.005886,-0.008437,-0.002354,-0.005886,-0.008437,-0.002354,0.030520,0.000000,-0.335690
0.278580,-0.008829,-0.011478,0.001275,-0.008829,-0.011478,0.001275,0.000000,0.000000,-0.335690
0.288660,-0.005297,-0.005494,0.002453,-0.005297,-0.005494,0.002453,0.000000,-0.061040,-0.305180
0.298760,-0.003532,-0.003630,0.001275,-0.003532,-0.003630,0.001275,0.000000,-0.061040,-0.335690
0.308850,-0.004120,-0.007259,0.003041,-0.004120,-0.007259,0.003041,0.000000,-0.030520,-0.305180
0.318930,-0.002845,-0.004316,0.000687,-0.002845,-0.004316,0.000687,0.000000,-0.030520,-0.305180
0.329020,-0.004120,-0.006671,0.001864,-0.004120,-0.006671,0.001864,0.030520,0.000000,-0.274660
0.339120,-0.004120,-0.003041,0.004905,-0.004120,-0.003041,0.004905,0.030520,-0.030520,-0.305180
0.349590,-0.008829,-0.004905,0.002453,-0.008829,-0.004905,0.002453,0.030520,0.000000,-0.305180
0.359990,-0.002256,-0.003630,-0.004709,-0.002256,-0.003630,-0.004709,0.030520,-0.030520,-0.305180
0.370090,0.002551,-0.006082,-0.011870,0.002551,-0.006082,-0.011870,0.030520,-0.030520,-0.305180
0.380180,0.000098,-0.003041,-0.010693,0.000098,-0.003041,-0.010693,0.030520,-0.061040,-0.335690
0.390280,-0.001079,-0.003041,-0.007161,-0.001079,-0.003041,-0.007161,0.000000,-0.061040,-0.305180
0.400380,-0.004120,0.000491,-0.010693,-0.004120,0.000491,-0.010693,0.061040,-0.061040,-0.305180
0.410480,-0.003532,-0.000098,-0.015500,-0.003532,-0.000098,-0.015500,0.061040,-0.061040,-0.274660
0.420590,-0.002845,-0.001275,-0.013145,-0.002845,-0.001275,-0.013145,0.030520,-0.030520,-0.274660
0.430690,0.009712,0.002354,-0.001079,0.009712,0.002354,-0.001079,0.030520,-0.030520,-0.274660
0.440760,0.006082,-0.000098,0.001275,0.006082,-0.000098,0.001275,0.030520,-0.030520,-0.244140
0.450740,0.003139,-0.000687,-0.007161,0.003139,-0.000687,-0.007161,0.030520,-0.030520,-0.244140
0.460490,0.000687,-0.000098,-0.009516,0.000687,-0.000098,-0.009516,0.030520,0.000000,-0.274660
0.470570,-0.001079,-0.008437,-0.009516,-0.001079,-0.008437,-0.009516,0.091550,0.000000,-0.305180
0.480670,-0.002845,-0.008437,-0.001766,-0.002845,-0.008437,-0.001766,0.091550,0.000000,-0.305180
0.490880,-0.008829,-0.008437,0.003630,-0.008829,-0.008437,0.003630,0.030520,-0.030520,-0.274660
0.500850,-0.005886,-0.013244,-0.001079,-0.005886,-0.013244,-0.001079,0.061040,0.030520,-0.274660
0.510940,-0.005297,-0.010301,-0.001079,-0.005297,-0.010301,-0.001079,0.061040,0.030520,-0.305180
0.521030,0.000098,-0.005494,0.000687,0.000098,-0.005494,0.000687,0.061040,-0.030520,-0.274660
0.531120,-0.005886,-0.004905,0.005494,-0.005886,-0.004905,0.005494,0.061040,0.030520,-0.274660
0.541250,-0.001668,-0.001864,0.003041,-0.001668,-0.001864,0.003041,0.061040,0.000000,-0.274660
0.551690,-0.005297,-0.004905,-0.001079,-0.005297,-0.004905,-0.001079,0.061040,0.000000,-0.305180
0.562010,-0.005886,-0.003630,-0.004709,-0.005886,-0.003630,-0.004709,0.061040,0.000000,-0.335690
0.572100,-0.006475,-0.004905,-0.000491,-0.006475,-0.004905,-0.000491,0.030520,0.030520,-0.305180
0.582230,-0.001079,0.003532,-0.000491,-0.001079,0.003532,-0.000491,0.030520,0.000000,-0.335690
0.592290,-0.006475,-0.002453,-0.001766,-0.006475,-0.002453,-0.001766,0.061040,-0.061040,-0.335690
0.602390,-0.002845,0.004120,-0.005297,-0.002845,0.004120,-0.005297,0.030520,-0.030520,-0.305180
0.612480,0.004905,-0.000098,-0.002354,0.004905,-0.000098,-0.002354,0.030520,-0.030520,-0.274660
0.622600,-0.000491,-0.000687,-0.007161,-0.000491,-0.000687,-0.007161,0.030520,0.000000,-0.274660
0.632680,0.002551,-0.010889,-0.004120,0.002551,-0.010889,-0.004120,0.091550,0.000000,-0.274660
0.643540,0.000098,-0.007259,-0.004120,0.000098,-0.007259,-0.004120,0.091550,0.030520,-0.274660
0.655050,0.003139,-0.001275,0.000687,0.003139,-0.001275,0.000687,0.091550,-0.030520,-0.274660
0.663560,0.000098,0.005886,-0.002943,0.000098,0.005886,-0.002943,0.122070,-0.061040,-0.274660
0.672800,-0.008829,0.002354,-0.003532,-0.008829,0.002354,-0.003532,0.091550,-0.061040,-0.305180
0.682920,-0.005297,-0.004905,-0.002943,-0.005297,-0.004905,-0.002943,0.122070,0.000000,-0.335690
0.693040,0.000687,-0.004905,-0.003532,0.000687,-0.004905,-0.003532,0.091550,-0.030520,-0.335690
0.703150,0.003728,-0.009025,-0.005886,0.003728,-0.009025,-0.005886,0.061040,-0.061040,-0.335690
0.713310,0.004905,-0.008437,-0.008339,0.004905,-0.008437,-0.008339,0.061040,-0.061040,-0.335690
0.723180,0.004316,-0.009025,-0.005886,0.004316,-0.009025,-0.005886,0.030520,-0.061040,-0.366210
0.733580,-0.000491,-0.011478,0.000687,-0.000491,-0.011478,0.000687,0.030520,-0.030520,-0.335690
0.743370,-0.007063,-0.012066,-0.002943,-0.007063,-0.012066,-0.002943,0.061040,-0.030520,-0.335690
0.753320,-0.006475,-0.005494,-0.010693,-0.006475,-0.005494,-0.010693,0.061040,-0.030520,-0.305180
0.763150,-0.007063,-0.007259,-0.014911,-0.007063,-0.007259,-0.014911,0.061040,0.000000,-0.335690
0.773230,-0.001668,-0.001275,-0.004120,-0.001668,-0.001275,-0.004120,0.061040,0.030520,-0.335690
0.783320,-0.000491,0.002354,-0.001079,-0.000491,0.002354,-0.001079,0.061040,0.000000,-0.335690
0.793400,-0.004709,-0.003630,-0.004120,-0.004709,-0.003630,-0.004120,0.000000,0.000000,-0.335690
0.803490,-0.005886,0.002943,-0.007161,-0.005886,0.002943,-0.007161,0.000000,0.000000,-0.305180
0.813580,-0.009516,0.004709,-0.007161,-0.009516,0.004709,-0.007161,0.030520,-0.030520,-0.274660
0.823670,-0.011870,-0.000687,-0.004709,-0.011870,-0.000687,-0.004709,0.030520,0.030520,-0.305180
0.833750,-0.011281,0.002943,-0.002943,-0.011281,0.002943,-0.002943,0.000000,0.000000,-0.335690
0.843830,-0.008240,-0.000687,-0.004120,-0.008240,-0.000687,-0.004120,0.030520,0.000000,-0.305180
0.854740,-0.004709,-0.002453,-0.010693,-0.004709,-0.002453,-0.010693,0.030520,0.030520,-0.305180
0.865330,-0.010693,-0.001275,-0.011870,-0.010693,-0.001275,-0.011870,0.000000,0.000000,-0.274660
0.875400,-0.001079,-0.003041,-0.008927,-0.001079,-0.003041,-0.008927,0.000000,-0.030520,-0.274660
0.885820,-0.001668,-0.002453,-0.004120,-0.001668,-0.002453,-0.004120,-0.030520,0.000000,-0.274660
0.895740,0.000687,0.002354,0.004218,0.000687,0.002354,0.004218,-0.030520,0.030520,-0.274660
0.905700,-0.004120,-0.005494,-0.000491,-0.004120,-0.005494,-0.000491,-0.030520,0.000000,-0.274660
0.915800,-0.004120,-0.012655,-0.008339,-0.004120,-0.012655,-0.008339,-0.061040,0.000000,-0.305180
0.925900,0.000098,-0.008437,-0.004120,0.000098,-0.008437,-0.004120,-0.061040,0.000000,-0.274660
0.935990,-0.003532,-0.006671,0.003041,-0.003532,-0.006671,0.003041,0.030520,0.000000,-0.244140
0.946090,-0.001668,-0.007848,-0.004120,-0.001668,-0.007848,-0.004120,0.030520,0.000000,-0.274660
0.956010,-0.001079,-0.007848,-0.005886,-0.001079,-0.007848,-0.005886,0.030520,-0.030520,-0.274660
0.965770,0.000687,-0.006671,0.002453,0.000687,-0.006671,0.002453,0.061040,-0.030520,-0.274660
0.975860,-0.000491,-0.000098,0.005494,-0.000491,-0.000098,0.005494,0.030520,-0.030520,-0.274660
0.986020,-0.000491,-0.004316,-0.000491,-0.000491,-0.004316,-0.000491,0.061040,0.000000,-0.305180
0.996040,-0.001668,-0.001275,-0.002943,-0.001668,-0.001275,-0.002943,0.030520,0.030520,-0.335690
1.006160,-0.001079,-0.006082,0.009025,-0.001079,-0.006082,0.009025,0.061040,0.030520,-0.335690
1.016250,-0.002256,-0.006671,0.002453,-0.002256,-0.006671,0.002453,0.030520,-0.030520,-0.305180
1.026350,-0.002256,-0.009614,0.001864,-0.002256,-0.009614,0.001864,0.061040,-0.061040,-0.305180
1.036430,-0.001668,-0.004316,-0.004709,-0.001668,-0.004316,-0.004709,0.030520,-0.030520,-0.274660
1.046730,-0.004120,-0.003041,-0.001079,-0.004120,-0.003041,-0.001079,0.030520,-0.030520,-0.244140
1.056680,0.000098,-0.001275,-0.003532,0.000098,-0.001275,-0.003532,0.030520,-0.061040,-0.274660
1.066780,0.001864,-0.002453,-0.010693,0.001864,-0.002453,-0.010693,0.000000,-0.061040,-0.305180
1.076860,0.001275,-0.006671,-0.003532,0.001275,-0.006671,-0.003532,0.000000,-0.030520,-0.305180
1.087050,0.001864,-0.006082,0.000098,0.001864,-0.006082,0.000098,0.000000,-0.030520,-0.305180
1.097050,-0.002256,-0.010889,-0.001079,-0.002256,-0.010889,-0.001079,-0.030520,0.000000,-0.335690
1.107300,-0.005886,-0.010301,-0.014911,-0.005886,-0.010301,-0.014911,-0.030520,-0.030520,-0.335690
1.117760,-0.007652,-0.006082,-0.017854,-0.007652,-0.006082,-0.017854,0.000000,0.000000,-0.335690
1.127570,-0.004120,-0.004905,-0.005886,-0.004120,-0.004905,-0.005886,-0.030520,-0.030520,-0.305180
1.137490,-0.001079,-0.008437,0.000098,-0.001079,-0.008437,0.000098,-0.061040,0.000000,-0.274660
1.147580,0.004905,-0.046205,-0.014323,0.004905,-0.046205,-0.014323,-0.122070,0.061040,0.518800
1.157690,0.004316,-0.027664,-0.011281,0.004316,-0.027664,-0.011281,-0.061040,0.122070,1.068120
1.167760,-0.001668,-0.001275,-0.012459,-0.001668,-0.001275,-0.012459,-0.061040,0.183110,1.373290
1.177840,0.000098,-0.008437,0.000687,0.000098,-0.008437,0.000687,-0.030520,0.183110,1.403810
1.187930,-0.001668,0.009516,-0.002943,-0.001668,0.009516,-0.002943,-0.030520,0.183110,1.373290
1.198020,-0.011870,0.015500,-0.007750,-0.011870,0.015500,-0.007750,0.030520,0.091550,0.946040
1.208110,-0.007063,0.020895,-0.002943,-0.007063,0.020895,-0.002943,0.030520,0.061040,0.701900
1.218200,-0.001079,0.004709,0.001864,-0.001079,0.004709,0.001864,0.122070,0.000000,0.366210
1.228470,0.000098,0.009516,0.006671,0.000098,0.009516,0.006671,0.091550,0.000000,0.244140
1.238600,0.004905,0.011870,0.003630,0.004905,0.011870,0.003630,0.091550,0.000000,0.030520
1.248530,0.007848,0.004120,0.005494,0.007848,0.004120,0.005494,0.091550,-0.030520,-0.030520
1.258600,0.009123,0.002943,0.011478,0.009123,0.002943,0.011478,0.091550,-0.061040,-0.061040
1.268680,0.006671,0.005886,0.003041,0.006671,0.005886,0.003041,0.122070,-0.061040,-0.122070
1.278770,0.007259,0.005297,0.011478,0.007259,0.005297,0.011478,0.122070,-0.091550,-0.122070
1.288860,-0.002256,0.011281,0.009025,-0.002256,0.011281,0.009025,0.091550,-0.030520,-0.183110
1.298940,0.001275,0.007750,0.012655,0.001275,0.007750,0.012655,0.030520,-0.030520,-0.183110
1.309030,0.001864,0.002354,0.006671,0.001864,0.002354,0.006671,0.000000,-0.030520,-0.244140
1.319130,0.004905,0.001766,0.002453,0.004905,0.001766,0.002453,-0.030520,-0.061040,-0.274660
1.329220,0.006671,0.004709,0.011478,0.006671,0.004709,0.011478,0.000000,0.000000,-0.274660
1.339310,0.001864,0.010104,0.009614,0.001864,0.010104,0.009614,0.000000,0.000000,-0.274660
1.349400,0.004905,0.010693,0.006082,0.004905,0.010693,0.006082,0.061040,0.000000,-0.244140
1.359880,0.003139,-0.002453,-0.004120,0.003139,-0.002453,-0.004120,0.091550,0.000000,-0.335690
1.370280,0.004905,-0.001275,0.000687,0.004905,-0.001275,0.000687,0.091550,0.000000,-0.335690
1.380370,0.002551,-0.004905,0.010202,0.002551,-0.004905,0.010202,0.061040,-0.061040,-0.305180
1.390470,0.000098,-0.009614,0.013244,0.000098,-0.009614,0.013244,0.061040,-0.061040,-0.274660
1.400570,0.000687,-0.001864,0.018639,0.000687,-0.001864,0.018639,0.091550,-0.061040,-0.305180
1.410670,0.000098,-0.007259,0.007848,0.000098,-0.007259,0.007848,0.061040,-0.091550,-0.274660
1.420860,0.001864,-0.006671,0.004218,0.001864,-0.006671,0.004218,0.030520,-0.061040,-0.274660
1.430880,0.001275,-0.002453,0.008437,0.001275,-0.002453,0.008437,0.061040,-0.061040,-0.244140
1.440960,0.004316,-0.002453,0.007848,0.004316,-0.002453,0.007848,0.061040,-0.061040,-0.244140
1.451090,0.009712,0.005886,0.000687,0.009712,0.005886,0.000687,0.061040,0.000000,-0.305180
1.461000,0.003139,0.010104,-0.004709,0.003139,0.010104,-0.004709,0.061040,0.000000,-0.305180
1.474320,-0.000491,0.014911,0.012066,-0.000491,0.014911,0.012066,0.091550,0.000000,-0.305180
1.482080,-0.001079,0.015500,0.017462,-0.001079,0.015500,0.017462,0.091550,0.030520,-0.305180
1.492150,0.001275,0.013734,0.012655,0.001275,0.013734,0.012655,0.061040,0.000000,-0.274660
1.502240,0.012066,0.007063,0.006671,0.012066,0.007063,0.006671,0.030520,0.000000,-0.244140
1.512510,0.010301,0.002354,-0.001079,0.010301,0.002354,-0.001079,0.030520,0.000000,-0.274660
1.522570,0.013832,-0.001275,0.002453,0.013832,-0.001275,0.002453,0.000000,0.000000,-0.244140
1.532500,0.016285,-0.001275,0.000098,0.016285,-0.001275,0.000098,-0.030520,0.000000,-0.213620
1.542600,0.016873,-0.000098,0.004218,0.016873,-0.000098,0.004218,-0.030520,-0.030520,-0.244140
1.552680,0.013832,-0.001275,0.001275,0.013832,-0.001275,0.001275,-0.061040,0.000000,-0.183110
1.562180,0.011478,-0.007848,0.010202,0.011478,-0.007848,0.010202,-0.091550,0.030520,0.061040
1.571500,0.016285,-0.010889,0.000687,0.016285,-0.010889,0.000687,-0.061040,0.030520,0.244140
1.581570,0.015696,-0.017462,0.000098,0.015696,-0.017462,0.000098,-0.061040,0.030520,0.457760
1.591640,0.021092,-0.013244,0.006671,0.021092,-0.013244,0.006671,-0.091550,0.091550,1.220700
1.601780,0.013832,-0.006671,0.009025,0.013832,-0.006671,0.009025,-0.091550,0.122070,1.556400
1.611800,0.011478,0.003532,0.008437,0.011478,0.003532,0.008437,-0.061040,0.152590,1.708980
1.621930,0.012655,-0.003630,0.004905,0.012655,-0.003630,0.004905,-0.061040,0.122070,1.647950
1.631950,0.015107,-0.010889,0.006082,0.015107,-0.010889,0.006082,-0.061040,0.183110,1.861570
1.642030,0.007259,-0.015598,0.010202,0.007259,-0.015598,0.010202,-0.061040,0.183110,2.044680
1.652100,0.005494,-0.020405,0.011478,0.005494,-0.020405,0.011478,-0.061040,0.183110,2.319340
1.663140,0.008535,-0.036003,0.001275,0.008535,-0.036003,0.001275,-0.091550,0.213620,3.112790
1.674390,0.013244,-0.049737,0.005494,0.013244,-0.049737,0.005494,-0.122070,0.213620,3.662110
1.684480,0.017462,-0.084464,0.010202,0.017462,-0.084464,0.010202,-0.061040,0.366210,5.645750
1.694580,0.020503,-0.076126,0.013832,0.020503,-0.076126,0.013832,0.000000,0.396730,6.958010
1.704690,0.020503,-0.044341,0.013832,0.020503,-0.044341,0.013832,0.030520,0.579830,8.636470
1.714780,0.045616,-0.044341,0.018050,0.045616,-0.044341,0.018050,0.000000,0.732420,9.216310
1.724870,0.142637,-0.056407,0.074360,0.142637,-0.056407,0.074360,0.183110,2.593990,10.284420
1.734970,0.266538,-0.026978,-0.080148,0.266538,-0.026978,-0.080148,0.091550,2.563480,10.040280
1.745070,0.366502,0.014323,-0.189137,0.366502,0.014323,-0.189137,-0.152590,0.671390,9.521480
1.755170,0.493443,0.011281,-0.044832,0.493443,0.011281,-0.044832,0.091550,-0.061040,6.958010
1.765300,0.452143,-0.033648,-0.018443,0.452143,-0.033648,-0.018443,0.122070,-0.152590,5.432130
1.775400,0.330597,0.058566,-0.016088,0.330597,0.058566,-0.016088,0.091550,-0.244140,1.922610
1.785500,0.488048,0.087309,0.001864,0.488048,0.087309,0.001864,0.000000,-0.305180,0.427250
1.795590,0.325790,0.023838,0.000098,0.325790,0.023838,0.000098,0.000000,-0.427250,-1.373290
1.805700,0.411431,-0.024035,0.003041,0.411431,-0.024035,0.003041,0.030520,-0.427250,-1.647950
1.815780,0.355122,0.004709,-0.002354,0.355122,0.004709,-0.002354,0.061040,-0.396730,-2.075200
1.826060,0.308426,0.069357,0.014421,0.308426,0.069357,0.014421,0.457760,-0.427250,-2.258300
1.836120,0.306072,0.043654,-0.003532,0.306072,0.043654,-0.003532,0.274660,-0.335690,-2.807620
1.846250,0.343840,-0.179131,0.009614,0.343840,-0.179131,0.009614,-0.366210,-0.335690,-3.906250
1.856310,0.347961,-0.164710,-0.013734,0.347961,-0.164710,-0.013734,-0.213620,-0.244140,-3.295900
1.866250,0.274386,-0.052189,0.022857,0.274386,-0.052189,0.022857,-0.061040,-0.274660,-2.685550
1.875990,0.265949,-0.062980,-0.019718,0.265949,-0.062980,-0.019718,-0.335690,-0.183110,-2.532960
1.886120,0.462345,-0.023446,-0.020307,0.462345,-0.023446,-0.020307,-0.152590,-0.183110,-2.593990
1.896170,0.331774,0.000491,-0.013145,0.331774,0.000491,-0.013145,-0.244140,-0.396730,-3.723140
1.906260,0.416238,-0.117426,0.001275,0.416238,-0.117426,0.001275,-0.549320,-0.366210,-4.180910
1.916360,0.428795,-0.088682,0.017462,0.428795,-0.088682,0.017462,-0.305180,-0.335690,-3.112790
1.926450,0.459304,-0.032373,-0.004120,0.459304,-0.032373,-0.004120,-0.396730,-0.152590,-2.410890
1.936540,0.439586,-0.035414,-0.017854,0.439586,-0.035414,-0.017854,-0.091550,-0.152590,-1.525880
1.946620,0.425852,-0.006671,0.013244,0.425852,-0.006671,0.013244,-0.335690,-0.061040,-1.892090
1.956720,0.381511,-0.001864,0.037180,0.381511,-0.001864,0.037180,0.152590,-0.213620,-1.922610
1.967210,0.570157,-0.149210,-0.047186,0.570157,-0.149210,-0.047186,-0.366210,-0.305180,-2.197270
1.977580,0.341977,-0.019816,0.006082,0.341977,-0.019816,0.006082,0.030520,-0.122070,-1.434330
1.989280,0.456361,-0.207285,0.066512,0.456361,-0.207285,0.066512,0.183110,-0.335690,-2.166750
1.999220,0.492854,-0.106635,0.039632,0.492854,-0.106635,0.039632,-0.274660,-0.274660,-2.288820
2.009460,0.415650,0.044243,0.020405,0.415650,0.044243,0.020405,0.518800,-0.152590,0.122070
2.019440,0.521598,0.030411,-0.003532,0.521598,0.030411,-0.003532,-0.061040,-0.030520,0.091550
2.029580,0.589875,-0.080933,-0.049639,0.589875,-0.080933,-0.049639,-0.915530,0.061040,-0.671390
2.039540,0.488734,-0.010301,-0.023838,0.488734,-0.010301,-0.023838,-0.610350,0.030520,0.122070
2.049810,0.553382,-0.007259,-0.049050,0.553382,-0.007259,-0.049050,-0.427250,-0.061040,0.549320
2.059760,0.592230,0.010104,-0.011870,0.592230,0.010104,-0.011870,-0.335690,-0.091550,0.061040
2.068090,0.811385,-0.048560,0.001275,0.811385,-0.048560,0.001275,-0.549320,-0.305180,-0.335690
2.076970,0.761158,0.085543,0.044341,0.761158,0.085543,0.044341,-0.183110,-0.396730,-1.342770
2.087040,0.622248,0.042477,-0.047186,0.622248,0.042477,-0.047186,-0.701900,-0.274660,-2.258300
2.097060,0.517478,0.069945,0.040221,0.517478,0.069945,0.040221,-0.061040,-0.335690,-2.380370
2.107170,0.480298,0.063373,0.022857,0.480298,0.063373,0.022857,-0.213620,-0.396730,-2.227780
2.117200,0.451554,-0.106635,-0.074164,0.451554,-0.106635,-0.074164,-0.640870,-0.030520,-1.739500
2.127220,0.319217,0.079559,0.211994,0.319217,0.079559,0.211994,0.091550,-0.335690,-1.159670
2.137260,0.471959,-0.006671,-0.105261,0.471959,-0.006671,-0.105261,-0.213620,0.000000,-0.854490
2.147320,0.298322,0.149014,0.097708,0.298322,0.149014,0.097708,0.274660,-0.244140,-1.037600
2.157390,0.376115,0.040613,0.017462,0.376115,0.040613,0.017462,-0.518800,-0.122070,-0.671390
2.167470,0.455184,-0.013244,-0.064550,0.455184,-0.013244,-0.064550,-0.183110,0.000000,0.000000
2.177670,0.299499,0.008339,0.036003,0.299499,0.008339,0.036003,-0.457760,0.030520,0.000000
2.187740,0.212092,0.118505,-0.023838,0.212092,0.118505,-0.023838,-0.244140,0.061040,-0.030520
2.197700,0.186292,0.303521,0.147935,0.186292,0.303521,0.147935,0.488280,-0.122070,-0.122070
2.207760,0.259965,0.193355,0.064746,0.259965,0.193355,0.064746,0.030520,-0.030520,-0.610350
2.217820,0.137242,-0.000687,-0.126843,0.137242,-0.000687,-0.126843,-0.640870,0.244140,-1.922610
2.227920,0.146758,-0.056996,0.026978,0.146758,-0.056996,0.026978,-0.396730,0.213620,-1.770020
2.237990,0.176188,-0.049148,0.113796,0.176188,-0.049148,0.113796,-0.518800,0.030520,-0.640870
2.248040,0.174912,-0.009614,-0.043654,0.174912,-0.009614,-0.043654,-0.152590,0.427250,0.213620
2.258100,0.173735,-0.055721,0.089271,0.173735,-0.055721,0.089271,-0.640870,0.244140,0.640870
2.268160,0.113306,0.016677,-0.007161,0.113306,0.016677,-0.007161,-0.091550,0.152590,1.007080
2.278230,0.174912,-0.013244,-0.067591,0.174912,-0.013244,-0.067591,-0.518800,0.274660,1.037600
2.288290,0.258199,-0.061705,-0.004120,0.258199,-0.061705,-0.004120,-0.549320,0.244140,-0.244140
2.298360,0.184526,-0.211994,0.088094,0.184526,-0.211994,0.088094,-0.335690,0.213620,-0.274660
2.308430,0.274974,-0.023446,-0.098689,0.274974,-0.023446,-0.098689,0.091550,-0.122070,-0.549320
2.318490,0.347372,-0.128805,0.051601,0.347372,-0.128805,0.051601,-0.305180,0.152590,-0.976560
2.328560,0.209640,-0.101239,0.087505,0.209640,-0.101239,0.087505,-0.183110,0.091550,-1.190190
2.338620,0.127039,-0.065923,-0.074164,0.127039,-0.065923,-0.074164,-0.427250,0.335690,-0.915530
2.348690,0.234851,-0.045028,-0.044832,0.234851,-0.045028,-0.044832,-0.366210,0.122070,0.244140
2.358760,0.346784,0.081325,-0.037670,0.346784,0.081325,-0.037670,-0.305180,0.091550,0.946040
2.368820,0.353356,-0.081521,-0.074752,0.353356,-0.081521,-0.074752,-0.518800,0.061040,0.549320
2.378890,0.436643,0.159805,-0.067591,0.436643,0.159805,-0.067591,-0.122070,-0.061040,-0.640870
2.388960,0.384552,0.071809,0.010889,0.384552,0.071809,0.010889,-0.152590,-0.213620,-1.342770
2.399020,0.385729,0.040613,-0.062784,0.385729,0.040613,-0.062784,-0.366210,0.091550,-2.502440
2.409080,0.422811,0.080736,0.015009,0.422811,0.080736,0.015009,-0.030520,-0.152590,-1.831050
2.419150,0.454595,0.087309,0.026978,0.454595,0.087309,0.026978,-0.122070,-0.091550,-2.166750
2.429250,0.354533,0.052582,0.090448,0.354533,0.052582,0.090448,0.488280,-0.366210,-2.685550
2.439300,0.271345,-0.031196,0.069553,0.271345,-0.031196,0.069553,-0.305180,0.000000,-2.655030
2.449360,0.424577,-0.026978,-0.038848,0.424577,-0.026978,-0.038848,0.274660,0.000000,-2.136230
2.459420,0.395932,-0.008437,0.115660,0.395932,-0.008437,0.115660,0.366210,-0.244140,-2.288820
2.469490,0.392302,-0.039044,0.085053,0.392302,-0.039044,0.085053,-0.030520,-0.091550,-2.685550
2.479550,0.279095,-0.091724,-0.089173,0.279095,-0.091724,-0.089173,-0.396730,-0.183110,-1.434330
2.489620,0.265360,-0.032962,-0.060430,0.265360,-0.032962,-0.060430,-0.640870,-0.366210,-0.488280
2.499690,0.283901,0.172362,-0.044243,0.283901,0.172362,-0.044243,0.488280,0.213620,0.457760
2.509750,0.146758,0.222098,0.110853,0.146758,0.222098,0.110853,0.000000,0.030520,0.518800
2.519820,0.189922,0.274190,0.065923,0.189922,0.274190,0.065923,-0.030520,-0.061040,0.732420
2.529880,0.334227,0.156175,-0.061607,0.334227,0.156175,-0.061607,0.152590,0.213620,0.793460
2.539950,0.316863,0.204735,0.083287,0.316863,0.204735,0.083287,-0.366210,0.091550,0.549320
2.550020,0.250351,0.167555,0.032373,0.250351,0.167555,0.032373,-0.274660,-0.305180,-0.183110
2.560080,0.134201,0.132239,0.011478,0.134201,0.132239,0.011478,0.152590,-0.335690,-0.549320
2.570150,0.121644,0.142441,-0.075341,0.121644,0.142441,-0.075341,0.549320,-0.488280,-0.366210
2.580220,-0.015500,0.199339,-0.105948,-0.015500,0.199339,-0.105948,-0.244140,-0.274660,-0.518800
2.590280,-0.042968,0.096923,-0.014323,-0.042968,0.096923,-0.014323,-0.061040,-0.244140,0.427250
2.600350,-0.022072,0.023838,-0.089762,-0.022072,0.023838,-0.089762,-0.274660,-0.213620,1.159670
2.610410,-0.131650,0.146659,-0.133416,-0.131650,0.146659,-0.133416,0.061040,0.091550,1.007080
2.620500,0.076714,0.085543,-0.066414,0.076714,0.085543,-0.066414,0.244140,-0.244140,2.349850
2.630560,-0.130375,0.041791,0.119192,-0.130375,0.041791,0.119192,0.030520,-0.183110,2.044680
2.640610,-0.226807,0.150191,-0.020895,-0.226807,0.150191,-0.020895,0.244140,-0.213620,1.617430
2.650690,-0.110068,0.307642,-0.009516,-0.110068,0.307642,-0.009516,0.610350,-0.213620,1.159670
2.660750,-0.261535,0.116052,-0.075929,-0.261535,0.116052,-0.075929,0.396730,0.122070,-1.190190
2.670810,-0.314214,0.048461,-0.008339,-0.314214,0.048461,-0.008339,0.854490,-0.305180,-1.708980
2.680880,-0.383669,-0.009614,0.217390,-0.383669,-0.009614,0.217390,-0.305180,-0.701900,-1.922610
2.690940,-0.282528,-0.119780,0.005494,-0.282528,-0.119780,0.005494,-0.122070,-0.122070,-0.396730
2.701010,-0.284294,-0.159903,0.000687,-0.284294,-0.159903,0.000687,0.183110,-0.183110,0.152590
2.711080,-0.235832,-0.110853,-0.109480,-0.235832,-0.110853,-0.109480,-1.098630,0.213620,-0.671390
2.721160,-0.301658,-0.179131,-0.026291,-0.301658,-0.179131,-0.026291,-0.823970,0.000000,-0.823970
2.731220,-0.319021,-0.232988,0.014421,-0.319021,-0.232988,0.014421,0.000000,-0.335690,-1.678470
2.741270,-0.313626,-0.061116,0.013832,-0.313626,-0.061116,0.013832,0.335690,-0.030520,-1.251220
2.751340,-0.264576,-0.186292,-0.045420,-0.264576,-0.186292,-0.045420,-0.152590,0.488280,-1.220700
2.761410,-0.198064,-0.249174,0.072496,-0.198064,-0.249174,0.072496,-0.213620,-0.183110,0.091550
2.771470,-0.139400,-0.168928,-0.047873,-0.139400,-0.168928,-0.047873,0.213620,-0.183110,0.915530
2.781540,-0.195121,0.017854,0.012066,-0.195121,0.017854,0.012066,0.030520,0.000000,0.946040
2.791610,-0.073575,0.071809,-0.005886,-0.073575,0.071809,-0.005886,0.946040,-0.091550,0.885010
2.801680,-0.131650,0.049639,-0.017266,-0.131650,0.049639,-0.017266,-0.091550,-0.152590,-0.457760
2.811740,-0.088486,0.164612,-0.053857,-0.088486,0.164612,-0.053857,0.122070,-0.244140,-1.617430
2.821840,-0.127432,0.040613,0.047382,-0.127432,0.040613,0.047382,1.037600,-0.274660,-2.593990
2.831870,-0.143618,-0.243779,-0.061018,-0.143618,-0.243779,-0.061018,0.305180,-0.152590,-3.601070
2.841940,-0.098100,-0.301265,-0.021484,-0.098100,-0.301265,-0.021484,-0.305180,-0.396730,-3.540040
2.852010,-0.099866,-0.374938,-0.035807,-0.099866,-0.374938,-0.035807,-0.091550,-0.213620,-2.075200
2.862070,-0.155587,-0.210817,0.041398,-0.155587,-0.210817,0.041398,0.579830,-0.396730,-0.885010
2.872140,0.019228,-0.171283,0.022857,0.019228,-0.171283,0.022857,0.549320,-0.183110,0.701900
2.882210,0.022857,-0.159314,0.025800,0.022857,-0.159314,0.025800,-0.457760,-0.183110,0.061040
2.892270,0.121055,-0.064157,-0.093293,0.121055,-0.064157,-0.093293,-0.640870,-0.030520,-0.610350
2.902340,0.282724,-0.279095,-0.055034,0.282724,-0.279095,-0.055034,0.244140,-0.244140,-0.823970
2.912400,0.151565,-0.169517,-0.081914,0.151565,-0.169517,-0.081914,-0.488280,0.518800,-0.885010
2.922470,0.194140,-0.135967,-0.005886,0.194140,-0.135967,-0.005886,0.122070,0.061040,0.518800
2.932540,0.042575,0.001079,-0.027468,0.042575,0.001079,-0.027468,-0.183110,0.213620,0.579830
2.942600,0.116837,-0.024623,-0.042477,0.116837,-0.024623,-0.042477,0.091550,0.030520,1.007080
2.952670,0.033648,0.173539,-0.017266,0.033648,0.173539,-0.017266,-0.030520,-0.152590,0.762940
2.962730,0.073183,0.114875,0.041987,0.073183,0.114875,0.041987,0.030520,0.061040,0.427250
2.972800,0.024623,0.070534,-0.112521,0.024623,0.070534,-0.112521,-0.030520,0.610350,0.030520
2.982860,0.212681,0.086720,-0.038259,0.212681,0.086720,-0.038259,-0.183110,0.305180,-0.213620
2.992930,0.122233,0.063373,0.109087,0.122233,0.063373,0.109087,0.274660,0.183110,-0.793460
3.002990,0.188744,-0.137830,-0.004709,0.188744,-0.137830,-0.004709,0.488280,-0.030520,-0.793460
3.013060,0.085739,-0.010889,-0.100553,0.085739,-0.010889,-0.100553,-0.335690,-0.152590,0.000000
3.023260,0.134201,-0.085739,0.110264,0.134201,-0.085739,0.110264,0.549320,-0.061040,0.946040
3.033290,0.165985,-0.085053,-0.014323,0.165985,-0.085053,-0.014323,-0.152590,0.122070,1.403810
3.043350,0.237794,0.043654,-0.083189,0.237794,0.043654,-0.083189,-0.091550,0.091550,2.410890
3.053480,0.144403,-0.032373,0.123998,0.144403,-0.032373,0.123998,-0.244140,0.030520,2.685550
3.063490,0.188744,0.023250,-0.120271,0.188744,0.023250,-0.120271,0.183110,0.366210,2.166750
3.073550,0.186881,-0.025212,-0.034041,0.186881,-0.025212,-0.034041,0.152590,0.305180,1.953120
3.083620,0.236617,-0.096432,0.035414,0.236617,-0.096432,0.035414,0.671390,0.244140,1.892090
3.093680,0.266538,-0.182074,0.021582,0.266538,-0.182074,0.021582,0.152590,0.091550,1.678470
3.104330,0.129394,-0.236617,-0.039436,0.129394,-0.236617,-0.039436,0.427250,0.305180,1.678470
3.114290,0.162355,-0.183938,-0.051404,0.162355,-0.183938,-0.051404,0.061040,0.183110,3.112790
3.124230,0.129394,0.012459,0.040810,0.129394,0.012459,0.040810,-0.091550,0.335690,3.540040
3.134310,0.129394,0.002943,0.056309,0.129394,0.002943,0.056309,-0.183110,0.091550,3.143310
3.144360,0.097708,-0.068964,-0.079559,0.097708,-0.068964,-0.079559,1.129150,0.579830,3.326420
3.154500,0.150976,0.002943,0.109087,0.150976,0.002943,0.109087,0.885010,0.335690,4.211430
3.164500,0.122233,-0.139596,-0.119093,0.122233,-0.139596,-0.119093,-0.213620,0.671390,4.699710
3.174660,0.161767,-0.230633,-0.041202,0.161767,-0.230633,-0.041202,0.549320,0.488280,5.523680
3.184950,0.203067,0.146659,0.062294,0.203067,0.146659,0.062294,0.579830,0.183110,5.920410
3.194870,0.136065,0.084366,-0.087898,0.136065,0.084366,-0.087898,-0.152590,0.518800,5.798340
3.204850,0.101926,0.270560,-0.022661,0.101926,0.270560,-0.022661,-0.091550,0.427250,6.469730
3.214890,0.094078,0.511297,0.007848,0.094078,0.511297,0.007848,0.213620,0.549320,6.378170
3.224990,0.008535,0.562113,0.030019,0.008535,0.562113,0.030019,0.671390,0.610350,4.638670
3.235040,0.033648,0.302933,-0.011281,0.033648,0.302933,-0.011281,0.244140,0.335690,3.997800
3.245100,0.092901,0.125078,-0.111932,0.092901,0.125078,-0.111932,-0.335690,0.457760,2.929690
3.255170,0.027076,0.008927,-0.024525,0.027076,0.008927,-0.024525,-0.305180,0.396730,3.814700
3.265230,0.029430,-0.156960,-0.122625,0.029430,-0.156960,-0.122625,0.061040,0.335690,4.486080
3.275420,0.010301,-0.001864,-0.008927,0.010301,-0.001864,-0.008927,-0.030520,0.732420,7.232670
3.285500,0.073771,0.076518,0.119780,0.073771,0.076518,0.119780,0.305180,0.640870,8.178710
3.295460,0.044439,0.052582,0.007259,0.044439,0.052582,0.007259,0.183110,0.915530,8.850100
3.305530,0.026487,-0.056996,-0.040613,0.026487,-0.056996,-0.040613,0.122070,0.732420,8.544920
3.315650,0.106046,0.030411,-0.116052,0.106046,0.030411,-0.116052,0.213620,0.518800,8.697510
3.325690,0.123410,0.117230,0.005494,0.123410,0.117230,0.005494,0.885010,0.335690,7.293700
3.335730,0.217488,0.013047,0.032373,0.217488,0.013047,0.032373,0.213620,0.183110,6.347660
3.345800,0.115660,-0.186292,0.016873,0.115660,-0.186292,0.016873,0.152590,-0.183110,4.699710
3.355860,0.075537,-0.068376,-0.088584,0.075537,-0.068376,-0.088584,-0.030520,0.457760,3.540040
3.365930,0.051601,-0.210817,-0.035807,0.051601,-0.210817,-0.035807,0.427250,0.091550,3.204350
3.376000,0.039044,-0.037769,-0.023250,0.039044,-0.037769,-0.023250,0.366210,0.274660,2.105710
3.386060,0.073183,-0.195906,-0.013734,0.073183,-0.195906,-0.013734,0.366210,-0.091550,1.434330
3.396130,-0.070534,-0.256924,0.159314,-0.070534,-0.256924,0.159314,0.213620,-0.030520,0.976560
3.406190,0.095353,-0.230044,0.116249,0.095353,-0.230044,0.116249,0.762940,0.091550,1.525880
3.416250,0.042575,-0.418593,-0.022072,0.042575,-0.418593,-0.022072,0.274660,0.335690,4.760740
3.426370,0.130669,-0.269481,-0.042477,0.130669,-0.269481,-0.042477,0.366210,0.488280,5.920410
3.436400,0.074360,0.092705,-0.118505,0.074360,0.092705,-0.118505,-0.152590,0.732420,8.117680
3.446470,0.029430,0.089762,-0.017266,0.029430,0.089762,-0.017266,0.152590,1.281740,8.026120
3.456530,0.206697,0.334619,0.201301,0.206697,0.334619,0.201301,0.579830,0.396730,7.354740
3.466600,0.347961,0.183153,-0.229848,0.347961,0.183153,-0.229848,-0.671390,1.007080,5.584720
3.476670,0.107321,0.149602,-0.081325,0.107321,0.149602,-0.081325,0.488280,0.579830,4.913330
3.486730,0.252215,0.228671,0.026978,0.252215,0.228671,0.026978,0.244140,0.213620,4.425050
3.496790,0.198260,0.046598,0.064157,0.198260,0.046598,0.064157,0.213620,0.488280,4.730220
3.506860,0.415650,-0.164121,-0.078382,0.415650,-0.164121,-0.078382,-0.366210,0.732420,4.394530
3.516930,0.276740,-0.082698,-0.019130,0.276740,-0.082698,-0.019130,-0.427250,0.793460,4.241940
3.526990,0.327654,-0.151565,0.017462,0.327654,-0.151565,0.017462,-0.366210,0.640870,3.784180
3.537060,0.294692,-0.079755,0.129394,0.294692,-0.079755,0.129394,-0.701900,0.518800,2.227780
3.547130,0.279683,0.029234,0.026389,0.279683,0.029234,0.026389,0.000000,0.244140,1.708980
3.557190,0.214447,-0.144403,0.028841,0.214447,-0.144403,0.028841,-0.061040,0.213620,1.129150
3.567280,0.204244,-0.094078,-0.118505,0.204244,-0.094078,-0.118505,-0.427250,0.640870,0.946040
3.577330,0.277329,-0.124587,0.080933,0.277329,-0.124587,0.080933,0.000000,-0.030520,0.122070
3.587390,0.094078,-0.098296,-0.034629,0.094078,-0.098296,-0.034629,0.122070,-0.305180,0.732420
3.597460,0.107321,-0.049148,0.104280,0.107321,-0.049148,0.104280,0.396730,-0.213620,1.831050
3.607520,0.118701,-0.104869,-0.089173,0.118701,-0.104869,-0.089173,0.366210,0.213620,4.180910
3.617590,0.036003,0.121448,-0.052582,0.036003,0.121448,-0.052582,0.030520,-0.091550,3.601070
3.627680,0.144403,0.163337,0.045616,0.144403,0.163337,0.045616,-0.427250,-0.091550,1.617430
3.637730,0.011478,0.219646,-0.072986,0.011478,0.219646,-0.072986,-0.732420,-0.183110,-0.366210
3.647790,0.043262,0.146659,-0.060430,0.043262,0.146659,-0.060430,-0.335690,-0.549320,-3.204350
3.657860,-0.105261,0.016677,-0.083777,-0.105261,0.016677,-0.083777,-1.434330,-0.671390,-4.547120
3.667920,-0.046009,0.022072,0.041987,-0.046009,0.022072,0.041987,-0.305180,-0.488280,-5.065920
3.677990,-0.211209,-0.020993,0.091037,-0.211209,-0.020993,0.091037,-0.213620,-0.610350,-4.974370
3.688060,-0.117230,-0.083287,0.015598,-0.117230,-0.083287,0.015598,-0.061040,-0.579830,-4.791260
3.698120,-0.189137,-0.137144,0.128805,-0.189137,-0.137144,0.128805,0.762940,-0.518800,-3.936770
3.708190,-0.048952,-0.082110,-0.138223,-0.048952,-0.082110,-0.138223,0.152590,0.183110,-3.845210
3.718250,-0.095648,-0.071319,0.054544,-0.095648,-0.071319,0.054544,0.122070,-0.488280,-5.615230
3.728320,-0.095648,0.167555,0.134201,-0.095648,0.167555,0.134201,0.427250,-0.732420,-5.981450
3.738380,-0.123802,-0.137144,-0.160982,-0.123802,-0.137144,-0.160982,-0.671390,-0.579830,-6.805420
3.748450,-0.214250,-0.015598,0.019228,-0.214250,-0.015598,0.019228,-0.122070,-0.518800,-7.598880
3.758520,-0.081914,-0.033648,0.074948,-0.081914,-0.033648,0.074948,0.152590,-0.976560,-6.988530
3.768580,-0.125666,-0.209640,-0.019130,-0.125666,-0.209640,-0.019130,0.091550,-0.671390,-6.073000
3.778650,-0.035218,-0.176678,-0.043654,-0.035218,-0.176678,-0.043654,-0.213620,-0.488280,-5.340580
3.788720,0.016873,-0.192865,-0.037670,0.016873,-0.192865,-0.037670,0.366210,-0.671390,-4.058840
3.798810,0.041987,0.162159,-0.128021,0.041987,0.162159,-0.128021,0.305180,-0.274660,-3.967290
3.808850,0.074948,0.214839,-0.012459,0.074948,0.214839,-0.012459,0.396730,-0.640870,-4.455570
3.818920,0.004316,0.073575,-0.081914,0.004316,0.073575,-0.081914,0.183110,0.213620,-6.500240
3.829040,0.068964,-0.073771,0.098296,0.068964,-0.073771,0.098296,-0.488280,-0.457760,-6.713870
3.839060,-0.112423,0.040613,-0.046598,-0.112423,0.040613,-0.046598,0.030520,-1.556400,-6.866460
3.849160,-0.087309,-0.279095,-0.113698,-0.087309,-0.279095,-0.113698,-0.579830,-0.793460,-5.828860
3.859210,0.031883,-0.231810,0.077891,0.031883,-0.231810,0.077891,-0.549320,-0.885010,-5.676270
3.869280,0.050423,-0.395834,0.022269,0.050423,-0.395834,0.022269,-0.366210,-0.885010,-5.187990
3.879350,0.119290,-0.163533,-0.155587,0.119290,-0.163533,-0.155587,0.305180,-0.915530,-4.821780
3.889420,-0.111245,0.231614,0.254570,-0.111245,0.231614,0.254570,1.098630,-1.129150,-4.577640
3.899480,-0.007063,0.029234,-0.073575,-0.007063,0.029234,-0.073575,0.427250,-0.244140,-4.882810
3.909540,0.095942,-0.034826,0.072496,0.095942,-0.034826,0.072496,0.396730,-1.098630,-5.828860
3.919620,0.086328,-0.010889,-0.050816,0.086328,-0.010889,-0.050816,-0.549320,-1.373290,-6.774900
3.929680,0.176776,-0.028253,0.059351,0.176776,-0.028253,0.059351,-0.152590,-1.373290,-7.354740
3.939740,0.100062,-0.028841,-0.007161,0.100062,-0.028841,-0.007161,0.183110,-1.098630,-7.781980
3.949810,0.079167,-0.026978,0.038357,0.079167,-0.026978,0.038357,0.366210,-1.373290,-7.873540
3.959870,-0.002845,-0.074360,0.033648,-0.002845,-0.074360,0.033648,-0.030520,-0.915530,-7.873540
3.969940,-0.053170,-0.259965,0.028253,-0.053170,-0.259965,0.028253,-0.732420,-0.885010,-6.591800
3.980010,-0.035218,-0.225238,0.105457,-0.035218,-0.225238,0.105457,-0.701900,-0.335690,-3.784180
3.990070,-0.037572,-0.427029,0.025800,-0.037572,-0.427029,0.025800,-0.396730,-0.213620,-1.861570
4.000140,-0.056800,-0.297635,0.095844,-0.056800,-0.297635,0.095844,0.061040,0.030520,0.091550
4.010200,-0.040613,-0.138419,-0.012459,-0.040613,-0.138419,-0.012459,-0.183110,0.061040,3.143310
4.020270,0.037867,0.031686,-0.026879,0.037867,0.031686,-0.026879,0.122070,0.061040,3.723140
4.030360,0.129394,0.111245,-0.062195,0.129394,0.111245,-0.062195,-0.122070,0.152590,3.173830
4.040410,0.015696,0.165200,-0.110657,0.015696,0.165200,-0.110657,-0.671390,0.366210,2.563480
4.050470,-0.132239,0.234067,0.167162,-0.132239,0.234067,0.167162,-0.457760,-0.030520,1.342770
4.060540,-0.022072,0.090350,0.040221,-0.022072,0.090350,0.040221,-0.366210,-0.061040,1.007080
4.070610,-0.056211,0.059154,0.067689,-0.056211,0.059154,0.067689,0.335690,-0.244140,1.068120
4.080670,-0.135182,-0.056407,0.025800,-0.135182,-0.056407,0.025800,-0.427250,-0.091550,0.579830
4.090740,-0.059743,-0.004316,0.022269,-0.059743,-0.004316,0.022269,0.061040,0.091550,0.762940
4.100800,-0.143618,0.026879,-0.019130,-0.143618,0.026879,-0.019130,-0.091550,0.946040,1.647950
4.111020,-0.174127,0.021484,-0.023250,-0.174127,0.021484,-0.023250,0.030520,-0.183110,2.136230
4.120950,-0.035218,0.091527,-0.120271,-0.035218,0.091527,-0.120271,-0.335690,0.335690,2.380370
4.131020,-0.218469,0.091527,0.065335,-0.218469,0.091527,0.065335,-0.122070,0.122070,2.166750
4.141080,-0.169909,0.234655,0.208463,-0.169909,0.234655,0.208463,0.549320,-0.396730,1.800540
4.151150,-0.145973,0.068180,0.030607,-0.145973,0.068180,0.030607,-0.030520,0.061040,2.014160
4.161210,-0.137046,-0.074948,-0.034041,-0.137046,-0.074948,-0.034041,0.061040,-0.061040,1.800540
4.171280,-0.063373,0.138223,0.080933,-0.063373,0.138223,0.080933,0.579830,-0.274660,1.892090
4.181530,-0.135182,0.113109,-0.100553,-0.135182,0.113109,-0.100553,-0.030520,0.701900,1.678470
4.191550,-0.084268,0.165789,0.038357,-0.084268,0.165789,0.038357,0.518800,-0.183110,0.183110
4.201510,-0.105261,0.090350,-0.081914,-0.105261,0.090350,-0.081914,0.274660,0.122070,-0.427250
4.211630,-0.141755,0.162748,-0.066414,-0.141755,0.162748,-0.066414,0.549320,0.305180,-0.793460
4.221660,-0.144796,-0.104280,-0.053857,-0.144796,-0.104280,-0.053857,0.152590,0.122070,-1.800540
4.231760,-0.024427,-0.167751,0.110264,-0.024427,-0.167751,0.110264,-0.152590,-0.518800,-2.136230
4.241790,-0.149602,-0.221608,0.158137,-0.149602,-0.221608,0.158137,0.305180,-0.701900,-1.678470
4.251850,-0.111834,-0.349727,-0.055623,-0.111834,-0.349727,-0.055623,-0.274660,0.152590,-0.030520
4.261940,0.025898,-0.256335,0.071319,0.025898,-0.256335,0.071319,0.213620,0.122070,2.563480
4.271990,-0.069357,-0.055132,0.056309,-0.069357,-0.055132,0.056309,0.000000,0.366210,2.685550
4.282160,0.041398,0.002943,-0.047186,0.041398,0.002943,-0.047186,-0.122070,0.152590,2.288820
4.292140,0.112717,0.080148,-0.110068,0.112717,0.080148,-0.110068,-0.854490,-0.061040,-0.091550
4.302210,0.231222,0.136457,-0.046009,0.231222,0.136457,-0.046009,-0.305180,-0.549320,-1.281740
4.312270,0.046205,0.109480,0.062294,0.046205,0.109480,0.062294,-0.183110,-0.610350,-5.157470
4.322340,0.148033,0.099277,-0.003532,0.148033,0.099277,-0.003532,-0.030520,-0.488280,-6.591800
4.332580,0.091135,-0.137830,0.106046,0.091135,-0.137830,0.106046,0.061040,-0.885010,-7.354740
4.342590,0.158137,-0.116249,-0.017266,0.158137,-0.116249,-0.017266,-0.366210,-0.854490,-7.202150
4.352610,0.015107,-0.097119,0.020405,0.015107,-0.097119,0.020405,-0.091550,-0.732420,-6.805420
4.362660,0.225238,-0.039044,-0.072398,0.225238,-0.039044,-0.072398,0.213620,-0.366210,-6.439210
4.372720,0.079167,-0.062980,-0.099277,0.079167,-0.062980,-0.099277,-0.122070,-0.457760,-6.622310
4.382790,0.160590,0.016677,0.016873,0.160590,0.016677,0.016873,0.793460,-0.671390,-7.476810
4.392850,0.131258,-0.169517,-0.028057,0.131258,-0.169517,-0.028057,-0.274660,-0.427250,-7.080080
4.402920,0.183349,-0.175501,0.058762,0.183349,-0.175501,0.058762,-0.274660,-0.091550,-4.699710
4.412990,0.097708,-0.195317,0.076126,0.097708,-0.195317,0.076126,0.183110,-0.579830,-3.601070
4.423250,0.100062,-0.371309,-0.022661,0.100062,-0.371309,-0.022661,-0.396730,-0.457760,-2.227780
4.433160,0.177953,-0.283901,0.036003,0.177953,-0.283901,0.036003,-0.152590,0.091550,2.075200
4.443210,0.136653,0.022661,0.027566,0.136653,0.022661,0.027566,0.213620,0.366210,3.021240
4.453250,0.207874,0.154998,0.010889,0.207874,0.154998,0.010889,0.122070,-0.061040,2.532960
4.463320,0.068376,0.330401,-0.008339,0.068376,0.330401,-0.008339,0.000000,0.152590,0.366210
4.473380,0.267126,0.281939,0.030019,0.267126,0.281939,0.030019,-0.701900,-0.152590,-3.356930
4.483450,0.171969,0.142441,0.012655,0.171969,0.142441,0.012655,0.152590,-0.244140,-4.486080
4.493510,0.079167,0.055623,-0.113698,0.079167,0.055623,-0.113698,-0.152590,0.122070,-5.767820
4.503580,-0.056800,0.008927,0.049148,-0.056800,0.008927,0.049148,0.732420,-0.274660,-6.408690
4.513650,-0.026879,-0.185703,0.042575,-0.026879,-0.185703,0.042575,0.000000,-0.579830,-6.195070
4.523710,-0.048952,-0.182662,0.061116,-0.048952,-0.182662,0.061116,-0.183110,-0.610350,-3.448490
4.533780,-0.166966,-0.251528,0.038357,-0.166966,-0.251528,0.038357,0.091550,-0.213620,-2.349850
4.543840,-0.148425,-0.210817,-0.041889,-0.148425,-0.210817,-0.041889,0.122070,0.305180,0.518800
4.553910,-0.162159,-0.167162,-0.062784,-0.162159,-0.167162,-0.062784,0.305180,0.549320,1.403810
4.563970,-0.034629,-0.095255,0.026978,-0.034629,-0.095255,0.026978,0.488280,0.000000,1.861570
4.574040,-0.151957,0.195121,0.135967,-0.151957,0.195121,0.135967,1.129150,-0.061040,1.159670
4.584120,-0.105261,0.262221,-0.023838,-0.105261,0.262221,-0.023838,0.274660,0.793460,-0.030520
4.594180,-0.104673,0.116641,0.028841,-0.104673,0.116641,0.028841,0.091550,-0.122070,-3.906250
4.604250,-0.193257,0.140675,-0.093980,-0.193257,0.140675,-0.093980,0.000000,-0.305180,-5.706790
4.614310,-0.191491,0.009516,0.042575,-0.191491,0.009516,0.042575,0.701900,-0.671390,-7.324220
4.624570,-0.278310,-0.019228,0.056996,-0.278310,-0.019228,0.056996,-0.213620,-0.213620,-7.781980
4.634440,-0.278310,-0.106046,-0.118505,-0.278310,-0.106046,-0.118505,0.366210,-0.396730,-7.385250
4.644510,-0.296262,-0.164710,0.069553,-0.296262,-0.164710,0.069553,0.610350,-0.793460,-6.408690
4.654580,-0.265164,-0.031784,-0.049639,-0.265164,-0.031784,-0.049639,0.549320,-0.152590,-6.011960
4.664640,-0.313626,-0.040810,-0.140675,-0.313626,-0.040810,-0.140675,0.823970,0.030520,-5.065920
4.674710,-0.309407,-0.112619,-0.001079,-0.309407,-0.112619,-0.001079,0.000000,-0.671390,-4.882810
4.684770,-0.261535,0.006475,-0.005886,-0.261535,0.006475,-0.005886,0.488280,-0.640870,-5.706790
4.694840,-0.262712,-0.051012,0.183251,-0.262712,-0.051012,0.183251,0.305180,-0.427250,-6.011960
4.704920,-0.228573,-0.071319,-0.143618,-0.228573,-0.071319,-0.143618,-0.091550,-0.183110,-6.439210
4.714990,-0.220823,-0.200615,-0.000491,-0.220823,-0.200615,-0.000491,-0.183110,-0.854490,-6.683350
4.725050,-0.172950,-0.037180,-0.045420,-0.172950,-0.037180,-0.045420,0.061040,-0.610350,-5.828860
4.735120,-0.149602,0.029234,0.018639,-0.149602,0.029234,0.018639,0.762940,-0.762940,-5.126950
4.745180,-0.180700,0.031098,-0.022072,-0.180700,0.031098,-0.022072,-0.183110,-0.183110,-5.249020
4.755250,-0.134005,0.003532,0.014421,-0.134005,0.003532,0.014421,0.396730,-0.732420,-5.279540
4.765330,-0.136457,0.009516,-0.008927,-0.136457,0.009516,-0.008927,0.152590,-0.732420,-5.065920
4.775380,-0.138812,-0.127039,0.010202,-0.138812,-0.127039,0.010202,-0.213620,-0.427250,-4.455570
4.785450,-0.289101,-0.034237,0.026389,-0.289101,-0.034237,0.026389,0.335690,-0.061040,-2.899170
4.795530,-0.131650,-0.071907,0.062294,-0.131650,-0.071907,0.062294,0.579830,-0.335690,-1.861570
4.805590,0.233576,-0.062980,-0.102907,0.233576,-0.062980,-0.102907,-0.305180,0.183110,0.885010
4.815650,0.026487,0.156175,0.097708,0.026487,0.156175,0.097708,0.976560,0.183110,2.197270
4.825740,0.103692,0.189725,-0.004709,0.103692,0.189725,-0.004709,0.885010,0.335690,2.899170
4.835780,0.173735,0.190314,-0.004120,0.173735,0.190314,-0.004120,0.122070,0.335690,2.471920
4.845850,0.131846,0.084366,-0.046598,0.131846,0.084366,-0.046598,0.213620,0.335690,2.807620
4.855920,0.024623,-0.110853,0.009614,0.024623,-0.110853,0.009614,0.274660,0.549320,3.936770
4.865980,0.043851,-0.127039,-0.104673,0.043851,-0.127039,-0.104673,0.244140,0.793460,4.730220
4.876050,0.003139,-0.211994,0.106635,0.003139,-0.211994,0.106635,0.305180,0.793460,6.286620
4.886120,0.055230,-0.284490,-0.000491,0.055230,-0.284490,-0.000491,-0.213620,0.854490,7.690430
4.896180,0.142637,-0.227592,0.007848,0.142637,-0.227592,0.007848,0.030520,1.068120,10.406490
4.906250,0.177365,-0.144992,0.005494,0.177365,-0.144992,0.005494,0.396730,0.915530,11.108400
4.916310,0.164121,-0.232399,-0.047186,0.164121,-0.232399,-0.047186,0.000000,0.915530,11.596680
4.926380,0.074360,-0.120467,0.063569,0.074360,-0.120467,0.063569,0.518800,0.823970,13.214110
4.936440,0.273110,-0.052189,-0.141264,0.273110,-0.052189,-0.141264,0.457760,1.190190,13.854980
4.946510,0.196494,0.244171,0.170105,0.196494,0.244171,0.170105,0.823970,1.037600,14.160160
4.956580,0.142049,-0.007848,-0.019718,0.142049,-0.007848,-0.019718,0.762940,1.007080,13.885500
4.966650,0.098885,-0.035414,0.051601,0.098885,-0.035414,0.051601,0.640870,1.129150,13.977050
4.976710,0.165397,0.258592,0.015598,0.165397,0.258592,0.015598,0.640870,1.129150,13.763430
4.986770,0.178542,0.349040,0.030607,0.178542,0.349040,0.030607,0.793460,0.976560,12.664790
4.996840,0.251627,0.425656,0.010889,0.251627,0.425656,0.010889,0.518800,0.640870,8.636470
5.007040,0.259965,0.442431,-0.086720,0.259965,0.442431,-0.086720,0.396730,0.244140,6.561280
5.017030,0.141460,0.355024,0.036591,0.141460,0.355024,0.036591,0.061040,0.183110,3.479000
5.027110,0.103103,0.186782,-0.031686,0.103103,0.186782,-0.031686,-0.061040,-0.213620,2.410890
5.037170,0.104280,0.114287,-0.075929,0.104280,0.114287,-0.075929,0.244140,-0.244140,1.586910
5.047420,0.192865,0.266342,-0.028645,0.192865,0.266342,-0.028645,0.091550,-0.152590,0.823970
5.057430,0.060626,0.145973,0.044341,0.060626,0.145973,0.044341,0.091550,-0.274660,-0.305180
5.067500,0.013832,0.178346,0.114483,0.013832,0.178346,0.114483,0.213620,-0.457760,-2.166750
5.077560,0.056996,0.263398,0.031196,0.056996,0.263398,0.031196,-0.244140,-0.701900,-2.990720
5.087630,0.076714,0.047775,0.034237,0.076714,0.047775,0.034237,-0.366210,-0.457760,-3.906250
5.097690,0.085739,-0.107223,-0.074164,0.085739,-0.107223,-0.074164,-0.427250,-0.732420,-4.577640
5.107870,0.041987,-0.238383,-0.059252,0.041987,-0.238383,-0.059252,0.305180,-0.579830,-5.279540
5.117850,-0.002256,-0.242601,0.135378,-0.002256,-0.242601,0.135378,-0.091550,-0.854490,-5.737300
5.127910,0.153428,-0.237206,-0.104673,0.153428,-0.237206,-0.104673,-0.305180,-0.671390,-6.164550
5.137970,0.156371,-0.145580,-0.017266,0.156371,-0.145580,-0.017266,-0.274660,-0.671390,-7.019040
5.148030,0.152742,-0.089860,-0.010693,0.152742,-0.089860,-0.010693,-0.061040,-1.037600,-8.117680
5.158110,0.270756,-0.095844,0.068964,0.270756,-0.095844,0.068964,0.335690,-1.403810,-9.552000
5.168170,0.291063,-0.137830,0.009025,0.291063,-0.137830,0.009025,0.335690,-1.495360,-10.406490
5.178240,0.304306,-0.086328,-0.014323,0.304306,-0.086328,-0.014323,0.335690,-1.525880,-11.352540
5.188600,0.199535,-0.143815,0.043164,0.199535,-0.143815,0.043164,0.152590,-1.647950,-12.115480
5.198430,0.261731,-0.121055,-0.062195,0.261731,-0.121055,-0.062195,0.213620,-1.464840,-11.993410
5.208470,0.281547,-0.143226,0.043753,0.281547,-0.143226,0.043753,0.244140,-1.464840,-11.596680
5.218540,0.171969,-0.170694,0.036591,0.171969,-0.170694,0.036591,0.335690,-1.251220,-11.444090
5.228620,0.324613,-0.258101,-0.037670,0.324613,-0.258101,-0.037670,0.152590,-1.312260,-11.047360
5.238670,0.189333,-0.067100,0.058762,0.189333,-0.067100,0.058762,0.030520,-1.342770,-11.077880
5.248740,0.323436,-0.067689,-0.090350,0.323436,-0.067689,-0.090350,0.427250,-1.464840,-10.559080
5.258850,0.288120,-0.046205,0.003041,0.288120,-0.046205,0.003041,0.183110,-1.220700,-10.223390
5.268880,0.234851,0.161571,0.051601,0.234851,0.161571,0.051601,0.579830,-1.373290,-10.131840
5.278940,0.258199,0.119682,-0.011281,0.258199,0.119682,-0.011281,0.701900,-1.251220,-9.948730
5.289000,0.212681,0.095157,0.028841,0.212681,0.095157,0.028841,0.305180,-1.434330,-10.101320
5.299070,0.328831,0.187371,-0.080736,0.328831,0.187371,-0.080736,0.244140,-1.190190,-10.925290
5.309180,0.277329,0.197475,-0.046009,0.277329,0.197475,-0.046009,0.793460,-1.342770,-11.322020
5.319220,0.112717,0.061018,0.076126,0.112717,0.061018,0.076126,0.701900,-1.434330,-11.840820
5.329280,0.115660,-0.046205,0.003630,0.115660,-0.046205,0.003630,0.640870,-1.281740,-12.573240
5.339350,0.172558,0.044243,0.031196,0.172558,0.044243,0.031196,0.488280,-1.007080,-12.420650
5.349410,0.134789,0.041791,0.083876,0.134789,0.041791,0.083876,0.274660,-0.854490,-11.932370
5.359490,0.197083,0.086720,-0.087309,0.197083,0.086720,-0.087309,0.061040,-0.732420,-11.657710
5.369560,0.121055,0.034629,0.100062,0.121055,0.034629,0.100062,0.091550,-0.671390,-11.962890
5.379760,0.176776,-0.022857,-0.015500,0.176776,-0.022857,-0.015500,-0.427250,-0.579830,-11.901860
5.389850,0.207874,-0.004905,-0.012459,0.207874,-0.004905,-0.012459,-0.274660,-0.549320,-11.932370
5.399810,0.173735,0.114875,-0.020895,0.173735,0.114875,-0.020895,0.030520,0.122070,-11.016850
5.409870,0.056407,0.087309,0.025212,0.056407,0.087309,0.025212,0.335690,-0.244140,-10.467530
5.419940,0.185115,0.093293,-0.057977,0.185115,0.093293,-0.057977,0.640870,-0.396730,-8.941650
5.430030,0.148622,0.155587,-0.068180,0.148622,0.155587,-0.068180,0.305180,-0.152590,-9.002690
5.440070,-0.041202,0.139989,0.079069,-0.041202,0.139989,0.079069,0.213620,0.061040,-8.239750
5.450140,0.040221,0.057389,-0.078382,0.040221,0.057389,-0.078382,0.549320,0.274660,-7.934570
5.460200,0.070142,0.077793,-0.108302,0.070142,0.077793,-0.108302,0.122070,0.152590,-7.659910
5.470270,-0.036395,0.125078,-0.022661,-0.036395,0.125078,-0.022661,0.305180,0.213620,-6.530760
5.480340,-0.135770,-0.077891,-0.023250,-0.135770,-0.077891,-0.023250,-0.061040,0.427250,-5.859380
5.490400,-0.248389,-0.133024,0.040810,-0.248389,-0.133024,0.040810,-0.061040,0.396730,-3.509520
5.500470,-0.002256,-0.078480,-0.107125,-0.002256,-0.078480,-0.107125,0.274660,0.305180,-1.800540
5.510530,0.097708,0.019130,-0.044243,0.097708,0.019130,-0.044243,0.000000,0.396730,-1.220700
5.520600,0.059939,0.118505,-0.017266,0.059939,0.118505,-0.017266,-0.305180,0.122070,-2.197270
5.530670,-0.270560,-0.041398,0.050325,-0.270560,-0.041398,0.050325,-0.213620,-0.061040,-2.746580
5.540730,0.070730,-0.138419,0.016873,0.070730,-0.138419,0.016873,-0.152590,0.000000,0.793460
5.550800,-0.024427,-0.011478,-0.037670,-0.024427,-0.011478,-0.037670,0.213620,0.061040,0.549320
5.560860,0.068964,0.061018,-0.090350,0.068964,0.061018,-0.090350,-0.366210,-0.213620,-2.899170
5.570930,-0.119093,-0.014421,0.121055,-0.119093,-0.014421,0.121055,-0.091550,-0.610350,-3.173830
5.581000,-0.046598,-0.006671,-0.064550,-0.046598,-0.006671,-0.064550,-0.244140,-0.335690,-4.211430
5.591060,-0.068180,-0.183251,-0.096334,-0.068180,-0.183251,-0.096334,-0.061040,-0.305180,-5.432130
5.601150,-0.117230,-0.213858,-0.057389,-0.117230,-0.213858,-0.057389,0.000000,-0.335690,-6.073000
5.611190,-0.076518,-0.132435,0.005494,-0.076518,-0.132435,0.005494,-0.305180,-0.701900,-6.103520
5.621260,-0.034629,-0.126451,-0.058566,-0.034629,-0.126451,-0.058566,-0.274660,-0.640870,-5.676270
5.631330,-0.099866,-0.265360,-0.158628,-0.099866,-0.265360,-0.158628,-0.427250,-0.793460,-7.202150
5.641390,-0.077695,-0.320395,0.053955,-0.077695,-0.320395,0.053955,-0.671390,-1.068120,-5.340580
5.651460,0.073771,-0.065335,0.046205,0.073771,-0.065335,0.046205,-0.091550,-0.701900,-5.279540
5.661520,0.015696,0.044832,0.015598,0.015696,0.044832,0.015598,0.518800,-0.732420,-4.516600
5.671590,-0.020895,-0.140773,-0.006475,-0.020895,-0.140773,-0.006475,0.030520,-0.640870,-5.004880
5.681660,-0.075929,-0.112619,-0.040025,-0.075929,-0.112619,-0.040025,0.030520,-0.885010,-5.371090
5.691720,0.009712,-0.123410,0.004218,0.009712,-0.123410,0.004218,0.030520,-0.885010,-6.652830
5.701790,-0.048952,0.082502,0.040221,-0.048952,0.082502,0.040221,0.152590,-1.098630,-9.521480
5.711860,-0.042379,0.036493,0.044341,-0.042379,0.036493,0.044341,0.335690,-1.007080,-8.697510
5.721920,-0.049541,-0.124587,0.102416,-0.049541,-0.124587,0.102416,0.640870,-1.068120,-8.178710
5.731990,0.056996,-0.044341,0.018639,0.056996,-0.044341,0.018639,0.427250,-0.885010,-8.514400
5.742060,-0.060332,-0.022269,-0.004120,-0.060332,-0.022269,-0.004120,0.305180,-0.976560,-9.033200
5.752120,-0.038259,-0.059351,-0.058566,-0.038259,-0.059351,-0.058566,0.183110,-1.037600,-8.483890
5.762190,-0.411235,-0.397011,-0.010104,-0.411235,-0.397011,-0.010104,0.396730,-1.220700,-5.981450
5.772250,0.073771,0.020895,-0.006475,0.073771,0.020895,-0.006475,-0.030520,-0.732420,-4.699710
5.782320,0.062980,0.102907,-0.021484,0.062980,0.102907,-0.021484,0.122070,-1.037600,-7.171630
5.792390,0.078578,0.037670,-0.037670,0.078578,0.037670,-0.037670,-0.244140,-1.251220,-9.246830
5.802460,0.004316,0.014911,-0.031686,0.004316,0.014911,-0.031686,0.061040,-1.312260,-8.728030
5.812520,0.083287,0.095157,-0.068180,0.083287,0.095157,-0.068180,0.152590,-1.190190,-7.904050
5.822590,-0.039436,-0.033648,0.026389,-0.039436,-0.033648,0.026389,0.366210,-1.190190,-7.476810
5.832650,0.006671,-0.052778,-0.040025,0.006671,-0.052778,-0.040025,0.274660,-1.037600,-6.652830
5.842720,-0.014224,-0.011478,-0.022661,-0.014224,-0.011478,-0.022661,0.152590,-0.976560,-5.554200
5.852790,0.099473,0.132827,-0.080736,0.099473,0.132827,-0.080736,0.152590,-0.854490,-4.943850
5.862850,0.016873,0.128021,0.011478,0.016873,0.128021,0.011478,-0.244140,-0.854490,-4.913330
5.872920,0.034826,0.172950,0.034826,0.034826,0.172950,0.034826,-0.061040,-0.793460,-4.302980
5.882980,0.065335,0.043654,-0.017266,0.065335,0.043654,-0.017266,-0.366210,-0.640870,-3.997800
5.893050,0.056407,0.025702,-0.102318,0.056407,0.025702,-0.102318,-0.244140,-0.671390,-3.662110
5.903120,0.019228,0.084955,0.032962,0.019228,0.084955,0.032962,0.335690,-0.610350,-2.929690
5.913180,-0.017854,-0.100062,0.026978,-0.017854,-0.100062,0.026978,0.335690,-0.610350,-2.593990
5.923250,0.022857,0.013734,0.116837,0.022857,0.013734,0.116837,1.007080,-0.793460,-2.960210
5.933330,0.163533,0.075341,-0.067591,0.163533,0.075341,-0.067591,0.854490,-0.549320,-3.601070
5.943380,0.136065,-0.097708,-0.041202,0.136065,-0.097708,-0.041202,0.579830,-0.610350,-4.638670
5.953480,0.212092,0.158628,-0.005886,0.212092,0.158628,-0.005886,0.335690,-0.579830,-5.218510
5.963520,0.234263,-0.043753,-0.052582,0.234263,-0.043753,-0.052582,0.061040,-0.732420,-5.187990
5.973590,0.283901,0.047775,-0.062784,0.283901,0.047775,-0.062784,0.091550,-0.640870,-4.852290
5.983650,0.235440,0.254962,0.039632,0.235440,0.254962,0.039632,0.274660,-0.793460,-4.180910
5.993740,0.196494,0.242405,0.015598,0.196494,0.242405,0.015598,0.518800,-0.701900,-3.662110
6.003790,0.182760,0.134593,-0.048461,0.182760,0.134593,-0.048461,0.213620,-0.366210,-3.448490
6.013860,0.156371,0.120859,-0.048461,0.156371,0.120859,-0.048461,0.122070,-0.183110,-2.838130
6.023920,0.049246,0.004709,0.001275,0.049246,0.004709,0.001275,0.335690,-0.274660,-2.532960
6.034040,0.093489,0.035218,0.006082,0.093489,0.035218,0.006082,0.244140,0.000000,-0.488280
6.044150,0.183349,0.186782,-0.008927,0.183349,0.186782,-0.008927,0.457760,-0.061040,0.488280
6.054190,0.110853,0.187960,0.054544,0.110853,0.187960,0.054544,0.366210,0.305180,3.051760
6.064200,0.191099,0.232791,0.032373,0.191099,0.232791,0.032373,0.274660,0.457760,2.899170
6.074270,0.216899,0.228671,0.082698,0.216899,0.228671,0.082698,0.335690,0.213620,2.929690
6.084330,0.221608,0.207089,-0.065237,0.221608,0.207089,-0.065237,0.122070,0.061040,1.678470
6.094400,0.090546,0.153232,0.036591,0.090546,0.153232,0.036591,0.000000,-0.091550,1.373290
6.104660,0.072594,0.087309,-0.004709,0.072594,0.087309,-0.004709,0.061040,-0.122070,0.122070
6.114580,0.253392,0.108302,-0.026879,0.253392,0.108302,-0.026879,0.396730,-0.061040,0.396730
6.124610,0.025212,0.004120,-0.004120,0.025212,0.004120,-0.004120,0.305180,-0.274660,0.000000
6.134670,0.180308,0.080148,-0.046009,0.180308,0.080148,-0.046009,0.518800,-0.335690,-0.274660
6.144740,0.063569,0.065138,0.015598,0.063569,0.065138,0.015598,0.305180,-0.305180,-1.098630
6.154800,0.162355,-0.009614,-0.089762,0.162355,-0.009614,-0.089762,0.671390,-0.335690,-2.014160
6.164870,0.103692,0.038259,-0.005297,0.103692,0.038259,-0.005297,0.183110,-0.152590,-3.356930
6.174940,0.049246,-0.015009,0.047382,0.049246,-0.015009,0.047382,0.518800,-0.762940,-4.608150
6.185110,0.043851,-0.076126,-0.001079,0.043851,-0.076126,-0.001079,0.488280,-0.701900,-4.364010
6.195220,0.191687,-0.091135,-0.023250,0.191687,-0.091135,-0.023250,0.335690,-0.518800,-4.394530
6.205180,0.053366,-0.271345,-0.008927,0.053366,-0.271345,-0.008927,0.396730,-0.549320,-3.631590
6.215240,0.027664,-0.163533,0.019228,0.027664,-0.163533,0.019228,0.518800,-0.396730,-2.899170
6.225330,0.182172,0.035218,0.018050,0.182172,0.035218,0.018050,0.488280,-0.305180,-2.838130
6.235380,0.168928,0.016088,0.006671,0.168928,0.016088,0.006671,0.000000,-0.244140,-3.387450
6.245440,-0.080148,-0.044341,0.018050,-0.080148,-0.044341,0.018050,-0.518800,-0.183110,-5.859380
6.255510,-0.102318,-0.061705,-0.047186,-0.102318,-0.061705,-0.047186,-0.366210,-0.030520,-5.950930
6.265570,-0.002845,-0.143226,0.048560,-0.002845,-0.143226,0.048560,-0.274660,0.030520,-5.889890
6.275640,-0.013636,0.103496,0.017462,-0.013636,0.103496,0.017462,0.274660,0.000000,-5.493160
6.285710,-0.138812,0.013047,0.036003,-0.138812,0.013047,0.036003,-0.091550,-0.030520,-3.967290
6.295770,-0.130375,-0.115660,0.052189,-0.130375,-0.115660,0.052189,0.610350,-0.396730,-3.723140
6.305890,-0.158530,-0.003041,0.061705,-0.158530,-0.003041,0.061705,0.122070,-0.396730,-4.119870
6.315910,-0.199241,-0.019816,0.111442,-0.199241,-0.019816,0.111442,0.122070,-0.396730,-4.150390
6.325980,-0.023838,0.077793,-0.013145,-0.023838,0.077793,-0.013145,0.457760,-0.244140,-4.028320
6.336050,0.026487,0.041202,-0.054446,0.026487,0.041202,-0.054446,0.152590,-0.213620,-3.112790
6.346110,0.003139,0.063961,-0.003532,0.003139,0.063961,-0.003532,0.640870,-0.274660,-3.753660
6.356200,0.165397,0.101141,-0.029234,0.165397,0.101141,-0.029234,0.274660,-0.213620,-3.967290
6.366270,-0.036984,0.128021,-0.028645,-0.036984,0.128021,-0.028645,0.183110,-0.030520,-4.730220
6.376310,0.076714,-0.046794,-0.102318,0.076714,-0.046794,-0.102318,0.183110,0.061040,-4.943850
6.386380,0.143815,0.047775,-0.021484,0.143815,0.047775,-0.021484,0.640870,-0.427250,-6.042480
6.396440,0.056996,0.115464,0.048560,0.056996,0.115464,0.048560,0.732420,-0.274660,-6.225590
6.406510,0.055230,0.039436,0.037769,0.055230,0.039436,0.037769,0.335690,-0.610350,-6.683350
6.416570,0.100651,0.139400,0.021582,0.100651,0.139400,0.021582,0.549320,-0.671390,-6.439210
6.426750,0.121644,0.000491,-0.028645,0.121644,0.000491,-0.028645,0.335690,-0.915530,-6.317140
6.436860,0.107910,0.008927,-0.034629,0.107910,0.008927,-0.034629,0.366210,-0.640870,-6.744380
6.446820,0.061803,-0.176090,0.030607,0.061803,-0.176090,0.030607,0.335690,-0.732420,-6.744380
6.456870,0.051601,-0.099473,0.033648,0.051601,-0.099473,0.033648,0.061040,-0.762940,-7.415770
6.466940,0.043262,-0.051012,0.047382,0.043262,-0.051012,0.047382,0.244140,-0.701900,-6.561280
6.477010,0.046794,0.002943,0.049148,0.046794,0.002943,0.049148,0.183110,-0.671390,-5.645750
6.487070,-0.198653,-0.225826,0.131160,-0.198653,-0.225826,0.131160,0.335690,-0.610350,-5.859380
6.497150,-0.150191,-0.083876,0.015009,-0.150191,-0.083876,0.015009,0.671390,-0.457760,-4.699710
6.507210,-0.169909,0.086132,-0.111344,-0.169909,0.086132,-0.111344,0.000000,-0.793460,-3.875730
6.517270,-0.203459,-0.003630,0.112619,-0.203459,-0.003630,0.112619,0.335690,-0.640870,-3.845210
6.527330,-0.129198,0.188548,-0.107125,-0.129198,0.188548,-0.107125,0.091550,-0.152590,-4.547120
6.537400,0.033060,0.089173,-0.034041,0.033060,0.089173,-0.034041,0.122070,-0.183110,-3.601070
6.547470,-0.010104,0.128609,-0.020895,-0.010104,0.128609,-0.020895,0.274660,0.061040,-3.631590
6.557550,0.083287,0.134005,0.054544,0.083287,0.134005,0.054544,0.213620,-0.213620,-3.723140
6.567610,0.135378,0.053170,-0.086132,0.135378,0.053170,-0.086132,0.000000,-0.305180,-3.692630
6.577670,0.127039,0.083189,-0.047873,0.127039,0.083189,-0.047873,-0.091550,-0.396730,-4.943850
6.587740,0.167162,0.183153,-0.051404,0.167162,0.183153,-0.051404,0.305180,-0.518800,-5.889890
6.597800,0.099473,0.214839,0.014421,0.099473,0.214839,0.014421,0.183110,-0.701900,-6.103520
6.607870,0.131846,0.147248,0.051601,0.131846,0.147248,0.051601,0.396730,-0.518800,-6.011960
6.617940,0.198849,0.016088,-0.067002,0.198849,0.016088,-0.067002,0.183110,-0.488280,-5.157470
6.628020,0.004316,-0.042575,0.047382,0.004316,-0.042575,0.047382,0.549320,-0.732420,-5.340580
6.638070,0.095942,-0.186881,0.013244,0.095942,-0.186881,0.013244,0.457760,-0.305180,-4.943850
6.648130,0.028841,-0.065923,-0.030509,0.028841,-0.065923,-0.030509,0.305180,-0.244140,-4.638670
6.658200,-0.041791,-0.103692,0.046794,-0.041791,-0.103692,0.046794,0.030520,-0.396730,-4.425050
6.668260,0.166574,-0.077303,-0.015500,0.166574,-0.077303,-0.015500,0.183110,-0.213620,-2.716060
6.678330,0.062392,-0.001275,-0.044243,0.062392,-0.001275,-0.044243,0.610350,-0.244140,-2.929690
6.688400,0.113894,0.079559,0.034826,0.113894,0.079559,0.034826,0.701900,-0.457760,-2.105710
6.698460,0.114483,0.088584,-0.052582,0.114483,0.088584,-0.052582,1.007080,-0.457760,-1.831050
6.708530,-0.046598,-0.039044,-0.063373,-0.046598,-0.039044,-0.063373,0.274660,-0.427250,-2.166750
6.718600,-0.177757,-0.052189,0.059351,-0.177757,-0.052189,0.059351,0.732420,-0.793460,-3.082280
6.728660,-0.069357,-0.133024,0.008437,-0.069357,-0.133024,0.008437,0.640870,-0.885010,-3.509520
6.738730,0.107321,0.105948,-0.017266,0.107321,0.105948,-0.017266,-0.091550,-0.427250,-1.800540
6.748790,-0.025016,0.144207,-0.035807,-0.025016,0.144207,-0.035807,-0.183110,-0.366210,-1.403810
6.758860,-0.194532,-0.020993,0.086917,-0.194532,-0.020993,0.086917,0.183110,-0.427250,-1.525880
6.768930,-0.345410,-0.052189,0.097119,-0.345410,-0.052189,0.097119,-0.335690,-0.274660,-1.464840
6.778990,-0.559759,0.112521,0.014421,-0.559759,0.112521,0.014421,0.274660,-0.335690,-3.021240
6.789060,-0.123214,0.171773,-0.108891,-0.123214,0.171773,-0.108891,-0.305180,-0.091550,-2.899170
6.799130,-0.269284,-0.028253,0.007848,-0.269284,-0.028253,0.007848,0.030520,-0.335690,-3.173830
6.809200,-0.238187,-0.243779,0.038357,-0.238187,-0.243779,0.038357,0.061040,-0.457760,-3.753660
6.819260,-0.335208,-0.021680,0.075537,-0.335208,-0.021680,0.075537,0.061040,-0.579830,-4.669190
6.829340,-0.259769,-0.030607,0.083876,-0.259769,-0.030607,0.083876,-0.122070,-0.549320,-5.371090
6.839390,-0.172362,0.028645,-0.053857,-0.172362,0.028645,-0.053857,0.213620,-0.793460,-7.904050
6.849460,-0.114287,0.335796,-0.071809,-0.114287,0.335796,-0.071809,-0.244140,-1.129150,-10.070800
6.859540,-0.143030,0.245446,-0.098100,-0.143030,0.245446,-0.098100,0.030520,-1.312260,-12.329100
6.869600,-0.168732,0.360419,0.025212,-0.168732,0.360419,0.025212,0.183110,-1.190190,-12.969970
6.879670,-0.244171,-0.158726,-0.004709,-0.244171,-0.158726,-0.004709,0.152590,-1.159670,-13.183590
6.889740,-0.554952,-0.008437,0.035414,-0.554952,-0.008437,0.035414,-0.213620,-1.373290,-14.862060
6.899800,-0.484908,0.049050,-0.011870,-0.484908,0.049050,-0.011870,-0.061040,-1.251220,-15.380860
6.909870,-0.475295,0.134593,-0.017266,-0.475295,0.134593,-0.017266,-0.183110,-1.220700,-15.686040
6.919930,-0.311271,-0.115071,0.001864,-0.311271,-0.115071,0.001864,-0.030520,-1.251220,-15.197750
6.930010,-0.480101,0.005297,-0.049050,-0.480101,0.005297,-0.049050,-0.244140,-1.373290,-16.143800
6.940070,-0.316078,-0.004905,-0.110657,-0.316078,-0.004905,-0.110657,-0.518800,-1.129150,-14.617920
6.950130,-0.669336,0.196887,0.031196,-0.669336,0.196887,0.031196,-0.091550,-0.946040,-11.718750
6.960200,-0.504038,0.079559,-0.028057,-0.504038,0.079559,-0.028057,-0.213620,-0.671390,-10.162350
6.970270,-0.398678,0.094568,-0.028645,-0.398678,0.094568,-0.028645,-0.335690,-0.213620,-6.805420
6.980340,-0.390242,0.090350,-0.055623,-0.390242,0.090350,-0.055623,-0.335690,-0.030520,-3.967290
6.990400,-0.363951,-0.117426,-0.051404,-0.363951,-0.117426,-0.051404,0.152590,0.091550,-2.502440
7.000470,-0.280075,-0.052778,-0.039436,-0.280075,-0.052778,-0.039436,0.061040,0.183110,2.197270
7.010530,-0.313626,-0.125862,-0.067002,-0.313626,-0.125862,-0.067002,-0.183110,0.488280,2.990720
7.020590,0.059939,0.073575,-0.063961,0.059939,0.073575,-0.063961,0.213620,0.671390,6.439210
7.030730,-0.005297,-0.180308,-0.064550,-0.005297,-0.180308,-0.064550,0.030520,0.885010,7.690430
7.040740,-0.416631,-0.019816,0.031196,-0.416631,-0.019816,0.031196,-0.091550,0.854490,7.934570
7.050820,0.131846,-0.243779,-0.055034,0.131846,-0.243779,-0.055034,-0.152590,0.793460,9.002690
7.060870,-0.159118,0.081325,0.052189,-0.159118,0.081325,0.052189,0.274660,0.732420,8.697510
7.072120,-0.161571,0.207678,-0.011281,-0.161571,0.207678,-0.011281,0.549320,0.823970,9.124760
7.084290,-0.048363,-0.150387,0.052189,-0.048363,-0.150387,0.052189,0.213620,1.007080,10.620120
7.094380,0.089958,0.000491,-0.066414,0.089958,0.000491,-0.066414,0.244140,1.251220,13.580320
7.104770,0.112030,-0.017462,-0.008339,0.112030,-0.017462,-0.008339,0.549320,1.525880,16.021730
7.114810,-0.113698,0.080736,0.006082,-0.113698,0.080736,0.006082,0.701900,1.525880,15.716550
7.124710,-0.233380,0.001766,0.021582,-0.233380,0.001766,0.021582,0.579830,1.403810,13.488770
7.134840,-0.321376,-0.091724,0.030019,-0.321376,-0.091724,0.030019,0.518800,1.251220,12.084960
7.144910,-0.109480,0.076518,0.018639,-0.109480,0.076518,0.018639,0.213620,0.976560,11.657710
7.155220,-0.159805,0.137634,0.069553,-0.159805,0.137634,0.069553,0.335690,0.946040,11.413570
7.165110,-0.403485,-0.237206,-0.009516,-0.403485,-0.237206,-0.009516,0.396730,0.366210,7.598880
7.175060,-0.338151,-0.038357,-0.074752,-0.338151,-0.038357,-0.074752,-0.457760,0.549320,5.249020
7.184920,-0.138812,-0.077303,-0.053857,-0.138812,-0.077303,-0.053857,-0.091550,0.305180,4.638670
7.195050,-0.347176,0.048461,0.001864,-0.347176,0.048461,0.001864,0.030520,0.183110,3.265380
7.205000,-0.135770,-0.101239,0.005494,-0.135770,-0.101239,0.005494,0.122070,0.091550,1.068120
7.215080,-0.214839,-0.020405,-0.027468,-0.214839,-0.020405,-0.027468,-0.213620,-0.305180,-0.488280
7.225200,-0.313037,-0.028253,0.006671,-0.313037,-0.028253,0.006671,-0.030520,-0.427250,-2.746580
7.235300,-0.216016,0.154998,0.020993,-0.216016,0.154998,0.020993,0.091550,-0.488280,-2.227780
7.245360,-0.182466,0.149014,-0.008339,-0.182466,0.149014,-0.008339,0.030520,-0.305180,-1.525880
7.255440,-0.414276,0.073575,-0.041889,-0.414276,0.073575,-0.041889,0.030520,-0.244140,-1.251220
7.265540,-0.095648,-0.091724,0.001275,-0.095648,-0.091724,0.001275,0.152590,-0.244140,-0.823970
7.275990,-0.160393,0.040613,-0.025702,-0.160393,0.040613,-0.025702,0.335690,-0.213620,-0.305180
7.286410,-0.244760,-0.030019,-0.032864,-0.244760,-0.030019,-0.032864,0.122070,-0.152590,-0.244140
7.296520,-0.144796,0.033452,-0.010104,-0.144796,0.033452,-0.010104,0.366210,-0.122070,0.549320
7.306610,-0.086132,0.168732,-0.053170,-0.086132,0.168732,-0.053170,0.122070,-0.122070,0.579830
7.316700,-0.548968,0.123312,-0.044832,-0.548968,0.123312,-0.044832,0.305180,-0.335690,-0.610350
7.326810,-0.114287,0.163337,-0.001079,-0.114287,0.163337,-0.001079,0.183110,-0.640870,-4.547120
7.336900,-0.211896,0.213662,-0.102907,-0.211896,0.213662,-0.102907,0.091550,-0.549320,-5.249020
7.347080,-0.102907,0.144207,-0.019718,-0.102907,0.144207,-0.019718,0.518800,-0.396730,-4.119870
7.357120,-0.316078,0.148425,0.006082,-0.316078,0.148425,0.006082,0.457760,-0.427250,-3.570560
7.367210,-0.249566,0.076518,-0.006475,-0.249566,0.076518,-0.006475,0.701900,-0.457760,-2.319340
7.377180,-0.099277,0.120859,-0.054446,-0.099277,0.120859,-0.054446,0.488280,-0.091550,-0.122070
7.386890,-0.360910,-0.036591,0.026389,-0.360910,-0.036591,0.026389,0.701900,-0.274660,0.701900
7.397020,-0.198653,0.138812,-0.004709,-0.198653,0.138812,-0.004709,0.091550,-0.122070,2.044680
7.407080,-0.074752,0.029822,-0.023250,-0.074752,0.029822,-0.023250,0.579830,0.000000,3.753660
7.417190,-0.211209,0.101730,-0.014911,-0.211209,0.101730,-0.014911,0.122070,0.244140,5.096440
7.427280,-0.333442,-0.060528,0.024035,-0.333442,-0.060528,0.024035,0.518800,0.274660,5.920410
7.437350,-0.233380,-0.298813,0.088682,-0.233380,-0.298813,0.088682,0.579830,0.396730,7.141110
7.447430,-0.044832,0.046009,0.052189,-0.044832,0.046009,0.052189,0.579830,0.396730,8.117680
7.457540,-0.138223,0.131062,-0.016677,-0.138223,0.131062,-0.016677,0.366210,0.305180,7.141110
7.467750,-0.245348,0.059841,-0.014911,-0.245348,0.059841,-0.014911,0.000000,0.488280,6.134030
7.478260,-0.193846,0.031686,-0.043654,-0.193846,0.031686,-0.043654,-0.061040,0.549320,5.706790
7.488420,-0.278310,-0.004316,-0.013734,-0.278310,-0.004316,-0.013734,0.030520,0.305180,4.516600
7.498500,-0.084955,0.085543,-0.050227,-0.084955,0.085543,-0.050227,-0.244140,0.366210,4.425050
7.508600,-0.097511,0.019718,-0.062195,-0.097511,0.019718,-0.062195,-0.030520,0.396730,4.180910
7.518700,-0.413001,-0.031196,0.003630,-0.413001,-0.031196,0.003630,-0.183110,0.335690,4.425050
7.528790,-0.207089,-0.022857,-0.068180,-0.207089,-0.022857,-0.068180,-0.244140,0.427250,5.218510
7.538890,-0.218469,0.220235,-0.041202,-0.218469,0.220235,-0.041202,-0.183110,0.579830,5.340580
7.548980,-0.156175,0.110068,-0.074752,-0.156175,0.110068,-0.074752,-0.061040,0.396730,5.249020
7.559080,-0.154409,0.072986,-0.027468,-0.154409,0.072986,-0.027468,0.305180,0.244140,4.699710
7.569220,-0.050816,0.162748,-0.015500,-0.050816,0.162748,-0.015500,-0.030520,0.366210,4.364010
7.579120,-0.002845,0.063961,0.012655,-0.002845,0.063961,0.012655,-0.091550,0.488280,4.364010
7.588860,-0.096923,-0.019228,-0.040613,-0.096923,-0.019228,-0.040613,0.152590,0.396730,4.089360
7.598950,-0.151957,-0.041398,-0.023838,-0.151957,-0.041398,-0.023838,0.061040,0.335690,3.997800
7.609040,-0.184330,0.101141,0.030607,-0.184330,0.101141,0.030607,0.213620,0.244140,3.906250
7.619130,-0.102907,0.027468,-0.081325,-0.102907,0.027468,-0.081325,0.335690,0.457760,4.364010
7.629250,-0.247801,-0.020993,0.034237,-0.247801,-0.020993,0.034237,0.000000,0.427250,2.929690
7.639310,-0.253785,-0.066512,0.016285,-0.253785,-0.066512,0.016285,0.152590,0.274660,2.288820
7.649400,-0.089663,0.014911,0.045616,-0.089663,0.014911,0.045616,0.030520,0.366210,3.265380
7.659490,-0.081325,-0.018639,0.015009,-0.081325,-0.018639,0.015009,-0.244140,0.305180,2.807620
7.669580,-0.026879,-0.085739,-0.004709,-0.026879,-0.085739,-0.004709,-0.091550,0.427250,3.509520
7.680030,-0.063373,0.010693,-0.046009,-0.063373,0.010693,-0.046009,-0.091550,0.366210,3.021240
7.690430,-0.146561,-0.144403,0.014421,-0.146561,-0.144403,0.014421,0.213620,0.244140,2.502440
7.700530,-0.425656,-0.047382,-0.007161,-0.425656,-0.047382,-0.007161,0.091550,0.213620,1.739500
7.710640,-0.460972,-0.035414,0.038357,-0.460972,-0.035414,0.038357,0.213620,0.213620,1.831050
7.720720,-0.498642,-0.040221,0.014421,-0.498642,-0.040221,0.014421,0.335690,0.213620,2.197270
7.730820,-0.595075,-0.080344,-0.026291,-0.595075,-0.080344,-0.026291,0.305180,0.183110,2.380370
7.740920,-0.607631,-0.066512,-0.007750,-0.607631,-0.066512,-0.007750,0.488280,0.183110,2.563480
7.751010,-0.494424,0.070534,0.001864,-0.494424,0.070534,0.001864,0.701900,0.091550,2.197270
7.761230,-0.698668,-0.082698,0.017462,-0.698668,-0.082698,0.017462,0.427250,0.030520,1.342770
7.771240,-0.605866,-0.040810,-0.006475,-0.605866,-0.040810,-0.006475,0.549320,0.000000,1.403810
7.781190,-0.780091,-0.170105,0.006082,-0.780091,-0.170105,0.006082,0.549320,0.000000,0.671390
7.790910,-0.749582,-0.137144,0.010889,-0.749582,-0.137144,0.010889,0.610350,-0.122070,-0.457760
7.801000,-0.479513,-0.091724,0.012655,-0.479513,-0.091724,0.012655,0.518800,-0.152590,-0.762940
7.811090,-0.386122,-0.053955,0.015598,-0.386122,-0.053955,0.015598,0.457760,-0.183110,-0.854490
7.821210,-0.369347,-0.063569,0.010889,-0.369347,-0.063569,0.010889,0.274660,-0.152590,-0.823970
7.831290,-0.347176,-0.057585,0.006082,-0.347176,-0.057585,0.006082,0.213620,-0.152590,-0.701900
7.841360,-0.208266,-0.007259,-0.005297,-0.208266,-0.007259,-0.005297,0.091550,-0.091550,-0.518800
7.851450,-0.153134,0.004120,-0.002354,-0.153134,0.004120,-0.002354,0.091550,-0.091550,-0.457760
7.861540,-0.112423,0.019130,-0.005297,-0.112423,0.019130,-0.005297,0.030520,-0.091550,-0.396730
7.871630,-0.033452,0.049050,0.001864,-0.033452,0.049050,0.001864,0.030520,-0.061040,-0.396730
7.882080,-0.013636,0.055034,-0.006475,-0.013636,0.055034,-0.006475,0.030520,-0.061040,-0.396730
7.892490,0.013244,0.071221,-0.005886,0.013244,0.071221,-0.005886,0.091550,-0.091550,-0.366210
7.902590,0.027076,0.065825,-0.006475,0.027076,0.065825,-0.006475,0.152590,-0.091550,-0.366210
7.912690,0.036591,0.065138,-0.007750,0.036591,0.065138,-0.007750,0.274660,-0.122070,-0.366210
7.922780,0.037867,0.059841,-0.012459,0.037867,0.059841,-0.012459,0.274660,-0.122070,-0.396730
7.932880,0.049246,0.063961,-0.014911,0.049246,0.063961,-0.014911,0.274660,-0.152590,-0.671390
7.942980,0.038455,0.071809,-0.015500,0.038455,0.071809,-0.015500,0.335690,-0.213620,-0.915530
7.953080,0.033648,0.072986,-0.009516,0.033648,0.072986,-0.009516,0.244140,-0.183110,-1.037600
7.963180,0.040810,0.075929,0.000687,0.040810,0.075929,0.000687,0.244140,-0.152590,-1.007080
7.973280,0.040810,0.071221,-0.001766,0.040810,0.071221,-0.001766,0.152590,-0.152590,-0.976560
7.983400,0.040221,0.071221,-0.006475,0.040221,0.071221,-0.006475,0.061040,-0.091550,-0.762940
7.993500,0.042575,0.072398,-0.007161,0.042575,0.072398,-0.007161,0.000000,-0.061040,-0.640870
8.003590,0.040221,0.066414,-0.003532,0.040221,0.066414,-0.003532,-0.030520,-0.030520,-0.549320
8.013690,0.041987,0.063373,-0.004120,0.041987,0.063373,-0.004120,-0.061040,0.000000,-0.488280
8.023780,0.047382,0.065138,-0.003532,0.047382,0.065138,-0.003532,-0.091550,0.000000,-0.396730
8.033890,0.051012,0.067591,-0.004120,0.051012,0.067591,-0.004120,-0.091550,0.030520,-0.366210
8.043970,0.048560,0.073575,-0.010693,0.048560,0.073575,-0.010693,-0.091550,0.000000,-0.366210
8.054220,0.045028,0.071221,-0.002354,0.045028,0.071221,-0.002354,-0.061040,0.030520,-0.335690
8.064310,0.044439,0.073575,-0.002354,0.044439,0.073575,-0.002354,-0.061040,0.030520,-0.335690
8.074280,0.048560,0.071809,-0.003532,0.048560,0.071809,-0.003532,-0.030520,-0.030520,-0.305180
8.084240,0.051012,0.071221,-0.007750,0.051012,0.071221,-0.007750,0.030520,-0.030520,-0.305180
8.093970,0.049835,0.065825,-0.008339,0.049835,0.065825,-0.008339,0.061040,-0.030520,-0.335690
8.104070,0.051012,0.063373,0.002453,0.051012,0.063373,0.002453,0.030520,-0.030520,-0.335690
8.114270,0.048560,0.061018,0.007848,0.048560,0.061018,0.007848,0.061040,-0.030520,-0.305180
8.124250,0.043262,0.059154,0.003630,0.043262,0.059154,0.003630,0.061040,0.000000,-0.305180
8.134340,0.043262,0.062195,-0.001079,0.043262,0.062195,-0.001079,0.061040,0.000000,-0.274660
8.144430,0.047971,0.069945,-0.001079,0.047971,0.069945,-0.001079,0.030520,0.030520,-0.274660
8.154520,0.049835,0.071221,0.003630,0.049835,0.071221,0.003630,0.030520,0.030520,-0.274660
8.164610,0.051012,0.075929,0.001275,0.051012,0.075929,0.001275,0.030520,0.000000,-0.366210
8.174820,0.049835,0.076518,-0.005886,0.049835,0.076518,-0.005886,0.061040,-0.030520,-0.366210
8.185380,0.051601,0.078382,-0.004709,0.051601,0.078382,-0.004709,0.091550,-0.030520,-0.335690
8.195770,0.052189,0.076518,0.006671,0.052189,0.076518,0.006671,0.091550,-0.030520,-0.366210
8.205730,0.047971,0.068180,0.009614,0.047971,0.068180,0.009614,0.091550,-0.030520,-0.335690
8.215810,0.042575,0.056211,-0.007750,0.042575,0.056211,-0.007750,0.061040,-0.061040,-0.366210
8.226800,0.036003,0.048461,-0.013734,0.036003,0.048461,-0.013734,0.061040,-0.030520,-0.335690
8.237430,0.046794,0.057389,-0.009516,0.046794,0.057389,-0.009516,0.091550,-0.030520,-0.335690
8.246440,0.047382,0.057977,-0.005297,0.047382,0.057977,-0.005297,0.091550,0.000000,-0.305180
8.256500,0.046205,0.066414,-0.002354,0.046205,0.066414,-0.002354,0.000000,0.000000,-0.335690
8.266610,0.044439,0.072986,-0.013145,0.044439,0.072986,-0.013145,-0.030520,0.000000,-0.335690
8.276710,0.045028,0.071809,-0.010104,0.045028,0.071809,-0.010104,-0.061040,0.000000,-0.305180
8.286370,0.050423,0.067002,-0.002943,0.050423,0.067002,-0.002943,-0.061040,0.030520,-0.274660
8.295800,0.044439,0.060430,-0.008927,0.044439,0.060430,-0.008927,-0.091550,0.000000,-0.305180
8.305890,0.037867,0.059154,-0.010693,0.037867,0.059154,-0.010693,-0.061040,0.030520,-0.335690
8.316130,0.044439,0.063373,-0.017266,0.044439,0.063373,-0.017266,-0.030520,0.000000,-0.366210
8.326080,0.046794,0.067591,-0.010104,0.046794,0.067591,-0.010104,-0.061040,0.030520,-0.335690
8.336160,0.047382,0.072986,-0.020307,0.047382,0.072986,-0.020307,-0.091550,0.000000,-0.274660
8.346240,0.049835,0.077793,-0.016677,0.049835,0.077793,-0.016677,-0.122070,-0.030520,-0.274660
8.356330,0.045616,0.073575,-0.005886,0.045616,0.073575,-0.005886,-0.091550,0.000000,-0.274660
8.366420,0.041398,0.069357,-0.004709,0.041398,0.069357,-0.004709,-0.030520,-0.030520,-0.274660
8.376500,0.031883,0.067002,-0.008339,0.031883,0.067002,-0.008339,0.030520,0.000000,-0.335690
8.386910,0.031883,0.067002,-0.017854,0.031883,0.067002,-0.017854,0.061040,-0.030520,-0.366210
8.397350,0.033648,0.067002,-0.013734,0.033648,0.067002,-0.013734,0.061040,-0.030520,-0.427250
8.407370,0.047382,0.071809,-0.000491,0.047382,0.071809,-0.000491,0.061040,-0.030520,-0.396730
8.417450,0.048560,0.070534,-0.001079,0.048560,0.070534,-0.001079,0.061040,-0.030520,-0.396730
8.427550,0.056407,0.077205,-0.007161,0.056407,0.077205,-0.007161,0.061040,-0.061040,-0.335690
8.437680,0.049835,0.074164,-0.010104,0.049835,0.074164,-0.010104,0.091550,-0.061040,-0.335690
8.447750,0.046794,0.074164,-0.001766,0.046794,0.074164,-0.001766,0.091550,0.000000,-0.366210
8.457830,0.044439,0.075929,0.003630,0.044439,0.075929,0.003630,0.091550,-0.030520,-0.366210
8.467920,0.046205,0.075341,-0.002354,0.046205,0.075341,-0.002354,0.061040,-0.061040,-0.335690
8.478010,0.034237,0.077205,-0.014911,0.034237,0.077205,-0.014911,0.061040,-0.061040,-0.335690
8.488130,0.033060,0.078382,-0.011870,0.033060,0.078382,-0.011870,0.061040,-0.061040,-0.274660
8.498220,0.030607,0.076518,0.001275,0.030607,0.076518,0.001275,0.061040,-0.030520,-0.335690
8.508310,0.033060,0.067002,0.002453,0.033060,0.067002,0.002453,0.061040,-0.030520,-0.274660
8.518700,0.039632,0.064550,-0.008927,0.039632,0.064550,-0.008927,0.091550,-0.030520,-0.335690
8.528930,0.041398,0.061018,-0.006475,0.041398,0.061018,-0.006475,0.061040,-0.030520,-0.335690
8.538960,0.046794,0.065138,0.000098,0.046794,0.065138,0.000098,0.091550,0.000000,-0.305180
8.548920,0.047382,0.070534,0.002453,0.047382,0.070534,0.002453,0.091550,0.000000,-0.305180
8.559000,0.041987,0.067591,0.000687,0.041987,0.067591,0.000687,0.061040,-0.030520,-0.305180
8.569080,0.043262,0.062195,-0.005886,0.043262,0.062195,-0.005886,0.000000,-0.061040,-0.305180
8.579180,0.040810,0.053170,-0.011870,0.040810,0.053170,-0.011870,-0.030520,-0.030520,-0.305180
8.589300,0.034826,0.051404,-0.004709,0.034826,0.051404,-0.004709,0.000000,-0.030520,-0.274660
8.599390,0.039632,0.045420,-0.007161,0.039632,0.045420,-0.007161,-0.030520,0.000000,-0.274660
8.609480,0.037867,0.049050,-0.007161,0.037867,0.049050,-0.007161,0.000000,-0.030520,-0.244140
8.619570,0.043262,0.051993,-0.004709,0.043262,0.051993,-0.004709,0.030520,0.000000,-0.244140
8.629680,0.043851,0.056211,-0.014911,0.043851,0.056211,-0.014911,0.030520,0.000000,-0.305180
8.639750,0.045028,0.050816,-0.021484,0.045028,0.050816,-0.021484,0.000000,0.000000,-0.305180
8.649840,0.048560,0.049050,-0.023838,0.048560,0.049050,-0.023838,0.000000,0.000000,-0.305180
8.659920,0.041398,0.047775,-0.029234,0.041398,0.047775,-0.029234,0.030520,0.000000,-0.274660
8.670020,0.041987,0.046598,-0.017854,0.041987,0.046598,-0.017854,0.030520,0.000000,-0.274660
8.680100,0.037278,0.047186,-0.016677,0.037278,0.047186,-0.016677,0.061040,0.000000,-0.335690
8.690580,0.033060,0.047186,-0.023838,0.033060,0.047186,-0.023838,0.091550,0.000000,-0.335690
8.700980,0.034826,0.049639,-0.019130,0.034826,0.049639,-0.019130,0.091550,-0.030520,-0.305180
8.711070,0.042575,0.055623,-0.015500,0.042575,0.055623,-0.015500,0.091550,-0.030520,-0.305180
8.721220,0.038455,0.056800,-0.013734,0.038455,0.056800,-0.013734,0.061040,-0.030520,-0.305180
8.731270,0.041987,0.049639,-0.024525,0.041987,0.049639,-0.024525,0.030520,-0.061040,-0.335690
8.741360,0.036591,0.050227,-0.024525,0.036591,0.050227,-0.024525,0.030520,-0.030520,-0.305180
8.751460,0.040810,0.052582,-0.011870,0.040810,0.052582,-0.011870,0.000000,-0.061040,-0.366210
8.761560,0.037278,0.061607,-0.013734,0.037278,0.061607,-0.013734,-0.061040,-0.061040,-0.396730
8.771660,0.041987,0.062784,-0.020895,0.041987,0.062784,-0.020895,-0.091550,-0.030520,-0.396730
8.781760,0.045616,0.065825,-0.022661,0.045616,0.065825,-0.022661,-0.091550,-0.030520,-0.427250
8.791680,0.045028,0.067002,-0.021484,0.045028,0.067002,-0.021484,-0.091550,-0.030520,-0.457760
8.801460,0.041987,0.069357,-0.007750,0.041987,0.069357,-0.007750,-0.091550,-0.091550,-0.518800
8.811550,0.044439,0.066414,-0.008339,0.044439,0.066414,-0.008339,-0.061040,-0.091550,-0.518800
8.821630,0.037278,0.067002,-0.014911,0.037278,0.067002,-0.014911,-0.030520,-0.061040,-0.579830
8.831730,0.035414,0.066414,-0.013145,0.035414,0.066414,-0.013145,-0.030520,-0.091550,-0.640870
8.841800,0.036003,0.068180,-0.013145,0.036003,0.068180,-0.013145,-0.030520,-0.091550,-0.793460
8.851890,0.033060,0.069357,-0.013145,0.033060,0.069357,-0.013145,-0.030520,-0.091550,-0.915530
8.861980,0.030607,0.065825,-0.013734,0.030607,0.065825,-0.013734,-0.061040,-0.091550,-1.037600
8.872070,0.030019,0.065825,-0.005886,0.030019,0.065825,-0.005886,-0.061040,-0.122070,-1.220700
8.882160,0.038455,0.069357,-0.007750,0.038455,0.069357,-0.007750,-0.061040,-0.122070,-1.312260
8.892640,0.036003,0.067002,-0.007750,0.036003,0.067002,-0.007750,0.000000,-0.152590,-1.525880
8.903030,0.041987,0.074752,-0.010104,0.041987,0.074752,-0.010104,0.061040,-0.183110,-1.617430
8.913170,0.041987,0.068180,-0.010693,0.041987,0.068180,-0.010693,0.061040,-0.244140,-1.647950
8.923220,0.045028,0.092705,-0.017854,0.045028,0.092705,-0.017854,0.061040,-0.244140,-1.770020
8.933320,0.039632,0.164612,-0.018443,0.039632,0.164612,-0.018443,-0.061040,-0.335690,-2.685550
8.943420,0.029430,0.208266,-0.021484,0.029430,0.208266,-0.021484,-0.091550,-0.396730,-6.195070
8.953520,0.031883,0.154998,-0.010693,0.031883,0.154998,-0.010693,-0.183110,-0.610350,-8.300780
8.963610,0.035414,0.120271,-0.010693,0.035414,0.120271,-0.010693,-0.122070,-0.885010,-10.803220
8.973720,0.039632,0.093293,-0.015500,0.039632,0.093293,-0.015500,-0.091550,-1.068120,-11.627200
8.983800,0.034826,0.097511,-0.019130,0.034826,0.097511,-0.019130,-0.061040,-1.098630,-12.908940
8.993760,0.048560,0.050816,-0.012459,0.048560,0.050816,-0.012459,-0.091550,-1.220700,-13.183590
9.003470,0.059351,-0.012066,-0.000491,0.059351,-0.012066,-0.000491,-0.122070,-1.007080,-11.352540
9.013570,0.058173,-0.020993,-0.003532,0.058173,-0.020993,-0.003532,-0.183110,-0.854490,-9.796140
9.023650,0.058173,-0.026978,-0.014911,0.058173,-0.026978,-0.014911,-0.213620,-0.701900,-8.361820
9.033750,0.059351,-0.028841,-0.006475,0.059351,-0.028841,-0.006475,-0.152590,-0.396730,-5.645750
9.043860,0.055819,-0.015009,0.000098,0.055819,-0.015009,0.000098,-0.122070,-0.152590,-4.516600
9.053980,0.056407,-0.003041,0.000687,0.056407,-0.003041,0.000687,-0.152590,0.244140,-2.990720
9.064040,0.043262,0.017854,-0.019130,0.043262,0.017854,-0.019130,-0.122070,0.366210,-2.410890
9.074150,0.040221,0.024427,-0.023838,0.040221,0.024427,-0.023838,-0.183110,0.274660,-1.556400
9.084240,0.033060,0.048461,-0.019718,0.033060,0.048461,-0.019718,-0.213620,0.122070,-1.220700
9.094370,0.040221,0.054446,-0.008339,0.040221,0.054446,-0.008339,-0.274660,-0.030520,-0.976560
9.104450,0.034237,0.061607,-0.009516,0.034237,0.061607,-0.009516,-0.366210,-0.152590,-0.640870
9.114720,0.037867,0.057977,-0.005886,0.037867,0.057977,-0.005886,-0.396730,-0.183110,-0.579830
9.124670,0.046794,0.052582,-0.005297,0.046794,0.052582,-0.005297,-0.427250,-0.152590,-0.396730
9.134760,0.038455,0.048461,-0.014911,0.038455,0.048461,-0.014911,-0.396730,-0.091550,-0.366210
9.144850,0.039044,0.043654,-0.013145,0.039044,0.043654,-0.013145,-0.366210,-0.091550,-0.305180
9.154940,0.040810,0.055034,-0.009516,0.040810,0.055034,-0.009516,-0.335690,-0.122070,-0.244140
9.165030,0.041398,0.051993,-0.011281,0.041398,0.051993,-0.011281,-0.335690,-0.061040,-0.213620
9.175130,0.034826,0.044243,-0.013734,0.034826,0.044243,-0.013734,-0.305180,0.030520,-0.122070
9.185610,0.035414,0.040613,-0.012459,0.035414,0.040613,-0.012459,-0.244140,0.030520,-0.122070
9.196350,0.035414,0.047186,-0.008927,0.035414,0.047186,-0.008927,-0.183110,0.030520,-0.122070
9.205500,0.036003,0.048461,-0.010693,0.036003,0.048461,-0.010693,-0.183110,0.030520,-0.122070
9.215600,0.040221,0.044243,-0.008927,0.040221,0.044243,-0.008927,-0.122070,0.030520,-0.091550
9.225680,0.037278,0.051404,-0.010104,0.037278,0.051404,-0.010104,-0.091550,0.030520,-0.091550
9.235790,0.036003,0.052582,-0.010104,0.036003,0.052582,-0.010104,-0.091550,0.000000,-0.091550
9.245860,0.034826,0.048461,-0.008339,0.034826,0.048461,-0.008339,-0.061040,0.000000,-0.091550
9.255940,0.035414,0.041202,-0.013145,0.035414,0.041202,-0.013145,0.000000,0.000000,-0.061040
9.266040,0.043262,0.047186,-0.014323,0.043262,0.047186,-0.014323,0.061040,-0.030520,-0.091550
9.276330,0.038455,0.043066,-0.011870,0.038455,0.043066,-0.011870,0.061040,0.000000,-0.091550
9.286230,0.031883,0.045420,-0.017266,0.031883,0.045420,-0.017266,0.061040,0.000000,-0.091550
9.296360,0.027664,0.055623,-0.011281,0.027664,0.055623,-0.011281,0.061040,0.000000,-0.091550
9.306440,0.030019,0.062784,-0.013734,0.030019,0.062784,-0.013734,0.030520,0.000000,-0.061040
9.316530,0.029430,0.055034,-0.008927,0.029430,0.055034,-0.008927,0.000000,0.000000,0.000000
9.326630,0.025898,0.053857,-0.014323,0.025898,0.053857,-0.014323,0.000000,0.000000,0.000000
9.336720,0.033648,0.056211,-0.023838,0.033648,0.056211,-0.023838,0.030520,-0.030520,-0.030520
9.346810,0.030019,0.056800,-0.016088,0.030019,0.056800,-0.016088,0.030520,-0.061040,-0.091550
9.356900,0.032471,0.050227,-0.010693,0.032471,0.050227,-0.010693,0.030520,-0.091550,-0.152590
9.366990,0.039044,0.053857,-0.010104,0.039044,0.053857,-0.010104,0.061040,-0.122070,-0.152590
9.377080,0.039044,0.054446,-0.016677,0.039044,0.054446,-0.016677,0.061040,-0.122070,-0.183110
9.387180,0.041987,0.057977,-0.025114,0.041987,0.057977,-0.025114,0.061040,-0.091550,-0.122070
9.397640,0.045616,0.058566,-0.012459,0.045616,0.058566,-0.012459,0.061040,-0.091550,-0.091550
9.408040,0.039044,0.058566,-0.008339,0.039044,0.058566,-0.008339,0.061040,-0.030520,-0.030520
9.418140,0.038455,0.050227,-0.014911,0.038455,0.050227,-0.014911,0.091550,-0.030520,-0.030520
9.428230,0.033060,0.051993,-0.022072,0.033060,0.051993,-0.022072,0.061040,0.000000,-0.061040
9.438340,0.029430,0.051404,-0.018443,0.029430,0.051404,-0.018443,0.030520,-0.030520,-0.091550
9.448490,0.033060,0.047775,-0.008927,0.033060,0.047775,-0.008927,0.061040,0.000000,-0.122070
9.458530,0.034826,0.050227,-0.007750,0.034826,0.050227,-0.007750,0.030520,0.000000,-0.152590
9.468620,0.034237,0.047775,-0.014911,0.034237,0.047775,-0.014911,0.061040,0.000000,-0.183110
9.478800,0.036591,0.041791,-0.014323,0.036591,0.041791,-0.014323,0.030520,0.000000,-0.183110
9.488850,0.036591,0.043654,-0.009516,0.036591,0.043654,-0.009516,0.000000,0.030520,-0.213620
9.498820,0.033060,0.038259,-0.018443,0.033060,0.038259,-0.018443,-0.030520,0.000000,-0.061040
9.508550,0.030607,0.032864,-0.024525,0.030607,0.032864,-0.024525,0.030520,0.000000,0.061040
9.518630,0.028253,0.035807,-0.019718,0.028253,0.035807,-0.019718,0.000000,0.061040,0.305180
9.528720,0.020503,0.049050,-0.015500,0.020503,0.049050,-0.015500,0.000000,0.091550,0.366210
9.538810,0.027664,0.047775,-0.022072,0.027664,0.047775,-0.022072,0.000000,0.091550,0.335690
9.548900,0.032471,0.046598,-0.018443,0.032471,0.046598,-0.018443,0.030520,0.091550,0.183110
9.558990,0.031196,0.040025,-0.018443,0.031196,0.040025,-0.018443,0.000000,0.061040,0.091550
9.569320,0.032471,0.031686,-0.019130,0.032471,0.031686,-0.019130,0.030520,0.030520,0.061040
9.580220,0.028841,0.028645,-0.025702,0.028841,0.028645,-0.025702,0.061040,0.000000,0.061040
9.590010,0.027076,0.029234,-0.026879,0.027076,0.029234,-0.026879,0.091550,-0.030520,0.061040
9.600130,0.028253,0.030411,-0.019718,0.028253,0.030411,-0.019718,0.122070,-0.061040,0.030520
9.610200,0.033060,0.034629,-0.021484,0.033060,0.034629,-0.021484,0.183110,-0.030520,-0.122070
9.620300,0.032471,0.033452,-0.021484,0.032471,0.033452,-0.021484,0.122070,-0.030520,-0.152590
9.630490,0.027076,0.029822,-0.025114,0.027076,0.029822,-0.025114,0.122070,-0.061040,-0.183110
9.640510,0.027664,0.042477,-0.023838,0.027664,0.042477,-0.023838,0.091550,-0.091550,-0.244140
9.650580,0.030607,0.046598,-0.014323,0.030607,0.046598,-0.014323,0.091550,-0.061040,-0.274660
9.660670,0.027076,0.048461,-0.019130,0.027076,0.048461,-0.019130,0.030520,-0.061040,-0.244140
9.670760,0.027076,0.047775,-0.029234,0.027076,0.047775,-0.029234,0.091550,-0.030520,-0.244140
9.680850,0.036003,0.044832,-0.029822,0.036003,0.044832,-0.029822,0.061040,-0.061040,-0.274660
9.690940,0.033648,0.044832,-0.017266,0.033648,0.044832,-0.017266,0.091550,-0.061040,-0.244140
9.701060,0.029430,0.047775,-0.011870,0.029430,0.047775,-0.011870,0.030520,-0.030520,-0.274660
9.711150,0.024035,0.041202,-0.026879,0.024035,0.041202,-0.026879,0.000000,-0.030520,-0.183110
9.721270,0.023446,0.043654,-0.032864,0.023446,0.043654,-0.032864,0.061040,0.000000,-0.122070
9.731330,0.025212,0.043066,-0.024525,0.025212,0.043066,-0.024525,0.061040,0.030520,-0.061040
9.741450,0.025898,0.046598,-0.017854,0.025898,0.046598,-0.017854,0.061040,0.000000,-0.122070
9.751510,0.026487,0.044832,-0.017266,0.026487,0.044832,-0.017266,0.091550,0.000000,-0.183110
9.761610,0.028253,0.046009,-0.025702,0.028253,0.046009,-0.025702,0.091550,0.030520,-0.213620
9.771690,0.030607,0.047186,-0.024525,0.030607,0.047186,-0.024525,0.061040,0.030520,-0.244140
9.781780,0.034826,0.047775,-0.019130,0.034826,0.047775,-0.019130,0.000000,0.000000,-0.244140
9.791870,0.034237,0.048461,-0.024525,0.034237,0.048461,-0.024525,0.000000,0.030520,-0.244140
9.802340,0.032471,0.049050,-0.019718,0.032471,0.049050,-0.019718,-0.030520,0.030520,-0.274660
9.812740,0.034826,0.053857,-0.014911,0.034826,0.053857,-0.014911,-0.030520,0.061040,-0.244140
9.822830,0.033060,0.053170,-0.008927,0.033060,0.053170,-0.008927,-0.061040,0.061040,-0.274660
9.832990,0.034826,0.046598,-0.023838,0.034826,0.046598,-0.023838,-0.091550,0.091550,-0.213620
9.843020,0.034826,0.038848,-0.024525,0.034826,0.038848,-0.024525,-0.122070,0.061040,-0.183110
9.853160,0.039044,0.019130,-0.009516,0.039044,0.019130,-0.009516,-0.091550,0.091550,0.183110
9.863390,0.040810,0.020895,-0.013145,0.040810,0.020895,-0.013145,-0.091550,0.122070,0.549320
9.873400,0.030607,0.024427,-0.018443,0.030607,0.024427,-0.018443,-0.030520,0.122070,1.251220
9.883640,0.028841,0.040025,-0.025114,0.028841,0.040025,-0.025114,0.000000,0.152590,1.373290
9.893760,0.031196,0.048461,-0.019130,0.031196,0.048461,-0.019130,0.061040,0.061040,1.068120
9.903550,0.031196,0.056211,0.002453,0.031196,0.056211,0.002453,0.061040,0.030520,0.854490
9.914570,0.025212,0.049639,0.001864,0.025212,0.049639,0.001864,0.091550,0.000000,0.427250
9.924690,0.027664,0.043066,-0.016677,0.027664,0.043066,-0.016677,0.061040,-0.030520,0.305180
9.934540,0.030607,0.039436,-0.017854,0.030607,0.039436,-0.017854,0.061040,-0.091550,0.152590
9.944590,0.028841,0.038848,-0.004120,0.028841,0.038848,-0.004120,0.061040,-0.061040,0.122070
9.954760,0.022857,0.051404,-0.005297,0.022857,0.051404,-0.005297,0.091550,-0.061040,0.122070
9.964990,0.021680,0.047186,-0.013145,0.021680,0.047186,-0.013145,0.061040,-0.061040,0.000000
9.975000,0.021680,0.041791,-0.014911,0.021680,0.041791,-0.014911,0.061040,-0.061040,-0.061040
9.985000,0.023446,0.044832,-0.008927,0.023446,0.044832,-0.008927,0.091550,0.000000,-0.030520
9.995070,0.037278,0.046598,-0.000491,0.037278,0.046598,-0.000491,0.091550,-0.030520,-0.030520
10.004810,0.034826,0.041791,-0.004120,0.034826,0.041791,-0.004120,0.061040,0.030520,-0.061040
10.014800,0.034826,0.038259,-0.013145,0.034826,0.038259,-0.013145,0.000000,0.030520,0.030520
10.024870,0.033060,0.034041,-0.011870,0.033060,0.034041,-0.011870,-0.030520,0.030520,0.122070
10.034970,0.023446,0.032864,-0.008339,0.023446,0.032864,-0.008339,-0.061040,0.091550,0.640870
10.045040,0.023446,0.040025,-0.014323,0.023446,0.040025,-0.014323,-0.030520,0.122070,0.823970
10.055130,0.024623,0.038259,-0.018443,0.024623,0.038259,-0.018443,0.000000,0.091550,0.854490
10.065830,0.021680,0.035807,-0.014911,0.021680,0.035807,-0.014911,0.030520,0.122070,0.854490
10.075690,0.019228,0.038259,-0.020307,0.019228,0.038259,-0.020307,0.061040,0.091550,0.701900
10.085910,0.021680,0.041202,-0.023250,0.021680,0.041202,-0.023250,0.061040,0.061040,0.518800
10.096020,0.022269,0.035807,-0.021484,0.022269,0.035807,-0.021484,0.061040,0.030520,0.366210
10.108140,0.018050,0.041791,-0.013145,0.018050,0.041791,-0.013145,0.091550,-0.030520,0.091550
10.116660,0.026487,0.047186,-0.010693,0.026487,0.047186,-0.010693,0.091550,-0.030520,0.030520
10.126700,0.027076,0.044832,-0.025114,0.027076,0.044832,-0.025114,0.183110,-0.061040,-0.091550
10.136790,0.026487,0.046598,-0.019718,0.026487,0.046598,-0.019718,0.213620,-0.091550,-0.152590
10.146880,0.027076,0.047186,-0.010693,0.027076,0.047186,-0.010693,0.244140,-0.122070,-0.213620
10.156970,0.030019,0.038259,-0.016088,0.030019,0.038259,-0.016088,0.244140,-0.122070,-0.244140
10.167090,0.027076,0.034629,-0.017854,0.027076,0.034629,-0.017854,0.213620,-0.122070,-0.244140
10.177200,0.031196,0.037082,-0.018443,0.031196,0.037082,-0.018443,0.213620,-0.122070,-0.244140
10.187240,0.029430,0.040613,-0.014911,0.029430,0.040613,-0.014911,0.213620,-0.122070,-0.244140
10.197370,0.024623,0.032864,-0.004709,0.024623,0.032864,-0.004709,0.213620,-0.091550,-0.274660
10.207480,0.025898,0.037082,-0.010104,0.025898,0.037082,-0.010104,0.213620,-0.061040,-0.305180
10.217580,0.023446,0.043066,-0.018443,0.023446,0.043066,-0.018443,0.183110,-0.030520,-0.335690
10.227650,0.034237,0.047186,-0.017854,0.034237,0.047186,-0.017854,0.122070,-0.030520,-0.335690
10.237940,0.037278,0.048461,-0.010693,0.037278,0.048461,-0.010693,-0.030520,0.000000,-0.305180
10.249070,0.041398,0.051404,-0.010104,0.041398,0.051404,-0.010104,-0.061040,-0.030520,-0.305180
10.258990,0.037278,0.046009,-0.014911,0.037278,0.046009,-0.014911,-0.061040,0.000000,-0.305180
10.269080,0.034237,0.038259,-0.015500,0.034237,0.038259,-0.015500,-0.091550,0.000000,-0.274660
10.279160,0.039044,0.044832,-0.013145,0.039044,0.044832,-0.013145,-0.061040,0.030520,-0.274660
10.289330,0.030607,0.033452,-0.018443,0.030607,0.033452,-0.018443,-0.152590,0.000000,-0.305180
10.299340,0.032471,0.035807,-0.020307,0.032471,0.035807,-0.020307,-0.213620,0.061040,-0.335690
10.309480,0.041398,0.041202,-0.015500,0.041398,0.041202,-0.015500,-0.213620,0.030520,-0.305180
10.319560,0.045616,0.047775,-0.003532,0.045616,0.047775,-0.003532,-0.213620,0.061040,-0.274660
10.329660,0.039044,0.050227,-0.008339,0.039044,0.050227,-0.008339,-0.213620,0.091550,-0.305180
10.339740,0.045616,0.050227,-0.013145,0.045616,0.050227,-0.013145,-0.213620,0.091550,-0.274660
10.349830,0.040221,0.052582,-0.000491,0.040221,0.052582,-0.000491,-0.152590,0.061040,-0.274660
10.359920,0.032471,0.045420,0.004218,0.032471,0.045420,0.004218,-0.122070,0.030520,-0.305180
10.370020,0.031196,0.043066,-0.005886,0.031196,0.043066,-0.005886,-0.061040,0.000000,-0.274660
10.380100,0.033648,0.048461,-0.001079,0.033648,0.048461,-0.001079,0.030520,-0.030520,-0.305180
10.390190,0.039632,0.046598,0.006082,0.039632,0.046598,0.006082,0.061040,-0.030520,-0.305180
10.400280,0.034237,0.045420,0.008437,0.034237,0.045420,0.008437,0.152590,-0.061040,-0.335690
10.410750,0.034826,0.053857,-0.001079,0.034826,0.053857,-0.001079,0.152590,-0.091550,-0.366210
10.421280,0.035414,0.046598,-0.008339,0.035414,0.046598,-0.008339,0.183110,-0.122070,-0.366210
10.431290,0.040810,0.050227,0.000687,0.040810,0.050227,0.000687,0.244140,-0.061040,-0.366210
10.441360,0.040221,0.048461,0.007848,0.040221,0.048461,0.007848,0.274660,-0.122070,-0.396730
10.451440,0.034826,0.048461,-0.004120,0.034826,0.048461,-0.004120,0.274660,-0.091550,-0.366210
10.461550,0.035414,0.046009,-0.012459,0.035414,0.046009,-0.012459,0.274660,-0.122070,-0.366210
10.471640,0.033648,0.040025,-0.017266,0.033648,0.040025,-0.017266,0.213620,-0.122070,-0.427250
10.481770,0.033060,0.048461,-0.007161,0.033060,0.048461,-0.007161,0.213620,-0.091550,-0.396730
10.491830,0.036591,0.049050,0.001275,0.036591,0.049050,0.001275,0.213620,-0.122070,-0.427250
10.501960,0.037867,0.041791,-0.005886,0.037867,0.041791,-0.005886,0.213620,-0.122070,-0.366210
10.511980,0.040810,0.041791,-0.002354,0.040810,0.041791,-0.002354,0.183110,-0.122070,-0.366210
10.521640,0.037278,0.050227,0.001275,0.037278,0.050227,0.001275,0.091550,-0.091550,-0.335690
10.531730,0.038455,0.046598,0.004218,0.038455,0.046598,0.004218,0.061040,-0.091550,-0.305180
10.541820,0.040810,0.052582,0.006082,0.040810,0.052582,0.006082,-0.030520,-0.091550,-0.335690
10.551910,0.044439,0.047186,0.000098,0.044439,0.047186,0.000098,-0.030520,-0.122070,-0.305180
10.562020,0.039632,0.045420,0.003041,0.039632,0.045420,0.003041,0.000000,-0.061040,-0.335690
10.572090,0.037278,0.041791,-0.007161,0.037278,0.041791,-0.007161,0.030520,-0.061040,-0.335690
10.582180,0.040810,0.037670,-0.008339,0.040810,0.037670,-0.008339,0.000000,-0.061040,-0.305180
10.592270,0.040221,0.043066,-0.002354,0.040221,0.043066,-0.002354,-0.030520,0.000000,-0.305180
10.602360,0.038455,0.043066,-0.001766,0.038455,0.043066,-0.001766,-0.030520,0.030520,-0.305180
10.612810,0.045028,0.048461,-0.007161,0.045028,0.048461,-0.007161,-0.030520,0.030520,-0.274660
10.623220,0.043851,0.043654,-0.010693,0.043851,0.043654,-0.010693,-0.030520,0.030520,-0.244140
10.633520,0.046794,0.049050,-0.006475,0.046794,0.049050,-0.006475,0.000000,0.000000,-0.213620
10.643580,0.037278,0.046598,0.006082,0.037278,0.046598,0.006082,0.000000,0.000000,-0.213620
10.653560,0.030607,0.042477,0.008437,0.030607,0.042477,0.008437,-0.061040,0.000000,-0.213620
10.663640,0.026487,0.046009,-0.008927,0.026487,0.046009,-0.008927,0.061040,0.000000,-0.244140
10.673780,0.025898,0.040613,-0.007161,0.025898,0.040613,-0.007161,0.030520,-0.030520,-0.274660
10.683830,0.030607,0.043066,0.002453,0.030607,0.043066,0.002453,0.061040,-0.061040,-0.335690
10.693960,0.034237,0.051404,-0.002943,0.034237,0.051404,-0.002943,0.152590,-0.061040,-0.305180
10.704020,0.039044,0.057977,-0.007750,0.039044,0.057977,-0.007750,0.183110,-0.030520,-0.457760
10.714010,0.034237,0.069945,-0.017266,0.034237,0.069945,-0.017266,0.244140,-0.091550,-0.762940
10.723720,0.033648,0.102318,-0.010104,0.033648,0.102318,-0.010104,0.274660,-0.152590,-1.312260
10.733810,0.035414,0.093293,-0.020895,0.035414,0.093293,-0.020895,0.183110,-0.274660,-2.868650
10.743900,0.038455,0.068768,-0.016677,0.038455,0.068768,-0.016677,0.244140,-0.366210,-3.387450
10.753990,0.039044,0.018443,-0.011281,0.039044,0.018443,-0.011281,0.152590,-0.366210,-3.479000
10.764080,0.039632,0.013734,-0.017854,0.039632,0.013734,-0.017854,0.183110,-0.335690,-2.960210
10.774170,0.039044,0.018443,-0.026291,0.039044,0.018443,-0.026291,0.244140,-0.305180,-2.075200
10.784260,0.040810,0.029822,-0.013145,0.040810,0.029822,-0.013145,0.274660,-0.274660,-1.770020
10.794350,0.042575,0.046598,-0.010104,0.042575,0.046598,-0.010104,0.305180,-0.244140,-1.525880
10.804440,0.047971,0.046598,-0.013145,0.047971,0.046598,-0.013145,0.274660,-0.183110,-1.190190
10.814930,0.047382,0.044243,-0.022072,0.047382,0.044243,-0.022072,0.244140,-0.183110,-1.037600
10.825320,0.040810,0.055623,-0.016677,0.040810,0.055623,-0.016677,0.244140,-0.152590,-0.793460
10.835440,0.041987,0.048461,-0.013145,0.041987,0.048461,-0.013145,0.244140,-0.152590,-0.701900
10.845500,0.045028,0.047775,-0.010104,0.045028,0.047775,-0.010104,0.244140,-0.152590,-0.640870
10.855600,0.035414,0.046009,-0.016677,0.035414,0.046009,-0.016677,0.244140,-0.122070,-0.640870
10.865700,0.037278,0.045420,-0.020307,0.037278,0.045420,-0.020307,0.213620,-0.152590,-0.610350
10.875790,0.034826,0.057389,-0.019718,0.034826,0.057389,-0.019718,0.305180,-0.213620,-0.640870
10.885900,0.036003,0.055034,-0.016088,0.036003,0.055034,-0.016088,0.183110,-0.183110,-0.640870
10.895980,0.030019,0.053170,-0.017266,0.030019,0.053170,-0.017266,0.122070,-0.152590,-0.549320
10.906080,0.030607,0.049050,-0.019718,0.030607,0.049050,-0.019718,0.091550,-0.122070,-0.488280
10.916020,0.029430,0.046598,-0.025702,0.029430,0.046598,-0.025702,0.091550,-0.091550,-0.396730
10.925770,0.032471,0.049050,-0.012459,0.032471,0.049050,-0.012459,0.030520,-0.061040,-0.366210
10.935850,0.028841,0.043654,-0.015500,0.028841,0.043654,-0.015500,0.000000,0.000000,-0.335690
10.945950,0.032471,0.048461,-0.021484,0.032471,0.048461,-0.021484,-0.061040,0.000000,-0.335690
10.956030,0.031883,0.048461,-0.022072,0.031883,0.048461,-0.022072,-0.061040,0.030520,-0.335690
10.966160,0.038455,0.059154,-0.018443,0.038455,0.059154,-0.018443,-0.030520,0.030520,-0.427250
10.976260,0.039632,0.061607,-0.020895,0.039632,0.061607,-0.020895,0.000000,0.030520,-0.427250
10.986340,0.034237,0.063961,-0.020307,0.034237,0.063961,-0.020307,0.091550,-0.030520,-0.671390
10.996480,0.036003,0.050227,-0.010104,0.036003,0.050227,-0.010104,0.091550,0.000000,-0.732420
11.006530,0.029430,0.051993,-0.008927,0.029430,0.051993,-0.008927,0.152590,-0.030520,-0.762940
11.016980,0.037867,0.049639,-0.016677,0.037867,0.049639,-0.016677,0.122070,-0.061040,-0.854490
11.027420,0.034237,0.048461,-0.014323,0.034237,0.048461,-0.014323,0.183110,-0.091550,-0.854490
11.037520,0.031883,0.055623,-0.008927,0.031883,0.055623,-0.008927,0.244140,-0.122070,-1.129150
11.047590,0.034237,0.067002,-0.010693,0.034237,0.067002,-0.010693,0.274660,-0.152590,-1.373290
11.057750,0.033060,0.078382,-0.018443,0.033060,0.078382,-0.018443,0.305180,-0.244140,-1.983640
11.067800,0.030019,0.084366,-0.017854,0.030019,0.084366,-0.017854,0.335690,-0.305180,-2.532960
11.077900,0.026487,0.089173,-0.016088,0.026487,0.089173,-0.016088,0.335690,-0.396730,-3.753660
11.087980,-0.231614,0.047775,-0.002943,-0.231614,0.047775,-0.002943,0.244140,-0.488280,-4.516600
11.098090,-0.407606,0.020895,-0.014323,-0.407606,0.020895,-0.014323,0.061040,-0.671390,-6.317140
11.109650,-0.892612,-0.006082,-0.011870,-0.892612,-0.006082,-0.011870,-0.396730,-1.068120,-10.955810
11.118290,-1.019553,-0.054544,-0.013734,-1.019553,-0.054544,-0.013734,-0.549320,-1.312260,-13.763430
11.127950,-0.856707,-0.116249,-0.018443,-0.856707,-0.116249,-0.018443,-0.640870,-1.434330,-15.258790
11.138040,-0.668748,-0.131846,-0.010693,-0.668748,-0.131846,-0.010693,-0.610350,-1.373290,-14.678960
11.148120,-0.387887,0.042477,-0.034041,-0.387887,0.042477,-0.034041,-0.610350,-1.281740,-13.793950
11.158220,-0.400444,0.095746,0.007848,-0.400444,0.095746,0.007848,-0.274660,-1.220700,-14.251710
11.168310,-0.322651,0.011281,-0.010693,-0.322651,0.011281,-0.010693,-0.366210,-1.098630,-13.977050
11.178400,-0.298028,-0.006671,-0.016677,-0.298028,-0.006671,-0.016677,-0.396730,-1.129150,-12.908940
11.188620,-0.229848,-0.046205,-0.003532,-0.229848,-0.046205,-0.003532,-0.366210,-1.037600,-12.634280
11.198760,-0.004120,-0.029430,-0.000491,-0.004120,-0.029430,-0.000491,-0.366210,-0.915530,-11.230470
11.208690,-0.198653,-0.109087,0.005494,-0.198653,-0.109087,0.005494,-0.549320,-0.793460,-10.314940
11.219160,-0.335208,-0.113207,0.004905,-0.335208,-0.113207,0.004905,-0.457760,-0.579830,-8.239750
11.229570,-0.389653,-0.210228,0.003041,-0.389653,-0.210228,0.003041,-0.335690,-0.610350,-6.591800
11.239700,-0.252607,-0.257512,-0.004120,-0.252607,-0.257512,-0.004120,-0.366210,-0.335690,-4.638670
11.249770,-0.327458,-0.203656,-0.025702,-0.327458,-0.203656,-0.025702,-0.122070,0.000000,-0.274660
11.259850,-0.492070,-0.242601,0.007259,-0.492070,-0.242601,0.007259,-0.152590,0.213620,1.770020
11.269950,-0.326771,-0.140185,-0.011870,-0.326771,-0.140185,-0.011870,0.213620,0.518800,6.683350
11.280040,-0.319610,-0.109087,-0.009516,-0.319610,-0.109087,-0.009516,-0.091550,0.640870,8.666990
11.290150,-0.384846,-0.099473,0.016285,-0.384846,-0.099473,0.016285,0.427250,0.579830,9.124760
11.300240,-0.238187,0.096923,-0.004120,-0.238187,0.096923,-0.004120,0.183110,0.671390,8.819580
11.310340,-0.474706,-0.005494,-0.021484,-0.474706,-0.005494,-0.021484,0.244140,0.518800,8.117680
11.320270,-0.368169,0.011281,-0.022072,-0.368169,0.011281,-0.022072,0.518800,0.396730,7.568360
11.330020,-0.439979,-0.051012,-0.026879,-0.439979,-0.051012,-0.026879,0.274660,0.549320,7.934570
11.340110,-0.117818,0.088584,0.034826,-0.117818,0.088584,0.034826,0.854490,0.549320,9.063720
11.350200,-0.181877,0.083777,-0.022072,-0.181877,0.083777,-0.022072,0.457760,0.640870,8.758540
11.360340,-0.203459,0.054446,-0.075929,-0.203459,0.054446,-0.075929,0.183110,0.457760,6.225590
11.370390,-0.167555,0.210719,-0.028645,-0.167555,0.210719,-0.028645,0.244140,0.274660,4.547120
11.380480,-0.208266,0.137046,-0.028645,-0.208266,0.137046,-0.028645,0.030520,0.152590,0.335690
11.390570,-0.338739,-0.009614,-0.047186,-0.338739,-0.009614,-0.047186,-0.030520,0.000000,-1.525880
11.400660,-0.602824,-0.215035,-0.038848,-0.602824,-0.215035,-0.038848,-0.396730,-0.122070,-2.502440
11.410750,-0.723193,-0.259376,-0.049639,-0.723193,-0.259376,-0.049639,-0.183110,-0.061040,-1.373290
11.421240,-0.603413,-0.180308,-0.028645,-0.603413,-0.180308,-0.028645,-0.213620,-0.061040,-0.488280
11.431620,-0.498642,-0.156960,-0.063961,-0.498642,-0.156960,-0.063961,-0.579830,0.152590,1.190190
11.441720,-0.538765,-0.152742,-0.080148,-0.538765,-0.152742,-0.080148,-0.366210,0.244140,1.037600
11.451800,-0.553186,-0.263497,-0.076616,-0.553186,-0.263497,-0.076616,-0.396730,0.274660,2.288820
11.461900,-0.545926,-0.137830,-0.021484,-0.545926,-0.137830,-0.021484,-0.091550,0.244140,3.051760
11.471990,-0.511199,-0.104869,-0.113698,-0.511199,-0.104869,-0.113698,-0.061040,0.427250,3.662110
11.482090,-0.459697,0.074164,-0.056800,-0.459697,0.074164,-0.056800,0.183110,0.427250,5.859380
11.492200,-0.539354,-0.067689,-0.036493,-0.539354,-0.067689,-0.036493,-0.061040,0.762940,6.286620
11.502290,-0.548968,0.162159,-0.038259,-0.548968,0.162159,-0.038259,0.030520,0.579830,5.676270
11.512380,-0.865733,0.165200,0.021582,-0.865733,0.165200,0.021582,0.305180,0.610350,4.608150
11.522320,-0.866321,-0.068964,0.018639,-0.866321,-0.068964,0.018639,0.122070,0.335690,5.737300
11.532060,-0.919589,-0.178542,0.057585,-0.919589,-0.178542,0.057585,0.061040,0.701900,7.415770
11.542220,-0.722605,0.008339,0.065335,-0.722605,0.008339,0.065335,0.030520,0.854490,8.972170
11.552260,-0.576534,0.088584,-0.019130,-0.576534,0.088584,-0.019130,0.030520,1.037600,10.406490
11.562340,-0.596840,0.204735,-0.075929,-0.596840,0.204735,-0.075929,-0.396730,1.037600,10.284420
11.572430,-0.453713,0.154998,-0.055623,-0.453713,0.154998,-0.055623,-0.274660,1.007080,7.751460
11.582540,-0.581242,0.059841,0.061705,-0.581242,0.059841,0.061705,-0.244140,0.823970,6.774900
11.592630,-0.533958,-0.000098,-0.047873,-0.533958,-0.000098,-0.047873,-0.366210,0.701900,7.019040
11.602710,-0.353749,-0.153919,-0.053170,-0.353749,-0.153919,-0.053170,-0.366210,0.762940,7.476810
11.612800,-0.420260,-0.046205,-0.063373,-0.420260,-0.046205,-0.063373,-0.732420,0.854490,7.507320
11.623280,0.049246,0.086132,-0.117328,0.049246,0.086132,-0.117328,-0.854490,0.732420,5.645750
11.633700,-0.005297,0.050227,-0.054446,-0.005297,0.050227,-0.054446,-1.220700,0.732420,3.845210
11.643780,-0.166378,0.005297,-0.110068,-0.166378,0.005297,-0.110068,-0.762940,0.152590,-0.823970
11.653870,-0.301658,0.008339,-0.055623,-0.301658,0.008339,-0.055623,-0.549320,-0.030520,-2.929690
11.664120,-0.502272,-0.037180,-0.029234,-0.502272,-0.037180,-0.029234,-0.366210,-0.091550,-2.685550
11.674470,-0.214839,-0.143815,-0.008339,-0.214839,-0.143815,-0.008339,-0.061040,-0.091550,-1.342770
11.684200,-0.062784,-0.133024,-0.026879,-0.062784,-0.133024,-0.026879,-0.183110,0.030520,0.244140
11.694290,-0.042968,-0.125176,-0.100553,-0.042968,-0.125176,-0.100553,-0.030520,0.183110,1.525880
11.704380,-0.130375,-0.223374,-0.032864,-0.130375,-0.223374,-0.032864,-0.335690,0.152590,1.556400
11.714480,0.036591,-0.016873,0.029430,0.036591,-0.016873,0.029430,-0.091550,0.366210,2.441410
11.724450,0.053955,0.002943,0.010202,0.053955,0.002943,0.010202,0.457760,0.274660,2.929690
11.734180,0.034237,0.038848,-0.053857,0.034237,0.038848,-0.053857,-0.183110,0.244140,3.997800
11.744270,0.189333,-0.023446,-0.098100,0.189333,-0.023446,-0.098100,-0.122070,0.183110,3.875730
11.754360,0.021680,-0.207285,-0.034629,0.021680,-0.207285,-0.034629,-0.335690,0.030520,3.448490
11.764450,-0.373467,-0.212681,-0.016677,-0.373467,-0.212681,-0.016677,0.244140,0.122070,3.417970
11.774540,-0.125078,-0.039044,0.013832,-0.125078,-0.039044,0.013832,0.183110,0.122070,4.028320
11.784630,-0.141755,-0.037180,-0.092116,-0.141755,-0.037180,-0.092116,0.000000,0.183110,5.828860
11.794730,-0.214839,-0.116249,-0.025114,-0.214839,-0.116249,-0.025114,-0.366210,0.518800,6.500240
11.804820,-0.210621,0.081914,0.061705,-0.210621,0.081914,0.061705,0.000000,0.335690,5.950930
11.814910,-0.099866,0.082502,0.003041,-0.099866,0.082502,0.003041,0.091550,0.091550,5.462650
11.825340,-0.183741,0.069357,-0.062195,-0.183741,0.069357,-0.062195,0.183110,-0.030520,2.227780
11.835780,-0.172950,-0.036003,-0.033452,-0.172950,-0.036003,-0.033452,0.061040,0.030520,0.732420
11.845860,-0.107027,-0.088094,-0.092116,-0.107027,-0.088094,-0.092116,0.213620,-0.091550,-0.183110
11.855950,-0.446551,-0.252706,0.036591,-0.446551,-0.252706,0.036591,-0.274660,0.030520,-1.098630
11.866050,-0.222589,-0.114483,-0.070534,-0.222589,-0.114483,-0.070534,-0.244140,0.030520,-0.915530
11.876140,-0.113011,-0.034237,-0.028057,-0.113011,-0.034237,-0.028057,0.274660,0.152590,-0.579830
11.886260,-0.128021,-0.019816,-0.080148,-0.128021,-0.019816,-0.080148,-0.427250,0.091550,-1.312260
11.896340,-0.085543,0.023250,-0.007161,-0.085543,0.023250,-0.007161,-0.091550,-0.152590,-2.197270
11.906430,0.011478,0.032275,0.049148,0.011478,0.032275,0.049148,-0.610350,-0.030520,-2.197270
11.916530,0.200124,-0.028253,-0.095746,0.200124,-0.028253,-0.095746,-0.793460,0.213620,-1.617430
11.926490,0.477943,0.026291,-0.037670,0.477943,0.026291,-0.037670,-0.732420,0.244140,-0.366210
11.936220,0.500702,0.035807,-0.096923,0.500702,0.035807,-0.096923,-0.854490,0.335690,-0.030520
11.946300,0.345606,0.112521,-0.044243,0.345606,0.112521,-0.044243,-0.183110,0.000000,-1.251220
11.956390,0.333050,0.055623,-0.051993,0.333050,0.055623,-0.051993,-0.396730,0.061040,-1.831050
11.966520,0.273110,0.054446,-0.037082,0.273110,0.054446,-0.037082,-0.305180,-0.061040,-2.563480
11.976600,0.086328,-0.016873,-0.068768,0.086328,-0.016873,-0.068768,-0.335690,0.061040,-2.349850
11.986680,-0.032177,-0.067100,-0.051993,-0.032177,-0.067100,-0.051993,-0.183110,0.061040,-1.770020
11.996770,-0.087309,-0.042575,-0.059841,-0.087309,-0.042575,-0.059841,0.122070,-0.122070,-0.091550
12.006860,-0.046009,-0.068376,0.012066,-0.046009,-0.068376,0.012066,-0.030520,0.061040,0.823970
12.016950,0.130081,0.079559,0.046205,0.130081,0.079559,0.046205,0.366210,0.244140,3.234860
12.027470,0.104280,0.140675,-0.013145,0.104280,0.140675,-0.013145,0.061040,0.244140,3.936770
12.037860,0.022269,0.105261,0.018050,0.022269,0.105261,0.018050,0.396730,0.305180,4.486080
12.047910,-0.107714,0.139989,0.003041,-0.107714,0.139989,0.003041,0.335690,0.732420,5.096440
12.058010,-0.116641,0.005886,0.024623,-0.116641,0.005886,0.024623,0.030520,0.549320,5.371090
12.068250,-0.243582,0.047775,-0.098689,-0.243582,0.047775,-0.098689,0.091550,0.488280,5.920410
12.078400,-0.033452,0.108302,-0.083777,-0.033452,0.108302,-0.083777,-0.274660,0.732420,6.652830
12.088310,0.000687,0.085543,-0.079559,0.000687,0.085543,-0.079559,-0.183110,1.007080,8.117680
12.098410,0.027076,0.220235,-0.056800,0.027076,0.220235,-0.056800,-0.122070,0.732420,7.995610
12.108720,0.082698,0.243582,-0.044243,0.082698,0.243582,-0.044243,-0.488280,0.671390,6.988530
12.118770,0.205520,0.234067,-0.096334,0.205520,0.234067,-0.096334,-0.366210,0.549320,5.981450
12.128590,0.186292,0.202282,-0.050816,0.186292,0.202282,-0.050816,-0.061040,0.335690,4.028320
12.138320,0.300677,0.291553,0.006082,0.300677,0.291553,0.006082,-0.061040,0.183110,3.265380
12.148410,0.107321,0.211896,0.082110,0.107321,0.211896,0.082110,0.244140,0.152590,2.624510
12.158500,0.086917,0.144207,0.026389,0.086917,0.144207,0.026389,0.000000,0.061040,1.983640
12.168590,0.225826,0.190903,0.036003,0.225826,0.190903,0.036003,0.457760,0.152590,2.197270
12.178680,0.163533,0.239462,0.006671,0.163533,0.239462,0.006671,0.213620,0.183110,3.173830
12.188970,0.134789,0.119682,0.016873,0.134789,0.119682,0.016873,0.061040,0.122070,3.173830
12.199100,0.200124,0.151957,0.034237,0.200124,0.151957,0.034237,-0.244140,0.122070,2.960210
12.209030,0.164808,0.142441,0.040221,0.164808,0.142441,0.040221,0.061040,0.000000,2.685550
12.219090,-0.032177,0.041202,-0.053170,-0.032177,0.041202,-0.053170,-0.640870,0.335690,2.166750
12.229230,0.043851,-0.110853,-0.102318,0.043851,-0.110853,-0.102318,-0.732420,-0.061040,0.671390
12.239340,-0.033452,-0.174912,0.015598,-0.033452,-0.174912,0.015598,-0.244140,-0.183110,0.488280
12.249430,-0.131650,-0.138419,0.018050,-0.131650,-0.138419,0.018050,0.061040,-0.183110,1.342770
12.259490,-0.139400,-0.194630,-0.030509,-0.139400,-0.194630,-0.030509,0.152590,-0.061040,1.892090
12.269570,-0.166378,-0.112030,0.024623,-0.166378,-0.112030,0.024623,0.335690,-0.183110,3.570560
12.279660,-0.122036,-0.097708,0.035414,-0.122036,-0.097708,0.035414,0.610350,-0.152590,3.753660
12.289760,-0.041202,0.002943,0.051601,-0.041202,0.002943,0.051601,0.335690,-0.183110,4.425050
12.299840,-0.045420,0.035807,-0.019718,-0.045420,0.035807,-0.019718,-0.091550,0.061040,3.814700
12.309940,-0.017266,0.003532,-0.011870,-0.017266,0.003532,-0.011870,0.061040,-0.030520,2.502440
12.320030,-0.144207,0.033452,0.064157,-0.144207,0.033452,0.064157,-0.274660,-0.213620,1.434330
12.330540,0.120467,0.005886,0.021582,0.120467,0.005886,0.021582,0.122070,-0.244140,1.464840
12.340920,0.112717,-0.029430,-0.015500,0.112717,-0.029430,-0.015500,0.061040,0.122070,3.082280
12.351010,0.172558,-0.196494,0.010202,0.172558,-0.196494,0.010202,0.213620,0.152590,3.753660
12.361110,0.154606,-0.135967,-0.104084,0.154606,-0.135967,-0.104084,-0.396730,0.213620,4.974370
12.371220,0.108499,-0.020993,-0.013734,0.108499,-0.020993,-0.013734,-0.091550,0.183110,4.394530
12.381310,-0.086132,-0.059351,-0.012459,-0.086132,-0.059351,-0.012459,-0.152590,0.183110,3.448490
12.391400,-0.139400,0.114875,-0.080736,-0.139400,0.114875,-0.080736,-0.427250,0.335690,2.044680
12.401500,-0.164514,0.028057,-0.034041,-0.164514,0.028057,-0.034041,-0.366210,0.335690,1.739500
12.411590,-0.170498,-0.100651,-0.106537,-0.170498,-0.100651,-0.106537,-0.610350,0.457760,2.014160
12.421700,-0.305876,-0.172558,-0.064550,-0.305876,-0.172558,-0.064550,-0.823970,0.335690,2.227780
12.431630,-0.205912,-0.119192,-0.001079,-0.205912,-0.119192,-0.001079,-0.427250,0.549320,2.593990
12.441370,0.013832,0.122625,-0.026291,0.013832,0.122625,-0.026291,-0.274660,0.671390,2.685550
12.451480,0.013244,-0.046205,-0.050227,0.013244,-0.046205,-0.050227,-0.579830,0.518800,2.838130
12.461540,-0.002256,0.027468,0.024623,-0.002256,0.027468,0.024623,-0.427250,0.274660,3.265380
12.471630,-0.058566,0.100553,-0.021484,-0.058566,0.100553,-0.021484,-0.061040,0.549320,3.601070
12.481720,-0.096334,0.324417,0.115660,-0.096334,0.324417,0.115660,0.183110,0.579830,5.126950
12.491810,-0.224453,0.077793,0.039632,-0.224453,0.077793,0.039632,0.000000,0.549320,5.584720
12.501900,-0.124391,0.089762,-0.053170,-0.124391,0.089762,-0.053170,-0.244140,0.701900,5.950930
12.511990,0.019228,0.143618,-0.017854,0.019228,0.143618,-0.017854,-0.305180,0.183110,5.645750
12.522130,-0.150191,0.150780,-0.037670,-0.150191,0.150780,-0.037670,0.335690,0.030520,5.401610
12.532530,-0.074752,0.085543,0.020993,-0.074752,0.085543,0.020993,0.183110,0.000000,5.249020
12.542940,0.010889,0.048461,0.000098,0.010889,0.048461,0.000098,0.091550,-0.091550,5.340580
12.553030,-0.062195,0.174716,0.019228,-0.062195,0.174716,0.019228,0.549320,0.244140,5.584720
12.563130,-0.090939,0.075929,-0.029822,-0.090939,0.075929,-0.029822,0.152590,0.427250,5.737300
12.573230,-0.101632,0.044832,-0.034629,-0.101632,0.044832,-0.034629,0.244140,0.335690,5.096440
12.583490,-0.191491,0.101141,0.029430,-0.191491,0.101141,0.029430,-0.091550,0.244140,4.760740
12.593480,-0.109480,0.169419,0.097119,-0.109480,0.169419,0.097119,0.427250,0.213620,3.814700
12.603580,-0.262712,0.099866,0.001864,-0.262712,0.099866,0.001864,-0.030520,-0.274660,1.342770
12.613670,-0.517183,-0.086917,0.003630,-0.517183,-0.086917,0.003630,-0.366210,-0.457760,0.549320
12.623760,-0.228573,0.065138,-0.059252,-0.228573,0.065138,-0.059252,0.457760,-0.915530,-0.488280
12.633820,-0.164514,0.011281,-0.016088,-0.164514,0.011281,-0.016088,0.732420,-0.854490,-0.640870
12.643500,-0.183741,-0.085739,-0.053857,-0.183741,-0.085739,-0.053857,0.183110,-0.366210,0.579830
12.653580,-0.246623,-0.150387,-0.025114,-0.246623,-0.150387,-0.025114,0.305180,-0.152590,1.556400
12.663660,-0.214839,-0.072496,-0.024525,-0.214839,-0.072496,-0.024525,0.671390,-0.152590,2.532960
12.673750,-0.422615,-0.109087,-0.026879,-0.422615,-0.109087,-0.026879,-0.152590,0.091550,3.662110
12.683840,-0.480690,-0.110264,-0.107714,-0.480690,-0.110264,-0.107714,-0.244140,0.152590,3.631590
12.693930,-0.452535,-0.168928,0.027566,-0.452535,-0.168928,0.027566,0.427250,0.274660,4.608150
12.704640,-0.518459,-0.149210,0.065923,-0.518459,-0.149210,0.065923,0.091550,0.366210,5.218510
12.714340,-0.411824,0.010104,0.036003,-0.411824,0.010104,0.036003,0.030520,0.579830,6.469730
12.724280,-0.271737,-0.046794,-0.016088,-0.271737,-0.046794,-0.016088,-0.030520,0.793460,7.324220
12.734410,-0.211209,-0.058173,0.015009,-0.211209,-0.058173,0.015009,-0.640870,1.098630,8.483890
12.744490,-0.157941,-0.045616,-0.026291,-0.157941,-0.045616,-0.026291,-0.152590,1.251220,10.131840
12.754580,-0.068180,0.047186,0.038357,-0.068180,0.047186,0.038357,-0.183110,1.159670,10.986330
12.764670,-0.145384,0.195710,0.063569,-0.145384,0.195710,0.063569,0.457760,0.793460,10.437010
12.774760,-0.152546,0.187960,-0.050227,-0.152546,0.187960,-0.050227,-0.061040,0.732420,9.552000
12.784850,-0.173539,0.156764,-0.081914,-0.173539,0.156764,-0.081914,-0.549320,0.640870,5.889890
12.794940,-0.291455,0.163337,-0.004709,-0.291455,0.163337,-0.004709,-0.427250,0.732420,4.058840
12.805030,-0.330401,0.055034,-0.040025,-0.330401,0.055034,-0.040025,-0.366210,0.549320,2.838130
12.815120,-0.179523,0.146659,-0.016088,-0.179523,0.146659,-0.016088,-0.518800,0.427250,0.427250
12.825250,-0.086720,0.081914,-0.151368,-0.086720,0.081914,-0.151368,-0.610350,0.488280,0.030520
12.835760,0.060626,0.208855,-0.134691,0.060626,0.208855,-0.134691,-0.762940,0.152590,-2.380370
12.846160,0.119290,0.074752,-0.111344,0.119290,0.074752,-0.111344,-0.274660,-0.274660,-3.692630
12.856220,0.238972,0.064550,-0.115464,0.238972,0.064550,-0.115464,-0.244140,-0.274660,-6.530760
12.866310,0.049835,-0.009614,0.022857,0.049835,-0.009614,0.022857,0.213620,-0.335690,-6.927490
12.876410,-0.007063,0.055034,-0.032864,-0.007063,0.055034,-0.032864,-0.061040,-0.549320,-6.011960
12.886510,-0.277721,-0.253981,-0.094568,-0.277721,-0.253981,-0.094568,-0.122070,-0.396730,-5.096440
12.896600,-0.219057,-0.379647,-0.035218,-0.219057,-0.379647,-0.035218,-0.183110,-0.030520,-3.021240
12.906710,-0.278310,-0.322160,-0.033452,-0.278310,-0.322160,-0.033452,-0.823970,0.396730,2.349850
12.916800,-0.374153,-0.275465,-0.002354,-0.374153,-0.275465,-0.002354,-0.457760,0.396730,5.187990
12.926900,0.079167,-0.155194,-0.034041,0.079167,-0.155194,-0.034041,-0.427250,1.037600,10.314940
12.936850,-0.150780,-0.185703,0.031196,-0.150780,-0.185703,0.031196,0.274660,1.068120,11.932370
12.946570,-0.136457,-0.330597,-0.065237,-0.136457,-0.330597,-0.065237,0.213620,1.434330,14.465330
12.956650,0.053366,-0.199437,-0.074752,0.053366,-0.199437,-0.074752,0.030520,1.312260,16.052250
12.966750,0.473136,0.095157,-0.150191,0.473136,0.095157,-0.150191,-0.213620,1.861570,17.486570
12.976850,0.174912,-0.073771,-0.041889,0.174912,-0.073771,-0.041889,0.457760,2.105710,20.965580
12.986930,0.192276,-0.177267,0.053366,0.192276,-0.177267,0.053366,0.152590,2.014160,22.613530
12.997020,0.396520,0.051404,-0.106537,0.396520,0.051404,-0.106537,0.762940,2.471920,24.414060
13.007110,0.418004,0.180700,-0.089173,0.418004,0.180700,-0.089173,0.091550,2.410890,24.139400
13.017230,0.455184,0.268205,-0.099964,0.455184,0.268205,-0.099964,0.518800,2.380370,24.322510
13.027290,0.279683,0.159805,0.037180,0.279683,0.159805,0.037180,0.457760,2.685550,24.078370
13.037710,0.405447,0.206501,-0.034629,0.405447,0.206501,-0.034629,0.885010,2.380370,23.406980
13.048070,0.237794,0.163337,0.032962,0.237794,0.163337,0.032962,0.152590,2.227780,20.629880
13.058200,0.217488,0.123312,0.025800,0.217488,0.123312,0.025800,-0.122070,2.075200,18.066410
13.068270,0.206697,0.309506,0.129394,0.206697,0.309506,0.129394,0.396730,1.434330,13.275150
13.078400,0.167751,0.240051,0.029430,0.167751,0.240051,0.029430,0.488280,1.251220,10.650630
13.088470,0.113306,0.201694,0.085739,0.113306,0.201694,0.085739,0.122070,0.335690,6.011960
13.098560,0.164121,0.077205,0.061116,0.164121,0.077205,0.061116,0.488280,0.396730,4.394530
13.108680,0.138419,-0.101828,0.042575,0.138419,-0.101828,0.042575,0.000000,0.488280,3.814700
13.118960,0.089958,-0.233576,-0.069357,0.089958,-0.233576,-0.069357,-0.335690,0.457760,3.509520
13.128980,0.184526,-0.340799,-0.088584,0.184526,-0.340799,-0.088584,-0.579830,0.579830,3.234860
13.139070,0.318629,-0.098885,-0.016677,0.318629,-0.098885,-0.016677,-0.030520,0.244140,3.173830
13.148640,0.175501,-0.307838,-0.072398,0.175501,-0.307838,-0.072398,-0.823970,0.488280,3.082280
13.158720,0.353945,-0.130571,-0.029234,0.353945,-0.130571,-0.029234,-0.915530,0.183110,1.647950
13.168980,0.123410,-0.240737,-0.087309,0.123410,-0.240737,-0.087309,-0.915530,0.000000,1.007080
13.179020,0.108499,-0.364736,-0.126843,0.108499,-0.364736,-0.126843,-0.732420,0.061040,0.518800
13.189030,-0.008829,-0.267715,-0.097511,-0.008829,-0.267715,-0.097511,-0.396730,-0.061040,-0.457760
13.199120,0.218665,-0.207874,-0.028057,0.218665,-0.207874,-0.028057,-1.037600,0.122070,-0.213620
13.209240,0.189922,-0.173147,-0.038259,0.189922,-0.173147,-0.038259,-0.061040,-0.030520,1.403810
13.219300,0.208463,-0.024623,-0.075929,0.208463,-0.024623,-0.075929,-0.488280,0.244140,1.831050
13.229420,0.113306,-0.096432,-0.066414,0.113306,-0.096432,-0.066414,-0.396730,0.305180,1.953120
13.239730,-0.072300,-0.023446,-0.010104,-0.072300,-0.023446,-0.010104,-0.122070,0.366210,2.044680
13.249790,-0.028645,0.021484,-0.044243,-0.028645,0.021484,-0.044243,0.366210,0.457760,2.044680
13.259730,-0.031588,0.053170,-0.056211,-0.031588,0.053170,-0.056211,0.366210,0.579830,1.953120
13.269820,-0.111245,-0.027664,-0.084955,-0.111245,-0.027664,-0.084955,0.213620,0.427250,2.166750
13.279900,-0.024427,0.098100,0.031196,-0.024427,0.098100,0.031196,0.579830,0.061040,2.349850
13.290000,-0.062195,0.115464,-0.113698,-0.062195,0.115464,-0.113698,0.579830,0.122070,2.593990
13.300080,-0.150780,0.062784,-0.000491,-0.150780,0.062784,-0.000491,0.579830,0.244140,2.746580
13.310170,0.005494,0.098100,0.017462,0.005494,0.098100,0.017462,0.366210,0.213620,2.746580
13.320350,0.090546,0.111245,0.012655,0.090546,0.111245,0.012655,0.000000,0.061040,2.655030
13.330360,-0.074752,0.032275,0.052778,-0.074752,0.032275,0.052778,0.213620,-0.335690,3.204350
13.340500,-0.004120,-0.026389,-0.006475,-0.004120,-0.026389,-0.006475,-0.061040,-0.335690,3.692630
13.350580,0.040221,0.114875,0.009614,0.040221,0.114875,0.009614,-0.244140,0.000000,4.425050
13.360670,-0.030411,0.090350,-0.171773,-0.030411,0.090350,-0.171773,-0.488280,0.183110,4.516600
13.370760,0.112030,-0.070730,-0.024525,0.112030,-0.070730,-0.024525,-0.701900,-0.152590,4.425050
13.380850,0.195317,0.156175,0.003041,0.195317,0.156175,0.003041,-0.183110,-0.274660,3.814700
13.390950,0.215035,0.145384,-0.056211,0.215035,0.145384,-0.056211,-0.244140,-0.488280,3.417970
13.401040,0.128805,0.055034,0.008437,0.128805,0.055034,0.008437,-0.366210,-0.549320,3.204350
13.411120,0.118701,-0.062392,-0.049639,0.118701,-0.062392,-0.049639,-0.122070,-0.518800,3.570560
13.421220,0.304895,0.243582,0.051601,0.304895,0.243582,0.051601,0.091550,-0.671390,3.906250
13.431310,0.231810,0.175403,-0.015500,0.231810,0.175403,-0.015500,0.244140,-0.640870,3.631590
13.441810,0.416827,0.199928,-0.046009,0.416827,0.199928,-0.046009,0.000000,-0.610350,1.556400
13.452220,0.254570,0.138223,-0.081914,0.254570,0.138223,-0.081914,0.335690,-0.701900,0.915530
13.462280,0.161178,-0.006082,-0.078382,0.161178,-0.006082,-0.078382,-0.213620,-0.396730,0.030520
13.472370,0.016873,-0.077303,-0.116641,0.016873,-0.077303,-0.116641,-0.213620,0.030520,0.793460
13.482470,0.297047,-0.101828,-0.213662,0.297047,-0.101828,-0.213662,-0.366210,0.122070,1.251220
13.492560,0.061214,-0.031196,-0.133416,0.061214,-0.031196,-0.133416,-0.823970,0.671390,2.807620
13.502660,0.051012,-0.066512,-0.006475,0.051012,-0.066512,-0.006475,-0.793460,0.549320,3.936770
13.512750,0.308426,0.038259,-0.017266,0.308426,0.038259,-0.017266,-0.457760,0.732420,4.211430
13.522850,0.287531,0.106537,-0.133416,0.287531,0.106537,-0.133416,-0.976560,0.885010,3.875730
13.532950,0.205520,0.081914,-0.038848,0.205520,0.081914,-0.038848,-0.732420,0.579830,3.662110
13.542870,0.095353,-0.007259,-0.024525,0.095353,-0.007259,-0.024525,-0.793460,0.701900,3.997800
13.552620,0.210915,-0.164121,-0.035218,0.210915,-0.164121,-0.035218,-0.610350,1.007080,5.065920
13.562710,0.160590,-0.112030,0.020993,0.160590,-0.112030,0.020993,-0.488280,1.220700,8.148190
13.572800,-0.052582,-0.090448,-0.008927,-0.052582,-0.090448,-0.008927,-0.396730,1.159670,9.826660
13.582890,0.094078,-0.077891,0.070142,0.094078,-0.077891,0.070142,-0.030520,1.403810,13.549800
13.592980,0.025898,0.090939,0.056996,0.025898,0.090939,0.056996,0.213620,1.617430,15.167240
13.603070,0.096530,0.075929,0.057585,0.096530,0.075929,0.057585,0.152590,1.586910,16.082760
13.613230,-0.038259,0.144207,-0.021484,-0.038259,0.144207,-0.021484,0.091550,1.647950,15.197750
13.623340,0.122821,0.134005,-0.062195,0.122821,0.134005,-0.062195,0.152590,1.342770,14.251710
13.633400,-0.109480,0.153232,-0.058566,-0.109480,0.153232,-0.058566,0.000000,1.037600,11.779790
13.643500,-0.026879,-0.079755,-0.074164,-0.026879,-0.079755,-0.074164,-0.335690,1.342770,10.742190
13.653580,0.046794,-0.124587,-0.078382,0.046794,-0.124587,-0.078382,-0.427250,1.037600,9.826660
13.663660,-0.031000,-0.071319,0.006671,-0.031000,-0.071319,0.006671,0.152590,0.885010,9.765620
13.673840,0.037278,-0.165887,-0.037670,0.037278,-0.165887,-0.037670,0.183110,0.885010,10.314940
13.683880,-0.148425,-0.186881,-0.053857,-0.148425,-0.186881,-0.053857,0.030520,1.373290,11.322020
13.693970,-0.238775,-0.185115,-0.055623,-0.238775,-0.185115,-0.055623,-0.213620,1.312260,11.169430
13.704050,-0.058566,0.031686,-0.013734,-0.058566,0.031686,-0.013734,0.122070,1.129150,10.253910
13.714160,-0.154998,0.105261,-0.099277,-0.154998,0.105261,-0.099277,0.030520,1.007080,8.697510
13.724240,-0.145973,0.056800,-0.104084,-0.145973,0.056800,-0.104084,0.061040,0.823970,6.347660
13.734330,-0.207678,-0.004905,-0.000491,-0.207678,-0.004905,-0.000491,-0.427250,0.610350,5.462650
13.745950,-0.182466,-0.191099,-0.111344,-0.182466,-0.191099,-0.111344,-0.946040,0.885010,5.126950
13.756220,-0.252607,-0.217978,0.010889,-0.252607,-0.217978,0.010889,-0.854490,0.762940,5.126950
13.766310,-0.144796,-0.047382,0.037769,-0.144796,-0.047382,0.037769,0.457760,0.610350,6.195070
13.776430,-0.065138,-0.088682,-0.035807,-0.065138,-0.088682,-0.035807,0.457760,0.701900,6.469730
13.786620,-0.131650,-0.168340,-0.153821,-0.131650,-0.168340,-0.153821,0.122070,0.732420,6.622310
13.796720,-0.001668,-0.067100,-0.087309,-0.001668,-0.067100,-0.087309,-0.030520,0.823970,6.866460
13.806810,-0.053759,-0.082110,-0.065237,-0.053759,-0.082110,-0.065237,-0.335690,0.915530,7.324220
13.816730,0.143226,-0.098296,-0.115464,0.143226,-0.098296,-0.115464,-0.457760,0.854490,7.904050
13.826820,-0.025604,-0.031196,-0.077793,-0.025604,-0.031196,-0.077793,-0.030520,1.037600,8.544920
13.836950,-0.083679,-0.051601,-0.040025,-0.083679,-0.051601,-0.040025,-0.061040,0.732420,8.789060
13.846120,0.005494,0.090939,-0.019718,0.005494,0.090939,-0.019718,-0.091550,0.640870,9.429930
13.853880,-0.120271,0.159805,-0.025702,-0.120271,0.159805,-0.025702,0.549320,0.762940,10.040280
13.863940,0.010889,0.220823,-0.030509,0.010889,0.220823,-0.030509,-0.091550,0.793460,10.375980
13.874010,-0.004120,0.184330,-0.008927,-0.004120,0.184330,-0.008927,0.274660,0.640870,10.192870
13.884090,-0.040025,0.296262,-0.013734,-0.040025,0.296262,-0.013734,0.518800,0.305180,8.666990
13.894220,-0.117818,0.047775,-0.008339,-0.117818,0.047775,-0.008339,-0.061040,0.549320,8.056640
13.904230,0.146169,-0.015009,-0.152644,0.146169,-0.015009,-0.152644,-0.427250,0.610350,7.354740
13.914300,0.024035,0.168143,-0.047186,0.024035,0.168143,-0.047186,0.091550,0.610350,6.805420
13.924360,-0.094470,0.090350,0.041398,-0.094470,0.090350,0.041398,0.274660,0.457760,5.981450
13.934430,-0.028645,0.102318,-0.061607,-0.028645,0.102318,-0.061607,0.061040,0.396730,5.920410
13.944490,0.000687,0.067002,-0.010104,0.000687,0.067002,-0.010104,0.000000,0.396730,5.889890
13.954560,-0.093293,0.166378,0.032373,-0.093293,0.166378,0.032373,0.335690,0.152590,4.699710
13.964630,-0.123802,0.165789,-0.028645,-0.123802,0.165789,-0.028645,0.427250,0.122070,3.723140
13.974700,0.017462,0.040025,0.035414,0.017462,0.040025,0.035414,0.152590,0.091550,3.387450
13.984760,0.003728,-0.028253,-0.048461,0.003728,-0.028253,-0.048461,-0.122070,0.274660,3.479000
13.994830,-0.108891,-0.170105,0.004905,-0.108891,-0.170105,0.004905,0.152590,0.335690,3.967290
14.004890,-0.150191,-0.046794,0.089860,-0.150191,-0.046794,0.089860,0.610350,0.549320,6.347660
14.014960,-0.143030,-0.079755,0.018050,-0.143030,-0.079755,0.018050,0.671390,0.762940,7.873540
14.025020,-0.029234,0.068180,-0.074164,-0.029234,0.068180,-0.074164,0.274660,1.159670,9.399410
14.035110,0.022269,0.054446,0.010889,0.022269,0.054446,0.010889,0.274660,0.976560,9.674070
14.045160,-0.036395,0.112521,-0.040613,-0.036395,0.112521,-0.040613,0.335690,0.762940,9.033200
14.055220,-0.014813,0.095746,0.064746,-0.014813,0.095746,0.064746,0.549320,0.640870,8.331300
14.065290,-0.003532,0.072398,0.092312,-0.003532,0.072398,0.092312,0.885010,0.518800,8.209230
14.075380,-0.181877,0.020307,0.104869,-0.181877,0.020307,0.104869,0.640870,0.671390,8.880620
14.087850,0.038455,-0.074948,0.089860,0.038455,-0.074948,0.089860,1.159670,0.701900,10.437010
14.097900,-0.166966,-0.123998,0.046794,-0.166966,-0.123998,0.046794,1.190190,0.946040,10.955810
14.107820,-0.084268,-0.148523,0.094667,-0.084268,-0.148523,0.094667,1.403810,1.129150,11.749270
14.117970,-0.041202,-0.043164,0.001864,-0.041202,-0.043164,0.001864,0.335690,1.068120,11.749270
14.127970,0.079755,-0.047971,0.070142,0.079755,-0.047971,0.070142,0.152590,0.915530,11.383060
14.138020,0.059939,-0.012066,0.138419,0.059939,-0.012066,0.138419,0.427250,0.946040,10.223390
14.148090,-0.041202,-0.074360,0.055721,-0.041202,-0.074360,0.055721,0.427250,0.732420,9.948730
14.158150,0.168340,-0.116837,0.073085,0.168340,-0.116837,0.073085,0.762940,0.762940,9.063720
14.168240,-0.044832,-0.230044,0.083876,-0.044832,-0.230044,0.083876,-0.061040,0.610350,9.429930
14.178290,0.084562,-0.177267,-0.017854,0.084562,-0.177267,-0.017854,0.244140,0.793460,10.009770
14.188350,0.016285,-0.143226,-0.032275,0.016285,-0.143226,-0.032275,-0.152590,0.946040,10.742190
14.198420,0.130081,-0.143815,-0.044832,0.130081,-0.143815,-0.044832,0.122070,0.915530,10.650630
14.208480,0.140185,0.045420,0.024623,0.140185,0.045420,0.024623,0.213620,0.915530,9.216310
14.218550,0.086328,0.075341,-0.023838,0.086328,0.075341,-0.023838,0.061040,0.671390,7.598880
14.228620,0.053366,0.047775,0.052189,0.053366,0.047775,0.052189,0.152590,0.244140,5.920410
14.238830,-0.019031,0.007063,-0.023838,-0.019031,0.007063,-0.023838,-0.122070,0.396730,5.340580
14.248910,-0.035807,-0.049737,0.045616,-0.035807,-0.049737,0.045616,-0.061040,0.488280,4.486080
14.258870,0.056407,-0.058173,0.022857,0.056407,-0.058173,0.022857,-0.610350,0.152590,2.868650
14.268930,-0.030411,0.016677,0.026978,-0.030411,0.016677,0.026978,0.274660,0.183110,2.227780
14.279060,0.028841,-0.031784,0.010202,0.028841,-0.031784,0.010202,-0.061040,0.183110,1.129150
14.289160,0.042575,0.040613,0.104869,0.042575,0.040613,0.104869,0.152590,0.061040,0.366210
14.299150,0.029430,-0.072496,0.054544,0.029430,-0.072496,0.054544,0.518800,-0.122070,-0.549320
14.309210,-0.110068,-0.056996,0.165887,-0.110068,-0.056996,0.165887,0.518800,-0.152590,-0.640870
14.319280,-0.007652,0.006475,0.058173,-0.007652,0.006475,0.058173,0.457760,0.213620,-0.579830
14.329340,-0.047186,-0.201890,0.149210,-0.047186,-0.201890,0.149210,0.549320,-0.335690,0.000000
14.339410,-0.072300,-0.192865,0.059939,-0.072300,-0.192865,0.059939,-0.091550,-0.335690,0.946040
14.349480,-0.139400,-0.436545,-0.090350,-0.139400,-0.436545,-0.090350,-1.007080,0.213620,2.563480
14.359540,-0.060332,-0.326379,-0.134005,-0.060332,-0.326379,-0.134005,-0.793460,0.305180,2.960210
14.369630,-0.104673,-0.385631,-0.072398,-0.104673,-0.385631,-0.072398,-0.457760,0.244140,2.197270
14.379690,-0.105261,-0.016873,-0.009516,-0.105261,-0.016873,-0.009516,0.518800,0.244140,2.349850
14.389750,-0.068180,-0.203067,-0.074752,-0.068180,-0.203067,-0.074752,-0.061040,0.183110,2.349850
14.399820,0.045028,0.035218,-0.063373,0.045028,0.035218,-0.063373,-0.061040,0.152590,1.556400
14.409880,-0.046009,0.046009,0.004905,-0.046009,0.046009,0.004905,-0.122070,-0.152590,1.556400
14.419950,-0.034629,0.134593,-0.062195,-0.034629,0.134593,-0.062195,-0.396730,0.091550,1.983640
14.430020,0.030019,0.277721,-0.129296,0.030019,0.277721,-0.129296,-1.037600,0.183110,2.014160
14.440100,0.076714,0.390929,-0.044243,0.076714,0.390929,-0.044243,-0.091550,-0.122070,-0.671390
14.450150,0.133612,0.361008,-0.001079,0.133612,0.361008,-0.001079,0.335690,-0.396730,-2.471920
14.460220,0.043851,0.304110,-0.081325,0.043851,0.304110,-0.081325,-0.488280,-0.274660,-4.150390
14.470280,0.025212,0.101141,-0.111344,0.025212,0.101141,-0.111344,-0.244140,-0.579830,-6.378170
14.480350,0.086917,0.067002,-0.083189,0.086917,0.067002,-0.083189,-0.366210,-0.610350,-6.896970
14.490410,0.083287,0.099277,0.019228,0.083287,0.099277,0.019228,-0.366210,-0.518800,-7.843020
14.500480,0.016285,0.031098,0.022269,0.016285,0.031098,0.022269,-0.396730,-0.640870,-8.697510
14.510540,0.100062,-0.042575,-0.107125,0.100062,-0.042575,-0.107125,-0.152590,-0.427250,-8.361820
14.520610,0.066610,-0.062980,-0.031686,0.066610,-0.062980,-0.031686,0.152590,-0.457760,-6.866460
14.530680,-0.102907,0.020895,0.089860,-0.102907,0.020895,0.089860,1.007080,-0.671390,-5.737300
14.540740,-0.077695,-0.018639,0.070730,-0.077695,-0.018639,0.070730,0.762940,-0.396730,-3.448490
14.550810,-0.028645,-0.035414,-0.034629,-0.028645,-0.035414,-0.034629,0.488280,-0.335690,-2.319340
14.560880,-0.201694,0.132827,-0.051404,-0.201694,0.132827,-0.051404,0.244140,-0.061040,-0.793460
14.570940,-0.022072,0.175403,-0.099277,-0.022072,0.175403,-0.099277,-0.061040,0.061040,-0.427250
14.581010,-0.173539,0.256237,-0.038848,-0.173539,0.256237,-0.038848,0.274660,0.152590,-0.427250
14.591070,0.018639,0.140675,0.051601,0.018639,0.140675,0.051601,0.457760,-0.091550,-0.366210
14.601160,-0.095648,-0.017462,-0.066414,-0.095648,-0.017462,-0.066414,0.152590,0.091550,-0.183110
14.611220,-0.066316,-0.127628,-0.041202,-0.066316,-0.127628,-0.041202,-0.244140,0.305180,1.129150
14.621270,-0.048363,-0.284490,-0.192080,-0.048363,-0.284490,-0.192080,-0.427250,0.579830,1.373290
14.631340,-0.160393,-0.243779,-0.122625,-0.160393,-0.243779,-0.122625,-0.091550,0.610350,2.227780
14.641440,-0.096334,-0.098296,-0.086132,-0.096334,-0.098296,-0.086132,-0.061040,0.366210,3.234860
14.651470,-0.147150,-0.152153,-0.059841,-0.147150,-0.152153,-0.059841,-0.213620,0.610350,3.326420
14.661580,-0.044832,-0.178542,-0.150780,-0.044832,-0.178542,-0.150780,-0.335690,0.366210,3.204350
14.671610,-0.032177,-0.167162,-0.122036,-0.032177,-0.167162,-0.122036,-0.701900,0.396730,3.417970
14.681670,0.080344,-0.113207,-0.124489,0.080344,-0.113207,-0.124489,-0.244140,0.244140,4.486080
14.691740,-0.060920,-0.032962,-0.011870,-0.060920,-0.032962,-0.011870,0.305180,0.427250,5.157470
14.701800,0.082110,0.150191,-0.056800,0.082110,0.150191,-0.056800,0.305180,0.549320,6.317140
14.711890,0.086328,0.340603,-0.183741,0.086328,0.340603,-0.183741,0.305180,0.823970,6.164550
14.721940,0.070730,0.328635,-0.228671,0.070730,0.328635,-0.228671,-0.457760,0.823970,3.875730
14.732010,-0.032177,0.393283,-0.126255,-0.032177,0.393283,-0.126255,-0.518800,0.518800,2.990720
14.742070,-0.032177,0.244858,-0.150191,-0.032177,0.244858,-0.150191,-0.610350,0.579830,1.190190
14.752140,-0.322062,0.140675,-0.125078,-0.322062,0.140675,-0.125078,-0.610350,0.183110,-2.655030
14.762200,-0.426833,-0.017462,-0.022072,-0.426833,-0.017462,-0.022072,-0.823970,0.183110,-2.899170
14.772270,-0.340603,-0.095255,-0.004120,-0.340603,-0.095255,-0.004120,-0.274660,0.122070,-1.861570
14.782470,-0.297439,-0.090448,-0.080736,-0.297439,-0.090448,-0.080736,-0.457760,0.122070,-1.251220
14.792560,-0.423203,-0.110264,0.004905,-0.423203,-0.110264,0.004905,0.213620,0.061040,0.244140
14.802520,-0.245348,-0.026978,0.020405,-0.245348,-0.026978,0.020405,0.671390,0.335690,0.579830
14.812580,-0.238775,-0.015598,-0.054446,-0.238775,-0.015598,-0.054446,0.427250,0.427250,0.793460
14.822640,-0.139989,0.104673,0.062294,-0.139989,0.104673,0.062294,1.190190,0.274660,-0.030520
14.832720,-0.204048,-0.015009,0.089860,-0.204048,-0.015009,0.089860,0.427250,0.305180,-0.549320
14.842800,-0.162748,0.111245,0.081521,-0.162748,0.111245,0.081521,1.037600,0.244140,-0.823970
14.852840,-0.144796,0.046598,0.065923,-0.144796,0.046598,0.065923,0.885010,0.000000,-0.793460
14.862910,-0.179523,0.086720,0.041987,-0.179523,0.086720,0.041987,0.549320,-0.030520,0.335690
14.872980,-0.178934,0.071221,0.131846,-0.178934,0.071221,0.131846,0.610350,0.000000,0.518800
14.883060,-0.132239,0.042477,0.046794,-0.132239,0.042477,0.046794,0.457760,0.030520,0.488280
14.893100,0.058762,0.206501,0.082698,0.058762,0.206501,0.082698,0.793460,-0.091550,0.488280
14.903170,-0.084955,0.150780,0.046205,-0.084955,0.150780,0.046205,0.762940,-0.213620,0.396730
14.913240,-0.143030,0.137634,0.155194,-0.143030,0.137634,0.155194,0.335690,-0.183110,1.403810
14.923300,0.039044,0.076518,0.146758,0.039044,0.076518,0.146758,0.305180,0.152590,2.532960
14.933370,-0.021484,0.094568,0.070730,-0.021484,0.094568,0.070730,-0.366210,0.152590,4.577640
14.943440,-0.017854,-0.053366,-0.091527,-0.017854,-0.053366,-0.091527,-1.098630,0.579830,5.523680
14.953500,0.060626,0.112521,0.053366,0.060626,0.112521,0.053366,-0.915530,1.098630,6.622310
14.963580,-0.014224,0.031098,-0.146659,-0.014224,0.031098,-0.146659,-0.854490,0.518800,6.713870
14.973690,-0.080736,-0.013832,-0.184330,-0.080736,-0.013832,-0.184330,-0.762940,0.488280,6.103520
14.983700,-0.072986,-0.015009,-0.102318,-0.072986,-0.015009,-0.102318,-0.854490,0.732420,5.249020
14.993760,0.036591,-0.125176,-0.041889,0.036591,-0.125176,-0.041889,-0.885010,0.427250,5.035400
15.003890,0.084562,-0.095844,-0.087898,0.084562,-0.095844,-0.087898,-0.549320,0.640870,5.249020
15.013910,0.088094,0.009516,-0.030509,0.088094,0.009516,-0.030509,-0.457760,0.335690,5.767820
15.023970,-0.015500,0.081914,-0.123900,-0.015500,0.081914,-0.123900,-0.152590,0.152590,5.767820
15.034050,0.285667,0.053857,-0.126255,0.285667,0.053857,-0.126255,-0.213620,0.183110,6.195070
15.044120,0.220431,0.119682,0.009025,0.220431,0.119682,0.009025,0.091550,0.183110,5.493160
15.054500,0.205520,0.086132,-0.028057,0.205520,0.086132,-0.028057,0.000000,0.183110,2.655030
15.064540,0.206697,0.067591,0.061705,0.206697,0.067591,0.061705,0.122070,-0.030520,1.159670
15.074600,0.172558,0.094568,-0.005886,0.172558,0.094568,-0.005886,-0.366210,0.244140,-0.366210
15.084670,0.163533,-0.180896,0.059351,0.163533,-0.180896,0.059351,-0.122070,-0.122070,-0.274660
15.094740,-0.014224,-0.158726,-0.023250,-0.014224,-0.158726,-0.023250,0.244140,-0.122070,0.823970
15.104800,0.009123,-0.206010,0.067100,0.009123,-0.206010,0.067100,0.061040,0.244140,3.326420
15.114950,-0.157352,-0.137830,-0.072398,-0.157352,-0.137830,-0.072398,0.061040,0.701900,5.004880
15.124940,-0.006475,0.065825,0.076126,-0.006475,0.065825,0.076126,0.305180,0.396730,5.920410
15.135010,0.211504,-0.031196,0.044341,0.211504,-0.031196,0.044341,0.030520,0.366210,5.523680
15.145080,0.137242,0.008339,0.074948,0.137242,0.008339,0.074948,-0.030520,0.274660,4.516600
15.155140,0.046794,-0.067100,0.056996,0.046794,-0.067100,0.056996,-0.122070,0.427250,4.272460
15.165230,0.037278,-0.085053,-0.010104,0.037278,-0.085053,-0.010104,-0.122070,0.701900,4.241940
15.175270,0.118701,-0.173735,-0.074164,0.118701,-0.173735,-0.074164,-0.488280,0.671390,4.364010
15.185340,-0.116052,0.027468,-0.044832,-0.116052,0.027468,-0.044832,-0.549320,0.518800,4.180910
15.195410,-0.059743,0.069357,0.054544,-0.059743,0.069357,0.054544,-0.030520,0.457760,3.875730
15.205470,-0.123214,0.086132,-0.000491,-0.123214,0.086132,-0.000491,-0.061040,0.213620,3.387450
15.215540,0.112030,0.160982,-0.009516,0.112030,0.160982,-0.009516,0.122070,0.213620,2.502440
15.225610,-0.023250,0.224453,0.025800,-0.023250,0.224453,0.025800,0.152590,0.213620,1.525880
15.235770,-0.019031,0.281351,0.091037,-0.019031,0.281351,0.091037,0.396730,0.152590,0.610350
15.245890,-0.051404,0.122625,-0.001766,-0.051404,0.122625,-0.001766,-0.183110,-0.061040,0.244140
15.255840,0.030607,0.092705,0.084464,0.030607,0.092705,0.084464,0.488280,-0.091550,0.061040
15.265900,0.041987,-0.018050,0.036591,0.041987,-0.018050,0.036591,0.549320,-0.396730,-0.457760
15.275970,-0.032864,-0.056407,-0.040025,-0.032864,-0.056407,-0.040025,0.305180,-0.183110,-0.274660
15.286040,0.040810,-0.056407,0.049737,0.040810,-0.056407,0.049737,-0.244140,-0.091550,0.000000
15.296100,-0.080148,-0.089860,-0.022072,-0.080148,-0.089860,-0.022072,-0.030520,-0.030520,0.427250
15.306170,-0.038259,-0.277329,-0.176580,-0.038259,-0.277329,-0.176580,0.061040,-0.061040,0.732420
15.316250,-0.040613,-0.125862,-0.111932,-0.040613,-0.125862,-0.111932,-0.366210,0.152590,1.068120
15.326300,-0.056800,-0.146758,-0.125078,-0.056800,-0.146758,-0.125078,-0.701900,0.091550,0.854490
15.336360,-0.023250,-0.286256,-0.056800,-0.023250,-0.286256,-0.056800,-0.244140,0.091550,0.549320
15.346430,-0.051993,-0.230044,-0.150780,-0.051993,-0.230044,-0.150780,-0.427250,-0.030520,0.366210
15.356500,0.031883,-0.253392,-0.118505,0.031883,-0.253392,-0.118505,-0.061040,0.000000,1.159670
15.366560,0.177365,-0.233576,-0.053857,0.177365,-0.233576,-0.053857,-0.274660,0.183110,1.159670
15.376630,0.002551,-0.224649,-0.137634,0.002551,-0.224649,-0.137634,0.000000,-0.030520,0.579830
15.386700,0.204931,-0.109087,-0.007750,0.204931,-0.109087,-0.007750,-0.030520,0.152590,0.366210
15.396760,0.041987,-0.146758,-0.077205,0.041987,-0.146758,-0.077205,-0.091550,0.030520,0.518800
15.406830,0.167162,-0.164710,-0.127432,0.167162,-0.164710,-0.127432,-0.549320,-0.122070,0.030520
15.416890,0.086917,-0.127628,-0.095746,0.086917,-0.127628,-0.095746,-0.549320,0.030520,-0.701900
15.426960,0.117426,-0.156371,-0.067591,0.117426,-0.156371,-0.067591,-0.183110,-0.152590,-1.251220
15.437050,0.045028,-0.122821,0.138419,0.045028,-0.122821,0.138419,-0.335690,-0.030520,-1.007080
15.447100,0.233576,-0.156371,-0.061607,0.233576,-0.156371,-0.061607,-0.061040,0.122070,-0.396730
15.457160,0.201301,-0.325790,-0.001766,0.201301,-0.325790,-0.001766,-0.274660,0.122070,0.091550
15.467230,0.196494,-0.327556,-0.125666,0.196494,-0.327556,-0.125666,-0.488280,0.579830,0.549320
15.477290,0.039044,-0.113796,-0.152644,0.039044,-0.113796,-0.152644,-0.030520,-0.061040,0.061040
15.487360,0.140185,0.095746,-0.077205,0.140185,0.095746,-0.077205,0.305180,0.030520,-0.274660
15.497420,0.051601,-0.186881,0.001275,0.051601,-0.186881,0.001275,-0.183110,-0.030520,-0.976560
15.507490,0.080344,0.053170,0.038357,0.080344,0.053170,0.038357,-0.091550,-0.152590,-3.326420
15.517550,0.022269,-0.062980,0.031784,0.022269,-0.062980,0.031784,-0.305180,-0.152590,-4.028320
15.527620,0.007259,-0.064746,0.015598,0.007259,-0.064746,0.015598,-0.030520,-0.152590,-3.631590
15.537680,0.110264,-0.052189,0.096432,0.110264,-0.052189,0.096432,0.335690,-0.183110,-3.906250
15.547750,0.065923,0.007063,0.042575,0.065923,0.007063,0.042575,0.244140,-0.030520,-3.540040
15.557810,0.158137,-0.064157,0.019228,0.158137,-0.064157,0.019228,0.244140,-0.335690,-3.387450
15.567900,0.046794,0.021484,0.015598,0.046794,0.021484,0.015598,0.213620,-0.030520,-3.631590
15.577970,0.095353,0.102318,-0.038259,0.095353,0.102318,-0.038259,-0.061040,-0.213620,-4.516600
15.588030,0.272522,-0.082698,-0.144207,0.272522,-0.082698,-0.144207,0.152590,-0.213620,-5.218510
15.598090,0.055230,-0.171283,0.024035,0.055230,-0.171283,0.024035,0.213620,-0.396730,-6.469730
15.608160,0.130081,-0.120467,0.038946,0.130081,-0.120467,0.038946,0.000000,-0.427250,-6.835940
15.618230,0.148622,-0.133612,0.062980,0.148622,-0.133612,0.062980,-0.640870,-0.335690,-6.500240
15.628290,0.160590,-0.292240,-0.126255,0.160590,-0.292240,-0.126255,-1.159670,-0.152590,-6.073000
15.638370,0.156371,-0.147935,-0.116052,0.156371,-0.147935,-0.116052,-0.396730,-0.091550,-6.317140
15.648430,0.315097,0.001766,0.145580,0.315097,0.001766,0.145580,0.488280,-0.427250,-5.584720
15.658490,0.253392,-0.031784,-0.065825,0.253392,-0.031784,-0.065825,0.091550,-0.061040,-5.493160
15.668560,0.291749,0.098689,0.048560,0.291749,0.098689,0.048560,0.000000,-0.366210,-5.920410
15.678620,0.201890,0.036493,-0.008339,0.201890,0.036493,-0.008339,0.488280,-0.244140,-6.622310
15.688690,0.148622,0.158039,0.049737,0.148622,0.158039,0.049737,0.274660,-0.366210,-6.256100
15.698840,0.215624,-0.007259,0.001275,0.215624,-0.007259,0.001275,0.122070,-0.549320,-6.683350
15.708840,0.284490,0.026291,-0.007161,0.284490,0.026291,-0.007161,-0.183110,-0.396730,-6.408690
15.718900,0.303718,-0.109676,0.045616,0.303718,-0.109676,0.045616,-0.610350,-0.335690,-6.225590
15.728970,0.439586,-0.116249,-0.086132,0.439586,-0.116249,-0.086132,-0.518800,-0.396730,-6.073000
15.739030,0.367777,-0.100651,-0.071221,0.367777,-0.100651,-0.071221,-0.457760,-0.396730,-5.584720
15.749100,0.343154,-0.172558,-0.100553,0.343154,-0.172558,-0.100553,-0.885010,-0.183110,-5.584720
15.759180,0.364736,-0.020993,-0.051993,0.364736,-0.020993,-0.051993,0.305180,-0.427250,-6.378170
15.769380,0.224060,0.147837,-0.037670,0.224060,0.147837,-0.037670,0.183110,-0.579830,-6.439210
15.779460,0.328243,0.049639,0.051601,0.328243,0.049639,0.051601,0.488280,-0.671390,-6.530760
15.789420,0.310290,0.119093,0.024035,0.310290,0.119093,0.024035,-0.152590,-0.640870,-7.751460
15.799480,0.382688,0.069945,0.036591,0.382688,0.069945,0.036591,0.244140,-0.701900,-7.873540
15.809550,0.350413,-0.102416,-0.023838,0.350413,-0.102416,-0.023838,-0.335690,-0.671390,-8.483890
15.819620,0.297733,-0.177267,-0.016677,0.297733,-0.177267,-0.016677,0.091550,-0.976560,-8.300780
15.829680,0.249174,-0.151565,0.068376,0.249174,-0.151565,0.068376,0.030520,-0.946040,-6.317140
15.839770,0.210228,-0.122821,-0.074752,0.210228,-0.122821,-0.074752,-0.061040,-0.762940,-5.523680
15.849810,0.264772,-0.140185,0.034237,0.264772,-0.140185,0.034237,-0.122070,-0.671390,-4.394530
15.859890,0.182172,-0.058173,0.022857,0.182172,-0.058173,0.022857,0.213620,-0.671390,-3.173830
15.869950,0.273110,-0.020993,0.039632,0.273110,-0.020993,0.039632,0.396730,-0.549320,-3.082280
15.880010,0.201301,-0.109676,-0.057389,0.201301,-0.109676,-0.057389,0.091550,-0.671390,-3.326420
15.890080,0.181485,-0.159903,-0.047873,0.181485,-0.159903,-0.047873,-0.030520,-0.610350,-3.570560
15.900140,0.358163,-0.042575,0.000687,0.358163,-0.042575,0.000687,0.396730,-0.366210,-3.112790
15.910220,0.293515,0.038259,-0.020307,0.293515,0.038259,-0.020307,0.366210,-0.457760,-2.685550
15.920270,0.212681,0.012459,0.019816,0.212681,0.012459,0.019816,0.640870,-0.213620,-1.953120
15.930340,0.328831,0.025114,0.015598,0.328831,0.025114,0.015598,-0.091550,-0.091550,-1.007080
15.940410,0.207874,-0.033648,-0.017266,0.207874,-0.033648,-0.017266,-0.091550,0.000000,-0.915530
15.950480,0.281547,0.034041,-0.110657,0.281547,0.034041,-0.110657,-0.061040,-0.122070,-1.647950
15.960540,0.025898,0.036493,0.085739,0.025898,0.036493,0.085739,-0.152590,-0.305180,-1.800540
15.970610,0.238383,0.000491,-0.015500,0.238383,0.000491,-0.015500,0.305180,-0.427250,-1.831050
15.980670,0.203656,0.007750,-0.001079,0.203656,0.007750,-0.001079,0.122070,-0.335690,-1.647950
15.990740,0.232988,-0.064746,-0.040613,0.232988,-0.064746,-0.040613,0.152590,-0.305180,-1.770020
16.000800,0.298911,0.035807,0.046794,0.298911,0.035807,0.046794,0.244140,-0.579830,-2.441410
16.010900,0.334815,0.029234,0.024035,0.334815,0.029234,0.024035,0.244140,-0.579830,-2.777100
16.020950,0.101926,-0.132435,-0.050816,0.101926,-0.132435,-0.050816,-0.152590,-0.793460,-3.814700
16.031010,0.250351,0.037670,-0.030509,0.250351,0.037670,-0.030509,0.213620,-0.793460,-4.302980
16.041090,0.336581,-0.023446,-0.099964,0.336581,-0.023446,-0.099964,0.030520,-0.823970,-5.035400
16.051140,0.200713,0.030411,-0.010104,0.200713,0.030411,-0.010104,0.122070,-0.854490,-5.371090
16.061200,0.273110,0.092116,0.053366,0.273110,0.092116,0.053366,0.549320,-0.793460,-5.584720
16.071270,0.291063,-0.086328,-0.017854,0.291063,-0.086328,-0.017854,0.183110,-0.854490,-5.706790
16.081340,0.304895,-0.133024,-0.049639,0.304895,-0.133024,-0.049639,0.000000,-0.640870,-5.584720
16.091400,0.248585,0.008927,-0.021484,0.248585,0.008927,-0.021484,0.183110,-0.610350,-5.493160
16.101470,0.243190,0.062784,0.037769,0.243190,0.062784,0.037769,0.518800,-0.823970,-6.256100
16.111620,0.300088,0.051993,0.046205,0.300088,0.051993,0.046205,0.549320,-0.854490,-6.774900
16.121610,0.184526,-0.094078,-0.057977,0.184526,-0.094078,-0.057977,-0.030520,-0.823970,-6.713870
16.131670,0.244956,-0.065335,-0.063373,0.244956,-0.065335,-0.063373,-0.091550,-0.762940,-6.835940
16.141740,0.254570,-0.053366,-0.011281,0.254570,-0.053366,-0.011281,0.213620,-0.610350,-7.751460
16.151800,0.338445,0.026291,-0.003532,0.338445,0.026291,-0.003532,0.579830,-0.732420,-7.873540
16.161890,0.148033,-0.155783,-0.071221,0.148033,-0.155783,-0.071221,-0.152590,-0.488280,-7.751460
16.171960,0.413295,0.041202,-0.002943,0.413295,0.041202,-0.002943,0.213620,-0.762940,-7.476810
16.182010,0.306072,0.023250,0.035414,0.306072,0.023250,0.035414,0.122070,-0.793460,-7.873540
16.192080,0.282136,-0.002453,-0.031098,0.282136,-0.002453,-0.031098,0.091550,-0.701900,-7.873540
16.202150,0.210228,0.098689,-0.064550,0.210228,0.098689,-0.064550,0.579830,-0.823970,-8.056640
16.212210,0.202478,0.050227,-0.038259,0.202478,0.050227,-0.038259,0.488280,-0.854490,-8.209230
16.222280,0.215035,-0.092312,-0.159805,0.215035,-0.092312,-0.159805,-0.305180,-0.640870,-8.331300
16.232340,0.313822,-0.069553,-0.118505,0.313822,-0.069553,-0.118505,-0.305180,-0.701900,-7.751460
16.242550,0.239658,-0.191099,-0.120859,0.239658,-0.191099,-0.120859,-0.396730,-0.579830,-8.178710
16.252630,0.307838,-0.162944,-0.078970,0.307838,-0.162944,-0.078970,0.183110,-0.701900,-8.544920
16.262590,0.237206,-0.039044,0.013244,0.237206,-0.039044,0.013244,-0.030520,-0.671390,-7.965090
16.272650,0.320395,-0.150387,0.004905,0.320395,-0.150387,0.004905,0.000000,-0.427250,-7.202150
16.282710,0.228279,0.008927,-0.010104,0.228279,0.008927,-0.010104,0.213620,-0.488280,-5.706790
16.292790,0.288708,0.013734,0.015598,0.288708,0.013734,0.015598,0.152590,-0.549320,-4.882810
16.302850,0.252804,0.011870,0.005494,0.252804,0.011870,0.005494,0.274660,-0.305180,-3.753660
16.312920,0.385729,0.075341,-0.001079,0.385729,0.075341,-0.001079,0.579830,-0.305180,-3.234860
16.322980,0.546221,0.104673,0.004905,0.546221,0.104673,0.004905,0.518800,-0.183110,-3.265380
16.333050,0.471959,0.224453,0.032373,0.471959,0.224453,0.032373,0.579830,-0.305180,-3.845210
16.343120,0.437232,0.218469,0.053366,0.437232,0.218469,0.053366,0.610350,-0.274660,-4.821780
16.353180,0.486282,0.044243,-0.031686,0.486282,0.044243,-0.031686,0.091550,-0.244140,-5.187990
16.363250,0.273699,-0.104869,-0.026879,0.273699,-0.104869,-0.026879,0.000000,-0.244140,-5.645750
16.373400,0.378568,-0.144992,-0.047873,0.378568,-0.144992,-0.047873,-0.335690,0.000000,-4.516600
16.383380,0.294104,-0.038357,-0.002943,0.294104,-0.038357,-0.002943,0.091550,-0.244140,-5.035400
16.393450,0.538961,-0.056996,0.010202,0.538961,-0.056996,0.010202,0.305180,-0.122070,-3.875730
16.403510,0.389849,0.020895,-0.001079,0.389849,0.020895,-0.001079,0.152590,-0.213620,-4.272460
16.413580,0.543180,-0.028841,-0.023250,0.543180,-0.028841,-0.023250,-0.061040,-0.122070,-4.394530
16.423640,0.533566,0.028057,0.010202,0.533566,0.028057,0.010202,0.335690,-0.305180,-5.218510
16.433710,0.708478,-0.012655,0.039632,0.708478,-0.012655,0.039632,0.396730,-0.335690,-5.279540
16.443800,0.588698,0.008927,-0.012459,0.588698,0.008927,-0.012459,0.244140,-0.518800,-6.073000
16.453880,0.631175,-0.044341,-0.006475,0.631175,-0.044341,-0.006475,0.061040,-0.488280,-6.378170
16.463920,0.622837,-0.035414,-0.015500,0.622837,-0.035414,-0.015500,-0.030520,-0.427250,-5.981450
16.473990,0.577907,0.014323,0.018639,0.577907,0.014323,0.018639,-0.244140,-0.335690,-5.523680
16.484060,0.510807,-0.071319,-0.043654,0.510807,-0.071319,-0.043654,-0.305180,-0.396730,-6.378170
16.494120,0.598901,0.002354,-0.009516,0.598901,0.002354,-0.009516,0.030520,-0.396730,-7.049560
16.504180,0.580261,0.021484,-0.002354,0.580261,0.021484,-0.002354,0.274660,-0.579830,-7.263180
16.514260,0.555148,-0.003041,0.011478,0.555148,-0.003041,0.011478,0.274660,-0.610350,-8.117680
16.524320,0.495307,-0.045028,0.020993,0.495307,-0.045028,0.020993,0.000000,-0.640870,-7.995610
16.534390,0.574866,-0.112619,0.006671,0.574866,-0.112619,0.006671,0.030520,-0.457760,-7.415770
16.544450,0.506687,-0.086917,-0.010104,0.506687,-0.086917,-0.010104,-0.030520,-0.396730,-6.683350
16.554520,0.391125,-0.047971,0.010202,0.391125,-0.047971,0.010202,0.061040,-0.396730,-6.317140
16.564580,0.330008,-0.034237,-0.001766,0.330008,-0.034237,-0.001766,0.030520,-0.274660,-5.340580
16.574650,0.356397,-0.027664,-0.007161,0.356397,-0.027664,-0.007161,-0.183110,-0.183110,-4.791260
16.584720,0.450966,-0.046205,-0.020895,0.450966,-0.046205,-0.020895,-0.061040,-0.183110,-4.119870
16.594780,0.497073,0.000491,-0.018443,0.497073,0.000491,-0.018443,-0.061040,-0.152590,-4.150390
16.604850,0.476668,-0.024623,-0.023250,0.476668,-0.024623,-0.023250,-0.030520,-0.305180,-4.425050
16.614910,0.448023,-0.032962,-0.017854,0.448023,-0.032962,-0.017854,-0.061040,-0.335690,-4.272460
16.624980,0.340799,-0.032962,-0.013145,0.340799,-0.032962,-0.013145,-0.091550,-0.366210,-4.028320
16.635060,0.274386,-0.059351,-0.011870,0.274386,-0.059351,-0.011870,-0.030520,-0.366210,-3.295900
16.645140,0.238383,-0.059939,-0.016088,0.238383,-0.059939,-0.016088,0.000000,-0.305180,-2.746580
16.655180,0.197083,-0.052778,-0.019718,0.197083,-0.052778,-0.019718,0.030520,-0.213620,-1.861570
16.665240,0.121055,-0.040810,-0.016677,0.121055,-0.040810,-0.016677,0.000000,-0.213620,-1.495360
16.675310,0.095353,-0.036591,-0.022072,0.095353,-0.036591,-0.022072,0.000000,-0.152590,-1.190190
16.685380,0.055819,-0.035414,-0.023250,0.055819,-0.035414,-0.023250,-0.030520,-0.122070,-0.823970
16.695440,0.037867,-0.034826,-0.021484,0.037867,-0.034826,-0.021484,-0.091550,-0.091550,-0.701900
16.705510,0.018639,-0.031784,-0.023838,0.018639,-0.031784,-0.023838,-0.122070,-0.091550,-0.549320
16.715570,0.014519,-0.031784,-0.016677,0.014519,-0.031784,-0.016677,-0.152590,-0.091550,-0.488280
16.725750,0.011478,-0.031196,-0.017854,0.011478,-0.031196,-0.017854,-0.152590,-0.091550,-0.366210
16.735720,0.008535,-0.028841,-0.021484,0.008535,-0.028841,-0.021484,-0.122070,-0.061040,-0.335690
16.745790,-0.001668,-0.030019,-0.027468,-0.001668,-0.030019,-0.027468,-0.122070,-0.061040,-0.335690
16.755850,-0.007063,-0.024623,-0.028057,-0.007063,-0.024623,-0.028057,-0.030520,-0.061040,-0.274660
16.765940,-0.012459,-0.027664,-0.022072,-0.012459,-0.027664,-0.022072,0.000000,-0.061040,-0.274660
16.775990,-0.010693,-0.027664,-0.017266,-0.010693,-0.027664,-0.017266,0.061040,-0.091550,-0.305180
16.786050,-0.012459,-0.024035,-0.021484,-0.012459,-0.024035,-0.021484,0.061040,-0.061040,-0.274660
16.796250,-0.014224,-0.028253,-0.028645,-0.014224,-0.028253,-0.028645,0.122070,-0.030520,-0.244140
16.806340,-0.011870,-0.026389,-0.021484,-0.011870,-0.026389,-0.021484,0.091550,0.000000,-0.244140
16.816300,-0.015500,-0.025212,-0.019718,-0.015500,-0.025212,-0.019718,0.122070,0.000000,-0.274660
16.826360,-0.016677,-0.020405,-0.017266,-0.016677,-0.020405,-0.017266,0.091550,0.000000,-0.274660
16.836440,-0.017266,-0.018639,-0.017854,-0.017266,-0.018639,-0.017854,0.061040,0.000000,-0.274660
16.846530,-0.015500,-0.017462,-0.026291,-0.015500,-0.017462,-0.026291,0.030520,-0.030520,-0.305180
16.856560,-0.008240,-0.018639,-0.024525,-0.008240,-0.018639,-0.024525,0.030520,0.000000,-0.274660
16.866630,-0.007652,-0.019816,-0.019718,-0.007652,-0.019816,-0.019718,0.030520,-0.030520,-0.305180
16.876690,-0.001079,-0.022857,-0.020895,-0.001079,-0.022857,-0.020895,0.030520,-0.030520,-0.274660
16.886760,0.000098,-0.023446,-0.026291,0.000098,-0.023446,-0.026291,0.030520,-0.030520,-0.244140
16.896830,-0.001079,-0.020405,-0.026879,-0.001079,-0.020405,-0.026879,0.030520,-0.061040,-0.274660
16.906890,-0.001079,-0.019228,-0.027468,-0.001079,-0.019228,-0.027468,0.030520,-0.061040,-0.274660
16.916960,-0.005886,-0.022269,-0.023250,-0.005886,-0.022269,-0.023250,0.000000,-0.061040,-0.274660
16.927030,-0.009516,-0.022269,-0.023250,-0.009516,-0.022269,-0.023250,0.000000,-0.061040,-0.274660
16.937100,-0.004120,-0.027664,-0.027468,-0.004120,-0.027664,-0.027468,0.030520,-0.061040,-0.305180
16.947180,-0.008240,-0.024035,-0.028645,-0.008240,-0.024035,-0.028645,0.030520,-0.061040,-0.305180
16.957240,-0.010693,-0.029430,-0.024525,-0.010693,-0.029430,-0.024525,0.000000,-0.061040,-0.274660
16.967310,-0.012459,-0.028841,-0.015500,-0.012459,-0.028841,-0.015500,0.030520,-0.091550,-0.244140
16.977380,-0.014813,-0.025800,-0.010104,-0.014813,-0.025800,-0.010104,0.030520,-0.061040,-0.244140
16.987440,-0.011870,-0.021680,-0.014911,-0.011870,-0.021680,-0.014911,0.030520,-0.061040,-0.244140
16.997510,-0.004709,-0.011478,-0.015500,-0.004709,-0.011478,-0.015500,0.000000,-0.091550,-0.244140
17.007540,-0.001668,-0.015598,-0.017266,-0.001668,-0.015598,-0.017266,0.030520,-0.061040,-0.274660
17.017610,0.002551,-0.015009,-0.011870,0.002551,-0.015009,-0.011870,0.030520,-0.061040,-0.305180
17.027670,0.003139,-0.023446,-0.011281,0.003139,-0.023446,-0.011281,0.061040,-0.061040,-0.305180
17.037810,-0.001668,-0.028253,-0.028645,-0.001668,-0.028253,-0.028645,0.091550,-0.061040,-0.305180
17.047810,-0.002256,-0.028841,-0.029822,-0.002256,-0.028841,-0.029822,0.091550,-0.061040,-0.305180
17.057940,-0.002845,-0.033648,-0.012459,-0.002845,-0.033648,-0.012459,0.061040,-0.030520,-0.274660
17.067960,0.001275,-0.028841,-0.011281,0.001275,-0.028841,-0.011281,0.061040,-0.061040,-0.244140
17.078020,0.002551,-0.019816,-0.010104,0.002551,-0.019816,-0.010104,0.061040,0.000000,-0.305180
17.088100,0.006671,-0.026389,-0.016088,0.006671,-0.026389,-0.016088,0.061040,0.000000,-0.305180
17.098150,0.004905,-0.028253,-0.017266,0.004905,-0.028253,-0.017266,0.030520,0.000000,-0.274660
17.108220,-0.005886,-0.030607,-0.010104,-0.005886,-0.030607,-0.010104,0.122070,-0.030520,-0.274660
17.118380,-0.004709,-0.027664,-0.013734,-0.004709,-0.027664,-0.013734,0.122070,-0.030520,-0.274660
17.128370,-0.001668,-0.033648,-0.021484,-0.001668,-0.033648,-0.021484,0.030520,0.000000,-0.274660
17.138430,-0.004709,-0.032373,-0.022072,-0.004709,-0.032373,-0.022072,0.030520,0.000000,-0.274660
17.148490,-0.010104,-0.031784,-0.019718,-0.010104,-0.031784,-0.019718,0.061040,-0.030520,-0.274660
17.158560,-0.016677,-0.036003,-0.024525,-0.016677,-0.036003,-0.024525,0.061040,-0.030520,-0.274660
17.168650,-0.011870,-0.039632,-0.020307,-0.011870,-0.039632,-0.020307,0.030520,-0.030520,-0.274660
17.178690,-0.012459,-0.033648,-0.014911,-0.012459,-0.033648,-0.014911,0.061040,-0.030520,-0.244140
17.188760,-0.004709,-0.034237,-0.015500,-0.004709,-0.034237,-0.015500,0.030520,-0.061040,-0.244140
17.198830,-0.001079,-0.034237,-0.020895,-0.001079,-0.034237,-0.020895,0.030520,-0.061040,-0.274660
17.208890,-0.005886,-0.028253,-0.017266,-0.005886,-0.028253,-0.017266,0.000000,-0.030520,-0.274660
17.218960,-0.007652,-0.027664,-0.012459,-0.007652,-0.027664,-0.012459,-0.030520,-0.061040,-0.305180
17.229030,-0.011870,-0.024623,-0.022661,-0.011870,-0.024623,-0.022661,0.000000,-0.061040,-0.335690
17.239250,-0.017854,-0.018639,-0.018443,-0.017854,-0.018639,-0.018443,-0.030520,-0.061040,-0.335690
17.249310,-0.020209,-0.022269,-0.021484,-0.020209,-0.022269,-0.021484,0.000000,-0.030520,-0.335690
17.259260,-0.015500,-0.028253,-0.012459,-0.015500,-0.028253,-0.012459,0.030520,-0.030520,-0.305180
17.269320,-0.010104,-0.029430,-0.016088,-0.010104,-0.029430,-0.016088,0.000000,-0.030520,-0.274660
17.279390,-0.003532,-0.028841,-0.020307,-0.003532,-0.028841,-0.020307,0.000000,-0.061040,-0.305180
17.289460,-0.008240,-0.025212,-0.021484,-0.008240,-0.025212,-0.021484,0.000000,-0.030520,-0.274660
17.299540,0.000687,-0.030019,-0.018443,0.000687,-0.030019,-0.018443,-0.030520,-0.030520,-0.274660
17.309600,-0.001079,-0.027664,-0.011870,-0.001079,-0.027664,-0.011870,-0.030520,-0.030520,-0.244140
17.319670,-0.007652,-0.025212,-0.017266,-0.007652,-0.025212,-0.017266,-0.030520,-0.030520,-0.274660
17.329730,-0.004709,-0.026389,-0.015500,-0.004709,-0.026389,-0.015500,0.000000,-0.061040,-0.305180
17.339800,-0.007063,-0.029430,-0.016677,-0.007063,-0.029430,-0.016677,0.091550,0.000000,-0.305180
17.349860,-0.008240,-0.028841,-0.016088,-0.008240,-0.028841,-0.016088,0.122070,-0.030520,-0.305180
17.359930,-0.008240,-0.026389,-0.010693,-0.008240,-0.026389,-0.010693,0.122070,-0.030520,-0.305180
17.370020,0.001275,-0.021680,-0.008339,0.001275,-0.021680,-0.008339,0.152590,-0.061040,-0.274660
17.380080,0.002551,-0.016285,-0.013145,0.002551,-0.016285,-0.013145,0.152590,-0.061040,-0.274660
17.390140,0.001275,-0.026389,-0.021484,0.001275,-0.026389,-0.021484,0.122070,-0.030520,-0.274660
17.400200,0.000098,-0.026389,-0.020307,0.000098,-0.026389,-0.020307,0.091550,0.000000,-0.274660
17.410270,-0.000491,-0.025212,-0.016677,-0.000491,-0.025212,-0.016677,0.061040,-0.030520,-0.274660
17.420340,0.005494,-0.024035,-0.017266,0.005494,-0.024035,-0.017266,0.091550,-0.030520,-0.305180
17.430400,0.010301,-0.018639,-0.016088,0.010301,-0.018639,-0.016088,0.091550,0.030520,-0.274660
17.440490,0.007259,-0.015009,-0.013734,0.007259,-0.015009,-0.013734,0.122070,0.000000,-0.305180
17.450530,0.003728,-0.016285,-0.022661,0.003728,-0.016285,-0.022661,0.091550,0.000000,-0.335690
17.460600,-0.005297,-0.018050,-0.017854,-0.005297,-0.018050,-0.017854,0.000000,0.030520,-0.305180
17.470670,-0.008240,-0.018050,-0.013145,-0.008240,-0.018050,-0.013145,-0.030520,0.061040,-0.244140
17.480730,-0.010693,-0.024035,-0.015500,-0.010693,-0.024035,-0.015500,-0.091550,0.000000,-0.274660
17.490800,-0.007652,-0.022269,-0.023838,-0.007652,-0.022269,-0.023838,-0.091550,0.000000,-0.274660
17.500870,-0.011281,-0.026389,-0.035807,-0.011281,-0.026389,-0.035807,-0.091550,-0.030520,-0.244140
17.510930,-0.010693,-0.022857,-0.022661,-0.010693,-0.022857,-0.022661,-0.122070,0.000000,-0.244140
17.521000,-0.010693,-0.030607,-0.020895,-0.010693,-0.030607,-0.020895,-0.152590,-0.030520,-0.213620
17.531100,-0.012459,-0.027664,-0.031686,-0.012459,-0.027664,-0.031686,-0.152590,-0.030520,-0.152590
17.541150,-0.013636,-0.036003,-0.037082,-0.013636,-0.036003,-0.037082,-0.122070,-0.030520,-0.061040
17.551200,-0.016088,-0.040221,-0.027468,-0.016088,-0.040221,-0.027468,-0.030520,0.061040,0.213620
17.561270,-0.020895,-0.027664,-0.017266,-0.020895,-0.027664,-0.017266,0.000000,0.091550,0.274660
17.571330,-0.013636,-0.023446,-0.015500,-0.013636,-0.023446,-0.015500,0.000000,0.122070,0.427250
17.581400,-0.011870,-0.025800,-0.021484,-0.011870,-0.025800,-0.021484,0.030520,0.061040,0.549320
17.591460,-0.016088,-0.016873,-0.019130,-0.016088,-0.016873,-0.019130,0.030520,0.091550,0.579830
17.601530,-0.005886,-0.031784,-0.010693,-0.005886,-0.031784,-0.010693,0.091550,0.091550,0.640870
17.611600,-0.005297,-0.020405,-0.011281,-0.005297,-0.020405,-0.011281,0.122070,0.091550,0.671390
17.621660,-0.006475,-0.015009,-0.018443,-0.006475,-0.015009,-0.018443,0.152590,0.030520,0.396730
17.631730,-0.008240,-0.022857,-0.019718,-0.008240,-0.022857,-0.019718,0.152590,0.061040,0.244140
17.641800,-0.010104,-0.021680,-0.020895,-0.010104,-0.021680,-0.020895,0.152590,0.000000,0.061040
17.651860,-0.016677,-0.019816,-0.021484,-0.016677,-0.019816,-0.021484,0.122070,-0.030520,0.000000
17.661930,-0.011870,-0.022857,-0.019130,-0.011870,-0.022857,-0.019130,0.152590,-0.030520,-0.061040
17.671990,-0.007652,-0.019228,-0.005886,-0.007652,-0.019228,-0.005886,0.183110,-0.030520,-0.183110
17.682060,-0.005297,-0.015598,-0.008927,-0.005297,-0.015598,-0.008927,0.152590,0.000000,-0.213620
17.692130,-0.009516,-0.027664,-0.016088,-0.009516,-0.027664,-0.016088,0.091550,0.000000,-0.274660
17.702190,-0.016677,-0.025800,-0.018443,-0.016677,-0.025800,-0.018443,0.091550,0.000000,-0.244140
17.712260,-0.013047,-0.027664,-0.011281,-0.013047,-0.027664,-0.011281,0.122070,0.000000,-0.366210
17.722330,-0.008240,-0.024035,-0.005297,-0.008240,-0.024035,-0.005297,0.122070,0.000000,-0.396730
17.732390,-0.001079,-0.026389,-0.004709,-0.001079,-0.026389,-0.004709,0.091550,-0.030520,-0.427250
17.742570,-0.002845,-0.022269,-0.006475,-0.002845,-0.022269,-0.006475,0.091550,-0.061040,-0.396730
17.752550,0.000687,-0.020405,-0.009516,0.000687,-0.020405,-0.009516,0.030520,-0.061040,-0.396730
17.762610,0.002551,-0.017462,-0.001766,0.002551,-0.017462,-0.001766,0.000000,-0.030520,-0.396730
17.772670,-0.004709,-0.020405,-0.007750,-0.004709,-0.020405,-0.007750,0.000000,-0.030520,-0.366210
17.782740,-0.005886,-0.022857,-0.014911,-0.005886,-0.022857,-0.014911,0.000000,-0.061040,-0.366210
17.792810,-0.007652,-0.023446,-0.023838,-0.007652,-0.023446,-0.023838,0.000000,-0.061040,-0.335690
17.802870,-0.012459,-0.024623,-0.022661,-0.012459,-0.024623,-0.022661,0.030520,-0.061040,-0.305180
17.812970,-0.005886,-0.028253,-0.019130,-0.005886,-0.028253,-0.019130,0.030520,-0.061040,-0.244140
17.823280,-0.002256,-0.019816,-0.022072,-0.002256,-0.019816,-0.022072,0.030520,-0.061040,-0.274660
17.833110,-0.007652,-0.015598,-0.020307,-0.007652,-0.015598,-0.020307,0.061040,-0.122070,-0.274660
17.843190,-0.012459,-0.026978,-0.017854,-0.012459,-0.026978,-0.017854,0.061040,-0.091550,-0.274660
17.853230,-0.011870,-0.030607,-0.015500,-0.011870,-0.030607,-0.015500,0.030520,-0.061040,-0.305180
17.863290,-0.007652,-0.021680,-0.011281,-0.007652,-0.021680,-0.011281,0.030520,-0.122070,-0.305180
17.873360,-0.007652,-0.019816,-0.010693,-0.007652,-0.019816,-0.010693,0.061040,-0.091550,-0.305180
17.883430,-0.007652,-0.016285,-0.011870,-0.007652,-0.016285,-0.011870,0.091550,-0.091550,-0.305180
17.893490,-0.005886,-0.015598,-0.013734,-0.005886,-0.015598,-0.013734,0.091550,-0.061040,-0.305180
17.903560,-0.002256,-0.015009,-0.011870,-0.002256,-0.015009,-0.011870,0.091550,0.000000,-0.244140
17.913640,0.004316,-0.010301,-0.001079,0.004316,-0.010301,-0.001079,0.091550,-0.030520,-0.274660
17.923690,0.000098,-0.013244,-0.002354,0.000098,-0.013244,-0.002354,0.061040,-0.061040,-0.305180
17.933760,0.002551,-0.012655,-0.010693,0.002551,-0.012655,-0.010693,0.030520,-0.061040,-0.305180
17.943820,0.003139,-0.016873,-0.017854,0.003139,-0.016873,-0.017854,0.061040,-0.091550,-0.335690
17.953890,-0.002256,-0.020405,-0.021484,-0.002256,-0.020405,-0.021484,0.061040,-0.061040,-0.335690
17.963950,-0.008829,-0.024623,-0.018443,-0.008829,-0.024623,-0.018443,0.091550,-0.061040,-0.335690
17.974030,-0.010693,-0.020993,-0.010693,-0.010693,-0.020993,-0.010693,0.030520,0.000000,-0.305180
17.984090,-0.017266,-0.020993,-0.014911,-0.017266,-0.020993,-0.014911,0.030520,0.000000,-0.305180
17.994150,-0.014813,-0.016873,-0.017854,-0.014813,-0.016873,-0.017854,0.000000,0.000000,-0.305180
18.004220,-0.013636,-0.012655,-0.001766,-0.013636,-0.012655,-0.001766,0.000000,0.030520,-0.244140
18.014290,-0.015500,-0.018050,0.001864,-0.015500,-0.018050,0.001864,-0.030520,0.000000,-0.244140
18.024350,-0.016088,-0.020405,-0.017854,-0.016088,-0.020405,-0.017854,0.000000,0.030520,-0.091550
18.034430,-0.015500,-0.025212,-0.019130,-0.015500,-0.025212,-0.019130,0.000000,0.030520,-0.061040
18.044510,-0.012459,-0.022269,-0.015500,-0.012459,-0.022269,-0.015500,0.030520,0.000000,-0.122070
18.054560,-0.002845,-0.016285,-0.005886,-0.002845,-0.016285,-0.005886,0.091550,-0.030520,-0.152590
18.064630,-0.006475,-0.018050,-0.006475,-0.006475,-0.018050,-0.006475,0.091550,-0.030520,-0.183110
18.074690,-0.005297,-0.015598,-0.014911,-0.005297,-0.015598,-0.014911,0.122070,-0.030520,-0.183110
18.084760,-0.008240,-0.013832,-0.018443,-0.008240,-0.013832,-0.018443,0.122070,0.000000,-0.213620
18.094820,-0.002845,-0.016285,-0.015500,-0.002845,-0.016285,-0.015500,0.152590,-0.030520,-0.244140
18.104890,-0.004709,-0.020405,-0.014323,-0.004709,-0.020405,-0.014323,0.152590,-0.030520,-0.244140
18.115060,-0.006475,-0.020993,-0.012459,-0.006475,-0.020993,-0.012459,0.122070,-0.030520,-0.274660
18.125040,-0.003532,-0.013832,-0.010104,-0.003532,-0.013832,-0.010104,0.152590,-0.030520,-0.274660
18.135110,-0.002256,-0.013244,-0.010104,-0.002256,-0.013244,-0.010104,0.122070,-0.061040,-0.305180
18.145170,0.002551,-0.012066,-0.014323,0.002551,-0.012066,-0.014323,0.091550,-0.091550,-0.366210
18.155240,-0.003532,-0.010301,-0.007161,-0.003532,-0.010301,-0.007161,0.091550,-0.091550,-0.335690
18.165360,-0.003532,-0.017462,-0.005297,-0.003532,-0.017462,-0.005297,0.061040,-0.091550,-0.335690
18.175490,-0.004120,-0.011478,0.000687,-0.004120,-0.011478,0.000687,0.061040,-0.091550,-0.305180
18.185470,-0.001668,-0.015598,-0.002943,-0.001668,-0.015598,-0.002943,0.061040,-0.030520,-0.305180
18.195530,0.000098,-0.018050,-0.010104,0.000098,-0.018050,-0.010104,0.030520,-0.030520,-0.305180
18.205600,-0.001079,-0.013244,-0.002943,-0.001079,-0.013244,-0.002943,0.030520,-0.030520,-0.305180
18.215660,-0.002845,-0.007848,-0.002354,-0.002845,-0.007848,-0.002354,0.000000,-0.030520,-0.335690
18.225730,0.001864,-0.007848,-0.003532,0.001864,-0.007848,-0.003532,0.000000,-0.030520,-0.305180
18.235870,0.005494,-0.012655,-0.015500,0.005494,-0.012655,-0.015500,0.000000,-0.030520,-0.244140
18.246050,0.008535,-0.011478,-0.010693,0.008535,-0.011478,-0.010693,0.000000,-0.030520,-0.213620
18.255960,0.006671,-0.015009,-0.005886,0.006671,-0.015009,-0.005886,0.061040,-0.061040,-0.213620
18.266020,0.002551,-0.010301,-0.009516,0.002551,-0.010301,-0.009516,0.061040,-0.091550,-0.213620
18.276090,0.000098,-0.011478,-0.015500,0.000098,-0.011478,-0.015500,0.091550,-0.091550,-0.152590
18.286150,-0.002256,-0.013244,-0.013734,-0.002256,-0.013244,-0.013734,0.152590,-0.091550,-0.091550
18.296220,-0.003532,-0.015598,-0.008927,-0.003532,-0.015598,-0.008927,0.152590,-0.091550,-0.091550
18.306280,-0.000491,-0.011478,-0.007750,-0.000491,-0.011478,-0.007750,0.122070,0.000000,-0.183110
18.316440,0.000098,-0.009614,-0.010693,0.000098,-0.009614,-0.010693,0.122070,0.000000,-0.213620
18.326440,0.001275,-0.012655,-0.011281,0.001275,-0.012655,-0.011281,0.122070,0.000000,-0.244140
18.336500,0.003728,-0.008437,-0.004120,0.003728,-0.008437,-0.004120,0.152590,-0.030520,-0.244140
18.346570,0.000687,-0.013244,-0.003532,0.000687,-0.013244,-0.003532,0.183110,-0.030520,-0.274660
18.356630,-0.000491,-0.015009,0.001275,-0.000491,-0.015009,0.001275,0.213620,-0.030520,-0.335690
18.366700,-0.001668,-0.009614,-0.001079,-0.001668,-0.009614,-0.001079,0.244140,0.000000,-0.366210
18.376760,-0.001079,-0.004316,-0.001079,-0.001079,-0.004316,-0.001079,0.213620,-0.061040,-0.579830
18.386840,0.002551,-0.003041,-0.003532,0.002551,-0.003041,-0.003532,0.213620,-0.061040,-0.671390
18.396900,0.000098,-0.006671,-0.007750,0.000098,-0.006671,-0.007750,0.183110,-0.091550,-0.946040
18.406970,0.000098,-0.025212,0.004218,0.000098,-0.025212,0.004218,0.122070,-0.091550,-0.946040
18.417030,-0.002845,-0.027664,0.008437,-0.002845,-0.027664,0.008437,0.122070,-0.091550,-0.823970
18.427100,0.009123,-0.025212,0.001864,0.009123,-0.025212,0.001864,0.061040,-0.061040,-0.610350
18.437180,0.010301,-0.022857,-0.008339,0.010301,-0.022857,-0.008339,0.061040,-0.061040,-0.518800
18.447240,0.007259,-0.017462,-0.007161,0.007259,-0.017462,-0.007161,0.030520,-0.091550,-0.427250
18.457300,0.004316,-0.016873,-0.001766,0.004316,-0.016873,-0.001766,-0.030520,-0.091550,-0.396730
18.468130,0.000687,-0.015598,0.000687,0.000687,-0.015598,0.000687,-0.061040,-0.061040,-0.396730
18.477540,0.003139,-0.019228,-0.005297,0.003139,-0.019228,-0.005297,-0.091550,-0.061040,-0.335690
18.487540,0.004905,-0.015598,-0.002943,0.004905,-0.015598,-0.002943,-0.091550,-0.061040,-0.335690
18.497590,0.002551,-0.011478,-0.006475,0.002551,-0.011478,-0.006475,-0.061040,-0.030520,-0.213620
18.507650,0.004905,-0.011478,0.000687,0.004905,-0.011478,0.000687,-0.061040,-0.030520,-0.152590
18.517710,0.008535,-0.013832,-0.001766,0.008535,-0.013832,-0.001766,0.000000,-0.030520,-0.183110
18.527780,0.009123,-0.022269,0.001275,0.009123,-0.022269,0.001275,0.030520,0.000000,-0.213620
18.537850,0.006671,-0.024623,-0.002354,0.006671,-0.024623,-0.002354,0.030520,0.000000,-0.244140
18.547920,0.015696,-0.026978,-0.014911,0.015696,-0.026978,-0.014911,0.061040,0.000000,-0.244140
18.558020,0.010889,-0.026389,-0.011870,0.010889,-0.026389,-0.011870,0.061040,0.000000,-0.244140
18.568050,0.004316,-0.027664,-0.012459,0.004316,-0.027664,-0.012459,0.091550,0.000000,-0.274660
18.578120,0.006671,-0.025212,-0.009516,0.006671,-0.025212,-0.009516,0.122070,0.000000,-0.244140
18.588180,0.004905,-0.009614,-0.007750,0.004905,-0.009614,-0.007750,0.122070,-0.030520,-0.274660
18.598250,0.006082,-0.013244,-0.001079,0.006082,-0.013244,-0.001079,0.152590,0.000000,-0.274660
18.608310,0.005494,-0.007259,0.004218,0.005494,-0.007259,0.004218,0.061040,0.030520,-0.305180
18.618380,0.005494,-0.011478,0.003041,0.005494,-0.011478,0.003041,0.030520,0.030520,-0.335690
18.628450,0.009712,-0.011478,0.000098,0.009712,-0.011478,0.000098,0.030520,0.000000,-0.305180
18.638560,0.006082,-0.010889,-0.002943,0.006082,-0.010889,-0.002943,0.000000,-0.030520,-0.335690
18.648630,0.005494,-0.008437,-0.002354,0.005494,-0.008437,-0.002354,0.030520,-0.030520,-0.335690
18.658650,0.004316,-0.001864,-0.005886,0.004316,-0.001864,-0.005886,-0.030520,-0.030520,-0.305180
18.668720,0.003139,-0.010301,-0.002354,0.003139,-0.010301,-0.002354,-0.030520,0.000000,-0.305180
18.678780,0.001275,-0.013832,-0.002943,0.001275,-0.013832,-0.002943,0.000000,-0.030520,-0.274660
18.688850,-0.002256,-0.018639,-0.008927,-0.002256,-0.018639,-0.008927,0.030520,-0.091550,-0.213620
18.698920,0.003139,-0.019816,-0.008339,0.003139,-0.019816,-0.008339,0.030520,-0.030520,-0.122070
18.708980,0.007259,-0.016873,-0.000491,0.007259,-0.016873,-0.000491,0.030520,0.030520,0.061040
18.719050,0.009712,-0.012655,-0.000491,0.009712,-0.012655,-0.000491,0.030520,0.030520,0.091550
18.729120,0.012655,-0.009614,-0.003532,0.012655,-0.009614,-0.003532,0.061040,0.030520,0.030520
18.739180,0.003728,-0.005494,-0.008927,0.003728,-0.005494,-0.008927,0.061040,0.030520,-0.061040
18.749250,0.002551,-0.007259,-0.009516,0.002551,-0.007259,-0.009516,0.091550,-0.030520,-0.183110
18.759420,0.001275,-0.009025,0.004218,0.001275,-0.009025,0.004218,0.122070,-0.030520,-0.152590
18.769410,-0.003532,-0.012655,0.003041,-0.003532,-0.012655,0.003041,0.091550,0.000000,-0.183110
18.779470,0.001864,-0.019816,-0.002943,0.001864,-0.019816,-0.002943,0.091550,0.000000,-0.213620
18.789560,-0.002256,-0.013832,-0.004709,-0.002256,-0.013832,-0.004709,0.122070,0.000000,-0.244140
18.799610,0.000098,-0.011478,-0.007161,0.000098,-0.011478,-0.007161,0.183110,-0.030520,-0.244140
18.809720,-0.001079,-0.009025,-0.007750,-0.001079,-0.009025,-0.007750,0.183110,-0.030520,-0.213620
18.819740,0.005494,-0.007848,-0.005297,0.005494,-0.007848,-0.005297,0.183110,-0.030520,-0.274660
18.829950,0.001275,-0.003630,-0.007750,0.001275,-0.003630,-0.007750,0.183110,-0.030520,-0.305180
18.840030,0.001864,-0.000687,-0.005886,0.001864,-0.000687,-0.005886,0.183110,0.000000,-0.366210
18.853250,0.011478,-0.004316,-0.002354,0.011478,-0.004316,-0.002354,0.122070,-0.030520,-0.396730
18.863310,0.000098,-0.003630,-0.002354,0.000098,-0.003630,-0.002354,0.122070,-0.030520,-0.366210
18.873430,0.000687,-0.006082,-0.005297,0.000687,-0.006082,-0.005297,0.061040,-0.030520,-0.335690
18.883510,0.000687,-0.003630,-0.006475,0.000687,-0.003630,-0.006475,0.061040,-0.030520,-0.366210
18.893610,0.000098,-0.002453,-0.013145,0.000098,-0.002453,-0.013145,0.030520,-0.030520,-0.305180
18.903690,-0.001079,-0.011478,-0.012459,-0.001079,-0.011478,-0.012459,0.030520,-0.030520,-0.305180
18.913790,-0.001079,-0.013244,-0.005297,-0.001079,-0.013244,-0.005297,0.030520,-0.061040,-0.274660
18.923880,0.000098,-0.012655,-0.004120,0.000098,-0.012655,-0.004120,0.030520,-0.030520,-0.213620
18.933990,0.002551,-0.014421,-0.008339,0.002551,-0.014421,-0.008339,0.000000,-0.061040,-0.244140
18.944120,0.002551,-0.018050,-0.009516,0.002551,-0.018050,-0.009516,-0.061040,-0.061040,-0.244140
18.954180,0.001864,-0.012655,0.000098,0.001864,-0.012655,0.000098,-0.030520,-0.061040,-0.213620
18.964280,-0.007063,-0.015009,0.000098,-0.007063,-0.015009,0.000098,-0.030520,-0.030520,-0.183110
18.974940,0.000098,-0.023446,-0.004120,0.000098,-0.023446,-0.004120,-0.030520,-0.061040,-0.213620
